FULL_ADDRESS,Source,Longitude,Latitude
"16 MANNING STREET, Boston, MA",SAM,-71.1139989364094,42.27998795639787
"17 MANNING STREET, Boston, MA",SAM,-71.114034306756,42.28010318296831
"18 MANNING STREET, Boston, MA",SAM,-71.1140454837956,42.27998875208128
"2 MANNING STREET, Boston, MA",SAM,-71.11367310470598,42.27998238661396
"20 MANNING STREET, Boston, MA",SAM,-71.1140920311818,42.27998954776468
"21 MANNING STREET, Boston, MA",SAM,-71.1141492772718,42.28010074980173
"22 MANNING STREET, Boston, MA",SAM,-71.11411382453348,42.2799889795739
"24 MANNING STREET, Boston, MA",SAM,-71.11415841638068,42.27997907027469
"26 MANNING STREET, Boston, MA",SAM,-71.11416808728475,42.279974424981184
"28 MANNING STREET, Boston, MA",SAM,-71.11418640252118,42.27996045060853
"29 MANNING STREET, Boston, MA",SAM,-71.11433420678361,42.28000261647391
"31 MANNING STREET, Boston, MA",SAM,-71.1143591839733,42.279974381388676
"32 MANNING STREET, Boston, MA",SAM,-71.11423739761678,42.27990280397617
"36 MANNING STREET, Boston, MA",SAM,-71.1142883927124,42.27984515734383
"39 MANNING STREET, Boston, MA",SAM,-71.11445909273205,42.27986144104773
"4 MANNING STREET, Boston, MA",SAM,-71.11371965209219,42.2799831822974
"40 MANNING STREET, Boston, MA",SAM,-71.114339387808,42.279787510711465
"6 MANNING STREET, Boston, MA",SAM,-71.11376619947838,42.27998397798079
"7 MANNING STREET, Boston, MA",SAM,-71.11380631955825,42.28009928574343
"8 MANNING STREET, Boston, MA",SAM,-71.11381274686458,42.27998477366421
"9 MANNING STREET, Boston, MA",SAM,-71.1138519169978,42.28010006518841
"10 MANOR STREET, Boston, MA",SAM,-71.0534344232427,42.289773744176465
"14 MANOR STREET, Boston, MA",SAM,-71.05349718444347,42.289891322153146
"18 MANOR STREET, Boston, MA",SAM,-71.05355994564425,42.29000890012984
"19 MANOR STREET, Boston, MA",SAM,-71.05343440976277,42.290085725390966
"24 MANOR STREET, Boston, MA",SAM,-71.05365443332882,42.29018387265057
"25 MANOR STREET, Boston, MA",SAM,-71.05352658572157,42.290254669671846
"28 MANOR STREET, Boston, MA",SAM,-71.05372049744683,42.29030045641829
"32 MANOR STREET, Boston, MA",SAM,-71.05378656156483,42.290417040186
"35 MANOR STREET, Boston, MA",SAM,-71.05368423873044,42.29053288093571
"36 MANOR STREET, Boston, MA",SAM,-71.05385262568285,42.29053362395369
"42 MANOR STREET, Boston, MA",SAM,-71.05396346594897,42.29069633860853
"46 MANOR STREET, Boston, MA",SAM,-71.05408725799062,42.29083415215144
"47 MANOR STREET, Boston, MA",SAM,-71.05397140918915,42.290910224968485
"5 MANOR STREET, Boston, MA",SAM,-71.05322473029655,42.289692908059756
"50 MANOR STREET, Boston, MA",SAM,-71.05415772959735,42.29089287850356
"51 MANOR STREET, Boston, MA",SAM,-71.05404188079589,42.29096895132061
"54 MANOR STREET, Boston, MA",SAM,-71.05422727254867,42.290948482312665
"55 MANOR STREET, Boston, MA",SAM,-71.05411649718644,42.29102858400981
"58 MANOR STREET, Boston, MA",SAM,-71.05430147654978,42.29100463670446
"59 MANOR STREET, Boston, MA",SAM,-71.05419070118757,42.2910847384016
"6 MANOR STREET, Boston, MA",SAM,-71.05337166204193,42.28965616619978
"62 MANOR STREET, Boston, MA",SAM,-71.05437568055089,42.29106079109622
"63 MANOR STREET, Boston, MA",SAM,-71.05426490518867,42.29114089279336
"66 MANOR STREET, Boston, MA",SAM,-71.05444988455201,42.291116945488014
"9 MANOR STREET, Boston, MA",SAM,-71.05328463871547,42.28980514158297
"2 MANSEN COURT, Boston, MA",SAM,,
"3 MANSEN COURT, Boston, MA",SAM,-71.14039965599753,42.25627672925626
"4 MANSEN COURT, Boston, MA",SAM,-71.14046464868628,42.25643434850735
"5 MANSEN COURT, Boston, MA",SAM,-71.14035445036924,42.2563538578855
"10 MANSFIELD STREET, Boston, MA",SAM,-71.13067122854058,42.35723184281133
"11 MANSFIELD STREET, Boston, MA",SAM,-71.13055460229754,42.35731612898451
"12 MANSFIELD STREET, Boston, MA",SAM,-71.13073101378315,42.3573213173461
"16 MANSFIELD STREET, Boston, MA",SAM,-71.13085058426825,42.357500266415585
"17 MANSFIELD STREET, Boston, MA",SAM,-71.13071153855924,42.35755099963824
"18 MANSFIELD STREET, Boston, MA",SAM,-71.13091036951083,42.35758974095033
"20 MANSFIELD STREET, Boston, MA",SAM,-71.13097015475336,42.35767921548509
"21 MANSFIELD STREET, Boston, MA",SAM,-71.1308161627337,42.357707580074035
"23 MANSFIELD STREET, Boston, MA",SAM,-71.13086847482094,42.35778587029195
"24 MANSFIELD STREET, Boston, MA",SAM,-71.13108972523845,42.3578581645546
"25 MANSFIELD STREET, Boston, MA",SAM,-71.13092078690819,42.35786416050986
"27 MANSFIELD STREET, Boston, MA",SAM,-71.13097309899541,42.35794245072777
"28 MANSFIELD STREET, Boston, MA",SAM,-71.13120929572356,42.3580371136241
"31 MANSFIELD STREET, Boston, MA",SAM,-71.1310777231699,42.35809903116358
"34 MANSFIELD STREET, Boston, MA",SAM,-71.13136361977365,42.358272554341546
"35 MANSFIELD STREET, Boston, MA",SAM,-71.13119671422011,42.35827956002093
"39 MANSFIELD STREET, Boston, MA",SAM,-71.13127111822021,42.358396480621764
"40 MANSFIELD STREET, Boston, MA",SAM,-71.13144333834518,42.35839782641388
"46 MANSFIELD STREET, Boston, MA",SAM,-71.13152305691672,42.35852309848621
"5 MANSFIELD STREET, Boston, MA",SAM,-71.13040135293652,42.35707864976707
"52 MANSFIELD STREET, Boston, MA",SAM,-71.13173010024963,42.358834601893285
"54 MANSFIELD STREET, Boston, MA",SAM,-71.13173316079471,42.35883943433411
"56 MANSFIELD STREET, Boston, MA",SAM,-71.13173622133978,42.35884426677494
"58 MANSFIELD STREET, Boston, MA",SAM,-71.13173928188486,42.358849099215725
"14 MANSUR STREET, Boston, MA",SAM,-71.12308964048947,42.27386402310688
"18 MANSUR STREET, Boston, MA",SAM,-71.12292445559306,42.273860392663806
"19 MANSUR STREET, Boston, MA",SAM,-71.12278451669619,42.27374267519051
"22 MANSUR STREET, Boston, MA",SAM,-71.12275927069669,42.273856762220746
"23 MANSUR STREET, Boston, MA",SAM,-71.12260556639177,42.27373874221051
"26 MANSUR STREET, Boston, MA",SAM,-71.12259408580029,42.27385313177768
"30 MANSUR STREET, Boston, MA",SAM,-71.12235706465933,42.27384820277791
"34 MANSUR STREET, Boston, MA",SAM,-71.12229799748545,42.27384711897451
"38 MANSUR STREET, Boston, MA",SAM,-71.12223893031157,42.27384603517112
"41 MANSUR STREET, Boston, MA",SAM,-71.12216565394867,42.2737300640625
"42 MANSUR STREET, Boston, MA",SAM,-71.12217986313769,42.273844951367735
"45 MANSUR STREET, Boston, MA",SAM,-71.12210986828444,42.27372904047039
"46 MANSUR STREET, Boston, MA",SAM,-71.1221207959638,42.27384386756434
"50 MANSUR STREET, Boston, MA",SAM,-71.12206172878992,42.27384278376094
"51 MANSUR STREET, Boston, MA",SAM,-71.12202618978812,42.273727505082256
"100 MANTHORNE ROAD, Boston, MA",SAM,-71.15244676618724,42.29046138402366
"103 MANTHORNE ROAD, Boston, MA",SAM,-71.15235912676323,42.29057712879636
"104 MANTHORNE ROAD, Boston, MA",SAM,-71.15253306994946,42.290569816981325
"107 MANTHORNE ROAD, Boston, MA",SAM,-71.15246161248088,42.29070589293355
"108 MANTHORNE ROAD, Boston, MA",SAM,-71.15261937371167,42.29067824993894
"11 MANTHORNE ROAD, Boston, MA",SAM,-71.1499430019656,42.28770161479464
"111 MANTHORNE ROAD, Boston, MA",SAM,-71.15256409819852,42.29083465707075
"112 MANTHORNE ROAD, Boston, MA",SAM,-71.1527056774739,42.29078668289659
"115 MANTHORNE ROAD, Boston, MA",SAM,-71.152688614513,42.29099666054028
"116 MANTHORNE ROAD, Boston, MA",SAM,-71.1528259029973,42.29094358247332
"119 MANTHORNE ROAD, Boston, MA",SAM,-71.152782619855,42.291129714287415
"12 MANTHORNE ROAD, Boston, MA",SAM,-71.15009433369084,42.28773657850674
"120 MANTHORNE ROAD, Boston, MA",SAM,-71.15296019634303,42.291133659254925
"123 MANTHORNE ROAD, Boston, MA",SAM,-71.152876625197,42.291262768034535
"124 MANTHORNE ROAD, Boston, MA",SAM,-71.15309347920667,42.29131989207542
"127 MANTHORNE ROAD, Boston, MA",SAM,-71.15297619461982,42.291397763866634
"130 MANTHORNE ROAD, Boston, MA",SAM,-71.15331947456296,42.29159475135706
"131 MANTHORNE ROAD, Boston, MA",SAM,-71.15308165911942,42.2915260315314
"132 MANTHORNE ROAD, Boston, MA",SAM,-71.15339480634839,42.29168637111761
"135 MANTHORNE ROAD, Boston, MA",SAM,-71.15318712361902,42.291654299196146
"136 MANTHORNE ROAD, Boston, MA",SAM,-71.15354100474973,42.291873217055354
"140 MANTHORNE ROAD, Boston, MA",SAM,-71.15368547345616,42.29205916691965
"141 MANTHORNE ROAD, Boston, MA",SAM,-71.1533416843872,42.29184663864786
"143 MANTHORNE ROAD, Boston, MA",SAM,-71.15339224843444,42.291911721100355
"144 MANTHORNE ROAD, Boston, MA",SAM,-71.15382994216259,42.29224511678395
"147 MANTHORNE ROAD, Boston, MA",SAM,-71.15349337652894,42.29204188600537
"15 MANTHORNE ROAD, Boston, MA",SAM,-71.14995812651073,42.28786611164397
"151 MANTHORNE ROAD, Boston, MA",SAM,-71.15359450462346,42.29217205091038
"155 MANTHORNE ROAD, Boston, MA",SAM,-71.15369563271796,42.2923022158154
"159 MANTHORNE ROAD, Boston, MA",SAM,-71.15384060787639,42.29249374703704
"16 MANTHORNE ROAD, Boston, MA",SAM,-71.1501143923918,42.28785630161443
"163 MANTHORNE ROAD, Boston, MA",SAM,-71.15398482193919,42.29267835958913
"165 MANTHORNE ROAD, Boston, MA",SAM,-71.15405779635128,42.292769340695806
"169 MANTHORNE ROAD, Boston, MA",SAM,-71.15420374517545,42.292951302909124
"17 MANTHORNE ROAD, Boston, MA",SAM,-71.15000785750588,42.2879446991671
"176 MANTHORNE ROAD, Boston, MA",SAM,-71.15453756378358,42.29311507767391
"180 MANTHORNE ROAD, Boston, MA",SAM,-71.1546718620719,42.29324098234774
"181 MANTHORNE ROAD, Boston, MA",SAM,-71.15454545013286,42.29330746687138
"182 MANTHORNE ROAD, Boston, MA",SAM,-71.15473901121607,42.29330393468464
"185 MANTHORNE ROAD, Boston, MA",SAM,-71.15465097021654,42.293406391972226
"188 MANTHORNE ROAD, Boston, MA",SAM,-71.15493585511521,42.293498039247346
"189 MANTHORNE ROAD, Boston, MA",SAM,-71.15475138561098,42.293505523855465
"193 MANTHORNE ROAD, Boston, MA",SAM,-71.15485188862955,42.29360726767524
"196 MANTHORNE ROAD, Boston, MA",SAM,-71.15522001920633,42.29377929491573
"197 MANTHORNE ROAD, Boston, MA",SAM,-71.1549523916481,42.293709011495054
"20 MANTHORNE ROAD, Boston, MA",SAM,-71.15023103954591,42.2879847610253
"200 MANTHORNE ROAD, Boston, MA",SAM,-71.15529526710748,42.29384544693165
"203 MANTHORNE ROAD, Boston, MA",SAM,-71.15514064197542,42.293887497952625
"204 MANTHORNE ROAD, Boston, MA",SAM,-71.15537051500863,42.29391159894756
"207 MANTHORNE ROAD, Boston, MA",SAM,-71.15521896121946,42.29395635005081
"208 MANTHORNE ROAD, Boston, MA",SAM,-71.15544576290979,42.2939777509635
"211 MANTHORNE ROAD, Boston, MA",SAM,-71.1552972804635,42.29402520214903
"212 MANTHORNE ROAD, Boston, MA",SAM,-71.15552101081092,42.29404390297941
"215 MANTHORNE ROAD, Boston, MA",SAM,-71.15537559970757,42.29409405424723
"219 MANTHORNE ROAD, Boston, MA",SAM,-71.15545391895165,42.29416290634542
"220 MANTHORNE ROAD, Boston, MA",SAM,-71.1556678433579,42.29418256949497
"223 MANTHORNE ROAD, Boston, MA",SAM,-71.15552448172677,42.294232098590726
"224 MANTHORNE ROAD, Boston, MA",SAM,-71.15573781883639,42.29425181607796
"227 MANTHORNE ROAD, Boston, MA",SAM,-71.15559731334723,42.294304171564875
"228 MANTHORNE ROAD, Boston, MA",SAM,-71.15580779431485,42.29432106266096
"23 MANTHORNE ROAD, Boston, MA",SAM,-71.1501717368394,42.2881235218439
"231 MANTHORNE ROAD, Boston, MA",SAM,-71.15567014496767,42.294376244539
"232 MANTHORNE ROAD, Boston, MA",SAM,-71.15587776979332,42.29439030924398
"235 MANTHORNE ROAD, Boston, MA",SAM,-71.15574297658813,42.29444831751315
"236 MANTHORNE ROAD, Boston, MA",SAM,-71.15594774527179,42.29445955582699
"239 MANTHORNE ROAD, Boston, MA",SAM,-71.15581580820857,42.29452039048731
"24 MANTHORNE ROAD, Boston, MA",SAM,-71.15034979040387,42.28811306657949
"240 MANTHORNE ROAD, Boston, MA",SAM,-71.15601772075028,42.294528802409964
"243 MANTHORNE ROAD, Boston, MA",SAM,-71.15588863982903,42.294592463461456
"244 MANTHORNE ROAD, Boston, MA",SAM,-71.15608769622875,42.294598048992974
"248 MANTHORNE ROAD, Boston, MA",SAM,-71.15615767170722,42.29466729557598
"252 MANTHORNE ROAD, Boston, MA",SAM,-71.1562276471857,42.29473654215897
"256 MANTHORNE ROAD, Boston, MA",SAM,-71.15629762266417,42.294805788741975
"260 MANTHORNE ROAD, Boston, MA",SAM,-71.15636759814264,42.29487503532498
"27 MANTHORNE ROAD, Boston, MA",SAM,-71.15028135301596,42.288241957740084
"28 MANTHORNE ROAD, Boston, MA",SAM,-71.1504685412618,42.28824137213368
"31 MANTHORNE ROAD, Boston, MA",SAM,-71.15039096919249,42.28836039363626
"32 MANTHORNE ROAD, Boston, MA",SAM,-71.15058612538586,42.28836829256738
"35 MANTHORNE ROAD, Boston, MA",SAM,-71.15050364902093,42.288479224496484
"36 MANTHORNE ROAD, Boston, MA",SAM,-71.15070976144861,42.2884940481342
"40 MANTHORNE ROAD, Boston, MA",SAM,-71.15083339751138,42.288619803701025
"43 MANTHORNE ROAD, Boston, MA",SAM,-71.15073190021371,42.28871138861984
"44 MANTHORNE ROAD, Boston, MA",SAM,-71.1509570335741,42.28874555926785
"47 MANTHORNE ROAD, Boston, MA",SAM,-71.15084602581011,42.28882747068153
"48 MANTHORNE ROAD, Boston, MA",SAM,-71.15108066963688,42.288871314834665
"51 MANTHORNE ROAD, Boston, MA",SAM,-71.1509601514065,42.28894355274321
"54 MANTHORNE ROAD, Boston, MA",SAM,-71.15126612373099,42.289059948184914
"55 MANTHORNE ROAD, Boston, MA",SAM,-71.15107427700289,42.289059634804886
"56 MANTHORNE ROAD, Boston, MA",SAM,-71.15132794176237,42.28912282596832
"59 MANTHORNE ROAD, Boston, MA",SAM,-71.15118840259926,42.28917571686657
"60 MANTHORNE ROAD, Boston, MA",SAM,-71.15144942346154,42.28925194057743
"63 MANTHORNE ROAD, Boston, MA",SAM,-71.15129858205596,42.28929161379485
"67 MANTHORNE ROAD, Boston, MA",SAM,-71.1514076383067,42.28941033328503
"68 MANTHORNE ROAD, Boston, MA",SAM,-71.15168571200476,42.289509166139446
"7 MANTHORNE ROAD, Boston, MA",SAM,-71.14996050621761,42.28755866345191
"71 MANTHORNE ROAD, Boston, MA",SAM,-71.1515166945574,42.28952905277521
"72 MANTHORNE ROAD, Boston, MA",SAM,-71.15180186828242,42.289640693645985
"75 MANTHORNE ROAD, Boston, MA",SAM,-71.15162345046222,42.28964694838506
"78 MANTHORNE ROAD, Boston, MA",SAM,-71.1519827698618,42.28986127292087
"79 MANTHORNE ROAD, Boston, MA",SAM,-71.15172791456418,42.289767906847025
"8 MANTHORNE ROAD, Boston, MA",SAM,-71.15011258573503,42.28758687034471
"82 MANTHORNE ROAD, Boston, MA",SAM,-71.15206718501746,42.289970516089475
"86 MANTHORNE ROAD, Boston, MA",SAM,-71.15215160017313,42.29007975925805
"88 MANTHORNE ROAD, Boston, MA",SAM,-71.15219380775095,42.29013438084234
"91 MANTHORNE ROAD, Boston, MA",SAM,-71.15205668553482,42.29018783509612
"92 MANTHORNE ROAD, Boston, MA",SAM,-71.15227822290662,42.290243624010934
"95 MANTHORNE ROAD, Boston, MA",SAM,-71.15215692853218,42.2903175613588
"96 MANTHORNE ROAD, Boston, MA",SAM,-71.15236263806229,42.29035286717953
"99 MANTHORNE ROAD, Boston, MA",SAM,-71.15225717152953,42.29044728762151
"1 MAPLE COURT, Boston, MA",SAM,-71.08606649722734,42.3082712213441
"11 MAPLE LANE, Boston, MA",SAM,-71.154426279602,42.287881465613395
"7 MAPLE LANE, Boston, MA",SAM,-71.1544530019361,42.28787114107489
"9 MAPLE LANE, Boston, MA",SAM,-71.15443964076906,42.287876303344134
"10 MAPLE PLACE, Boston, MA",SAM,-71.11263807052154,42.311836223626244
"1 MAPLE PLACE, Boston, MA",SAM,-71.11276681474409,42.31192150762258
"2 MAPLE PLACE, Boston, MA",SAM,-71.11261753384075,42.311890774183084
"3 MAPLE PLACE, Boston, MA",SAM,-71.11277184413531,42.31190814830253
"4 MAPLE PLACE, Boston, MA",SAM,-71.11262266801093,42.311877136543885
"5 MAPLE PLACE, Boston, MA",SAM,-71.11277687352653,42.31189478898249
"10 MAPLE STREET, Boston, MA",SAM,-71.12230681933617,42.255245453818034
"33 MAPLE STREET, Boston, MA",SAM,-71.12247593109574,42.25427684589496
"36 MAPLE STREET, Boston, MA",SAM,-71.12231761283992,42.25425803167637
"39 MAPLE STREET, Boston, MA",SAM,-71.12245315962682,42.254115547901
"40 MAPLE STREET, Boston, MA",SAM,-71.12229664863045,42.2541095351105
"43 MAPLE STREET, Boston, MA",SAM,-71.12243797864753,42.25400801590503
"44 MAPLE STREET, Boston, MA",SAM,-71.12227384460965,42.25397053605693
"48 MAPLE STREET, Boston, MA",SAM,-71.1222214176682,42.253826361923494
"52 MAPLE STREET, Boston, MA",SAM,-71.12215184651785,42.25369537887965
"53 MAPLE STREET, Boston, MA",SAM,-71.12234085356306,42.253730308836126
"56 MAPLE STREET, Boston, MA",SAM,-71.12200639993516,42.253589607924084
"65 MAPLE STREET, Boston, MA",SAM,-71.12193513466656,42.25342548776841
"66 MAPLE STREET, Boston, MA",SAM,-71.12166572041865,42.2534668382711
"70 MAPLE STREET, Boston, MA",SAM,-71.1215218016515,42.25343269166055
"71 MAPLE STREET, Boston, MA",SAM,-71.12168174881191,42.25334880984114
"73 MAPLE STREET, Boston, MA",SAM,-71.12159270961206,42.25332858936015
"74 MAPLE STREET, Boston, MA",SAM,-71.12137058458136,42.25340028799298
"75 MAPLE STREET, Boston, MA",SAM,-71.12150914228383,42.25331068207017
"79 MAPLE STREET, Boston, MA",SAM,-71.1213264376603,42.25328180297343
"83 MAPLE STREET, Boston, MA",SAM,-71.1211472816317,42.253268693284916
"1 MAPLE STREET, Boston, MA",SAM,-71.12248709127914,42.255153522841745
"100 MAPLE STREET, Boston, MA",SAM,-71.15630286570925,42.28994971890001
"15 MAPLE STREET, Boston, MA",SAM,-71.12254016861185,42.25476780316504
"2 MAPLE STREET, Boston, MA",SAM,-71.1221407124266,42.255961803032484
"32 MAPLE STREET, Boston, MA",SAM,-71.12233857704942,42.25440652824223
"5 MAPLE STREET, Boston, MA",SAM,-71.12251340315693,42.25504508540772
"6 MAPLE STREET, Boston, MA",SAM,-71.12220732280247,42.25560210706794
"77 MAPLE STREET, Boston, MA",SAM,-71.1214255749556,42.253292774780185
"8 MAPLE STREET, Boston, MA",SAM,-71.12226095184673,42.25541798945949
"9 MAPLE STREET, Boston, MA",SAM,-71.12253648330136,42.25492995643494
"91 MAPLE STREET, Boston, MA",SAM,-71.1207994330744,42.25326121265864
"92 MAPLE STREET, Boston, MA",SAM,-71.12069148504987,42.25337783852092
"101 MAPLE STREET, Boston, MA",SAM,-71.15603502029761,42.289837383885484
"104 MAPLE STREET, Boston, MA",SAM,-71.15640808467815,42.29007548127524
"107 MAPLE STREET, Boston, MA",SAM,-71.15617009659154,42.29000875126366
"111 MAPLE STREET, Boston, MA",SAM,-71.15637656088988,42.290253415176345
"112 MAPLE STREET, Boston, MA",SAM,-71.1565076163382,42.29019232281647
"116 MAPLE STREET, Boston, MA",SAM,-71.1566165321123,42.29033695641951
"119 MAPLE STREET, Boston, MA",SAM,-71.15650197910448,42.290422513439516
"12 MAPLE STREET, Boston, MA",SAM,-71.12233533200946,42.25513084865709
"122 MAPLE STREET, Boston, MA",SAM,-71.15674709729308,42.290516140782216
"125 MAPLE STREET, Boston, MA",SAM,-71.15661411812303,42.290574915541534
"126 MAPLE STREET, Boston, MA",SAM,-71.15687489487584,42.290674366398136
"131 MAPLE STREET, Boston, MA",SAM,-71.15680581449716,42.29081225396543
"133 MAPLE STREET, Boston, MA",SAM,-71.15686878241063,42.290890724363244
"134 MAPLE STREET, Boston, MA",SAM,-71.15712741077594,42.290993201272215
"135 MAPLE STREET, Boston, MA",SAM,-71.15693098916937,42.29097057186354
"136 MAPLE STREET, Boston, MA",SAM,-71.15718961753466,42.29107304877252
"139 MAPLE STREET, Boston, MA",SAM,-71.15705540268678,42.291130266864094
"142 MAPLE STREET, Boston, MA",SAM,-71.15736908962883,42.291319614412345
"151 MAPLE STREET, Boston, MA",SAM,-71.15731443569342,42.29169580303482
"16 MAPLE STREET, Boston, MA",SAM,-71.12236966718011,42.25498584582544
"168 MAPLE STREET, Boston, MA",SAM,-71.15777068822591,42.291951423809074
"171 MAPLE STREET, Boston, MA",SAM,-71.15765420623985,42.29202724409178
"175 MAPLE STREET, Boston, MA",SAM,-71.15772345398693,42.2920925348395
"176 MAPLE STREET, Boston, MA",SAM,-71.15790738507728,42.292080309441
"177 MAPLE STREET, Boston, MA",SAM,-71.15775807786046,42.29212518021339
"180 MAPLE STREET, Boston, MA",SAM,-71.15797573350295,42.292144752256945
"181 MAPLE STREET, Boston, MA",SAM,-71.15782732560754,42.29219047096112
"185 MAPLE STREET, Boston, MA",SAM,-71.1578965733546,42.292255761708866
"188 MAPLE STREET, Boston, MA",SAM,-71.15811243035434,42.29227363788884
"189 MAPLE STREET, Boston, MA",SAM,-71.15796582110168,42.29232105245663
"19 MAPLE STREET, Boston, MA",SAM,-71.12252906452325,42.25465320788084
"192 MAPLE STREET, Boston, MA",SAM,-71.15818077878001,42.29233808070481
"196 MAPLE STREET, Boston, MA",SAM,-71.15824912720568,42.29240252352076
"197 MAPLE STREET, Boston, MA",SAM,-71.15810431659582,42.29245163395211
"20 MAPLE STREET, Boston, MA",SAM,-71.12238355740894,42.25484566550151
"200 MAPLE STREET, Boston, MA",SAM,-71.15831747563135,42.29246696633672
"201 MAPLE STREET, Boston, MA",SAM,-71.15817356434289,42.29251692469983
"204 MAPLE STREET, Boston, MA",SAM,-71.15838582405704,42.29253140915269
"205 MAPLE STREET, Boston, MA",SAM,-71.15824281208997,42.29258221544758
"208 MAPLE STREET, Boston, MA",SAM,-71.15845417248273,42.292595851968635
"209 MAPLE STREET, Boston, MA",SAM,-71.15831205983706,42.29264750619532
"211 MAPLE STREET, Boston, MA",SAM,-71.15834668371058,42.292680151569186
"212 MAPLE STREET, Boston, MA",SAM,-71.1585225209084,42.29266029478458
"214 MAPLE STREET, Boston, MA",SAM,-71.15855669512126,42.292692516192545
"215 MAPLE STREET, Boston, MA",SAM,-71.15841593145765,42.29274544231695
"218 MAPLE STREET, Boston, MA",SAM,-71.15862504354693,42.292756959008514
"219 MAPLE STREET, Boston, MA",SAM,-71.15848517920472,42.29281073306469
"22 MAPLE STREET, Boston, MA",SAM,-71.1223852538217,42.25477102352012
"222 MAPLE STREET, Boston, MA",SAM,-71.15869239308608,42.292820371496525
"226 MAPLE STREET, Boston, MA",SAM,-71.15876265126835,42.292883681081626
"227 MAPLE STREET, Boston, MA",SAM,-71.15862627479484,42.29294139474611
"23 MAPLE STREET, Boston, MA",SAM,-71.12251388354395,42.25454567588489
"230 MAPLE STREET, Boston, MA",SAM,-71.15883290945058,42.29294699066674
"231 MAPLE STREET, Boston, MA",SAM,-71.15869745742688,42.293005537352066
"234 MAPLE STREET, Boston, MA",SAM,-71.15890316763283,42.29301030025186
"235 MAPLE STREET, Boston, MA",SAM,-71.15876864005892,42.29306967995804
"237 MAPLE STREET, Boston, MA",SAM,-71.15880423137493,42.29310175126102
"238 MAPLE STREET, Boston, MA",SAM,-71.15897342581509,42.29307360983696
"24 MAPLE STREET, Boston, MA",SAM,-71.12238050546841,42.254703521373955
"240 MAPLE STREET, Boston, MA",SAM,-71.15900855490622,42.29310526462953
"241 MAPLE STREET, Boston, MA",SAM,-71.15887541400693,42.29316589386699
"245 MAPLE STREET, Boston, MA",SAM,-71.15894659663896,42.29323003647298
"30 MAPLE STREET, Boston, MA",SAM,-71.12234905915417,42.254480776525156
"31 MAPLE STREET, Boston, MA",SAM,-71.12248352158537,42.25433061189294
"34 MAPLE STREET, Boston, MA",SAM,-71.12232809494466,42.2543322799593
"35 MAPLE STREET, Boston, MA",SAM,-71.12246834060609,42.25422307989696
"38 MAPLE STREET, Boston, MA",SAM,-71.1223071307352,42.25418378339343
"42 MAPLE STREET, Boston, MA",SAM,-71.1222861665257,42.25403528682756
"45 MAPLE STREET, Boston, MA",SAM,-71.12242514938673,42.25394572486891
"63 MAPLE STREET, Boston, MA",SAM,-71.12201007940912,42.253458190936506
"64 MAPLE STREET, Boston, MA",SAM,-71.1217393421628,42.25348745236499
"67 MAPLE STREET, Boston, MA",SAM,-71.12184449161474,42.25339437783811
"68 MAPLE STREET, Boston, MA",SAM,-71.12159741018655,42.253448893494344
"69 MAPLE STREET, Boston, MA",SAM,-71.12176312021332,42.25337159383963
"80 MAPLE STREET, Boston, MA",SAM,-71.12115520862373,42.25338350348148
"84 MAPLE STREET, Boston, MA",SAM,-71.1209978485621,42.25338011938864
"85 MAPLE STREET, Boston, MA",SAM,-71.12106031949236,42.25326682312834
"88 MAPLE STREET, Boston, MA",SAM,-71.12084048850048,42.25337673529582
"95 MAPLE STREET, Boston, MA",SAM,-71.12061761086044,42.253267127540134
"96 MAPLE STREET, Boston, MA",SAM,-71.12054240133759,42.25339017059031
"97 MAPLE STREET, Boston, MA",SAM,-71.12052425362036,42.25327620407465
"99 MAPLE STREET, Boston, MA",SAM,-71.12043852053701,42.25328714872228
"10 MAPLE TERRACE, Boston, MA",SAM,-71.15656517208122,42.29063002119269
"14 MAPLE TERRACE, Boston, MA",SAM,-71.15652826530406,42.290647256845716
"18 MAPLE TERRACE, Boston, MA",SAM,-71.15649135852689,42.29066449249872
"22 MAPLE TERRACE, Boston, MA",SAM,-71.15645445174972,42.290681728151725
"1 MAPLE LEAF DRIVE, Boston, MA",SAM,-71.13946386185708,42.24944783955022
"10 MAPLE LEAF DRIVE, Boston, MA",SAM,-71.1408775924578,42.24904671462917
"11 MAPLE LEAF DRIVE, Boston, MA",SAM,-71.14085265025048,42.24916038072073
"12 MAPLE LEAF DRIVE, Boston, MA",SAM,-71.1408927955657,42.24904970918166
"13 MAPLE LEAF DRIVE, Boston, MA",SAM,-71.14086751551157,42.24916330872762
"14 MAPLE LEAF DRIVE, Boston, MA",SAM,-71.14090799867363,42.24905270373416
"15 MAPLE LEAF DRIVE, Boston, MA",SAM,-71.14088238077265,42.24916623673448
"16 MAPLE LEAF DRIVE, Boston, MA",SAM,-71.14092320178155,42.249055698286654
"17 MAPLE LEAF DRIVE, Boston, MA",SAM,-71.1408972460337,42.249169164741375
"18 MAPLE LEAF DRIVE, Boston, MA",SAM,-71.14093840488947,42.24905869283914
"19 MAPLE LEAF DRIVE, Boston, MA",SAM,-71.1409121112948,42.24917209274825
"2 MAPLE LEAF DRIVE, Boston, MA",SAM,-71.13939802569399,42.24934412736968
"3 MAPLE LEAF DRIVE, Boston, MA",SAM,-71.13991525481829,42.24929685286094
"4 MAPLE LEAF DRIVE, Boston, MA",SAM,-71.13980923974952,42.2492133494037
"5 MAPLE LEAF DRIVE, Boston, MA",SAM,-71.14024548580355,42.24909904155666
"6 MAPLE LEAF DRIVE, Boston, MA",SAM,-71.14022816758867,42.24898516951764
"7 MAPLE LEAF DRIVE, Boston, MA",SAM,-71.14068873016399,42.24912867399868
"8 MAPLE LEAF DRIVE, Boston, MA",SAM,-71.14072706337993,42.24901765132801
"9 MAPLE LEAF DRIVE, Boston, MA",SAM,-71.14083778498942,42.249157452713845
"10 MAPLETON STREET, Boston, MA",SAM,-71.15094764844991,42.352462441734225
"11 MAPLETON STREET, Boston, MA",SAM,-71.15093888643689,42.352333812278516
"14 MAPLETON STREET, Boston, MA",SAM,-71.15078613480841,42.35240860384007
"15 MAPLETON STREET, Boston, MA",SAM,-71.15078066899216,42.352281073116885
"16 MAPLETON STREET, Boston, MA",SAM,-71.15070537798766,42.352381684892975
"19 MAPLETON STREET, Boston, MA",SAM,-71.1506223279061,42.35222835694221
"2 MAPLETON STREET, Boston, MA",SAM,-71.15126290297945,42.3525770448717
"20 MAPLETON STREET, Boston, MA",SAM,-71.15054391510974,42.35232794528567
"25 MAPLETON STREET, Boston, MA",SAM,-71.15038486602536,42.352149474037134
"27 MAPLETON STREET, Boston, MA",SAM,-71.1503057120651,42.352123179735436
"28 MAPLETON STREET, Boston, MA",SAM,-71.15022070310538,42.352220576887085
"3 MAPLETON STREET, Boston, MA",SAM,-71.15125441717218,42.352445876609494
"32 MAPLETON STREET, Boston, MA",SAM,-71.1500590971032,42.3521668926878
"35 MAPLETON STREET, Boston, MA",SAM,-71.1499890962241,42.35201800252866
"36 MAPLETON STREET, Boston, MA",SAM,-71.14989749110102,42.35211320848847
"40 MAPLETON STREET, Boston, MA",SAM,-71.14973588509883,42.35205952428919
"45 MAPLETON STREET, Boston, MA",SAM,-71.14959332642283,42.35188653102018
"47 MAPLETON STREET, Boston, MA",SAM,-71.14951417246259,42.35186023671847
"50 MAPLETON STREET, Boston, MA",SAM,-71.14933187009338,42.351925313790964
"52 MAPLETON STREET, Boston, MA",SAM,-71.14925106709228,42.35189847169129
"53 MAPLETON STREET, Boston, MA",SAM,-71.14927671058183,42.351781353813365
"55 MAPLETON STREET, Boston, MA",SAM,-71.14919755662159,42.35175505951169
"56 MAPLETON STREET, Boston, MA",SAM,-71.14908946109011,42.351844787492006
"59 MAPLETON STREET, Boston, MA",SAM,-71.14903924870107,42.35170247090829
"6 MAPLETON STREET, Boston, MA",SAM,-71.1511043320652,42.35251862399413
"64 MAPLETON STREET, Boston, MA",SAM,-71.14876624908572,42.35173741909342
"7 MAPLETON STREET, Boston, MA",SAM,-71.15109908239906,42.35238864799477
"72 MAPLETON STREET, Boston, MA",SAM,-71.14844303708138,42.35163005069482
"75 MAPLETON STREET, Boston, MA",SAM,-71.14840601701906,42.35149211649473
"76 MAPLETON STREET, Boston, MA",SAM,-71.1482814310792,42.35157636649552
"81 MAPLETON STREET, Boston, MA",SAM,-71.1481685551383,42.351413233589646
"85 MAPLETON STREET, Boston, MA",SAM,-71.14801261915385,42.35136049855799
"10 MAPLEWOOD STREET, Boston, MA",SAM,-71.14805792011781,42.2705033294367
"100 MAPLEWOOD STREET, Boston, MA",SAM,-71.15050627656598,42.27296854116943
"106 MAPLEWOOD STREET, Boston, MA",SAM,-71.15065306064469,42.27320825931031
"11 MAPLEWOOD STREET, Boston, MA",SAM,-71.14774664411783,42.27042437348752
"112 MAPLEWOOD STREET, Boston, MA",SAM,-71.1507724448393,42.273408654259335
"114 MAPLEWOOD STREET, Boston, MA",SAM,-71.15081257128516,42.27347261469644
"116 MAPLEWOOD STREET, Boston, MA",SAM,-71.15088086245436,42.273575859154334
"120 MAPLEWOOD STREET, Boston, MA",SAM,-71.15097312648194,42.27372422628513
"16 MAPLEWOOD STREET, Boston, MA",SAM,-71.1483626441851,42.27075183465797
"17 MAPLEWOOD STREET, Boston, MA",SAM,-71.14787448631496,42.2705258020303
"21 MAPLEWOOD STREET, Boston, MA",SAM,-71.14795971444637,42.270593421058784
"25 MAPLEWOOD STREET, Boston, MA",SAM,-71.14804357601236,42.27066052292966
"28 MAPLEWOOD STREET, Boston, MA",SAM,-71.14892116885224,42.27129309887903
"29 MAPLEWOOD STREET, Boston, MA",SAM,-71.14812709288306,42.27072930154449
"31 MAPLEWOOD STREET, Boston, MA",SAM,-71.14816885131842,42.27076369085191
"32 MAPLEWOOD STREET, Boston, MA",SAM,-71.14905335314731,42.27149350737583
"34 MAPLEWOOD STREET, Boston, MA",SAM,-71.14911944529486,42.27159371162422
"36 MAPLEWOOD STREET, Boston, MA",SAM,-71.1491853550131,42.2716776545113
"38 MAPLEWOOD STREET, Boston, MA",SAM,-71.14928486199156,42.27175657715173
"60 MAPLEWOOD STREET, Boston, MA",SAM,-71.14961165988412,42.271965775896426
"7 MAPLEWOOD STREET, Boston, MA",SAM,-71.14766141598639,42.27035675445904
"70 MAPLEWOOD STREET, Boston, MA",SAM,-71.14976798919038,42.27206531904378
"74 MAPLEWOOD STREET, Boston, MA",SAM,-71.1498270453195,42.27210535710638
"78 MAPLEWOOD STREET, Boston, MA",SAM,-71.14988610144862,42.272145395168984
"82 MAPLEWOOD STREET, Boston, MA",SAM,-71.15003554262354,42.272290773614316
"85 MAPLEWOOD STREET, Boston, MA",SAM,-71.15001349212497,42.272492151137094
"88 MAPLEWOOD STREET, Boston, MA",SAM,-71.15020276624212,42.27251650440591
"92 MAPLEWOOD STREET, Boston, MA",SAM,-71.15030393635007,42.27266718332709
"95 MAPLEWOOD STREET, Boston, MA",SAM,-71.15036758750279,42.27301952736123
"96 MAPLEWOOD STREET, Boston, MA",SAM,-71.15040510645801,42.27281786224827
"97 MAPLEWOOD STREET, Boston, MA",SAM,-71.15043176445724,42.27312088507741
"99 MAPLEWOOD STREET, Boston, MA",SAM,-71.15055114865186,42.27332128002642
"18 MARBURY TERRACE, Boston, MA",SAM,-71.10204452770002,42.31782852583644
"2 MARBURY TERRACE, Boston, MA",SAM,-71.10187628429054,42.317736392519734
"8 MARBURY TERRACE, Boston, MA",SAM,-71.1019393755691,42.31777094251349
"102 MARCELLA STREET, Boston, MA",SAM,-71.09625061099544,42.324355719588276
"104 MARCELLA STREET, Boston, MA",SAM,-71.09628694944324,42.32438875454832
"105 MARCELLA STREET, Boston, MA",SAM,-71.0960435090082,42.324347432089105
"108 MARCELLA STREET, Boston, MA",SAM,-71.09636213116869,42.32446459924765
"109 MARCELLA STREET, Boston, MA",SAM,-71.096125824334,42.324423892459926
"110 MARCELLA STREET, Boston, MA",SAM,-71.09639093731961,42.32450147112958
"112 MARCELLA STREET, Boston, MA",SAM,-71.09641974347055,42.324538343011525
"114 MARCELLA STREET, Boston, MA",SAM,-71.09644854962148,42.32457521489347
"115 MARCELLA STREET, Boston, MA",SAM,-71.09623512200393,42.32453113240194
"116 MARCELLA STREET, Boston, MA",SAM,-71.0964770241318,42.324608851065356
"118 MARCELLA STREET, Boston, MA",SAM,-71.09650830693147,42.3246446028447
"12 MARCELLA STREET, Boston, MA",SAM,-71.09378661041467,42.32110775479109
"121 MARCELLA STREET, Boston, MA",SAM,-71.09633515916549,42.324657686941755
"123 MARCELLA STREET, Boston, MA",SAM,-71.09637035231508,42.32469790769353
"126 MARCELLA STREET, Boston, MA",SAM,-71.09666450450976,42.32484531239035
"130 MARCELLA STREET, Boston, MA",SAM,-71.096692004902,42.32488931302898
"132 MARCELLA STREET, Boston, MA",SAM,-71.09670575509811,42.32491131334828
"133 MARCELLA STREET, Boston, MA",SAM,-71.09653912954028,42.32491789455032
"136 MARCELLA STREET, Boston, MA",SAM,-71.09673025296877,42.324963071471004
"138 MARCELLA STREET, Boston, MA",SAM,-71.09674060126989,42.32498606770215
"139 MARCELLA STREET, Boston, MA",SAM,-71.09657579530852,42.32498282078587
"14 MARCELLA STREET, Boston, MA",SAM,-71.09389596950804,42.32116906217557
"15 MARCELLA STREET, Boston, MA",SAM,-71.09412770950873,42.32144827470962
"16 MARCELLA STREET, Boston, MA",SAM,-71.09401971381357,42.321239711430415
"17 MARCELLA STREET, Boston, MA",SAM,-71.09422960632102,42.32150751705577
"18 MARCELLA STREET, Boston, MA",SAM,-71.09407270015593,42.32127051745041
"21 MARCELLA STREET, Boston, MA",SAM,-71.0944378727762,42.32162376512495
"24 MARCELLA STREET, Boston, MA",SAM,-71.09423165918314,42.32136293551043
"27 MARCELLA STREET, Boston, MA",SAM,-71.09474876986285,42.321796485767976
"28 MARCELLA STREET, Boston, MA",SAM,-71.09433763186793,42.32142454755044
"29 MARCELLA STREET, Boston, MA",SAM,-71.09485240222507,42.32185405931568
"3 MARCELLA STREET, Boston, MA",SAM,-71.09331021697545,42.32098449129048
"30 MARCELLA STREET, Boston, MA",SAM,-71.09439003249267,42.32145385258394
"31 MARCELLA STREET, Boston, MA",SAM,-71.09495603458731,42.321911632863355
"32 MARCELLA STREET, Boston, MA",SAM,-71.09444392132103,42.32148379082874
"34 MARCELLA STREET, Boston, MA",SAM,-71.0944978101494,42.32151372907352
"36 MARCELLA STREET, Boston, MA",SAM,-71.09455169897775,42.32154366731833
"43 MARCELLA STREET, Boston, MA",SAM,-71.09522441683568,42.32220761807459
"47 MARCELLA STREET, Boston, MA",SAM,-71.0952261620403,42.32235310350187
"5 MARCELLA STREET, Boston, MA",SAM,-71.09347425561553,42.32107645236722
"51 MARCELLA STREET, Boston, MA",SAM,-71.09523537119487,42.32253239666059
"55 MARCELLA STREET, Boston, MA",SAM,-71.09524340717786,42.322722046145294
"57 MARCELLA STREET, Boston, MA",SAM,-71.09524742516936,42.322816870887664
"59 MARCELLA STREET, Boston, MA",SAM,-71.09525144316086,42.322911695630005
"6 MARCELLA STREET, Boston, MA",SAM,-71.09345853313448,42.32092383263766
"75 MARCELLA STREET, Boston, MA",SAM,-71.09553675460819,42.3236750306033
"77 MARCELLA STREET, Boston, MA",SAM,-71.09554971656355,42.323696016631544
"79 MARCELLA STREET, Boston, MA",SAM,-71.0956145593545,42.32380037996508
"8 MARCELLA STREET, Boston, MA",SAM,-71.09356789222788,42.32098514002213
"80 MARCELLA STREET, Boston, MA",SAM,-71.09590020363046,42.323984232523145
"86 MARCELLA STREET, Boston, MA",SAM,-71.09598056914837,42.32408882322742
"91 MARCELLA STREET, Boston, MA",SAM,-71.09577762860002,42.32406129082338
"94 MARCELLA STREET, Boston, MA",SAM,-71.09611040551962,42.32422304271778
"97 MARCELLA STREET, Boston, MA",SAM,-71.09588353689553,42.324190209641976
"11 MARCH AVENUE, Boston, MA",SAM,-71.15469194430254,42.28406498582454
"12 MARCH AVENUE, Boston, MA",SAM,-71.15456072751196,42.28400407617837
"16 MARCH AVENUE, Boston, MA",SAM,-71.15458325085086,42.28397665646033
"17 MARCH AVENUE, Boston, MA",SAM,-71.1547250398209,42.284024695626634
"20 MARCH AVENUE, Boston, MA",SAM,-71.15460577418978,42.2839492367423
"21 MARCH AVENUE, Boston, MA",SAM,-71.15474710349983,42.28399783549468
"25 MARCH AVENUE, Boston, MA",SAM,-71.15476916717874,42.28397097536272
"32 MARCH AVENUE, Boston, MA",SAM,-71.15467334420646,42.2838669775882
"7 MARCH AVENUE, Boston, MA",SAM,-71.15466988062362,42.2840918459565
"10 MARCY ROAD, Boston, MA",SAM,-71.09647678712764,42.26682369764383
"11 MARCY ROAD, Boston, MA",SAM,-71.09632146032584,42.26683503948177
"12 MARCY ROAD, Boston, MA",SAM,-71.09647618982959,42.26683982466838
"14 MARCY ROAD, Boston, MA",SAM,-71.09647559253155,42.26685595169292
"15 MARCY ROAD, Boston, MA",SAM,-71.09632029010925,42.26686663528493
"16 MARCY ROAD, Boston, MA",SAM,-71.0964749952335,42.266872078717434
"17 MARCY ROAD, Boston, MA",SAM,-71.09631970500094,42.26688243318651
"18 MARCY ROAD, Boston, MA",SAM,-71.09647439793542,42.26688820574197
"19 MARCY ROAD, Boston, MA",SAM,-71.09631911989264,42.2668982310881
"3 MARCY ROAD, Boston, MA",SAM,-71.09632380075907,42.26677184787541
"8 MARCY ROAD, Boston, MA",SAM,-71.09647738442571,42.26680757061931
"9 MARCY ROAD, Boston, MA",SAM,-71.09632204543414,42.26681924158019
"10 MARDEN AVENUE, Boston, MA",SAM,-71.08646945679155,42.28480644069604
"12 MARDEN AVENUE, Boston, MA",SAM,-71.08648730838479,42.28480310839878
"14 MARDEN AVENUE, Boston, MA",SAM,-71.08650515997805,42.28479977610152
"15 MARDEN AVENUE, Boston, MA",SAM,-71.08655835596018,42.284908028906166
"16 MARDEN AVENUE, Boston, MA",SAM,-71.08652301157127,42.28479644380426
"18 MARDEN AVENUE, Boston, MA",SAM,-71.08654086316453,42.284793111507014
"2 MARDEN AVENUE, Boston, MA",SAM,-71.08639805041855,42.284819769885075
"20 MARDEN AVENUE, Boston, MA",SAM,-71.08655871475779,42.28478977920975
"22 MARDEN AVENUE, Boston, MA",SAM,-71.08657656635103,42.28478644691249
"24 MARDEN AVENUE, Boston, MA",SAM,-71.08659441794428,42.28478311461522
"26 MARDEN AVENUE, Boston, MA",SAM,-71.08661226953754,42.28477978231796
"4 MARDEN AVENUE, Boston, MA",SAM,-71.0864159020118,42.28481643758782
"6 MARDEN AVENUE, Boston, MA",SAM,-71.08643375360505,42.28481310529055
"7 MARDEN AVENUE, Boston, MA",SAM,-71.08648840686011,42.28492108607094
"8 MARDEN AVENUE, Boston, MA",SAM,-71.08645160519829,42.284809772993306
"9 MARDEN AVENUE, Boston, MA",SAM,-71.08650589413513,42.284917821779736
"11 MARGARET STREET, Boston, MA",SAM,-71.05569000452977,42.36574728207756
"12 MARGARET STREET, Boston, MA",SAM,-71.0558047471231,42.36583171655489
"16 MARGARET STREET, Boston, MA",SAM,-71.05573437385168,42.36592885149629
"17 MARGARET STREET, Boston, MA",SAM,-71.05559763961107,42.36587477168815
"19 MARGARET STREET, Boston, MA",SAM,-71.05552672095267,42.36598076786169
"21 MARGARET STREET, Boston, MA",SAM,-71.05552472579762,42.36598400998872
"3 MARGARET STREET, Boston, MA",SAM,-71.05581315775474,42.365577295930066
"15 MARGIN STREET, Boston, MA",SAM,-71.12395574766317,42.251095225429154
"17 MARGIN STREET, Boston, MA",SAM,-71.12479392614985,42.251255477301605
"19 MARGIN STREET, Boston, MA",SAM,-71.12565335718001,42.25118733264937
"5 MARGIN STREET, Boston, MA",SAM,-71.12506912547597,42.25114366619463
"102 MARGIN STREET, Boston, MA",SAM,-71.05739739945301,42.36593590163493
"27 MARGIN STREET, Boston, MA",SAM,-71.12549883810976,42.251090322564096
"33 MARGIN STREET, Boston, MA",SAM,-71.12536992431963,42.25110632565326
"35 MARGIN STREET, Boston, MA",SAM,-71.12532695305624,42.25111166001632
"37 MARGIN STREET, Boston, MA",SAM,-71.12528398179288,42.25111699437936
"47 MARGIN STREET, Boston, MA",SAM,-71.12506912547597,42.25114366619463
"50 MARGIN STREET, Boston, MA",SAM,-71.12479392614985,42.251255477301605
"51 MARGIN STREET, Boston, MA",SAM,-71.12499503019903,42.25114505375827
"53 MARGIN STREET, Boston, MA",SAM,-71.12495145879667,42.25114505375688
"56 MARGIN STREET, Boston, MA",SAM,-71.12490516417505,42.2512596451307
"58 MARGIN STREET, Boston, MA",SAM,-71.12494056593944,42.25125964513184
"60 MARGIN STREET, Boston, MA",SAM,-71.12497596770386,42.251259645132976
"62 MARGIN STREET, Boston, MA",SAM,-71.12501136946827,42.251259645134105
"64 MARGIN STREET, Boston, MA",SAM,-71.12504677123268,42.25125964513525
"65 MARGIN STREET, Boston, MA",SAM,-71.12470270795544,42.25113566564442
"66 MARGIN STREET, Boston, MA",SAM,-71.12509473075606,42.25125667936907
"68 MARGIN STREET, Boston, MA",SAM,-71.12512964490755,42.251252345199084
"69 MARGIN STREET, Boston, MA",SAM,-71.12461664543679,42.25112554063801
"70 MARGIN STREET, Boston, MA",SAM,-71.12516455905906,42.25124801102912
"71 MARGIN STREET, Boston, MA",SAM,-71.12457361417745,42.2511204781348
"72 MARGIN STREET, Boston, MA",SAM,-71.12519947321054,42.25124367685912
"74 MARGIN STREET, Boston, MA",SAM,-71.12523438736206,42.251239342689146
"75 MARGIN STREET, Boston, MA",SAM,-71.1244875516588,42.251110353128404
"76 MARGIN STREET, Boston, MA",SAM,-71.12526930151354,42.25123500851916
"79 MARGIN STREET, Boston, MA",SAM,-71.1244181297338,42.251092344260414
"81 MARGIN STREET, Boston, MA",SAM,-71.12437695157107,42.25108180264782
"84 MARGIN STREET, Boston, MA",SAM,-71.12540895811954,42.251217671839235
"85 MARGIN STREET, Boston, MA",SAM,-71.12429459524556,42.251060719422654
"86 MARGIN STREET, Boston, MA",SAM,-71.12544387227103,42.251213337669256
"87 MARGIN STREET, Boston, MA",SAM,-71.12425341708281,42.25105017781009
"9 MARGIN STREET, Boston, MA",SAM,-71.12453058291813,42.251115415631595
"95 MARGIN STREET, Boston, MA",SAM,-71.12408870443183,42.25100801135975
"100 MARGINAL STREET, Boston, MA",SAM,-71.03750064649604,42.36607623078534
"104 MARGINAL STREET, Boston, MA",SAM,-71.03738896798023,42.36602789231179
"106 MARGINAL STREET, Boston, MA",SAM,-71.03733312872234,42.36600372307504
"112 MARGINAL STREET, Boston, MA",SAM,-71.03711438952152,42.365908247303544
"116 MARGINAL STREET, Boston, MA",SAM,-71.0370296157641,42.36587110831532
"126 MARGINAL STREET, Boston, MA",SAM,-71.03672661229125,42.365738236822885
"136 MARGINAL STREET, Boston, MA",SAM,-71.03618053645398,42.365497994277604
"138 MARGINAL STREET, Boston, MA",SAM,-71.03613249535178,42.365476865441146
"210 MARGINAL STREET, Boston, MA",SAM,-71.03440301567261,42.36471622732858
"216 MARGINAL STREET, Boston, MA",SAM,-71.03425889236601,42.3646528408192
"218 MARGINAL STREET, Boston, MA",SAM,-71.03421085126382,42.36463171198275
"233 MARGINAL STREET, Boston, MA",SAM,-71.03493873382213,42.36481848497844
"264 MARGINAL STREET, Boston, MA",SAM,-71.03127571069815,42.36407582025236
"282 MARGINAL STREET, Boston, MA",SAM,-71.03115035542847,42.36406782947306
"288 MARGINAL STREET, Boston, MA",SAM,-71.03110857033857,42.36406516587994
"292 MARGINAL STREET, Boston, MA",SAM,-71.03108071361197,42.36406339015123
"294 MARGINAL STREET, Boston, MA",SAM,-71.03106678524867,42.364062502286856
"298 MARGINAL STREET, Boston, MA",SAM,-71.0310389285221,42.36406072655814
"310 MARGINAL STREET, Boston, MA",SAM,-71.03095535834231,42.36405539937192
"68 MARGINAL STREET, Boston, MA",SAM,-71.03839407462257,42.3664629385736
"72 MARGINAL STREET, Boston, MA",SAM,-71.03828239610675,42.36641460010006
"90 MARGINAL STREET, Boston, MA",SAM,-71.03777984278558,42.36619707696915
"91 MARGINAL STREET, Boston, MA",SAM,-71.03833031829026,42.387812112877846
"92 MARGINAL STREET, Boston, MA",SAM,-71.03772400352769,42.366172907732405
"1 MARGO ROAD, Boston, MA",SAM,-71.16930418232099,42.347892902083984
"10 MARGO ROAD, Boston, MA",SAM,-71.1696651969127,42.347540253935115
"11 MARGO ROAD, Boston, MA",SAM,-71.16983447546507,42.34760263354081
"14 MARGO ROAD, Boston, MA",SAM,-71.16995299069615,42.34744703105244
"15 MARGO ROAD, Boston, MA",SAM,-71.17007103278691,42.34754688029767
"18 MARGO ROAD, Boston, MA",SAM,-71.17023455517636,42.347407837737634
"19 MARGO ROAD, Boston, MA",SAM,-71.1703365734376,42.347510484271666
"2 MARGO ROAD, Boston, MA",SAM,-71.16921288114268,42.347800285029194
"22 MARGO ROAD, Boston, MA",SAM,-71.1705156562015,42.347369629835356
"23 MARGO ROAD, Boston, MA",SAM,-71.1706038806163,42.347473877794485
"26 MARGO ROAD, Boston, MA",SAM,-71.170795027948,42.34732901699214
"27 MARGO ROAD, Boston, MA",SAM,-71.17086947347462,42.34743492417871
"30 MARGO ROAD, Boston, MA",SAM,-71.17107537596513,42.34728789928661
"31 MARGO ROAD, Boston, MA",SAM,-71.17113506633295,42.34739597056296
"34 MARGO ROAD, Boston, MA",SAM,-71.17135812687623,42.34724886121656
"38 MARGO ROAD, Boston, MA",SAM,-71.1716397207908,42.34721269319517
"39 MARGO ROAD, Boston, MA",SAM,-71.17166626777268,42.34732559234437
"42 MARGO ROAD, Boston, MA",SAM,-71.17180470214399,42.34718932669938
"43 MARGO ROAD, Boston, MA",SAM,-71.17183606810828,42.34730154865969
"46 MARGO ROAD, Boston, MA",SAM,-71.17183488551372,42.347184718551695
"47 MARGO ROAD, Boston, MA",SAM,-71.17186625147801,42.34729694051203
"5 MARGO ROAD, Boston, MA",SAM,-71.1695137987918,42.34775520179677
"6 MARGO ROAD, Boston, MA",SAM,-71.16941786438025,42.34766449535191
"1 MARIA LANE, Boston, MA",SAM,-71.13588024723401,42.28275673592954
"10 MARIA LANE, Boston, MA",SAM,-71.13496890890937,42.28236826782131
"14 MARIA LANE, Boston, MA",SAM,-71.13490289474119,42.282210762689154
"15 MARIA LANE, Boston, MA",SAM,-71.13505053761487,42.28224539729709
"18 MARIA LANE, Boston, MA",SAM,-71.1349077357682,42.2821994669596
"19 MARIA LANE, Boston, MA",SAM,-71.13505537864188,42.28223410156754
"2 MARIA LANE, Boston, MA",SAM,-71.13578243432114,42.28284558642158
"5 MARIA LANE, Boston, MA",SAM,-71.13555659163184,42.282561712638056
"6 MARIA LANE, Boston, MA",SAM,-71.13537786481845,42.28260180730724
"9 MARIA LANE, Boston, MA",SAM,-71.13522876838223,42.28236474425335
"10 MARIE STREET, Boston, MA",SAM,-71.0644270966605,42.30548870674453
"12 MARIE STREET, Boston, MA",SAM,-71.06440673020691,42.30549452573133
"14 MARIE STREET, Boston, MA",SAM,-71.06438636375333,42.30550034471812
"4 MARIE STREET, Boston, MA",SAM,-71.06448819602122,42.305471249784134
"6 MARIE STREET, Boston, MA",SAM,-71.06446782956765,42.30547706877094
"8 MARIE STREET, Boston, MA",SAM,-71.06444746311408,42.30548288775775
"10 MARINE ROAD, Boston, MA",SAM,-71.03938940943141,42.33063174693662
"105 MARINE ROAD, Boston, MA",SAM,-71.03498202098885,42.33059206762878
"106 MARINE ROAD, Boston, MA",SAM,-71.03495165738222,42.3307071431389
"109 MARINE ROAD, Boston, MA",SAM,-71.03479419803858,42.33059491342547
"112 MARINE ROAD, Boston, MA",SAM,-71.03473029461941,42.330710497113564
"114 MARINE ROAD, Boston, MA",SAM,-71.0346565070318,42.330711615105116
"115 MARINE ROAD, Boston, MA",SAM,-71.03451246361317,42.33059918212049
"116 MARINE ROAD, Boston, MA",SAM,-71.0345827194442,42.33071273309668
"119 MARINE ROAD, Boston, MA",SAM,-71.03432464066292,42.33060202791715
"12 MARINE ROAD, Boston, MA",SAM,-71.03930252253292,42.33063382184515
"120 MARINE ROAD, Boston, MA",SAM,-71.03443514426898,42.330714969079786
"122 MARINE ROAD, Boston, MA",SAM,-71.03436135668139,42.330716087071345
"123 MARINE ROAD, Boston, MA",SAM,-71.03413681771265,42.330604873713845
"124 MARINE ROAD, Boston, MA",SAM,-71.03428756909378,42.330717205062875
"129 MARINE ROAD, Boston, MA",SAM,-71.03394386408375,42.33060850252735
"130 MARINE ROAD, Boston, MA",SAM,-71.0339856778647,42.3307222517145
"132 MARINE ROAD, Boston, MA",SAM,-71.03392285441868,42.33072358838175
"133 MARINE ROAD, Boston, MA",SAM,-71.03390650960235,42.33060929730247
"134 MARINE ROAD, Boston, MA",SAM,-71.03386003097263,42.330724925049
"138 MARINE ROAD, Boston, MA",SAM,-71.03373438408055,42.33072759838348
"14 MARINE ROAD, Boston, MA",SAM,-71.03921563563442,42.33063589675369
"142 MARINE ROAD, Boston, MA",SAM,-71.03360873718844,42.33073027171797
"164 MARINE ROAD, Boston, MA",SAM,-71.03218046641224,42.33075282179966
"168 MARINE ROAD, Boston, MA",SAM,-71.03212965292226,42.33075188080738
"172 MARINE ROAD, Boston, MA",SAM,-71.0320788394323,42.330750939815054
"176 MARINE ROAD, Boston, MA",SAM,-71.03202802594231,42.33074999882275
"18 MARINE ROAD, Boston, MA",SAM,-71.03904186183743,42.33064004657072
"2 MARINE ROAD, Boston, MA",SAM,-71.03973695702544,42.330623447302536
"22 MARINE ROAD, Boston, MA",SAM,-71.03886808804042,42.33064419638777
"26 MARINE ROAD, Boston, MA",SAM,-71.03869431424339,42.33064834620482
"30 MARINE ROAD, Boston, MA",SAM,-71.0385205404464,42.33065249602187
"33 MARINE ROAD, Boston, MA",SAM,-71.03834176213701,42.33054211417051
"35 MARINE ROAD, Boston, MA",SAM,-71.03825735294834,42.330543035876424
"36 MARINE ROAD, Boston, MA",SAM,-71.03825735294171,42.33065762725177
"37 MARINE ROAD, Boston, MA",SAM,-71.03817042070473,42.33054303587365
"39 MARINE ROAD, Boston, MA",SAM,-71.03801427773743,42.33054388905837
"40 MARINE ROAD, Boston, MA",SAM,-71.0380165689967,42.33065846792209
"41 MARINE ROAD, Boston, MA",SAM,-71.03788057556585,42.33054535028023
"44 MARINE ROAD, Boston, MA",SAM,-71.0377491646535,42.330661390365826
"45 MARINE ROAD, Boston, MA",SAM,-71.03761317122267,42.330548272723945
"46 MARINE ROAD, Boston, MA",SAM,-71.03761546248194,42.33066285158768
"47 MARINE ROAD, Boston, MA",SAM,-71.03747946905108,42.33054973394581
"49 MARINE ROAD, Boston, MA",SAM,-71.03734576687951,42.33055119516766
"50 MARINE ROAD, Boston, MA",SAM,-71.03734805813876,42.33066577403141
"6 MARINE ROAD, Boston, MA",SAM,-71.03956318322842,42.33062759711959
"63 MARINE ROAD, Boston, MA",SAM,-71.03691828666014,42.330554568340574
"64 MARINE ROAD, Boston, MA",SAM,-71.03675607529847,42.330670336385424
"65 MARINE ROAD, Boston, MA",SAM,-71.0368728074454,42.33055489670897
"68 MARINE ROAD, Boston, MA",SAM,-71.0366105418113,42.33067138716423
"69 MARINE ROAD, Boston, MA",SAM,-71.03678184901594,42.33055555344572
"70 MARINE ROAD, Boston, MA",SAM,-71.03653777506771,42.33067191255363
"71 MARINE ROAD, Boston, MA",SAM,-71.03673636980119,42.3305558818141
"74 MARINE ROAD, Boston, MA",SAM,-71.03639224158054,42.33067296333244
"8 MARINE ROAD, Boston, MA",SAM,-71.03947629632992,42.33062967202811
"84 MARINE ROAD, Boston, MA",SAM,-71.03594915471871,42.33067826409304
"1 MARION PLACE, Boston, MA",SAM,-71.03822428180683,42.37937825900223
"2 MARION PLACE, Boston, MA",SAM,-71.03815367260691,42.379276226689946
"3 MARION PLACE, Boston, MA",SAM,-71.03823459558903,42.379374364287145
"4 MARION PLACE, Boston, MA",SAM,-71.03816420125958,42.37927225083496
"5 MARION PLACE, Boston, MA",SAM,-71.03824490937123,42.37937046957208
"6 MARION PLACE, Boston, MA",SAM,-71.03817472991223,42.37926827497999
"7 MARION PLACE, Boston, MA",SAM,-71.0382552231534,42.37936657485699
"8 MARION PLACE, Boston, MA",SAM,-71.03818525856488,42.379264299125005
"10 MARION STREET, Boston, MA",SAM,-71.14331181222185,42.2414048991341
"102 MARION STREET, Boston, MA",SAM,-71.03692565665739,42.377763850887504
"110 MARION STREET, Boston, MA",SAM,-71.03668699930036,42.377412145222316
"112 MARION STREET, Boston, MA",SAM,-71.03662733496108,42.37732421880604
"124 MARION STREET, Boston, MA",SAM,-71.03642882498583,42.37703282608348
"130 MARION STREET, Boston, MA",SAM,-71.03635146634998,42.37691936672303
"132 MARION STREET, Boston, MA",SAM,-71.03632568013802,42.37688154693622
"134 MARION STREET, Boston, MA",SAM,-71.03629989392607,42.3768437271494
"149 MARION STREET, Boston, MA",SAM,-71.03611469856119,42.376317068768174
"15 MARION STREET, Boston, MA",SAM,-71.14367579009007,42.24163873844315
"157 MARION STREET, Boston, MA",SAM,-71.03604404362581,42.376213341284455
"158 MARION STREET, Boston, MA",SAM,-71.03593537062663,42.37630873405077
"16 MARION STREET, Boston, MA",SAM,-71.143330434696,42.24141059989298
"161 MARION STREET, Boston, MA",SAM,-71.03600871615814,42.376161477542574
"162 MARION STREET, Boston, MA",SAM,-71.03588102067636,42.376228943678655
"164 MARION STREET, Boston, MA",SAM,-71.03585384570123,42.3761890484926
"17 MARION STREET, Boston, MA",SAM,-71.14367693121868,42.24163906447996
"170 MARION STREET, Boston, MA",SAM,-71.03572453374237,42.376038338601376
"176 MARION STREET, Boston, MA",SAM,-71.03554877886884,42.37592575958189
"178 MARION STREET, Boston, MA",SAM,-71.03549032471435,42.37588824422054
"179 MARION STREET, Boston, MA",SAM,-71.03556607662144,42.37578506540737
"180 MARION STREET, Boston, MA",SAM,-71.03543187055985,42.3758507288592
"181 MARION STREET, Boston, MA",SAM,-71.03550112756086,42.37574338167254
"182 MARION STREET, Boston, MA",SAM,-71.03537341640532,42.375813213497864
"183 MARION STREET, Boston, MA",SAM,-71.0354361785003,42.37570169793772
"185 MARION STREET, Boston, MA",SAM,-71.03537122943973,42.375660014202886
"186 MARION STREET, Boston, MA",SAM,-71.03525650809632,42.375738182775144
"187 MARION STREET, Boston, MA",SAM,-71.03530628037916,42.375618330468036
"188 MARION STREET, Boston, MA",SAM,-71.03519805394178,42.3757006674138
"19 MARION STREET, Boston, MA",SAM,-71.14367807234729,42.24163939051681
"191 MARION STREET, Boston, MA",SAM,-71.03512102215065,42.37550169527629
"192 MARION STREET, Boston, MA",SAM,-71.12579785790987,42.34017762333786
"193 MARION STREET, Boston, MA",SAM,-71.03510265610147,42.375490590220764
"194 MARION STREET, Boston, MA",SAM,-71.03482896045712,42.37547054442628
"195 MARION STREET, Boston, MA",SAM,-71.03508429005225,42.37547948516526
"196 MARION STREET, Boston, MA",SAM,-71.03479846230654,42.375450747376696
"197 MARION STREET, Boston, MA",SAM,-71.03506592400306,42.37546838010974
"198 MARION STREET, Boston, MA",SAM,-71.03476796415596,42.37543095032712
"199 MARION STREET, Boston, MA",SAM,-71.03504755795387,42.375457275054195
"20 MARION STREET, Boston, MA",SAM,-71.14334284967876,42.24141440039889
"200 MARION STREET, Boston, MA",SAM,-71.03473746600538,42.375411153277554
"201 MARION STREET, Boston, MA",SAM,-71.03493134816776,42.375384463125826
"204 MARION STREET, Boston, MA",SAM,-71.03467646970424,42.37537155917841
"205 MARION STREET, Boston, MA",SAM,-71.034733110189,42.37525578230363
"207 MARION STREET, Boston, MA",SAM,-71.03463399119961,42.37519144189252
"21 MARION STREET, Boston, MA",SAM,-71.14367921347589,42.241639716553635
"213 MARION STREET, Boston, MA",SAM,-71.03436629701338,42.37501851417645
"217 MARION STREET, Boston, MA",SAM,-71.03426347421228,42.37495255236467
"218 MARION STREET, Boston, MA",SAM,-71.03446298265018,42.37523297983142
"219 MARION STREET, Boston, MA",SAM,-71.03421206281175,42.37491957145877
"22 MARION STREET, Boston, MA",SAM,-71.14334905717014,42.24141630065184
"223 MARION STREET, Boston, MA",SAM,-71.03410924001066,42.37485360964696
"225 MARION STREET, Boston, MA",SAM,-71.03405782861012,42.37482062874106
"232 MARION STREET, Boston, MA",SAM,-71.03361956842602,42.374694009614146
"234 MARION STREET, Boston, MA",SAM,-71.03357566853553,42.37466628336126
"236 MARION STREET, Boston, MA",SAM,-71.03353176864505,42.37463855710838
"237 MARION STREET, Boston, MA",SAM,-71.03369292764324,42.374589581310566
"24 MARION STREET, Boston, MA",SAM,-71.14335526466152,42.2414182009048
"247 MARION STREET, Boston, MA",SAM,-71.03340928007142,42.37440960970526
"251 MARION STREET, Boston, MA",SAM,-71.03337228412232,42.37438584587857
"253 MARION STREET, Boston, MA",SAM,-71.03335378614779,42.37437396396526
"254 MARION STREET, Boston, MA",SAM,-71.03321897707521,42.37443922087214
"255 MARION STREET, Boston, MA",SAM,-71.03333528817325,42.37436208205193
"256 MARION STREET, Boston, MA",SAM,-71.03320113974263,42.37442776331285
"258 MARION STREET, Boston, MA",SAM,-71.03318330241002,42.37441630575356
"26 MARION STREET, Boston, MA",SAM,-71.14336147215289,42.241420101157765
"37 MARION STREET, Boston, MA",SAM,-71.14368834250472,42.241642324848286
"38 MARION STREET, Boston, MA",SAM,-71.14339871710119,42.241431502675496
"39 MARION STREET, Boston, MA",SAM,-71.14368948363331,42.24164265088511
"41 MARION STREET, Boston, MA",SAM,-71.14369062476193,42.24164297692195
"42 MARION STREET, Boston, MA",SAM,-71.14341113208394,42.24143530318142
"43 MARION STREET, Boston, MA",SAM,-71.14369176589054,42.241643302958785
"48 MARION STREET, Boston, MA",SAM,-71.1434297545581,42.24144100394029
"5 MARION STREET, Boston, MA",SAM,-71.14352579455115,42.24159440564556
"50 MARION STREET, Boston, MA",SAM,-71.14343596204948,42.24144290419324
"54 MARION STREET, Boston, MA",SAM,-71.14344837703223,42.241446704699165
"56 MARION STREET, Boston, MA",SAM,-71.14345458452364,42.24144860495212
"58 MARION STREET, Boston, MA",SAM,-71.143460792015,42.241450505205066
"59 MARION STREET, Boston, MA",SAM,-71.14370089491936,42.24164591125342
"60 MARION STREET, Boston, MA",SAM,-71.14346699950639,42.24145240545802
"61 MARION STREET, Boston, MA",SAM,-71.14370203604796,42.241646237290254
"63 MARION STREET, Boston, MA",SAM,-71.14370317717658,42.24164656332709
"64 MARION STREET, Boston, MA",SAM,-71.14347941448915,42.24145620596394
"65 MARION STREET, Boston, MA",SAM,-71.14370431830515,42.24164688936391
"69 MARION STREET, Boston, MA",SAM,-71.14370660056237,42.24164754143757
"71 MARION STREET, Boston, MA",SAM,-71.14370774169097,42.2416478674744
"75 MARION STREET, Boston, MA",SAM,-71.14371002394817,42.24164851954807
"77 MARION STREET, Boston, MA",SAM,-71.14371116507677,42.241648845584905
"80 MARION STREET, Boston, MA",SAM,-71.1435290744202,42.2414714079876
"82 MARION STREET, Boston, MA",SAM,-71.1435352819116,42.24147330824056
"83 MARION STREET, Boston, MA",SAM,-71.14371458846259,42.24164982369538
"9 MARION STREET, Boston, MA",SAM,-71.14367236670427,42.24163776033265
"6 MARION STREET, Boston, MA",SAM,-71.14329939723909,42.24140109862818
"7 MARION STREET, Boston, MA",SAM,-71.14367122557567,42.24163743429582
"1 MARION STREET, Boston, MA",SAM,-71.14322783496485,42.24150319350364
"14 MARION STREET, Boston, MA",SAM,-71.1433242272046,42.241408699640026
"28 MARION STREET, Boston, MA",SAM,-71.14336767964429,42.24142200141072
"8 MARION STREET, Boston, MA",SAM,-71.14330560473049,42.24140299888115
"15 MARIPOSA STREET, Boston, MA",SAM,-71.1062342603879,42.268499181080415
"16 MARIPOSA STREET, Boston, MA",SAM,-71.10644533698903,42.26862733013953
"18 MARIPOSA STREET, Boston, MA",SAM,-71.10650178083327,42.268705575032925
"19 MARIPOSA STREET, Boston, MA",SAM,-71.10629481567878,42.26865466150961
"20 MARIPOSA STREET, Boston, MA",SAM,-71.10658535191706,42.26878300192688
"21 MARIPOSA STREET, Boston, MA",SAM,-71.10635600062756,42.26874865144392
"23 MARIPOSA STREET, Boston, MA",SAM,-71.10643070891922,42.2688262192954
"25 MARIPOSA STREET, Boston, MA",SAM,-71.10650686353391,42.268890657829985
"28 MARIPOSA STREET, Boston, MA",SAM,-71.10703387268687,42.26904894028186
"30 MARIPOSA STREET, Boston, MA",SAM,-71.10715121144653,42.26911546305834
"31 MARIPOSA STREET, Boston, MA",SAM,-71.10679174769386,42.26905602816029
"33 MARIPOSA STREET, Boston, MA",SAM,-71.10688357802754,42.26910808946361
"34 MARIPOSA STREET, Boston, MA",SAM,-71.10739285248685,42.26923184929323
"36 MARIPOSA STREET, Boston, MA",SAM,-71.1075179709751,42.269290094120315
"38 MARIPOSA STREET, Boston, MA",SAM,-71.10764308946337,42.2693483389474
"40 MARIPOSA STREET, Boston, MA",SAM,-71.10777524081226,42.26941330188019
"42 MARIPOSA STREET, Boston, MA",SAM,-71.10792578566847,42.26949136219392
"44 MARIPOSA STREET, Boston, MA",SAM,-71.10807633052471,42.26956942250762
"46 MARIPOSA STREET, Boston, MA",SAM,-71.10822687538092,42.26964748282132
"48 MARIPOSA STREET, Boston, MA",SAM,-71.10837742023715,42.269725543135046
"5 MARIPOSA STREET, Boston, MA",SAM,-71.10590882649628,42.26821376424396
"50 MARIPOSA STREET, Boston, MA",SAM,-71.10850254061734,42.269785433889304
"62 MARIPOSA STREET, Boston, MA",SAM,-71.10886873718083,42.26995740877809
"63 MARIPOSA STREET, Boston, MA",SAM,-71.10880294818924,42.27006291529108
"66 MARIPOSA STREET, Boston, MA",SAM,-71.10898690586103,42.270017066766286
"69 MARIPOSA STREET, Boston, MA",SAM,-71.1089640872986,42.270144267093144
"70 MARIPOSA STREET, Boston, MA",SAM,-71.1091050745412,42.27007672475449
"75 MARIPOSA STREET, Boston, MA",SAM,-71.1092974929607,42.2703189771421
"80 MARIPOSA STREET, Boston, MA",SAM,-71.10937625530875,42.270219718607656
"83 MARIPOSA STREET, Boston, MA",SAM,-71.10976868845297,42.270569861605665
"88 MARIPOSA STREET, Boston, MA",SAM,-71.10951901030597,42.27029599992129
"9 MARIPOSA STREET, Boston, MA",SAM,-71.10608823302229,42.26829873962117
"1 MARK STREET, Boston, MA",SAM,-71.10967180444894,42.32288891856028
"11 MARK STREET, Boston, MA",SAM,-71.10960745980456,42.32287404118156
"9 MARK STREET, Boston, MA",SAM,-71.10962032873343,42.32287701665731
"135 MARKET STREET, Boston, MA",SAM,-71.14827216715172,42.35761965388249
"195 MARKET STREET, Boston, MA",SAM,-71.14932514674258,42.355910256912956
"200 MARKET STREET, Boston, MA",SAM,-71.14904492292001,42.35607478254192
"224 MARKET STREET, Boston, MA",SAM,-71.14977541458576,42.35494940904947
"235 MARKET STREET, Boston, MA",SAM,-71.15031438715566,42.354393337912725
"237 MARKET STREET, Boston, MA",SAM,-71.15032457948945,42.3543773699227
"247 MARKET STREET, Boston, MA",SAM,-71.1503755411584,42.354297529972584
"257 MARKET STREET, Boston, MA",SAM,-71.15053717936152,42.35402527365703
"260 MARKET STREET, Boston, MA",SAM,-71.15049574303708,42.35380749964144
"261 MARKET STREET, Boston, MA",SAM,-71.15063699294235,42.35385477843648
"264 MARKET STREET, Boston, MA",SAM,-71.15054925456435,42.35372019135807
"265 MARKET STREET, Boston, MA",SAM,-71.15074401599686,42.353680161869725
"268 MARKET STREET, Boston, MA",SAM,-71.15060276609162,42.353632883074695
"272 MARKET STREET, Boston, MA",SAM,-71.15072419243961,42.35345211161585
"275 MARKET STREET, Boston, MA",SAM,-71.1509143372533,42.353429494580865
"276 MARKET STREET, Boston, MA",SAM,-71.15083888792425,42.35327748028579
"280 MARKET STREET, Boston, MA",SAM,-71.15090475012454,42.35315986921194
"283 MARKET STREET, Boston, MA",SAM,-71.15108993967274,42.35312884444185
"284 MARKET STREET, Boston, MA",SAM,-71.15097061232483,42.35304225813809
"287 MARKET STREET, Boston, MA",SAM,-71.15116178934578,42.353000541452204
"290 MARKET STREET, Boston, MA",SAM,-71.15107276795743,42.35286285457343
"291 MARKET STREET, Boston, MA",SAM,-71.15123608362664,42.35287716810529
"292 MARKET STREET, Boston, MA",SAM,-71.1511108277841,42.352805764831736
"293 MARKET STREET, Boston, MA",SAM,-71.15127760343758,42.35281488838704
"310 MARKET STREET, Boston, MA",SAM,-71.15143098380938,42.35229620969064
"339 MARKET STREET, Boston, MA",SAM,-71.15210511553751,42.35146434361483
"340 MARKET STREET, Boston, MA",SAM,-71.15187568726238,42.35156694334068
"343 MARKET STREET, Boston, MA",SAM,-71.15216326642148,42.35136548711007
"344 MARKET STREET, Boston, MA",SAM,-71.15197018244885,42.351406301520434
"347 MARKET STREET, Boston, MA",SAM,-71.1522257712804,42.3512711339991
"349 MARKET STREET, Boston, MA",SAM,-71.15225800285425,42.35122278663688
"353 MARKET STREET, Boston, MA",SAM,-71.15232246600195,42.351126091912434
"355 MARKET STREET, Boston, MA",SAM,-71.15235469757584,42.351077744550224
"365 MARKET STREET, Boston, MA",SAM,-71.152539658987,42.35079671624508
"369 MARKET STREET, Boston, MA",SAM,-71.15259201556269,42.350715999855325
"391 MARKET STREET, Boston, MA",SAM,-71.15287997672905,42.350272059711585
"396 MARKET STREET, Boston, MA",SAM,-71.15283109641075,42.35009985516906
"406 MARKET STREET, Boston, MA",SAM,-71.1531475138774,42.34969050486038
"421 MARKET STREET, Boston, MA",SAM,-71.15323176727122,42.34980825085876
"427 MARKET STREET, Boston, MA",SAM,-71.15324895331995,42.34978750907495
"1 MARLBOROUGH STREET, Boston, MA",SAM,-71.07215326879181,42.35469237017651
"10 MARLBOROUGH STREET, Boston, MA",SAM,-71.0724557092832,42.354492298910905
"104 MARLBOROUGH STREET, Boston, MA",SAM,-71.07678966266721,42.35330969359768
"105 MARLBOROUGH STREET, Boston, MA",SAM,-71.07684763325409,42.35341610473598
"107 MARLBOROUGH STREET, Boston, MA",SAM,-71.07693134473604,42.35339442944155
"109 MARLBOROUGH STREET, Boston, MA",SAM,-71.07701505621796,42.353372754147124
"110 MARLBOROUGH STREET, Boston, MA",SAM,-71.07703075173517,42.35324726874974
"114 MARLBOROUGH STREET, Boston, MA",SAM,-71.07719147778047,42.35320565218444
"115 MARLBOROUGH STREET, Boston, MA",SAM,-71.07726619066372,42.35330772826384
"117 MARLBOROUGH STREET, Boston, MA",SAM,-71.07734990214568,42.353286052969416
"118 MARLBOROUGH STREET, Boston, MA",SAM,-71.07735220382578,42.353164035619145
"12 MARLBOROUGH STREET, Boston, MA",SAM,-71.07254418053918,42.354469306381105
"120 MARLBOROUGH STREET, Boston, MA",SAM,-71.07743256684843,42.35314322733649
"122 MARLBOROUGH STREET, Boston, MA",SAM,-71.07751292987108,42.35312241905385
"124 MARLBOROUGH STREET, Boston, MA",SAM,-71.07759062645712,42.35310155051352
"125 MARLBOROUGH STREET, Boston, MA",SAM,-71.0776862542771,42.353197085493
"126 MARLBOROUGH STREET, Boston, MA",SAM,-71.0776700498834,42.353078858105775
"129 MARLBOROUGH STREET, Boston, MA",SAM,-71.07785171974851,42.35314980964355
"130 MARLBOROUGH STREET, Boston, MA",SAM,-71.07782889673595,42.353033473290296
"132 MARLBOROUGH STREET, Boston, MA",SAM,-71.07790832016222,42.35301078088257
"133 MARLBOROUGH STREET, Boston, MA",SAM,-71.07801718521992,42.35310253379411
"134 MARLBOROUGH STREET, Boston, MA",SAM,-71.07798774358852,42.352988088474824
"135 MARLBOROUGH STREET, Boston, MA",SAM,-71.07809991795563,42.35307889586939
"136 MARLBOROUGH STREET, Boston, MA",SAM,-71.07806716701481,42.3529653960671
"137 MARLBOROUGH STREET, Boston, MA",SAM,-71.07818265069135,42.35305525794466
"138 MARLBOROUGH STREET, Boston, MA",SAM,-71.07814659044108,42.35294270365936
"14 MARLBOROUGH STREET, Boston, MA",SAM,-71.07263265179516,42.35444631385129
"140 MARLBOROUGH STREET, Boston, MA",SAM,-71.07822601386736,42.35292001125164
"142 MARLBOROUGH STREET, Boston, MA",SAM,-71.07830543729365,42.352897318843894
"148 MARLBOROUGH STREET, Boston, MA",SAM,-71.07854370757248,42.35282924162069
"15 MARLBOROUGH STREET, Boston, MA",SAM,-71.07282641965251,42.3545174270149
"16 MARLBOROUGH STREET, Boston, MA",SAM,-71.07272112305112,42.35442332132149
"163 MARLBOROUGH STREET, Boston, MA",SAM,-71.07945213815849,42.3526990331089
"164 MARLBOROUGH STREET, Boston, MA",SAM,-71.0787975283651,42.352754457383284
"166 MARLBOROUGH STREET, Boston, MA",SAM,-71.07894558784999,42.35271201249422
"167 MARLBOROUGH STREET, Boston, MA",SAM,-71.07960348033802,42.35265876775824
"168 MARLBOROUGH STREET, Boston, MA",SAM,-71.07905909448462,42.35268181348125
"17 MARLBOROUGH STREET, Boston, MA",SAM,-71.07292341308613,42.354491652349104
"170 MARLBOROUGH STREET, Boston, MA",SAM,-71.07917260111928,42.35265161446827
"174 MARLBOROUGH STREET, Boston, MA",SAM,-71.07939961438858,42.35259121644233
"175 MARLBOROUGH STREET, Boston, MA",SAM,-71.07990616469709,42.352578237056996
"176 MARLBOROUGH STREET, Boston, MA",SAM,-71.07951312102323,42.35256101742935
"178 MARLBOROUGH STREET, Boston, MA",SAM,-71.07962662765787,42.35253081841638
"18 MARLBOROUGH STREET, Boston, MA",SAM,-71.07280959430712,42.35440032879167
"180 MARLBOROUGH STREET, Boston, MA",SAM,-71.07974013429254,42.35250061940341
"181 MARLBOROUGH STREET, Boston, MA",SAM,-71.08013317796639,42.35251783903105
"183 MARLBOROUGH STREET, Boston, MA",SAM,-71.08020884905616,42.352497706355734
"184 MARLBOROUGH STREET, Boston, MA",SAM,-71.07996714756183,42.352440221377464
"185 MARLBOROUGH STREET, Boston, MA",SAM,-71.08028452014592,42.35247757368042
"186 MARLBOROUGH STREET, Boston, MA",SAM,-71.08008065419648,42.35241002236449
"188 MARLBOROUGH STREET, Boston, MA",SAM,-71.08019416083113,42.35237982335151
"189 MARLBOROUGH STREET, Boston, MA",SAM,-71.08043586232546,42.35243730832977
"19 MARLBOROUGH STREET, Boston, MA",SAM,-71.07301906984237,42.354465619181106
"190 MARLBOROUGH STREET, Boston, MA",SAM,-71.08030766746579,42.35234962433854
"192 MARLBOROUGH STREET, Boston, MA",SAM,-71.08042117410044,42.352319425325575
"194 MARLBOROUGH STREET, Boston, MA",SAM,-71.08053468073508,42.35228922631259
"195 MARLBOROUGH STREET, Boston, MA",SAM,-71.08066287559477,42.35237691030384
"196 MARLBOROUGH STREET, Boston, MA",SAM,-71.08064818736973,42.35225902729962
"197 MARLBOROUGH STREET, Boston, MA",SAM,-71.08073854668453,42.352356777628515
"198 MARLBOROUGH STREET, Boston, MA",SAM,-71.08076169400438,42.35222882828664
"2 MARLBOROUGH STREET, Boston, MA",SAM,-71.0721018242593,42.354584269030155
"20 MARLBOROUGH STREET, Boston, MA",SAM,-71.07289660918323,42.35437683222805
"21 MARLBOROUGH STREET, Boston, MA",SAM,-71.07311472659862,42.35443958601312
"22 MARLBOROUGH STREET, Boston, MA",SAM,-71.07298461339896,42.3543528817135
"220 MARLBOROUGH STREET, Boston, MA",SAM,-71.08147802823554,42.35203918561826
"225 MARLBOROUGH STREET, Boston, MA",SAM,-71.08161013252887,42.352125945954164
"226 MARLBOROUGH STREET, Boston, MA",SAM,-71.08164910839014,42.35199391927375
"227 MARLBOROUGH STREET, Boston, MA",SAM,-71.08166430791114,42.35211161161174
"228 MARLBOROUGH STREET, Boston, MA",SAM,-71.08170613510832,42.351978830492264
"229 MARLBOROUGH STREET, Boston, MA",SAM,-71.08171848329343,42.35209727726931
"230 MARLBOROUGH STREET, Boston, MA",SAM,-71.08176316182653,42.35196374171075
"231 MARLBOROUGH STREET, Boston, MA",SAM,-71.08177265867573,42.35208294292688
"232 MARLBOROUGH STREET, Boston, MA",SAM,-71.08182018854473,42.35194865292924
"233 MARLBOROUGH STREET, Boston, MA",SAM,-71.081826834058,42.35206860858445
"234 MARLBOROUGH STREET, Boston, MA",SAM,-71.08187721526292,42.35193356414774
"235 MARLBOROUGH STREET, Boston, MA",SAM,-71.0818810094403,42.35205427424204
"236 MARLBOROUGH STREET, Boston, MA",SAM,-71.08193424198112,42.35191847536625
"237 MARLBOROUGH STREET, Boston, MA",SAM,-71.08193518482258,42.35203993989961
"239 MARLBOROUGH STREET, Boston, MA",SAM,-71.08198936020487,42.35202560555719
"24 MARLBOROUGH STREET, Boston, MA",SAM,-71.07307261761471,42.35432893119897
"241 MARLBOROUGH STREET, Boston, MA",SAM,-71.08204353558716,42.35201127121476
"242 MARLBOROUGH STREET, Boston, MA",SAM,-71.08210532213569,42.35187320902176
"244 MARLBOROUGH STREET, Boston, MA",SAM,-71.08216234885387,42.35185812024025
"245 MARLBOROUGH STREET, Boston, MA",SAM,-71.08215188635171,42.351982602529915
"246 MARLBOROUGH STREET, Boston, MA",SAM,-71.08221937557207,42.351843031458756
"247 MARLBOROUGH STREET, Boston, MA",SAM,-71.082206061734,42.35196826818748
"249 MARLBOROUGH STREET, Boston, MA",SAM,-71.08226023711627,42.35195393384506
"251 MARLBOROUGH STREET, Boston, MA",SAM,-71.08231441249858,42.35193959950262
"254 MARLBOROUGH STREET, Boston, MA",SAM,-71.08244748244486,42.351782676332746
"255 MARLBOROUGH STREET, Boston, MA",SAM,-71.08242276326314,42.351910930817795
"256 MARLBOROUGH STREET, Boston, MA",SAM,-71.08250450916306,42.35176758755124
"257 MARLBOROUGH STREET, Boston, MA",SAM,-71.08247693864544,42.351896596475356
"258 MARLBOROUGH STREET, Boston, MA",SAM,-71.08256153588125,42.351752498769734
"259 MARLBOROUGH STREET, Boston, MA",SAM,-71.08253111402772,42.351882262132925
"26 MARLBOROUGH STREET, Boston, MA",SAM,-71.07316062183045,42.354304980684454
"274 MARLBOROUGH STREET, Boston, MA",SAM,-71.08301774962682,42.35163178851774
"276 MARLBOROUGH STREET, Boston, MA",SAM,-71.08307477634501,42.35161669973623
"28 MARLBOROUGH STREET, Boston, MA",SAM,-71.07324862604622,42.35428103016989
"282 MARLBOROUGH STREET, Boston, MA",SAM,-71.08336050696614,42.3515424845378
"285 MARLBOROUGH STREET, Boston, MA",SAM,-71.08334793073145,42.35166710657842
"286 MARLBOROUGH STREET, Boston, MA",SAM,-71.08349947702459,42.35150662129693
"288 MARLBOROUGH STREET, Boston, MA",SAM,-71.08356896205382,42.351488689676486
"289 MARLBOROUGH STREET, Boston, MA",SAM,-71.0834984816281,42.35162825473412
"290 MARLBOROUGH STREET, Boston, MA",SAM,-71.08363844708305,42.351470758056045
"291 MARLBOROUGH STREET, Boston, MA",SAM,-71.08357375707641,42.35160882881199
"292 MARLBOROUGH STREET, Boston, MA",SAM,-71.08370793211225,42.351452826435626
"293 MARLBOROUGH STREET, Boston, MA",SAM,-71.08364903252475,42.35158940288984
"294 MARLBOROUGH STREET, Boston, MA",SAM,-71.08377741714148,42.351434894815185
"297 MARLBOROUGH STREET, Boston, MA",SAM,-71.08379958342138,42.351550551045584
"298 MARLBOROUGH STREET, Boston, MA",SAM,-71.0839163871999,42.35139903157432
"299 MARLBOROUGH STREET, Boston, MA",SAM,-71.08387485886972,42.351531125123444
"3 MARLBOROUGH STREET, Boston, MA",SAM,-71.07224943320048,42.354667378296284
"30 MARLBOROUGH STREET, Boston, MA",SAM,-71.07333663026198,42.35425707965537
"302 MARLBOROUGH STREET, Boston, MA",SAM,-71.08405535725835,42.35136316833345
"303 MARLBOROUGH STREET, Boston, MA",SAM,-71.08402540976634,42.351492273279185
"304 MARLBOROUGH STREET, Boston, MA",SAM,-71.08412484228757,42.351345236713
"306 MARLBOROUGH STREET, Boston, MA",SAM,-71.0841943273168,42.35132730509257
"308 MARLBOROUGH STREET, Boston, MA",SAM,-71.08426381234602,42.35130937347213
"309 MARLBOROUGH STREET, Boston, MA",SAM,-71.08425123611133,42.35143399551275
"31 MARLBOROUGH STREET, Boston, MA",SAM,-71.07359301037987,42.35430942017328
"310 MARLBOROUGH STREET, Boston, MA",SAM,-71.08433329737524,42.3512914418517
"311 MARLBOROUGH STREET, Boston, MA",SAM,-71.08432651155964,42.35141456959062
"313 MARLBOROUGH STREET, Boston, MA",SAM,-71.08440178700798,42.35139514366848
"314 MARLBOROUGH STREET, Boston, MA",SAM,-71.08447226743367,42.35125557861083
"315 MARLBOROUGH STREET, Boston, MA",SAM,-71.08447706245629,42.35137571774635
"317 MARLBOROUGH STREET, Boston, MA",SAM,-71.0845523379046,42.351356291824196
"319 MARLBOROUGH STREET, Boston, MA",SAM,-71.08462761335294,42.35133686590204
"320 MARLBOROUGH STREET, Boston, MA",SAM,-71.08468072252134,42.351201783749524
"321 MARLBOROUGH STREET, Boston, MA",SAM,-71.08470288880126,42.35131743997994
"322 MARLBOROUGH STREET, Boston, MA",SAM,-71.08475020755057,42.35118385212909
"324 MARLBOROUGH STREET, Boston, MA",SAM,-71.08481969257979,42.351165920508656
"33 MARLBOROUGH STREET, Boston, MA",SAM,-71.07368866713611,42.35428338700529
"334 MARLBOROUGH STREET, Boston, MA",SAM,-71.08526150881626,42.351047860933186
"338 MARLBOROUGH STREET, Boston, MA",SAM,-71.08544140294535,42.35099692705281
"339 MARLBOROUGH STREET, Boston, MA",SAM,-71.08551614971732,42.351098476641646
"340 MARLBOROUGH STREET, Boston, MA",SAM,-71.0855313500099,42.35097146011261
"341 MARLBOROUGH STREET, Boston, MA",SAM,-71.08561252157217,42.351071190634286
"342 MARLBOROUGH STREET, Boston, MA",SAM,-71.08562129707445,42.35094599317242
"343 MARLBOROUGH STREET, Boston, MA",SAM,-71.08570889342705,42.35104390462694
"344 MARLBOROUGH STREET, Boston, MA",SAM,-71.085711244139,42.35092052623224
"345 MARLBOROUGH STREET, Boston, MA",SAM,-71.08580526528193,42.351016618619596
"346 MARLBOROUGH STREET, Boston, MA",SAM,-71.08580119120356,42.350895059292036
"347 MARLBOROUGH STREET, Boston, MA",SAM,-71.0859016371368,42.350989332612244
"348 MARLBOROUGH STREET, Boston, MA",SAM,-71.0858911382681,42.35086959235185
"349 MARLBOROUGH STREET, Boston, MA",SAM,-71.08599800899168,42.350962046604906
"35 MARLBOROUGH STREET, Boston, MA",SAM,-71.07378432389235,42.35425735383733
"350 MARLBOROUGH STREET, Boston, MA",SAM,-71.08598108533266,42.35084412541165
"352 MARLBOROUGH STREET, Boston, MA",SAM,-71.0860710323972,42.35081865847146
"353 MARLBOROUGH STREET, Boston, MA",SAM,-71.08619075270143,42.3509074745902
"354 MARLBOROUGH STREET, Boston, MA",SAM,-71.08616097946175,42.35079319153127
"356 MARLBOROUGH STREET, Boston, MA",SAM,-71.0862509265263,42.35076772459108
"357 MARLBOROUGH STREET, Boston, MA",SAM,-71.08638349641117,42.350852902575504
"358 MARLBOROUGH STREET, Boston, MA",SAM,-71.08634087359086,42.35074225765089
"360 MARLBOROUGH STREET, Boston, MA",SAM,-71.0864308206554,42.350716790710685
"362 MARLBOROUGH STREET, Boston, MA",SAM,-71.08652076771995,42.35069132377049
"365 MARLBOROUGH STREET, Boston, MA",SAM,-71.08680723763655,42.3507355506594
"369 MARLBOROUGH STREET, Boston, MA",SAM,-71.0869814338497,42.350689098335764
"37 MARLBOROUGH STREET, Boston, MA",SAM,-71.07387998064861,42.35423132066935
"371 MARLBOROUGH STREET, Boston, MA",SAM,-71.08706853195626,42.35066587217394
"373 MARLBOROUGH STREET, Boston, MA",SAM,-71.08715563006281,42.350642646012126
"374 MARLBOROUGH STREET, Boston, MA",SAM,-71.0870729689211,42.35054286652879
"378 MARLBOROUGH STREET, Boston, MA",SAM,-71.0872351516023,42.3504996178137
"380 MARLBOROUGH STREET, Boston, MA",SAM,-71.08731624294286,42.35047799345614
"382 MARLBOROUGH STREET, Boston, MA",SAM,-71.08739733428347,42.35045636909858
"383 MARLBOROUGH STREET, Boston, MA",SAM,-71.08759112059562,42.35052651520303
"384 MARLBOROUGH STREET, Boston, MA",SAM,-71.08747842562406,42.35043474474103
"385 MARLBOROUGH STREET, Boston, MA",SAM,-71.0876782187022,42.35050328904122
"389 MARLBOROUGH STREET, Boston, MA",SAM,-71.08785241491533,42.35045683671758
"39 MARLBOROUGH STREET, Boston, MA",SAM,-71.07397563740484,42.35420528750139
"390 MARLBOROUGH STREET, Boston, MA",SAM,-71.08772169964584,42.35036987166837
"391 MARLBOROUGH STREET, Boston, MA",SAM,-71.08793951302188,42.350433610555754
"392 MARLBOROUGH STREET, Boston, MA",SAM,-71.08780279098643,42.3503482473108
"393 MARLBOROUGH STREET, Boston, MA",SAM,-71.08802661112847,42.350410384393946
"395 MARLBOROUGH STREET, Boston, MA",SAM,-71.08811370923502,42.35038715823213
"396 MARLBOROUGH STREET, Boston, MA",SAM,-71.08796497366762,42.350304998595696
"397 MARLBOROUGH STREET, Boston, MA",SAM,-71.08820080734158,42.3503639320703
"398 MARLBOROUGH STREET, Boston, MA",SAM,-71.08804606500823,42.350283374238124
"4 MARLBOROUGH STREET, Boston, MA",SAM,-71.07219029551526,42.354561276500355
"400 MARLBOROUGH STREET, Boston, MA",SAM,-71.0881271563488,42.350261749880595
"401 MARLBOROUGH STREET, Boston, MA",SAM,-71.08837500355472,42.35031747974667
"402 MARLBOROUGH STREET, Boston, MA",SAM,-71.08820824768941,42.35024012552304
"403 MARLBOROUGH STREET, Boston, MA",SAM,-71.08846210166126,42.35029425358485
"406 MARLBOROUGH STREET, Boston, MA",SAM,-71.0883704303706,42.35019687680791
"423 MARLBOROUGH STREET, Boston, MA",SAM,-71.0893950314777,42.35003566273214
"424 MARLBOROUGH STREET, Boston, MA",SAM,-71.0891603570267,42.349983469100465
"425 MARLBOROUGH STREET, Boston, MA",SAM,-71.08948270040142,42.3500088253061
"431 MARLBOROUGH STREET, Boston, MA",SAM,-71.08974580085575,42.34992571592388
"433 MARLBOROUGH STREET, Boston, MA",SAM,-71.08983276931423,42.34989766158188
"434 MARLBOROUGH STREET, Boston, MA",SAM,-71.08929067569711,42.34994357562927
"436 MARLBOROUGH STREET, Boston, MA",SAM,-71.0893167394312,42.34993559693504
"437 MARLBOROUGH STREET, Boston, MA",SAM,-71.09000399039184,42.34985705458503
"439 MARLBOROUGH STREET, Boston, MA",SAM,-71.09008791049604,42.34984079546368
"440 MARLBOROUGH STREET, Boston, MA",SAM,-71.08936886689938,42.34991963954657
"441 MARLBOROUGH STREET, Boston, MA",SAM,-71.09018122716448,42.349828070464746
"443 MARLBOROUGH STREET, Boston, MA",SAM,-71.09032990508676,42.34981111251572
"445 MARLBOROUGH STREET, Boston, MA",SAM,-71.09035131744642,42.34980914356352
"447 MARLBOROUGH STREET, Boston, MA",SAM,-71.09037272980609,42.34980717461133
"5 MARLBOROUGH STREET, Boston, MA",SAM,-71.07234559760914,42.354642386416046
"53 MARLBOROUGH STREET, Boston, MA",SAM,-71.0746614126353,42.35400794039612
"57 MARLBOROUGH STREET, Boston, MA",SAM,-71.07482437190998,42.3539635885933
"59 MARLBOROUGH STREET, Boston, MA",SAM,-71.07490585154733,42.35394141269188
"63 MARLBOROUGH STREET, Boston, MA",SAM,-71.07506881082203,42.35389706088905
"64 MARLBOROUGH STREET, Boston, MA",SAM,-71.07490781655868,42.353818762608526
"66 MARLBOROUGH STREET, Boston, MA",SAM,-71.07500040705567,42.35379356272056
"67 MARLBOROUGH STREET, Boston, MA",SAM,-71.0752317700967,42.35385270908623
"68 MARLBOROUGH STREET, Boston, MA",SAM,-71.07509299755266,42.35376836283258
"7 MARLBOROUGH STREET, Boston, MA",SAM,-71.07244176201783,42.354617394535836
"70 MARLBOROUGH STREET, Boston, MA",SAM,-71.07518558804964,42.35374316294463
"72 MARLBOROUGH STREET, Boston, MA",SAM,-71.07527817854661,42.353717963056674
"73 MARLBOROUGH STREET, Boston, MA",SAM,-71.07547620900876,42.35378618138199
"74 MARLBOROUGH STREET, Boston, MA",SAM,-71.07537076904362,42.35369276316869
"75 MARLBOROUGH STREET, Boston, MA",SAM,-71.0755576886461,42.35376400548058
"76 MARLBOROUGH STREET, Boston, MA",SAM,-71.07546335954059,42.35366756328072
"77 MARLBOROUGH STREET, Boston, MA",SAM,-71.07563916828346,42.35374182957917
"78 MARLBOROUGH STREET, Boston, MA",SAM,-71.07555595003757,42.35364236339276
"79 MARLBOROUGH STREET, Boston, MA",SAM,-71.07572064792079,42.35371965367776
"8 MARLBOROUGH STREET, Boston, MA",SAM,-71.07236723802724,42.35451529144074
"81 MARLBOROUGH STREET, Boston, MA",SAM,-71.07580212755815,42.353697477776336
"82 MARLBOROUGH STREET, Boston, MA",SAM,-71.07574113103155,42.353591963616815
"86 MARLBOROUGH STREET, Boston, MA",SAM,-71.07592631202552,42.35354156384087
"87 MARLBOROUGH STREET, Boston, MA",SAM,-71.07604656647018,42.3536309500721
"88 MARLBOROUGH STREET, Boston, MA",SAM,-71.0760189025225,42.35351636395291
"89 MARLBOROUGH STREET, Boston, MA",SAM,-71.07612804610753,42.35360877417069
"90 MARLBOROUGH STREET, Boston, MA",SAM,-71.07611149301948,42.35349116406493
"10 MARLIN ROAD, Boston, MA",SAM,-71.16513882380579,42.29442324355631
"11 MARLIN ROAD, Boston, MA",SAM,-71.16505318796881,42.29432555776383
"12 MARLIN ROAD, Boston, MA",SAM,-71.16516143884571,42.29440756379449
"14 MARLIN ROAD, Boston, MA",SAM,-71.16518405388564,42.29439188403267
"3 MARLIN ROAD, Boston, MA",SAM,-71.16496457393482,42.29438699683053
"5 MARLIN ROAD, Boston, MA",SAM,-71.16498672744333,42.29437163706386
"6 MARLIN ROAD, Boston, MA",SAM,-71.16509359372596,42.29445460307992
"8 MARLIN ROAD, Boston, MA",SAM,-71.16511620876588,42.29443892331811
"9 MARLIN ROAD, Boston, MA",SAM,-71.16503103446031,42.294340917530505
"24 MARLIN WAY, Boston, MA",SAM,-71.05784675715479,42.30322399276517
"6 MARLIN WAY, Boston, MA",SAM,-71.05778672222648,42.30314485579536
"7 MARLIN WAY, Boston, MA",SAM,-71.05787839807337,42.30349988897891
"1 MARLOU TERRACE, Boston, MA",SAM,-71.10910933534235,42.31249632295111
"6 MARLOU TERRACE, Boston, MA",SAM,-71.10903600803157,42.3125973086681
"10 MARLOWE STREET, Boston, MA",SAM,-71.06411979806414,42.29854809422389
"2 MARLOWE STREET, Boston, MA",SAM,-71.06415240958451,42.29861564667738
"4 MARLOWE STREET, Boston, MA",SAM,-71.06414425670442,42.298598758564005
"6 MARLOWE STREET, Boston, MA",SAM,-71.06413610382434,42.29858187045063
"7 MARLOWE STREET, Boston, MA",SAM,-71.06427435476073,42.29852748195469
"8 MARLOWE STREET, Boston, MA",SAM,-71.06412795094424,42.298564982337275
"10 MARMION STREET, Boston, MA",SAM,-71.1036733033418,42.31220675786539
"11 MARMION STREET, Boston, MA",SAM,-71.10350093738487,42.312192692988084
"12 MARMION STREET, Boston, MA",SAM,-71.1036309446268,42.31225505089521
"13 MARMION STREET, Boston, MA",SAM,-71.10345857866987,42.312240986017905
"14 MARMION STREET, Boston, MA",SAM,-71.10358858591181,42.31230334392505
"15 MARMION STREET, Boston, MA",SAM,-71.10341621995491,42.31228927904773
"16 MARMION STREET, Boston, MA",SAM,-71.10354622719684,42.312351636954865
"20 MARMION STREET, Boston, MA",SAM,-71.10346150976687,42.31244822301452
"44 MARMION STREET, Boston, MA",SAM,-71.10291066223326,42.31307567505787
"51 MARMION STREET, Boston, MA",SAM,-71.10267102404048,42.31313683983928
"54 MARMION STREET, Boston, MA",SAM,-71.10276796040834,42.313236465853635
"55 MARMION STREET, Boston, MA",SAM,-71.10261598190802,42.31319885914624
"6 MARMION STREET, Boston, MA",SAM,-71.10375802077175,42.312110171805735
"9 MARMION STREET, Boston, MA",SAM,-71.10354329609984,42.31214439995826
"1 MARSH STREET, Boston, MA",SAM,-71.04925977037344,42.28312138627586
"10 MARSH STREET, Boston, MA",SAM,-71.0487967573755,42.283088206169346
"11 MARSH STREET, Boston, MA",SAM,-71.04889799005481,42.28299588888899
"14 MARSH STREET, Boston, MA",SAM,-71.04877717041026,42.283081869208374
"18 MARSH STREET, Boston, MA",SAM,-71.04875758344498,42.283075532247395
"19 MARSH STREET, Boston, MA",SAM,-71.04885525485788,42.28298206279235
"22 MARSH STREET, Boston, MA",SAM,-71.04873799647976,42.283069195286444
"5 MARSH STREET, Boston, MA",SAM,-71.04914911040221,42.28308387441178
"6 MARSH STREET, Boston, MA",SAM,-71.04881634434075,42.2830945431303
"2 MARSHALL PLACE, Boston, MA",SAM,-71.06890429086778,42.38287566075818
"3 MARSHALL PLACE, Boston, MA",SAM,-71.06881869819281,42.38297125775261
"4 MARSHALL PLACE, Boston, MA",SAM,-71.06890678595943,42.38287693098693
"10 MARSHALL STREET, Boston, MA",SAM,-71.16497451646137,42.27709872711349
"11 MARSHALL STREET, Boston, MA",SAM,-71.16483242690263,42.27714468138104
"14 MARSHALL STREET, Boston, MA",SAM,-71.16498067036815,42.27711076142328
"15 MARSHFIELD STREET, Boston, MA",SAM,-71.06952147269948,42.32265068699887
"19 MARSHFIELD STREET, Boston, MA",SAM,-71.06925239253502,42.3227178571332
"2 MARSHFIELD STREET, Boston, MA",SAM,-71.07052992908113,42.32243702302884
"21 MARSHFIELD STREET, Boston, MA",SAM,-71.06911528020972,42.32275180875644
"4 MARSHFIELD STREET, Boston, MA",SAM,-71.07042142711393,42.32249701031063
"41 MARSHFIELD STREET, Boston, MA",SAM,-71.06863309378325,42.32295630345125
"45 MARSHFIELD STREET, Boston, MA",SAM,-71.06856052233071,42.32298970935936
"54 MARSHFIELD STREET, Boston, MA",SAM,-71.0682489986454,42.323276711076424
"56 MARSHFIELD STREET, Boston, MA",SAM,-71.06822821653716,42.32328689006865
"57 MARSHFIELD STREET, Boston, MA",SAM,-71.06828227743371,42.32312295624468
"6 MARSHFIELD STREET, Boston, MA",SAM,-71.07032727020425,42.32252839594792
"62 MARSHFIELD STREET, Boston, MA",SAM,-71.06816587021255,42.32331742704533
"63 MARSHFIELD STREET, Boston, MA",SAM,-71.06819998028519,42.323163265053914
"8 MARSHFIELD STREET, Boston, MA",SAM,-71.07023000441359,42.32255932454424
"9 MARSHFIELD STREET, Boston, MA",SAM,-71.0699227136474,42.3225287910128
"2 MARSTON STREET, Boston, MA",SAM,-71.12422230184238,42.264353619924826
"55 MARTHA ROAD, Boston, MA",SAM,-71.06535300650721,42.365721605678985
"10 MARTIN STREET, Boston, MA",SAM,-71.1463530990522,42.27862319134098
"15 MARTIN STREET, Boston, MA",SAM,-71.14656956802143,42.2786130157029
"19 MARTIN STREET, Boston, MA",SAM,-71.1466735213654,42.278523912832135
"20 MARTIN STREET, Boston, MA",SAM,-71.14668385969209,42.27833968220675
"24 MARTIN STREET, Boston, MA",SAM,-71.14681616394805,42.27822627855305
"31 MARTIN STREET, Boston, MA",SAM,-71.14703465787774,42.27821496570484
"32 MARTIN STREET, Boston, MA",SAM,-71.14710813565041,42.2779788592388
"33 MARTIN STREET, Boston, MA",SAM,-71.14709799819795,42.27816142027678
"35 MARTIN STREET, Boston, MA",SAM,-71.14716133851816,42.27810787484874
"36 MARTIN STREET, Boston, MA",SAM,-71.14723481629085,42.27787176838269
"4 MARTIN STREET, Boston, MA",SAM,-71.14615092869518,42.27878707055291
"40 MARTIN STREET, Boston, MA",SAM,-71.14735888850203,42.27776470546913
"41 MARTIN STREET, Boston, MA",SAM,-71.14735135947882,42.277947238564565
"44 MARTIN STREET, Boston, MA",SAM,-71.1474823136736,42.27765555395138
"45 MARTIN STREET, Boston, MA",SAM,-71.14747767353957,42.27783823663111
"48 MARTIN STREET, Boston, MA",SAM,-71.14760573884517,42.27754640243363
"49 MARTIN STREET, Boston, MA",SAM,-71.14760109871112,42.27772908511337
"6 MARTIN STREET, Boston, MA",SAM,-71.14622070602607,42.278732799292754
"64 MARTIN STREET, Boston, MA",SAM,-71.14814411533264,42.277063292451665
"65 MARTIN STREET, Boston, MA",SAM,-71.1481322391358,42.27725747350942
"68 MARTIN STREET, Boston, MA",SAM,-71.14827683629635,42.276940780786795
"69 MARTIN STREET, Boston, MA",SAM,-71.14830115672598,42.27710154957231
"72 MARTIN STREET, Boston, MA",SAM,-71.14841181373892,42.27681787894914
"73 MARTIN STREET, Boston, MA",SAM,-71.14847007431618,42.27694562563519
"76 MARTIN STREET, Boston, MA",SAM,-71.14854842951128,42.276697734575905
"77 MARTIN STREET, Boston, MA",SAM,-71.14864209925379,42.27679335204159
"80 MARTIN STREET, Boston, MA",SAM,-71.14868504528366,42.27657759020268
"81 MARTIN STREET, Boston, MA",SAM,-71.14881597387316,42.27664044102114
"88 MARTIN STREET, Boston, MA",SAM,-71.1489582768284,42.276337301456216
"89 MARTIN STREET, Boston, MA",SAM,-71.14917668779547,42.276325355880665
"92 MARTIN STREET, Boston, MA",SAM,-71.14917554975558,42.27615326832199
"93 MARTIN STREET, Boston, MA",SAM,-71.14936054169993,42.27617143167376
"120 MARTIN LUTHER KING JR BOULEVARD, Boston, MA",SAM,-71.09111770510367,42.321329657802906
"129 MARTIN LUTHER KING JR BOULEVARD, Boston, MA",SAM,-71.09096340253177,42.320980647358105
"131 MARTIN LUTHER KING JR BOULEVARD, Boston, MA",SAM,-71.09094597552836,42.320972883667544
"133 MARTIN LUTHER KING JR BOULEVARD, Boston, MA",SAM,-71.09092854852493,42.320965119977
"135 MARTIN LUTHER KING JR BOULEVARD, Boston, MA",SAM,-71.09091112152153,42.32095735628644
"137 MARTIN LUTHER KING JR BOULEVARD, Boston, MA",SAM,-71.09089369451812,42.32094959259589
"139 MARTIN LUTHER KING JR BOULEVARD, Boston, MA",SAM,-71.0908762675147,42.32094182890533
"165 MARTIN LUTHER KING JR BOULEVARD, Boston, MA",SAM,-71.08944677766702,42.32030131411732
"280 MARTIN LUTHER KING JR BOULEVARD, Boston, MA",SAM,-71.08438758213629,42.31875470431892
"300 MARTIN LUTHER KING JR BOULEVARD, Boston, MA",SAM,-71.08400539455165,42.31864276107964
"15 MARTINWOOD ROAD, Boston, MA",SAM,-71.11682514263806,42.300193777952146
"19 MARTINWOOD ROAD, Boston, MA",SAM,-71.1168053038258,42.30015732614506
"20 MARTINWOOD ROAD, Boston, MA",SAM,-71.1166588509075,42.30019492565328
"23 MARTINWOOD ROAD, Boston, MA",SAM,-71.11678454337931,42.30011761049778
"27 MARTINWOOD ROAD, Boston, MA",SAM,-71.11676378293285,42.30007789485051
"30 MARTINWOOD ROAD, Boston, MA",SAM,-71.11660586851808,42.3000935680118
"31 MARTINWOOD ROAD, Boston, MA",SAM,-71.11674302248636,42.30003817920323
"5 MARTINWOOD ROAD, Boston, MA",SAM,-71.11688462539009,42.30029071283174
"6 MARTINWOOD ROAD, Boston, MA",SAM,-71.11674304901878,42.30033726412123
"9 MARTINWOOD ROAD, Boston, MA",SAM,-71.11686083228928,42.30025193887991
"5 MARY ANNA ROAD, Boston, MA",SAM,-71.1226162722995,42.27551904372595
"6 MARY ANNA ROAD, Boston, MA",SAM,-71.12268029234416,42.27562338634396
"15 MARYKNOLL STREET, Boston, MA",SAM,-71.07791176721882,42.276491042361656
"19 MARYKNOLL STREET, Boston, MA",SAM,-71.0780973499122,42.27626448685658
"23 MARYKNOLL STREET, Boston, MA",SAM,-71.07828071837399,42.27603484181585
"24 MARYKNOLL STREET, Boston, MA",SAM,-71.07824034288605,42.275854321748376
"27 MARYKNOLL STREET, Boston, MA",SAM,-71.07846673204935,42.275816291087544
"28 MARYKNOLL STREET, Boston, MA",SAM,-71.07834085765573,42.275749531755594
"3 MARYKNOLL STREET, Boston, MA",SAM,-71.07743702675448,42.27709834137616
"32 MARYKNOLL STREET, Boston, MA",SAM,-71.07834083327235,42.275690833116144
"33 MARYKNOLL STREET, Boston, MA",SAM,-71.07844629712072,42.27557751173819
"36 MARYKNOLL STREET, Boston, MA",SAM,-71.07832605431052,42.2756635488718
"37 MARYKNOLL STREET, Boston, MA",SAM,-71.07840216738101,42.27549544505106
"45 MARYKNOLL STREET, Boston, MA",SAM,-71.07832088263123,42.27532387851475
"49 MARYKNOLL STREET, Boston, MA",SAM,-71.07828007752215,42.27523818776218
"53 MARYKNOLL STREET, Boston, MA",SAM,-71.07821347517158,42.27508926112485
"57 MARYKNOLL STREET, Boston, MA",SAM,-71.0781750368455,42.2749920774036
"7 MARYKNOLL STREET, Boston, MA",SAM,-71.07759575975568,42.276894440439925
"71 MARYKNOLL STREET, Boston, MA",SAM,-71.07804050270408,42.27465193437925
"77 MARYKNOLL STREET, Boston, MA",SAM,-71.07798263388686,42.2745060226851
"81 MARYKNOLL STREET, Boston, MA",SAM,-71.07792309011785,42.27433980039088
"85 MARYKNOLL STREET, Boston, MA",SAM,-71.07788382018916,42.27422369795602
"89 MARYKNOLL STREET, Boston, MA",SAM,-71.07783933112972,42.27410454388872
"10 MARYKNOLL TERRACE, Boston, MA",SAM,-71.07857916328749,42.27580108316345
"2 MARYKNOLL TERRACE, Boston, MA",SAM,-71.07855278280026,42.27576200095059
"5 MARYKNOLL TERRACE, Boston, MA",SAM,-71.0784271523328,42.275832344424664
"6 MARYKNOLL TERRACE, Boston, MA",SAM,-71.07856597304385,42.27578154205703
"9 MARYKNOLL TERRACE, Boston, MA",SAM,-71.07844007338774,42.27585148673302
"1 MARYLAND STREET, Boston, MA",SAM,-71.05508270869971,42.312299439000064
"13 MARYLAND STREET, Boston, MA",SAM,-71.0551666947175,42.31215013052146
"15 MARYLAND STREET, Boston, MA",SAM,-71.05518153283336,42.312121200652435
"16 MARYLAND STREET, Boston, MA",SAM,-71.05503634188948,42.31208096466286
"17 MARYLAND STREET, Boston, MA",SAM,-71.05519314516349,42.312095653526264
"18 MARYLAND STREET, Boston, MA",SAM,-71.05504819614316,42.312054885304875
"19 MARYLAND STREET, Boston, MA",SAM,-71.0552047574936,42.31207010640007
"21 MARYLAND STREET, Boston, MA",SAM,-71.05521636982374,42.312044559273886
"22 MARYLAND STREET, Boston, MA",SAM,-71.0550719046505,42.3120027265889
"23 MARYLAND STREET, Boston, MA",SAM,-71.05522798215387,42.31201901214771
"25 MARYLAND STREET, Boston, MA",SAM,-71.055239594484,42.311993465021516
"26 MARYLAND STREET, Boston, MA",SAM,-71.05509561315783,42.31195056787296
"27 MARYLAND STREET, Boston, MA",SAM,-71.05525120681413,42.31196791789533
"3 MARYLAND STREET, Boston, MA",SAM,-71.05509670636934,42.312274554253634
"4 MARYLAND STREET, Boston, MA",SAM,-71.05495392147147,42.31223002585132
"5 MARYLAND STREET, Boston, MA",SAM,-71.055110704039,42.3122496695072
"6 MARYLAND STREET, Boston, MA",SAM,-71.0549682107592,42.31220462267266
"9 MARYLAND STREET, Boston, MA",SAM,-71.05513869937825,42.312199900014335
"21 MASCOMA STREET, Boston, MA",SAM,-71.0754746662105,42.31178011067836
"5 MASCOMA STREET, Boston, MA",SAM,-71.07493393633415,42.31246830314738
"6 MASCOMA STREET, Boston, MA",SAM,-71.07459650405288,42.31275299585089
"7 MASCOMA STREET, Boston, MA",SAM,-71.07503662026637,42.312297998085185
"1 MASCOT STREET, Boston, MA",SAM,-71.08545839434358,42.28620034606374
"10 MASCOT STREET, Boston, MA",SAM,-71.08492766854155,42.28638105452256
"12 MASCOT STREET, Boston, MA",SAM,-71.08477022035724,42.28632174024526
"14 MASCOT STREET, Boston, MA",SAM,-71.08466107025471,42.286251912626334
"16 MASCOT STREET, Boston, MA",SAM,-71.08459106900982,42.28613149629255
"17 MASCOT STREET, Boston, MA",SAM,-71.08470471555997,42.28593425199044
"18 MASCOT STREET, Boston, MA",SAM,-71.08455737256985,42.28600693226078
"2 MASCOT STREET, Boston, MA",SAM,-71.08550169347258,42.28631036934329
"20 MASCOT STREET, Boston, MA",SAM,-71.08454951271052,42.285936193480126
"21 MASCOT STREET, Boston, MA",SAM,-71.08469101331703,42.28580965725393
"24 MASCOT STREET, Boston, MA",SAM,-71.0845348643645,42.28579265691041
"25 MASCOT STREET, Boston, MA",SAM,-71.08468293967817,42.28568278565276
"29 MASCOT STREET, Boston, MA",SAM,-71.08467486603928,42.28555591405161
"3 MASCOT STREET, Boston, MA",SAM,-71.08530238583413,42.28623394789579
"33 MASCOT STREET, Boston, MA",SAM,-71.08466679240041,42.28542904245045
"34 MASCOT STREET, Boston, MA",SAM,-71.08451230566763,42.2854381627307
"37 MASCOT STREET, Boston, MA",SAM,-71.08465934898638,42.28530360449023
"38 MASCOT STREET, Boston, MA",SAM,-71.08450416176059,42.28529489298049
"4 MASCOT STREET, Boston, MA",SAM,-71.08536797189302,42.28633917091362
"41 MASCOT STREET, Boston, MA",SAM,-71.08465561422767,42.28517662242697
"42 MASCOT STREET, Boston, MA",SAM,-71.08450157849964,42.28514909285804
"44 MASCOT STREET, Boston, MA",SAM,-71.08450600985374,42.28507819124856
"45 MASCOT STREET, Boston, MA",SAM,-71.08466260434108,42.28505363074526
"46 MASCOT STREET, Boston, MA",SAM,-71.08451718136313,42.284995531252974
"49 MASCOT STREET, Boston, MA",SAM,-71.08469692787646,42.28494233025781
"5 MASCOT STREET, Boston, MA",SAM,-71.08514882706797,42.28626339314053
"52 MASCOT STREET, Boston, MA",SAM,-71.0846311267304,42.28478812239799
"53 MASCOT STREET, Boston, MA",SAM,-71.0847689011678,42.28484048778919
"55 MASCOT STREET, Boston, MA",SAM,-71.0847626077904,42.28468485239292
"59 MASCOT STREET, Boston, MA",SAM,-71.08472546218573,42.284619837461285
"6 MASCOT STREET, Boston, MA",SAM,-71.0852299254686,42.28636688817752
"61 MASCOT STREET, Boston, MA",SAM,-71.08471128995306,42.28457691582848
"62 MASCOT STREET, Boston, MA",SAM,-71.0844474436893,42.284260735259615
"63 MASCOT STREET, Boston, MA",SAM,-71.08469711772041,42.28453399419566
"64 MASCOT STREET, Boston, MA",SAM,-71.08440847004947,42.28414270076941
"65 MASCOT STREET, Boston, MA",SAM,-71.08468294548774,42.28449107256287
"66 MASCOT STREET, Boston, MA",SAM,-71.08436949640968,42.28402466627921
"68 MASCOT STREET, Boston, MA",SAM,-71.08433052276985,42.283906631789
"69 MASCOT STREET, Boston, MA",SAM,-71.08465460102242,42.28440522929726
"70 MASCOT STREET, Boston, MA",SAM,-71.08429154913004,42.283788597298795
"80 MASCOT STREET, Boston, MA",SAM,-71.0842203155237,42.28357918349772
"9 MASCOT STREET, Boston, MA",SAM,-71.08490258397312,42.286253022714945
"1 MASON COURT, Boston, MA",SAM,-71.06505023309823,42.37904220737382
"2 MASON COURT, Boston, MA",SAM,-71.06497951230382,42.379144197498945
"3 MASON COURT, Boston, MA",SAM,-71.06504625487308,42.379040702099076
"4 MASON COURT, Boston, MA",SAM,-71.06497545119898,42.37914266086431
"10 MASON STREET, Boston, MA",SAM,-71.12723006061567,42.24796408680055
"12 MASON STREET, Boston, MA",SAM,-71.12721206351037,42.24795561757255
"15 MASON STREET, Boston, MA",SAM,-71.12726169019952,42.24784318485656
"16 MASON STREET, Boston, MA",SAM,-71.12717606929972,42.24793867911654
"18 MASON STREET, Boston, MA",SAM,-71.1271580721944,42.24793020988854
"19 MASON STREET, Boston, MA",SAM,-71.1272264305646,42.24782659208333
"22 MASON STREET, Boston, MA",SAM,-71.12712207798376,42.24791327143254
"24 MASON STREET, Boston, MA",SAM,-71.12710408087845,42.24790480220453
"3 MASON STREET, Boston, MA",SAM,-71.12736746910421,42.247892963176234
"1000 MASSACHUSETTS AVENUE, Boston, MA",SAM,-71.06762804734046,42.32789214793526
"1003 MASSACHUSETTS AVENUE, Boston, MA",SAM,-71.06757797409597,42.32744999278282
"1010 MASSACHUSETTS AVENUE, Boston, MA",SAM,-71.06753857732595,42.32778929920308
"102 MASSACHUSETTS AVENUE, Boston, MA",SAM,-71.0880594665368,42.34808761817324
"1024 MASSACHUSETTS AVENUE, Boston, MA",SAM,-71.06741331930562,42.32764531097801
"1033 MASSACHUSETTS AVENUE, Boston, MA",SAM,-71.06743321234838,42.32728027207366
"1100 MASSACHUSETTS AVENUE, Boston, MA",SAM,-71.0662822350672,42.326306741952
"1165 MASSACHUSETTS AVENUE, Boston, MA",SAM,-71.06487673228713,42.324245703596105
"1170 MASSACHUSETTS AVENUE, Boston, MA",SAM,-71.06447827514555,42.324204040777715
"1176 MASSACHUSETTS AVENUE, Boston, MA",SAM,-71.06437067415608,42.32408401414763
"1180 MASSACHUSETTS AVENUE, Boston, MA",SAM,-71.06430565501216,42.32400344692856
"1190 MASSACHUSETTS AVENUE, Boston, MA",SAM,-71.06414310715235,42.323802028880905
"1228 MASSACHUSETTS AVENUE, Boston, MA",SAM,-71.06312802684988,42.322502826362964
"1230 MASSACHUSETTS AVENUE, Boston, MA",SAM,-71.06308126320239,42.32244731014819
"1246 MASSACHUSETTS AVENUE, Boston, MA",SAM,-71.06270829042242,42.32200191049234
"1252 MASSACHUSETTS AVENUE, Boston, MA",SAM,-71.06257053586654,42.32183420925451
"1269 MASSACHUSETTS AVENUE, Boston, MA",SAM,-71.06429615337362,42.323575046958105
"1273 MASSACHUSETTS AVENUE, Boston, MA",SAM,-71.064271993576,42.323550373116596
"1277 MASSACHUSETTS AVENUE, Boston, MA",SAM,-71.06424783377835,42.323525699275066
"1280 MASSACHUSETTS AVENUE, Boston, MA",SAM,-71.06192119283877,42.32105537944814
"1281 MASSACHUSETTS AVENUE, Boston, MA",SAM,-71.06414560171733,42.32341914041366
"1284 MASSACHUSETTS AVENUE, Boston, MA",SAM,-71.06182752120786,42.32094441456711
"1293 MASSACHUSETTS AVENUE, Boston, MA",SAM,-71.06253244985838,42.32156709464016
"1295 MASSACHUSETTS AVENUE, Boston, MA",SAM,-71.06223332073606,42.32120870928939
"130 MASSACHUSETTS AVENUE, Boston, MA",SAM,-71.09474944957311,42.36001244785856
"136 MASSACHUSETTS AVENUE, Boston, MA",SAM,-71.09482465282278,42.36006634353292
"138 MASSACHUSETTS AVENUE, Boston, MA",SAM,-71.09484972057267,42.36008430875768
"141 MASSACHUSETTS AVENUE, Boston, MA",SAM,-71.08768650541502,42.34696250111653
"147 MASSACHUSETTS AVENUE, Boston, MA",SAM,-71.08759415223506,42.34676357403693
"153 MASSACHUSETTS AVENUE, Boston, MA",SAM,-71.08749545910655,42.346563501399444
"159 MASSACHUSETTS AVENUE, Boston, MA",SAM,-71.08741374517935,42.3464117262158
"175 MASSACHUSETTS AVENUE, Boston, MA",SAM,-71.08712574459224,42.345844726229586
"177 MASSACHUSETTS AVENUE, Boston, MA",SAM,-71.08709806508537,42.34578936720089
"181 MASSACHUSETTS AVENUE, Boston, MA",SAM,-71.08704270607166,42.3456786491435
"182 MASSACHUSETTS AVENUE, Boston, MA",SAM,-71.08697702971995,42.34587787945576
"183 MASSACHUSETTS AVENUE, Boston, MA",SAM,-71.08701502656476,42.345623290114794
"189 MASSACHUSETTS AVENUE, Boston, MA",SAM,-71.08693198804419,42.345457213028695
"204 MASSACHUSETTS AVENUE, Boston, MA",SAM,-71.08694090561777,42.345805631231876
"25 MASSACHUSETTS AVENUE, Boston, MA",SAM,-71.08940934884308,42.350518182328415
"250 MASSACHUSETTS AVENUE, Boston, MA",SAM,-71.08686537340412,42.34565456676373
"30 MASSACHUSETTS AVENUE, Boston, MA",SAM,-71.08925330215058,42.35053718592694
"301 MASSACHUSETTS AVENUE, Boston, MA",SAM,-71.09836602223176,42.36229807483677
"352 MASSACHUSETTS AVENUE, Boston, MA",SAM,-71.08399280850247,42.34221883889723
"392 MASSACHUSETTS AVENUE, Boston, MA",SAM,-71.0832622897565,42.3417745128776
"393 MASSACHUSETTS AVENUE, Boston, MA",SAM,-71.0842546625948,42.342221096033654
"401 MASSACHUSETTS AVENUE, Boston, MA",SAM,-71.10052980410516,42.363593792385124
"403 MASSACHUSETTS AVENUE, Boston, MA",SAM,-71.10053759378545,42.363598328149365
"405 MASSACHUSETTS AVENUE, Boston, MA",SAM,-71.10054538346576,42.36360286391361
"407 MASSACHUSETTS AVENUE, Boston, MA",SAM,-71.10055317314605,42.36360739967787
"410 MASSACHUSETTS AVENUE, Boston, MA",SAM,-71.08277804599271,42.341441584362954
"411 MASSACHUSETTS AVENUE, Boston, MA",SAM,-71.10056875250666,42.36361647120634
"414 MASSACHUSETTS AVENUE, Boston, MA",SAM,-71.082669204007,42.34136902302283
"416 MASSACHUSETTS AVENUE, Boston, MA",SAM,-71.08261478301415,42.34133274235277
"418 MASSACHUSETTS AVENUE, Boston, MA",SAM,-71.0825603620213,42.3412964616827
"419 MASSACHUSETTS AVENUE, Boston, MA",SAM,-71.10059991122787,42.36363461426332
"421 MASSACHUSETTS AVENUE, Boston, MA",SAM,-71.10060770090818,42.363639150027566
"423 MASSACHUSETTS AVENUE, Boston, MA",SAM,-71.1006154905885,42.36364368579182
"425 MASSACHUSETTS AVENUE, Boston, MA",SAM,-71.10062328026879,42.36364822155606
"427 MASSACHUSETTS AVENUE, Boston, MA",SAM,-71.08322382326305,42.34146335836378
"429 MASSACHUSETTS AVENUE, Boston, MA",SAM,-71.08194695045351,42.34058731598058
"457 MASSACHUSETTS AVENUE, Boston, MA",SAM,-71.08134774338865,42.34011228017016
"459 MASSACHUSETTS AVENUE, Boston, MA",SAM,-71.08131112703506,42.34007566380821
"460 MASSACHUSETTS AVENUE, Boston, MA",SAM,-71.0812642229739,42.34035701789869
"462 MASSACHUSETTS AVENUE, Boston, MA",SAM,-71.08120656387416,42.34030297747712
"463 MASSACHUSETTS AVENUE, Boston, MA",SAM,-71.0812378943279,42.34000243108432
"464 MASSACHUSETTS AVENUE, Boston, MA",SAM,-71.08115628462353,42.340252077483385
"465 MASSACHUSETTS AVENUE, Boston, MA",SAM,-71.08120127797432,42.33996581472239
"470 MASSACHUSETTS AVENUE, Boston, MA",SAM,-71.08100544687163,42.34009937750212
"473 MASSACHUSETTS AVENUE, Boston, MA",SAM,-71.08105481255996,42.33981934927463
"476 MASSACHUSETTS AVENUE, Boston, MA",SAM,-71.08085510762048,42.339948266070266
"478 MASSACHUSETTS AVENUE, Boston, MA",SAM,-71.08080305310735,42.339898350772366
"484 MASSACHUSETTS AVENUE, Boston, MA",SAM,-71.08064688956797,42.33974860487867
"487 MASSACHUSETTS AVENUE, Boston, MA",SAM,-71.08077178439831,42.33951837826786
"502 MASSACHUSETTS AVENUE, Boston, MA",SAM,-71.08012837211315,42.33924613352116
"507 MASSACHUSETTS AVENUE, Boston, MA",SAM,-71.08032475867148,42.33908013380325
"514 MASSACHUSETTS AVENUE, Boston, MA",SAM,-71.07999940730467,42.33913418160784
"520 MASSACHUSETTS AVENUE, Boston, MA",SAM,-71.07993184339935,42.339077648531486
"522 MASSACHUSETTS AVENUE, Boston, MA",SAM,-71.07990932209759,42.339058804172716
"523 MASSACHUSETTS AVENUE, Boston, MA",SAM,-71.08015324003293,42.33894077487812
"524 MASSACHUSETTS AVENUE, Boston, MA",SAM,-71.0798868007958,42.339039959813924
"526 MASSACHUSETTS AVENUE, Boston, MA",SAM,-71.07986427949403,42.33902111545515
"529 MASSACHUSETTS AVENUE, Boston, MA",SAM,-71.08008892054349,42.33888851528122
"531 MASSACHUSETTS AVENUE, Boston, MA",SAM,-71.08006748071367,42.338871095415556
"533 MASSACHUSETTS AVENUE, Boston, MA",SAM,-71.08004604088386,42.33885367554993
"534 MASSACHUSETTS AVENUE, Boston, MA",SAM,-71.07977419428695,42.33894573802001
"535 MASSACHUSETTS AVENUE, Boston, MA",SAM,-71.08002460105403,42.33883625568428
"536 MASSACHUSETTS AVENUE, Boston, MA",SAM,-71.07975167298518,42.33892689366123
"537 MASSACHUSETTS AVENUE, Boston, MA",SAM,-71.0800031612242,42.33881883581865
"540 MASSACHUSETTS AVENUE, Boston, MA",SAM,-71.07970663038164,42.33888920494366
"543 MASSACHUSETTS AVENUE, Boston, MA",SAM,-71.07993884173476,42.33876657622173
"544 MASSACHUSETTS AVENUE, Boston, MA",SAM,-71.07846609138065,42.33785361095966
"545 MASSACHUSETTS AVENUE, Boston, MA",SAM,-71.07991740190494,42.33874915635608
"546 MASSACHUSETTS AVENUE, Boston, MA",SAM,-71.07844873383681,42.33783930092031
"547 MASSACHUSETTS AVENUE, Boston, MA",SAM,-71.07868990571421,42.33772832439436
"549 MASSACHUSETTS AVENUE, Boston, MA",SAM,-71.07867031294651,42.33771316502326
"553 MASSACHUSETTS AVENUE, Boston, MA",SAM,-71.0786311274111,42.33768284628102
"555 MASSACHUSETTS AVENUE, Boston, MA",SAM,-71.07861153464339,42.3376676869099
"556 MASSACHUSETTS AVENUE, Boston, MA",SAM,-71.07836194611764,42.33776775072356
"558 MASSACHUSETTS AVENUE, Boston, MA",SAM,-71.07834458857383,42.337753440684196
"559 MASSACHUSETTS AVENUE, Boston, MA",SAM,-71.07857234910799,42.33763736816768
"561 MASSACHUSETTS AVENUE, Boston, MA",SAM,-71.0785527563403,42.33762220879655
"562 MASSACHUSETTS AVENUE, Boston, MA",SAM,-71.07830987348615,42.3377248206055
"563 MASSACHUSETTS AVENUE, Boston, MA",SAM,-71.07853316357259,42.337607049425436
"564 MASSACHUSETTS AVENUE, Boston, MA",SAM,-71.07829251594232,42.337710510566154
"566 MASSACHUSETTS AVENUE, Boston, MA",SAM,-71.0782751583985,42.33769620052679
"567 MASSACHUSETTS AVENUE, Boston, MA",SAM,-71.07849397803717,42.33757673068322
"569 MASSACHUSETTS AVENUE, Boston, MA",SAM,-71.07847438526946,42.33756157131211
"571 MASSACHUSETTS AVENUE, Boston, MA",SAM,-71.07845479250176,42.337546411940984
"572 MASSACHUSETTS AVENUE, Boston, MA",SAM,-71.07822308576701,42.337653270408744
"573 MASSACHUSETTS AVENUE, Boston, MA",SAM,-71.07843519973405,42.33753125256988
"574 MASSACHUSETTS AVENUE, Boston, MA",SAM,-71.07820572822318,42.33763896036939
"577 MASSACHUSETTS AVENUE, Boston, MA",SAM,-71.07839601419863,42.33750093382766
"578 MASSACHUSETTS AVENUE, Boston, MA",SAM,-71.07817101313549,42.337610340290695
"59 MASSACHUSETTS AVENUE, Boston, MA",SAM,-71.0937507507099,42.3593385548585
"604 MASSACHUSETTS AVENUE, Boston, MA",SAM,-71.0778173151873,42.33732123050862
"608 MASSACHUSETTS AVENUE, Boston, MA",SAM,-71.0777407427755,42.3372595832141
"613 MASSACHUSETTS AVENUE, Boston, MA",SAM,-71.07780539993101,42.337028880635174
"616 MASSACHUSETTS AVENUE, Boston, MA",SAM,-71.07758759795193,42.337136288625054
"623 MASSACHUSETTS AVENUE, Boston, MA",SAM,-71.07757939070346,42.33684343712476
"627 MASSACHUSETTS AVENUE, Boston, MA",SAM,-71.07748898701246,42.33676925972062
"652 MASSACHUSETTS AVENUE, Boston, MA",SAM,-71.07644697834408,42.336211071670846
"654 MASSACHUSETTS AVENUE, Boston, MA",SAM,-71.07642582077115,42.336193832163126
"662 MASSACHUSETTS AVENUE, Boston, MA",SAM,-71.07634119047952,42.336124874132224
"663 MASSACHUSETTS AVENUE, Boston, MA",SAM,-71.07646770410548,42.33591189649818
"671 MASSACHUSETTS AVENUE, Boston, MA",SAM,-71.07639771199217,42.33585384282596
"673 MASSACHUSETTS AVENUE, Boston, MA",SAM,-71.07638021396387,42.33583932940787
"675 MASSACHUSETTS AVENUE, Boston, MA",SAM,-71.07636271593552,42.335824815989824
"676 MASSACHUSETTS AVENUE, Boston, MA",SAM,-71.07619308746914,42.33600419757815
"677 MASSACHUSETTS AVENUE, Boston, MA",SAM,-71.07634521790719,42.33581030257175
"679 MASSACHUSETTS AVENUE, Boston, MA",SAM,-71.07632771987886,42.33579578915369
"686 MASSACHUSETTS AVENUE, Boston, MA",SAM,-71.07608729960461,42.33591800003954
"688 MASSACHUSETTS AVENUE, Boston, MA",SAM,-71.07606614203169,42.335900760531814
"692 MASSACHUSETTS AVENUE, Boston, MA",SAM,-71.07602382688587,42.33586628151637
"696 MASSACHUSETTS AVENUE, Boston, MA",SAM,-71.07598151174004,42.33583180250091
"698 MASSACHUSETTS AVENUE, Boston, MA",SAM,-71.07596035416715,42.33581456299319
"699 MASSACHUSETTS AVENUE, Boston, MA",SAM,-71.0761527395956,42.335650654973094
"7 MASSACHUSETTS AVENUE, Boston, MA",SAM,-71.0895084602913,42.350711900210975
"717 MASSACHUSETTS AVENUE, Boston, MA",SAM,-71.07599525734067,42.33552003421054
"82 MASSACHUSETTS AVENUE, Boston, MA",SAM,-71.08832789631181,42.3486537925846
"850 MASSACHUSETTS AVENUE, Boston, MA",SAM,-71.07099807635663,42.33173801373938
"86 MASSACHUSETTS AVENUE, Boston, MA",SAM,-71.08830774636809,42.34861524485598
"870 MASSACHUSETTS AVENUE, Boston, MA",SAM,-71.07079301245203,42.33151413930735
"875 MASSACHUSETTS AVENUE, Boston, MA",SAM,-71.07262528617764,42.332776995961126
"88 MASSACHUSETTS AVENUE, Boston, MA",SAM,-71.08829767139625,42.34859597099165
"895 MASSACHUSETTS AVENUE, Boston, MA",SAM,-71.07127184479589,42.33182545873638
"90 MASSACHUSETTS AVENUE, Boston, MA",SAM,-71.08828759642441,42.34857669712733
"911 MASSACHUSETTS AVENUE, Boston, MA",SAM,-71.07010529771001,42.330544543758904
"927 MASSACHUSETTS AVENUE, Boston, MA",SAM,-71.0694718939617,42.32982052849006
"93 MASSACHUSETTS AVENUE, Boston, MA",SAM,-71.08836857842846,42.348410012136135
"941 MASSACHUSETTS AVENUE, Boston, MA",SAM,-71.06925396945262,42.32955729288274
"953 MASSACHUSETTS AVENUE, Boston, MA",SAM,-71.0691052703063,42.32937414186177
"955 MASSACHUSETTS AVENUE, Boston, MA",SAM,-71.06909146290634,42.32935701369072
"957 MASSACHUSETTS AVENUE, Boston, MA",SAM,-71.06907765550638,42.32933988551962
"959 MASSACHUSETTS AVENUE, Boston, MA",SAM,-71.06906384810641,42.32932275734853
"960 MASSACHUSETTS AVENUE, Boston, MA",SAM,-71.06792671505687,42.32821753425926
"962 MASSACHUSETTS AVENUE, Boston, MA",SAM,-71.06791978523013,42.328210522903525
"980 MASSACHUSETTS AVENUE, Boston, MA",SAM,-71.06785741678945,42.328147420702074
"11 MASSASOIT STREET, Boston, MA",SAM,-71.10166435186214,42.26344714788826
"12 MASSASOIT STREET, Boston, MA",SAM,-71.1015278928518,42.26350149031909
"15 MASSASOIT STREET, Boston, MA",SAM,-71.10160479821646,42.26337245346759
"16 MASSASOIT STREET, Boston, MA",SAM,-71.10146709850517,42.26342523976465
"17 MASSASOIT STREET, Boston, MA",SAM,-71.10157371750466,42.263334243917704
"23 MASSASOIT STREET, Boston, MA",SAM,-71.10148113974215,42.263223656120964
"26 MASSASOIT STREET, Boston, MA",SAM,-71.10131093953416,42.26323792780301
"27 MASSASOIT STREET, Boston, MA",SAM,-71.1014194212338,42.26314993092312
"30 MASSASOIT STREET, Boston, MA",SAM,-71.10124793522354,42.26316266666355
"31 MASSASOIT STREET, Boston, MA",SAM,-71.10135770272545,42.26307620572531
"33 MASSASOIT STREET, Boston, MA",SAM,-71.10132684347127,42.26303934312638
"34 MASSASOIT STREET, Boston, MA",SAM,-71.10118493091291,42.26308740552411
"38 MASSASOIT STREET, Boston, MA",SAM,-71.10112192660232,42.26301214438465
"39 MASSASOIT STREET, Boston, MA",SAM,-71.10123426570877,42.26292875532964
"41 MASSASOIT STREET, Boston, MA",SAM,-71.10120340645459,42.26289189273073
"42 MASSASOIT STREET, Boston, MA",SAM,-71.10105892229171,42.2629368832452
"46 MASSASOIT STREET, Boston, MA",SAM,-71.1009959179811,42.26286162210575
"47 MASSASOIT STREET, Boston, MA",SAM,-71.10111082869204,42.262781304933974
"50 MASSASOIT STREET, Boston, MA",SAM,-71.1009329136705,42.26278636096629
"53 MASSASOIT STREET, Boston, MA",SAM,-71.10101825092951,42.262670717137226
"55 MASSASOIT STREET, Boston, MA",SAM,-71.10098739167533,42.262633854538315
"6 MASSASOIT STREET, Boston, MA",SAM,-71.10161908437179,42.263615866150744
"9 MASSASOIT STREET, Boston, MA",SAM,-71.10169412868498,42.2634844950986
"11 MATCHETT STREET, Boston, MA",SAM,-71.17117599266871,42.35278111329968
"12 MATCHETT STREET, Boston, MA",SAM,-71.17130274527698,42.352847118896555
"15 MATCHETT STREET, Boston, MA",SAM,-71.17099065427826,42.35297549259627
"17 MATCHETT STREET, Boston, MA",SAM,-71.17090118798194,42.353068511838714
"19 MATCHETT STREET, Boston, MA",SAM,-71.17087339720581,42.35309715771699
"20 MATCHETT STREET, Boston, MA",SAM,-71.1709672384277,42.35319709577786
"23 MATCHETT STREET, Boston, MA",SAM,-71.17081781565352,42.353154449473564
"24 MATCHETT STREET, Boston, MA",SAM,-71.17084729928857,42.35332072535785
"26 MATCHETT STREET, Boston, MA",SAM,-71.17078732971902,42.35338254014784
"27 MATCHETT STREET, Boston, MA",SAM,-71.17076223410123,42.353211741230155
"31 MATCHETT STREET, Boston, MA",SAM,-71.17070665254896,42.353269032986724
"32 MATCHETT STREET, Boston, MA",SAM,-71.1706074210103,42.353567984517845
"34 MATCHETT STREET, Boston, MA",SAM,-71.17054745144074,42.35362979930784
"35 MATCHETT STREET, Boston, MA",SAM,-71.17065107099668,42.35332632474332
"38 MATCHETT STREET, Boston, MA",SAM,-71.1704275123016,42.353753428887835
"39 MATCHETT STREET, Boston, MA",SAM,-71.1705954894444,42.35338361649992
"42 MATCHETT STREET, Boston, MA",SAM,-71.17030757316248,42.35387705846783
"43 MATCHETT STREET, Boston, MA",SAM,-71.17053990789213,42.35344090825649
"46 MATCHETT STREET, Boston, MA",SAM,-71.17018763402334,42.35400068804782
"47 MATCHETT STREET, Boston, MA",SAM,-71.17048432633985,42.353498200013064
"51 MATCHETT STREET, Boston, MA",SAM,-71.17042874478756,42.35355549176966
"52 MATCHETT STREET, Boston, MA",SAM,-71.17000772531463,42.35418613241782
"60 MATCHETT STREET, Boston, MA",SAM,-71.16976964013311,42.35440041887588
"7 MATCHETT STREET, Boston, MA",SAM,-71.17136133105915,42.352586734003104
"8 MATCHETT STREET, Boston, MA",SAM,-71.17148808366743,42.35265273959998
"9 MATCHETT STREET, Boston, MA",SAM,-71.17126866186395,42.3526839236514
"20 MATHER COURT, Boston, MA",SAM,-71.06659023102158,42.29355854874143
"1 MATHER STREET, Boston, MA",SAM,-71.06187624381027,42.294650452996514
"10 MATHER STREET, Boston, MA",SAM,-71.06291177079122,42.294669043488035
"11 MATHER STREET, Boston, MA",SAM,-71.06286942888671,42.29478363486202
"16 MATHER STREET, Boston, MA",SAM,-71.06334228291115,42.294603772946566
"18 MATHER STREET, Boston, MA",SAM,-71.06352474289433,42.29457310740504
"19 MATHER STREET, Boston, MA",SAM,-71.0637083525047,42.29465976054811
"22 MATHER STREET, Boston, MA",SAM,-71.06388966286069,42.29451177632203
"23 MATHER STREET, Boston, MA",SAM,-71.06404009792868,42.29460400501811
"24 MATHER STREET, Boston, MA",SAM,-71.06407212284387,42.294481110780545
"25 MATHER STREET, Boston, MA",SAM,-71.06420597064067,42.2945761272531
"26 MATHER STREET, Boston, MA",SAM,-71.06425458282705,42.29445044523904
"27 MATHER STREET, Boston, MA",SAM,-71.06437184335263,42.29454824948811
"28 MATHER STREET, Boston, MA",SAM,-71.06442657402513,42.2944139439846
"29 MATHER STREET, Boston, MA",SAM,-71.0645406340383,42.29450638816803
"3 MATHER STREET, Boston, MA",SAM,-71.06211417003769,42.29467872949281
"32 MATHER STREET, Boston, MA",SAM,-71.06476413193198,42.29430981513711
"33 MATHER STREET, Boston, MA",SAM,-71.06485959877568,42.2944035046799
"35 MATHER STREET, Boston, MA",SAM,-71.0650142171543,42.29434505139875
"36 MATHER STREET, Boston, MA",SAM,-71.06509740706505,42.294186808359214
"37 MATHER STREET, Boston, MA",SAM,-71.06516504370258,42.29428990104078
"38 MATHER STREET, Boston, MA",SAM,-71.06524853084949,42.29414036789014
"39 MATHER STREET, Boston, MA",SAM,-71.06529956120409,42.29424856369706
"41 MATHER STREET, Boston, MA",SAM,-71.06547224055097,42.29419893603478
"42 MATHER STREET, Boston, MA",SAM,-71.06558000575662,42.294041839203594
"43 MATHER STREET, Boston, MA",SAM,-71.06563933460309,42.29414769385798
"44 MATHER STREET, Boston, MA",SAM,-71.06574709980872,42.2939905970268
"47 MATHER STREET, Boston, MA",SAM,-71.06597352270731,42.294045209504354
"48 MATHER STREET, Boston, MA",SAM,-71.06606226057721,42.293897540983856
"49 MATHER STREET, Boston, MA",SAM,-71.06611479868528,42.294005341119785
"5 MATHER STREET, Boston, MA",SAM,-71.06234839971185,42.29470800821379
"50 MATHER STREET, Boston, MA",SAM,-71.06617686144824,42.29386698075151
"51 MATHER STREET, Boston, MA",SAM,-71.06630580013694,42.2939544073992
"52 MATHER STREET, Boston, MA",SAM,-71.06629146231923,42.29383642051915
"53 MATHER STREET, Boston, MA",SAM,-71.06649793544916,42.29390130633743
"55 MATHER STREET, Boston, MA",SAM,-71.06668700708462,42.29384657507395
"56 MATHER STREET, Boston, MA",SAM,-71.06651710891231,42.293772702720965
"57 MATHER STREET, Boston, MA",SAM,-71.06683074163955,42.293805692428506
"59 MATHER STREET, Boston, MA",SAM,-71.0668529835028,42.2937994777902
"60 MATHER STREET, Boston, MA",SAM,-71.0667760001076,42.293698493986206
"7 MATHER STREET, Boston, MA",SAM,-71.06258262938601,42.29473728693477
"8 MATHER STREET, Boston, MA",SAM,-71.06286942889335,42.294669043486685
"9 MATHER STREET, Boston, MA",SAM,-71.06272452721078,42.29476140875934
"6 MATIGNON ROAD, Boston, MA",SAM,-71.05385366420157,42.2908043177668
"11 MATTAKEESET STREET, Boston, MA",SAM,-71.09953366282957,42.2645975757554
"12 MATTAKEESET STREET, Boston, MA",SAM,-71.0994055294545,42.26466204680797
"13 MATTAKEESET STREET, Boston, MA",SAM,-71.09950199298206,42.26456563976744
"16 MATTAKEESET STREET, Boston, MA",SAM,-71.09934087018246,42.26459684416586
"17 MATTAKEESET STREET, Boston, MA",SAM,-71.099438653287,42.26450176779152
"19 MATTAKEESET STREET, Boston, MA",SAM,-71.09940698343948,42.26446983180354
"21 MATTAKEESET STREET, Boston, MA",SAM,-71.09937531359193,42.264437895815576
"22 MATTAKEESET STREET, Boston, MA",SAM,-71.09924388127442,42.264499040202715
"25 MATTAKEESET STREET, Boston, MA",SAM,-71.09931197389687,42.26437402383965
"26 MATTAKEESET STREET, Boston, MA",SAM,-71.09917922200239,42.26443383756063
"29 MATTAKEESET STREET, Boston, MA",SAM,-71.09924863420183,42.26431015186371
"30 MATTAKEESET STREET, Boston, MA",SAM,-71.09911456273036,42.264368634918526
"34 MATTAKEESET STREET, Boston, MA",SAM,-71.0990498373585,42.26430286367672
"36 MATTAKEESET STREET, Boston, MA",SAM,-71.09901788512883,42.26427005938009
"39 MATTAKEESET STREET, Boston, MA",SAM,-71.09909198088448,42.26415016397824
"40 MATTAKEESET STREET, Boston, MA",SAM,-71.09895398066944,42.264204450786835
"43 MATTAKEESET STREET, Boston, MA",SAM,-71.09902938059776,42.26408589433585
"44 MATTAKEESET STREET, Boston, MA",SAM,-71.09889007621004,42.26413884219356
"47 MATTAKEESET STREET, Boston, MA",SAM,-71.098966780311,42.26402162469345
"48 MATTAKEESET STREET, Boston, MA",SAM,-71.09882617175067,42.264073233600286
"51 MATTAKEESET STREET, Boston, MA",SAM,-71.09890418002426,42.263957355051076
"8 MATTAKEESET STREET, Boston, MA",SAM,-71.09947018872654,42.26472724945008
"9 MATTAKEESET STREET, Boston, MA",SAM,-71.09956533267709,42.26462951174339
"100 MATTAPAN STREET, Boston, MA",SAM,-71.09734727685262,42.27920260926714
"101 MATTAPAN STREET, Boston, MA",SAM,-71.09721486180152,42.27926204785348
"104 MATTAPAN STREET, Boston, MA",SAM,-71.09738098508977,42.27924371688306
"105 MATTAPAN STREET, Boston, MA",SAM,-71.09724857003866,42.27930315546944
"109 MATTAPAN STREET, Boston, MA",SAM,-71.0972822782758,42.27934426308534
"112 MATTAPAN STREET, Boston, MA",SAM,-71.09744840156408,42.279325932114915
"113 MATTAPAN STREET, Boston, MA",SAM,-71.09731598651297,42.27938537070128
"117 MATTAPAN STREET, Boston, MA",SAM,-71.09734969475012,42.2794264783172
"121 MATTAPAN STREET, Boston, MA",SAM,-71.09738602350592,42.27946856324256
"133 MATTAPAN STREET, Boston, MA",SAM,-71.09749250481316,42.27958939312271
"137 MATTAPAN STREET, Boston, MA",SAM,-71.09752799858221,42.27962966974943
"17 MATTAPAN STREET, Boston, MA",SAM,-71.09421660247492,42.276956412781075
"21 MATTAPAN STREET, Boston, MA",SAM,-71.09437053521744,42.27706844948113
"24 MATTAPAN STREET, Boston, MA",SAM,-71.09452879838857,42.27702289771678
"25 MATTAPAN STREET, Boston, MA",SAM,-71.09452446795997,42.27718048618118
"29 MATTAPAN STREET, Boston, MA",SAM,-71.0946784007025,42.277292522881226
"32 MATTAPAN STREET, Boston, MA",SAM,-71.09482673272896,42.27723974294268
"37 MATTAPAN STREET, Boston, MA",SAM,-71.09498626618758,42.277516596281316
"38 MATTAPAN STREET, Boston, MA",SAM,-71.09505018348423,42.277402376862106
"40 MATTAPAN STREET, Boston, MA",SAM,-71.09512466706933,42.27745658816858
"41 MATTAPAN STREET, Boston, MA",SAM,-71.09514019893011,42.277628632981376
"45 MATTAPAN STREET, Boston, MA",SAM,-71.09529353388142,42.27774026167932
"46 MATTAPAN STREET, Boston, MA",SAM,-71.09534811782463,42.277619222088006
"48 MATTAPAN STREET, Boston, MA",SAM,-71.09542295139131,42.277674026066315
"53 MATTAPAN STREET, Boston, MA",SAM,-71.09559821109147,42.277966711007736
"55 MATTAPAN STREET, Boston, MA",SAM,-71.09567438039399,42.27802332333984
"56 MATTAPAN STREET, Boston, MA",SAM,-71.09571780030429,42.27789317057768
"58 MATTAPAN STREET, Boston, MA",SAM,-71.09579151253253,42.27794795670551
"59 MATTAPAN STREET, Boston, MA",SAM,-71.095826718999,42.27813654800403
"60 MATTAPAN STREET, Boston, MA",SAM,-71.09586522476076,42.27800274283335
"62 MATTAPAN STREET, Boston, MA",SAM,-71.095938936989,42.2780575289612
"74 MATTAPAN STREET, Boston, MA",SAM,-71.09650321123205,42.278452558834736
"75 MATTAPAN STREET, Boston, MA",SAM,-71.09639251594075,42.27853270440055
"78 MATTAPAN STREET, Boston, MA",SAM,-71.09668408838783,42.27858931964166
"77 MATTAPAN STREET, Boston, MA",SAM,-71.09645280832602,42.27857829133616
"81 MATTAPAN STREET, Boston, MA",SAM,-71.09657339309653,42.27866946520742
"83 MATTAPAN STREET, Boston, MA",SAM,-71.09667718938222,42.278751261412175
"84 MATTAPAN STREET, Boston, MA",SAM,-71.09693823565539,42.278794471798435
"90 MATTAPAN STREET, Boston, MA",SAM,-71.09717351037835,42.279016289868274
"1 MAVERICK SQUARE, Boston, MA",SAM,-71.03976101140432,42.368954958642526
"12 MAVERICK SQUARE, Boston, MA",SAM,-71.03973258923467,42.36923813720575
"13 MAVERICK SQUARE, Boston, MA",SAM,-71.03972862315955,42.368999884273975
"2 MAVERICK SQUARE, Boston, MA",SAM,-71.03989790423414,42.36900882929524
"20 MAVERICK SQUARE, Boston, MA",SAM,-71.03955931044445,42.36947707110579
"25 MAVERICK SQUARE, Boston, MA",SAM,-71.03969623491474,42.36904480990542
"33 MAVERICK SQUARE, Boston, MA",SAM,-71.03967464275155,42.36907476032639
"34 MAVERICK SQUARE, Boston, MA",SAM,-71.03951772982045,42.36953332724618
"36 MAVERICK SQUARE, Boston, MA",SAM,-71.03951178973132,42.36954136383765
"37 MAVERICK SQUARE, Boston, MA",SAM,-71.03966384666995,42.36908973553687
"40 MAVERICK SQUARE, Boston, MA",SAM,-71.03949990955303,42.369557437020624
"41 MAVERICK SQUARE, Boston, MA",SAM,-71.03965305058834,42.36910471074734
"42 MAVERICK SQUARE, Boston, MA",SAM,-71.03949396946389,42.3695654736121
"46 MERIDIAN STREET, Boston, MA",SAM,-71.03908402657737,42.371368619690784
"47 MAVERICK SQUARE, Boston, MA",SAM,-71.03963685646595,42.369127173563065
"49 MAVERICK SQUARE, Boston, MA",SAM,-71.03963145842515,42.36913466116832
"5 MAVERICK SQUARE, Boston, MA",SAM,-71.03975021532275,42.368969933853
"63 MAVERICK SQUARE, Boston, MA",SAM,-71.03959367213955,42.369187074405
"65 MAVERICK SQUARE, Boston, MA",SAM,-71.03958827409876,42.369194562010236
"69 MAVERICK SQUARE, Boston, MA",SAM,-71.03957747801716,42.36920953722072
"73 MAVERICK SQUARE, Boston, MA",SAM,-71.03956668193557,42.36922451243122
"9 MAVERICK SQUARE, Boston, MA",SAM,-71.03973941924113,42.36898490906348
"106 MAVERICK STREET, Boston, MA",SAM,-71.0398610752378,42.37061155206966
"111 MAVERICK STREET, Boston, MA",SAM,-71.03972507512916,42.37041545460979
"115 MAVERICK STREET, Boston, MA",SAM,-71.0395597447288,42.370341384354525
"123 MAVERICK STREET, Boston, MA",SAM,-71.03943097179825,42.370284151927436
"127 MAVERICK STREET, Boston, MA",SAM,-71.03936658533297,42.370255535713895
"144 MAVERICK STREET, Boston, MA",SAM,-71.03826761894253,42.369917385901125
"146 MAVERICK STREET, Boston, MA",SAM,-71.03823972942615,42.36990494597
"147 MAVERICK STREET, Boston, MA",SAM,-71.03862667799525,42.36994368602391
"148 MAVERICK STREET, Boston, MA",SAM,-71.03821183990975,42.3698925060389
"149 MAVERICK STREET, Boston, MA",SAM,-71.03851511992973,42.36989392629948
"151 MAVERICK STREET, Boston, MA",SAM,-71.03840356186417,42.36984416657506
"153 MAVERICK STREET, Boston, MA",SAM,-71.03829200379862,42.369794406850644
"154 MAVERICK STREET, Boston, MA",SAM,-71.03812817136058,42.36985518624558
"156 MAVERICK STREET, Boston, MA",SAM,-71.0381002818442,42.36984274631448
"157 MAVERICK STREET, Boston, MA",SAM,-71.0380688876675,42.36969488740177
"159 MAVERICK STREET, Boston, MA",SAM,-71.03793359705782,42.36963614320907
"167 MAVERICK STREET, Boston, MA",SAM,-71.03774873550343,42.36955803267451
"169 MAVERICK STREET, Boston, MA",SAM,-71.03761611369193,42.36950075274565
"170 MAVERICK STREET, Boston, MA",SAM,-71.03742115655166,42.36954818575265
"171 MAVERICK STREET, Boston, MA",SAM,-71.0375122437593,42.36945490669559
"178 MAVERICK STREET, Boston, MA",SAM,-71.03719033447915,42.369446305641404
"180 MAVERICK STREET, Boston, MA",SAM,-71.03713262896103,42.3694208356136
"183 MAVERICK STREET, Boston, MA",SAM,-71.03691311310801,42.369190251726934
"185 MAVERICK STREET, Boston, MA",SAM,-71.03686242132366,42.36916778604448
"187 MAVERICK STREET, Boston, MA",SAM,-71.0368117295393,42.36914532036202
"189 MAVERICK STREET, Boston, MA",SAM,-71.03676103775496,42.36912285467955
"192 MAVERICK STREET, Boston, MA",SAM,-71.03660159477673,42.36918581889645
"193 MAVERICK STREET, Boston, MA",SAM,-71.03665965418624,42.36907792331463
"196 MAVERICK STREET, Boston, MA",SAM,-71.03641331100626,42.36910237493303
"197 MAVERICK STREET, Boston, MA",SAM,-71.03655827061752,42.36903299194971
"20 MAVERICK STREET, Boston, MA",SAM,-71.04187510396832,42.37148138065641
"200 MAVERICK STREET, Boston, MA",SAM,-71.0362250272358,42.36901893096961
"208 MAVERICK STREET, Boston, MA",SAM,-71.03591493327151,42.368884125158544
"211 MAVERICK STREET, Boston, MA",SAM,-71.03603762534918,42.36880440482154
"213 MAVERICK STREET, Boston, MA",SAM,-71.03590458976322,42.36874687590584
"215 MAVERICK STREET, Boston, MA",SAM,-71.03577155417724,42.36868934699015
"217 MAVERICK STREET, Boston, MA",SAM,-71.03563851859127,42.36863181807447
"219 MAVERICK STREET, Boston, MA",SAM,-71.03550539403855,42.36857379417367
"223 MAVERICK STREET, Boston, MA",SAM,-71.03538808736339,42.36852226059321
"226 MAVERICK STREET, Boston, MA",SAM,-71.03528275100466,42.36860930355919
"228 MAVERICK STREET, Boston, MA",SAM,-71.03521106359206,42.368577810815566
"229 MAVERICK STREET, Boston, MA",SAM,-71.03521212735065,42.36844496022252
"230 MAVERICK STREET, Boston, MA",SAM,-71.03513937617947,42.36854631807197
"231 MAVERICK STREET, Boston, MA",SAM,-71.03515347401307,42.368419193432295
"232 MAVERICK STREET, Boston, MA",SAM,-71.03506768876689,42.36851482532834
"236 MAVERICK STREET, Boston, MA",SAM,-71.03492431394169,42.36845183984113
"238 MAVERICK STREET, Boston, MA",SAM,-71.0348526265291,42.3684203470975
"239 MAVERICK STREET, Boston, MA",SAM,-71.03491886066276,42.36831612627137
"24 MAVERICK STREET, Boston, MA",SAM,-71.04180116337946,42.37144948470855
"242 MAVERICK STREET, Boston, MA",SAM,-71.03464827465348,42.36833208563156
"246 MAVERICK STREET, Boston, MA",SAM,-71.03449304870261,42.368267408136575
"247 MAVERICK STREET, Boston, MA",SAM,-71.03463576230376,42.36819531438332
"248 MAVERICK STREET, Boston, MA",SAM,-71.03441543572715,42.36823506938908
"249 MAVERICK STREET, Boston, MA",SAM,-71.03459141203209,42.36817683509905
"250 MAVERICK STREET, Boston, MA",SAM,-71.03433782275174,42.36820273064157
"252 MAVERICK STREET, Boston, MA",SAM,-71.0342602097763,42.368170391894076
"254 MAVERICK STREET, Boston, MA",SAM,-71.03418259680086,42.36813805314658
"255 MAVERICK STREET, Boston, MA",SAM,-71.03445836121706,42.368121397246185
"260 MAVERICK STREET, Boston, MA",SAM,-71.0338919859288,42.36801630344044
"261 MAVERICK STREET, Boston, MA",SAM,-71.03432531040204,42.36806595939333
"262 MAVERICK STREET, Boston, MA",SAM,-71.03382374682238,42.36798720146166
"265 MAVERICK STREET, Boston, MA",SAM,-71.03423660985867,42.36802900082478
"268 MAVERICK STREET, Boston, MA",SAM,-71.03361902950313,42.367899895525326
"273 MAVERICK STREET, Boston, MA",SAM,-71.03396952199599,42.36791705908031
"276 MAVERICK STREET, Boston, MA",SAM,-71.03327931611658,42.367753359407565
"278 MAVERICK STREET, Boston, MA",SAM,-71.03321202333395,42.36772299558386
"28 MAVERICK STREET, Boston, MA",SAM,-71.04172722279063,42.37141758876068
"280 MAVERICK STREET, Boston, MA",SAM,-71.0331447305513,42.36769263176018
"286 MAVERICK STREET, Boston, MA",SAM,-71.0329428522034,42.36760154028908
"287 MAVERICK STREET, Boston, MA",SAM,-71.03255864162257,42.36729330044734
"296 MAVERICK STREET, Boston, MA",SAM,-71.03254119999613,42.36741999842348
"298 MAVERICK STREET, Boston, MA",SAM,-71.03249756295257,42.3674001050607
"299 MAVERICK STREET, Boston, MA",SAM,-71.0323666386308,42.36720576965113
"30 MAVERICK STREET, Boston, MA",SAM,-71.04169025249618,42.37140164078674
"300 MAVERICK STREET, Boston, MA",SAM,-71.03245392590895,42.36738021169792
"301 MAVERICK STREET, Boston, MA",SAM,-71.03233463813217,42.3671911811851
"304 MAVERICK STREET, Boston, MA",SAM,-71.0323666518218,42.367340424972376
"306 MAVERICK STREET, Boston, MA",SAM,-71.03232301477821,42.3673205316096
"307 MAVERICK STREET, Boston, MA",SAM,-71.03223863663628,42.367147415786995
"317 MAVERICK STREET, Boston, MA",SAM,-71.03189450785536,42.36699662677184
"319 MAVERICK STREET, Boston, MA",SAM,-71.03178195099557,42.36694910275304
"320 MAVERICK STREET, Boston, MA",SAM,-71.02799614486531,42.36544881056926
"321 MAVERICK STREET, Boston, MA",SAM,-71.03166939413575,42.36690157873425
"323 MAVERICK STREET, Boston, MA",SAM,-71.03155683727594,42.36685405471546
"333 MAVERICK STREET, Boston, MA",SAM,-71.0310614949275,42.366646036314584
"335 MAVERICK STREET, Boston, MA",SAM,-71.03099401054374,42.36661791781461
"337 MAVERICK STREET, Boston, MA",SAM,-71.03092652615997,42.36658979931466
"343 MAVERICK STREET, Boston, MA",SAM,-71.03066155586532,42.36647632085205
"345 MAVERICK STREET, Boston, MA",SAM,-71.0306091876084,42.36645198812089
"347 MAVERICK STREET, Boston, MA",SAM,-71.03055681935147,42.36642765538976
"363 MAVERICK STREET, Boston, MA",SAM,-71.03000625449381,42.366180580198794
"367 MAVERICK STREET, Boston, MA",SAM,-71.02986862399968,42.366121015511794
"369 MAVERICK STREET, Boston, MA",SAM,-71.02979980875263,42.36609123316831
"375 MAVERICK STREET, Boston, MA",SAM,-71.02959336301146,42.366001886137845
"379 MAVERICK STREET, Boston, MA",SAM,-71.02945573251735,42.365942321450845
"381 MAVERICK STREET, Boston, MA",SAM,-71.02938691727029,42.36591253910736
"383 MAVERICK STREET, Boston, MA",SAM,-71.02931810202324,42.36588275676386
"389 MAVERICK STREET, Boston, MA",SAM,-71.02911165628207,42.36579340973338
"391 MAVERICK STREET, Boston, MA",SAM,-71.02904284103501,42.365763627389896
"395 MAVERICK STREET, Boston, MA",SAM,-71.02883920649283,42.36567612279996
"40 MAVERICK STREET, Boston, MA",SAM,-71.04156598986302,42.371348708689986
"44 MAVERICK STREET, Boston, MA",SAM,-71.04147424225971,42.37130964330993
"46 MAVERICK STREET, Boston, MA",SAM,-71.04138583006963,42.37127120321818
"48 MAVERICK STREET, Boston, MA",SAM,-71.04129741787958,42.371232763126436
"51 MAVERICK STREET, Boston, MA",SAM,-71.04152344010105,42.37119807139649
"56 MAVERICK STREET, Boston, MA",SAM,-71.04112775025047,42.371159634534266
"60 MAVERICK STREET, Boston, MA",SAM,-71.04110363902745,42.37114930115051
"70 MAVERICK STREET, Boston, MA",SAM,-71.04104336096994,42.37112346769113
"84 MAVERICK STREET, Boston, MA",SAM,-71.04015961467168,42.37074688997818
"88 MAVERICK STREET, Boston, MA",SAM,-71.04010533477461,42.37072228308574
"89 MAVERICK STREET, Boston, MA",SAM,-71.04005678561128,42.37056583006368
"90 MAVERICK STREET, Boston, MA",SAM,-71.04007819482608,42.3707099796395
"91 MAVERICK STREET, Boston, MA",SAM,-71.04002663011289,42.37055215956788
"95 MAVERICK STREET, Boston, MA",SAM,-71.03996631911615,42.37052481857626
"97 MAVERICK STREET, Boston, MA",SAM,-71.03993616361777,42.370511148080446
"10 MAXFIELD STREET, Boston, MA",SAM,-71.15407594396272,42.280754378485966
"11 MAXFIELD STREET, Boston, MA",SAM,-71.15422689181881,42.28080103907983
"14 MAXFIELD STREET, Boston, MA",SAM,-71.15415360891147,42.28068933186655
"15 MAXFIELD STREET, Boston, MA",SAM,-71.15430297176859,42.28073731994245
"19 MAXFIELD STREET, Boston, MA",SAM,-71.15437905171838,42.28067360080507
"23 MAXFIELD STREET, Boston, MA",SAM,-71.15445513166817,42.28060988166769
"24 MAXFIELD STREET, Boston, MA",SAM,-71.15434777128331,42.28052671531802
"27 MAXFIELD STREET, Boston, MA",SAM,-71.15453121161796,42.28054616253028
"28 MAXFIELD STREET, Boston, MA",SAM,-71.15442543623207,42.2804616686986
"31 MAXFIELD STREET, Boston, MA",SAM,-71.15460729156774,42.280482443392906
"32 MAXFIELD STREET, Boston, MA",SAM,-71.15450310118081,42.28039662207918
"36 MAXFIELD STREET, Boston, MA",SAM,-71.15458076612956,42.280331575459755
"39 MAXFIELD STREET, Boston, MA",SAM,-71.15475945146733,42.28035500511814
"43 MAXFIELD STREET, Boston, MA",SAM,-71.1548355314171,42.28029128598073
"44 MAXFIELD STREET, Boston, MA",SAM,-71.15473609602704,42.28020148222093
"47 MAXFIELD STREET, Boston, MA",SAM,-71.15491161136688,42.280227566843365
"48 MAXFIELD STREET, Boston, MA",SAM,-71.1548137609758,42.280136435601506
"51 MAXFIELD STREET, Boston, MA",SAM,-71.1549876913167,42.280163847705964
"52 MAXFIELD STREET, Boston, MA",SAM,-71.15489142592452,42.28007138898209
"55 MAXFIELD STREET, Boston, MA",SAM,-71.15506377126648,42.28010012856858
"100 MAXWELL STREET, Boston, MA",SAM,-71.08029712104654,42.281666027079964
"111 MAXWELL STREET, Boston, MA",SAM,-71.08038787419201,42.2817657496789
"115 MAXWELL STREET, Boston, MA",SAM,-71.08046109680994,42.28174985639785
"119 MAXWELL STREET, Boston, MA",SAM,-71.08053431942783,42.28173396311677
"123 MAXWELL STREET, Boston, MA",SAM,-71.08060754204573,42.28171806983571
"15 MAXWELL STREET, Boston, MA",SAM,-71.07689266225535,42.282465670085024
"18 MAXWELL STREET, Boston, MA",SAM,-71.07708348459357,42.282309328507026
"19 MAXWELL STREET, Boston, MA",SAM,-71.07707466271209,42.28242990345089
"20 MAXWELL STREET, Boston, MA",SAM,-71.07719153768906,42.28228748551636
"27 MAXWELL STREET, Boston, MA",SAM,-71.07743678659965,42.28235669991467
"35 MAXWELL STREET, Boston, MA",SAM,-71.07779891048719,42.28228349637842
"36 MAXWELL STREET, Boston, MA",SAM,-71.07805596245286,42.28211274159117
"38 MAXWELL STREET, Boston, MA",SAM,-71.07816401554835,42.28209089860051
"39 MAXWELL STREET, Boston, MA",SAM,-71.07797997243095,42.28224689461031
"40 MAXWELL STREET, Boston, MA",SAM,-71.07827206864381,42.282069055609874
"44 MAXWELL STREET, Boston, MA",SAM,-71.07848817483477,42.282025369628585
"47 MAXWELL STREET, Boston, MA",SAM,-71.0783420963185,42.282173691074085
"49 MAXWELL STREET, Boston, MA",SAM,-71.0784326272904,42.28215539019003
"53 MAXWELL STREET, Boston, MA",SAM,-71.07861368923416,42.282118788421926
"54 MAXWELL STREET, Boston, MA",SAM,-71.07902844031216,42.28191615467532
"55 MAXWELL STREET, Boston, MA",SAM,-71.07870422020605,42.28210048753785
"56 MAXWELL STREET, Boston, MA",SAM,-71.07913654226911,42.28189431509973
"59 MAXWELL STREET, Boston, MA",SAM,-71.07888528214983,42.28206388576974
"60 MAXWELL STREET, Boston, MA",SAM,-71.07935268247564,42.281850723798954
"62 MAXWELL STREET, Boston, MA",SAM,-71.07946075257892,42.28182892814858
"65 MAXWELL STREET, Boston, MA",SAM,-71.07915683195772,42.28200899571765
"67 MAXWELL STREET, Boston, MA",SAM,-71.07924737717937,42.28199073449705
"71 MAXWELL STREET, Boston, MA",SAM,-71.0794284676227,42.28195421205588
"75 MAXWELL STREET, Boston, MA",SAM,-71.07960955806602,42.2819176896147
"82 MAXWELL STREET, Boston, MA",SAM,-71.07999265214154,42.281725316248895
"84 MAXWELL STREET, Boston, MA",SAM,-71.08002679464673,42.28171878900552
"87 MAXWELL STREET, Boston, MA",SAM,-71.0799429672787,42.28185316997635
"88 MAXWELL STREET, Boston, MA",SAM,-71.08009507965708,42.28170573451876
"9 MAXWELL STREET, Boston, MA",SAM,-71.07662048977603,42.28251898221821
"91 MAXWELL STREET, Boston, MA",SAM,-71.08001684942107,42.2818390454497
"92 MAXWELL STREET, Boston, MA",SAM,-71.08016336466744,42.28169268003201
"99 MAXWELL STREET, Boston, MA",SAM,-71.08016461370578,42.28181079639642
"1 MAY STREET, Boston, MA",SAM,-71.12241641262177,42.3086302524415
"12 MAY STREET, Boston, MA",SAM,-71.12256720047344,42.30901941783038
"15 MAY STREET, Boston, MA",SAM,-71.12247586366402,42.309190489459745
"19 MAY STREET, Boston, MA",SAM,-71.12257338034605,42.309335835387955
"22 MAY STREET, Boston, MA",SAM,-71.12277480473671,42.30935815432754
"26 MAY STREET, Boston, MA",SAM,-71.12289232767861,42.309491199198284
"27 MAY STREET, Boston, MA",SAM,-71.12280577223193,42.309602742441136
"31 MAY STREET, Boston, MA",SAM,-71.12291382325287,42.30973380832214
"34 MAY STREET, Boston, MA",SAM,-71.12311892410794,42.30976374826019
"35 MAY STREET, Boston, MA",SAM,-71.1230222417533,42.30986724650791
"4 MAY STREET, Boston, MA",SAM,-71.12256301801133,42.30871794549345
"41 MAY STREET, Boston, MA",SAM,-71.12318486950397,42.31006740378659
"47 MAY STREET, Boston, MA",SAM,-71.12334749725461,42.310267561065274
"6 MAY STREET, Boston, MA",SAM,-71.12255509383311,42.30879718724041
"63 MAY STREET, Boston, MA",SAM,-71.1238594234323,42.310769010517824
"67 MAY STREET, Boston, MA",SAM,-71.12399830604167,42.31089354640267
"71 MAY STREET, Boston, MA",SAM,-71.1241371360263,42.31100399670266
"75 MAY STREET, Boston, MA",SAM,-71.12426740015754,42.3111262855066
"8 MAY STREET, Boston, MA",SAM,-71.12254716965487,42.3088764289874
"81 MAY STREET, Boston, MA",SAM,-71.1244760483341,42.31130671666354
"83 MAY STREET, Boston, MA",SAM,-71.1245468457802,42.31136431459871
"85 MAY STREET, Boston, MA",SAM,-71.12461764322632,42.3114219125339
"9 MAY STREET, Boston, MA",SAM,-71.12239652037005,42.308949634970034
"10 MAYBROOK STREET, Boston, MA",SAM,-71.08115732332506,42.29885692055313
"11 MAYBROOK STREET, Boston, MA",SAM,-71.0810952686401,42.29875011795632
"15 MAYBROOK STREET, Boston, MA",SAM,-71.08103920588567,42.29876012916196
"3 MAYBROOK STREET, Boston, MA",SAM,-71.081207394149,42.29873009554505
"4 MAYBROOK STREET, Boston, MA",SAM,-71.08124316941779,42.29884159089449
"6 MAYBROOK STREET, Boston, MA",SAM,-71.08121455405355,42.2988467007807
"7 MAYBROOK STREET, Boston, MA",SAM,-71.08115133139455,42.29874010675068
"8 MAYBROOK STREET, Boston, MA",SAM,-71.08118593868932,42.2988518106669
"9 MAYBROOK STREET, Boston, MA",SAM,-71.08112330001732,42.29874511235351
"1 MAYBURY STREET, Boston, MA",SAM,-71.08110276025401,42.31574138128356
"2 MAYBURY STREET, Boston, MA",SAM,-71.08097162360632,42.31568032175304
"4 MAYBURY STREET, Boston, MA",SAM,-71.0809844480512,42.315665261853816
"5 MAYBURY STREET, Boston, MA",SAM,-71.08112788569706,42.315711876174866
"14 MAYFAIR STREET, Boston, MA",SAM,-71.09016602964022,42.32037581662374
"15 MAYFAIR STREET, Boston, MA",SAM,-71.09029582253605,42.320439912499666
"17 MAYFAIR STREET, Boston, MA",SAM,-71.09030956041425,42.320428037384
"19 MAYFAIR STREET, Boston, MA",SAM,-71.09032329829245,42.32041616226835
"20 MAYFAIR STREET, Boston, MA",SAM,-71.0902081018922,42.32033944908202
"21 MAYFAIR STREET, Boston, MA",SAM,-71.09033703617067,42.320404287152684
"22 MAYFAIR STREET, Boston, MA",SAM,-71.09022212597621,42.32032732656811
"24 MAYFAIR STREET, Boston, MA",SAM,-71.0902361500602,42.32031520405421
"10 MAYFIELD STREET, Boston, MA",SAM,-71.05707889241512,42.31628932608173
"11 MAYFIELD STREET, Boston, MA",SAM,-71.05712182581634,42.316413899563
"16 MAYFIELD STREET, Boston, MA",SAM,-71.05730955034619,42.31632762401536
"24 MAYFIELD STREET, Boston, MA",SAM,-71.05761709425428,42.31637868792688
"25 MAYFIELD STREET, Boston, MA",SAM,-71.05766002765552,42.31650326140817
"26 MAYFIELD STREET, Boston, MA",SAM,-71.0576939802313,42.31639145390478
"27 MAYFIELD STREET, Boston, MA",SAM,-71.05773691363252,42.31651602738605
"29 MAYFIELD STREET, Boston, MA",SAM,-71.05781379960956,42.31652879336393
"30 MAYFIELD STREET, Boston, MA",SAM,-71.05784775218537,42.316416985860535
"33 MAYFIELD STREET, Boston, MA",SAM,-71.0579675715636,42.31655432531968
"34 MAYFIELD STREET, Boston, MA",SAM,-71.0580015241394,42.316442517816284
"36 MAYFIELD STREET, Boston, MA",SAM,-71.05807841011642,42.316455283794156
"37 MAYFIELD STREET, Boston, MA",SAM,-71.05812186071054,42.31657970287466
"40 MAYFIELD STREET, Boston, MA",SAM,-71.05823190295379,42.3164801768592
"41 MAYFIELD STREET, Boston, MA",SAM,-71.05827583526084,42.31660455976129
"69 MAYFIELD STREET, Boston, MA",SAM,-71.05942639308559,42.31679132072633
"7 MAYFIELD STREET, Boston, MA",SAM,-71.05696805386228,42.31638836760724
"70 MAYFIELD STREET, Boston, MA",SAM,-71.05946220702036,42.31667983109138
"71 MAYFIELD STREET, Boston, MA",SAM,-71.05952224125893,42.31680815525523
"72 MAYFIELD STREET, Boston, MA",SAM,-71.05956490149177,42.316697868086635
"73 MAYFIELD STREET, Boston, MA",SAM,-71.05961808943223,42.31682498978414
"74 MAYFIELD STREET, Boston, MA",SAM,-71.05966759596316,42.316715905081885
"75 MAYFIELD STREET, Boston, MA",SAM,-71.05971393760554,42.31684182431305
"76 MAYFIELD STREET, Boston, MA",SAM,-71.05977029043457,42.31673394207714
"77 MAYFIELD STREET, Boston, MA",SAM,-71.05980978577885,42.31685865884196
"78 MAYFIELD STREET, Boston, MA",SAM,-71.05987298490598,42.31675197907242
"79 MAYFIELD STREET, Boston, MA",SAM,-71.05990563395217,42.31687549337087
"81 MAYFIELD STREET, Boston, MA",SAM,-71.06000148212547,42.31689232789978
"9 MAYFIELD STREET, Boston, MA",SAM,-71.05704493983932,42.31640113358512
"11 MAYHEW STREET, Boston, MA",SAM,-71.06082333104243,42.32184077215043
"14 MAYHEW STREET, Boston, MA",SAM,-71.06070213383575,42.321929812559674
"18 MAYHEW STREET, Boston, MA",SAM,-71.06057972730741,42.32189634889541
"22 MAYHEW STREET, Boston, MA",SAM,-71.0604532401724,42.32185722245022
"25 MAYHEW STREET, Boston, MA",SAM,-71.06041582745073,42.3217174506433
"27 MAYHEW STREET, Boston, MA",SAM,-71.06035802222507,42.32169727700245
"31 MAYHEW STREET, Boston, MA",SAM,-71.06024241177376,42.321656929720774
"32 MAYHEW STREET, Boston, MA",SAM,-71.06015819266644,42.32175425282511
"33 MAYHEW STREET, Boston, MA",SAM,-71.0601846065481,42.32163675607995
"38 MAYHEW STREET, Boston, MA",SAM,-71.05998116416286,42.321692471050056
"39 MAYHEW STREET, Boston, MA",SAM,-71.06001119087114,42.321576235157444
"4 MAYHEW STREET, Boston, MA",SAM,-71.06100815015661,42.322013471720396
"42 MAYHEW STREET, Boston, MA",SAM,-71.05986314516048,42.32165128320003
"46 MAYHEW STREET, Boston, MA",SAM,-71.05974464589914,42.32160820602505
"6 MAYHEW STREET, Boston, MA",SAM,-71.06094694689244,42.32199673988826
"8 MAYHEW STREET, Boston, MA",SAM,-71.06088574362828,42.32198000805611
"10 MAYNARD STREET, Boston, MA",SAM,-71.1245510799888,42.276444570618416
"11 MAYNARD STREET, Boston, MA",SAM,-71.12457262786562,42.27629858467012
"15 MAYNARD STREET, Boston, MA",SAM,-71.12442294755445,42.27618805149254
"19 MAYNARD STREET, Boston, MA",SAM,-71.12431266915632,42.276070496966874
"2 MAYNARD STREET, Boston, MA",SAM,-71.12490870597361,42.27661115986721
"20 MAYNARD STREET, Boston, MA",SAM,-71.12420385714675,42.27615759642079
"22 MAYNARD STREET, Boston, MA",SAM,-71.12414982347462,42.27609433747281
"26 MAYNARD STREET, Boston, MA",SAM,-71.12405386925786,42.27594605500979
"32 MAYNARD STREET, Boston, MA",SAM,-71.12399477832834,42.27571639129875
"33 MAYNARD STREET, Boston, MA",SAM,-71.12415545103347,42.275588829279855
"34 MAYNARD STREET, Boston, MA",SAM,-71.12399300743927,42.2756294044107
"37 MAYNARD STREET, Boston, MA",SAM,-71.12417923207398,42.275450638251456
"38 MAYNARD STREET, Boston, MA",SAM,-71.12401678821148,42.27548077461846
"4 MAYNARD STREET, Boston, MA",SAM,-71.12482187182773,42.27657279128209
"44 MAYNARD STREET, Boston, MA",SAM,-71.1241257329084,42.275255132289416
"48 MAYNARD STREET, Boston, MA",SAM,-71.12420661174323,42.275118244262316
"6 MAYNARD STREET, Boston, MA",SAM,-71.1247350376819,42.27653442269698
"67 MAYNARD STREET, Boston, MA",SAM,-71.12524535553297,42.274434706475546
"7 MAYNARD STREET, Boston, MA",SAM,-71.12471576824287,42.276392438586136
"72 MAYNARD STREET, Boston, MA",SAM,-71.12525795971763,42.274275365152576
"73 MAYNARD STREET, Boston, MA",SAM,-71.12543464511249,42.27429678699144
"76 MAYNARD STREET, Boston, MA",SAM,-71.12534380749445,42.27417570641362
"79 MAYNARD STREET, Boston, MA",SAM,-71.12555201589639,42.2741195245753
"8 MAYNARD STREET, Boston, MA",SAM,-71.12464820353604,42.27649605411188
"80 MAYNARD STREET, Boston, MA",SAM,-71.12542190809206,42.27405550615175
"83 MAYNARD STREET, Boston, MA",SAM,-71.12562472092523,42.27400921349389
"84 MAYNARD STREET, Boston, MA",SAM,-71.12550067187328,42.27393600248023
"87 MAYNARD STREET, Boston, MA",SAM,-71.12569848926286,42.27390962479315
"88 MAYNARD STREET, Boston, MA",SAM,-71.12559905096289,42.27381476276937
"91 MAYNARD STREET, Boston, MA",SAM,-71.12579327872768,42.27380891098213
"95 MAYNARD STREET, Boston, MA",SAM,-71.12589508782935,42.27372145173596
"96 MAYNARD STREET, Boston, MA",SAM,-71.12583090297916,42.27360296211815
"102 MAYWOOD STREET, Boston, MA",SAM,-71.07981337195835,42.317017562099494
"108 MAYWOOD STREET, Boston, MA",SAM,-71.07972197197854,42.316943236824514
"110 MAYWOOD STREET, Boston, MA",SAM,-71.07969192465549,42.31691962271621
"13 MAYWOOD STREET, Boston, MA",SAM,-71.08107320387427,42.317801659189904
"16 MAYWOOD STREET, Boston, MA",SAM,-71.08136574019468,42.31811673135919
"17 MAYWOOD STREET, Boston, MA",SAM,-71.08091318700673,42.31771449028398
"19 MAYWOOD STREET, Boston, MA",SAM,-71.08089513230402,42.317701184991236
"20 MAYWOOD STREET, Boston, MA",SAM,-71.08127940368243,42.31806684802968
"21 MAYWOOD STREET, Boston, MA",SAM,-71.08086732808093,42.31768005377696
"23 MAYWOOD STREET, Boston, MA",SAM,-71.08083952385783,42.31765892256265
"25 MAYWOOD STREET, Boston, MA",SAM,-71.08081171963471,42.31763779134836
"29 MAYWOOD STREET, Boston, MA",SAM,-71.0807561111885,42.31759552891978
"31 MAYWOOD STREET, Boston, MA",SAM,-71.0807283069654,42.31757439770549
"33 MAYWOOD STREET, Boston, MA",SAM,-71.0807005027423,42.31755326649119
"38 MAYWOOD STREET, Boston, MA",SAM,-71.08081941522748,42.317805811694164
"39 MAYWOOD STREET, Boston, MA",SAM,-71.08061878439521,42.317489700524916
"40 MAYWOOD STREET, Boston, MA",SAM,-71.08077650390229,42.317775354397924
"41 MAYWOOD STREET, Boston, MA",SAM,-71.08059135340613,42.31746830434868
"43 MAYWOOD STREET, Boston, MA",SAM,-71.08056392241711,42.317446908172435
"45 MAYWOOD STREET, Boston, MA",SAM,-71.08053649142805,42.317425511996184
"46 MAYWOOD STREET, Boston, MA",SAM,-71.08068176358654,42.31770335174183
"49 MAYWOOD STREET, Boston, MA",SAM,-71.08048162944998,42.31738271964369
"54 MAYWOOD STREET, Boston, MA",SAM,-71.08055508148846,42.31760657446789
"66 MAYWOOD STREET, Boston, MA",SAM,-71.08036814437791,42.31746076348899
"67 MAYWOOD STREET, Boston, MA",SAM,-71.08023600888163,42.317190913979914
"69 MAYWOOD STREET, Boston, MA",SAM,-71.08020918497452,42.31716910112747
"71 MAYWOOD STREET, Boston, MA",SAM,-71.08018236106739,42.31714728827504
"72 MAYWOOD STREET, Boston, MA",SAM,-71.08027467582266,42.317387857999556
"73 MAYWOOD STREET, Boston, MA",SAM,-71.08015553716028,42.31712547542259
"78 MAYWOOD STREET, Boston, MA",SAM,-71.08018120726739,42.3173149525101
"92 MAYWOOD STREET, Boston, MA",SAM,-71.07996570525802,42.31714143755778
"96 MAYWOOD STREET, Boston, MA",SAM,-71.07990477193815,42.31709188737448
"98 MAYWOOD STREET, Boston, MA",SAM,-71.07987430527821,42.31706711228281
"10 MCBRIDE STREET, Boston, MA",SAM,-71.11458538628024,42.30600620561107
"101 MCBRIDE STREET, Boston, MA",SAM,-71.1132340884875,42.305948135369306
"110 MCBRIDE STREET, Boston, MA",SAM,-71.11126753401112,42.3061915943175
"116 MCBRIDE STREET, Boston, MA",SAM,-71.11124121264805,42.30619269104026
"144 MCBRIDE STREET, Boston, MA",SAM,-71.11111651870294,42.30619693066585
"17 MCBRIDE STREET, Boston, MA",SAM,-71.11458145510473,42.3058914973028
"22 MCBRIDE STREET, Boston, MA",SAM,-71.11418682888184,42.30602736051682
"27 MCBRIDE STREET, Boston, MA",SAM,-71.11442135086742,42.305900646112484
"29 MCBRIDE STREET, Boston, MA",SAM,-71.11438933001995,42.30590247587441
"30 MCBRIDE STREET, Boston, MA",SAM,-71.11392218908065,42.306036983775165
"34 MCBRIDE STREET, Boston, MA",SAM,-71.11378986918007,42.30604179540433
"37 MCBRIDE STREET, Boston, MA",SAM,-71.1142612466301,42.30590979492219
"39 MCBRIDE STREET, Boston, MA",SAM,-71.11423134556837,42.30591101188641
"40 MCBRIDE STREET, Boston, MA",SAM,-71.11359138932917,42.306049012848085
"46 MCBRIDE STREET, Boston, MA",SAM,-71.11339290947828,42.30605623029186
"47 MCBRIDE STREET, Boston, MA",SAM,-71.11410303536172,42.30591567770867
"50 MCBRIDE STREET, Boston, MA",SAM,-71.11326355153288,42.306061261199545
"54 MCBRIDE STREET, Boston, MA",SAM,-71.11313157286106,42.30606977594951
"55 MCBRIDE STREET, Boston, MA",SAM,-71.11397472515509,42.30592034353087
"58 MCBRIDE STREET, Boston, MA",SAM,-71.11299959418926,42.30607829069945
"59 MCBRIDE STREET, Boston, MA",SAM,-71.11391057005177,42.305922676441995
"64 MCBRIDE STREET, Boston, MA",SAM,-71.11280162618154,42.30609106282436
"68 MCBRIDE STREET, Boston, MA",SAM,-71.11266964750972,42.306099577574294
"71 MCBRIDE STREET, Boston, MA",SAM,-71.11371810474182,42.305929675175335
"74 MCBRIDE STREET, Boston, MA",SAM,-71.112471679502,42.30611234969921
"75 MCBRIDE STREET, Boston, MA",SAM,-71.11365394963849,42.30593200808644
"79 MCBRIDE STREET, Boston, MA",SAM,-71.11358979453517,42.305934340997574
"85 MCBRIDE STREET, Boston, MA",SAM,-71.11349356188019,42.30593784036424
"87 MCBRIDE STREET, Boston, MA",SAM,-71.11346148432852,42.3059390068198
"88 MCBRIDE STREET, Boston, MA",SAM,-71.11200975415065,42.306142151324
"92 MCBRIDE STREET, Boston, MA",SAM,-71.11187777547885,42.30615066607395
"95 MCBRIDE STREET, Boston, MA",SAM,-71.11333317412189,42.30594367264201
"96 MCBRIDE STREET, Boston, MA",SAM,-71.11174579680703,42.30615918082388
"1 MCCRAW STREET, Boston, MA",SAM,-71.14525519935407,42.286096437310874
"2 MCCRAW STREET, Boston, MA",SAM,-71.1451004134594,42.286100759438426
"10 MCDONOUGH COURT, Boston, MA",SAM,-71.13450384713946,42.24254891440784
"5 MCDONOUGH COURT, Boston, MA",SAM,-71.13441500781013,42.24264584796106
"7 MCDONOUGH COURT, Boston, MA",SAM,-71.1344295955332,42.24265025180314
"9 MCDONOUGH COURT, Boston, MA",SAM,-71.1344441832563,42.242654655645204
"2 MCKAY PLACE, Boston, MA",SAM,-71.03553777425566,42.368733255919
"9 MCKAY PLACE, Boston, MA",SAM,-71.03540162492358,42.36867359781098
"11 MCKONE STREET, Boston, MA",SAM,-71.04749309866352,42.28944462916527
"15 MCKONE STREET, Boston, MA",SAM,-71.04738581510563,42.289489743278494
"19 MCKONE STREET, Boston, MA",SAM,-71.04727853154775,42.289534857391715
"20 MCKONE STREET, Boston, MA",SAM,-71.04734502513163,42.28963870789498
"22 MCKONE STREET, Boston, MA",SAM,-71.04729026581565,42.28966173489028
"25 MCKONE STREET, Boston, MA",SAM,-71.0471176062109,42.28960252856156
"27 MCKONE STREET, Boston, MA",SAM,-71.04706396443197,42.28962508561818
"28 MCKONE STREET, Boston, MA",SAM,-71.04712598786762,42.28973081587615
"31 MCKONE STREET, Boston, MA",SAM,-71.04695668087408,42.289670199731404
"35 MCKONE STREET, Boston, MA",SAM,-71.04698004256977,42.28982592620675
"36 MCKONE STREET, Boston, MA",SAM,-71.04712545957535,42.28978325651874
"37 MCKONE STREET, Boston, MA",SAM,-71.04701058229226,42.28986558819341
"39 MCKONE STREET, Boston, MA",SAM,-71.04704112201475,42.28990525018008
"5 MCKONE STREET, Boston, MA",SAM,-71.04765402400035,42.28937695799542
"6 MCKONE STREET, Boston, MA",SAM,-71.04772834034368,42.28947751892793
"7 MCKONE STREET, Boston, MA",SAM,-71.0476003822214,42.28939951505204
"8 MCKONE STREET, Boston, MA",SAM,-71.04767358102768,42.28950054592324
"9 MCKONE STREET, Boston, MA",SAM,-71.04754674044247,42.28942207210866
"11 MCLELLAN STREET, Boston, MA",SAM,-71.08534227737064,42.300867513816954
"12 MCLELLAN STREET, Boston, MA",SAM,-71.08528421648238,42.30098872116315
"15 MCLELLAN STREET, Boston, MA",SAM,-71.0851911335335,42.300741948139446
"19 MCLELLAN STREET, Boston, MA",SAM,-71.08503998969636,42.300616382461946
"21 MCLELLAN STREET, Boston, MA",SAM,-71.0849644177778,42.30055359962322
"25 MCLELLAN STREET, Boston, MA",SAM,-71.08481327394065,42.30042803394571
"29 MCLELLAN STREET, Boston, MA",SAM,-71.08466762011943,42.30030114692347
"31 MCLELLAN STREET, Boston, MA",SAM,-71.08462111004692,42.300259629448234
"35 MCLELLAN STREET, Boston, MA",SAM,-71.08452808990187,42.3001765944978
"36 MCLELLAN STREET, Boston, MA",SAM,-71.08447855451669,42.30031198172445
"38 MCLELLAN STREET, Boston, MA",SAM,-71.08442041692605,42.300260084880414
"39 MCLELLAN STREET, Boston, MA",SAM,-71.08443506975682,42.30009355954735
"43 MCLELLAN STREET, Boston, MA",SAM,-71.08434204961179,42.30001052459692
"44 MCLELLAN STREET, Boston, MA",SAM,-71.0842460041541,42.30010439434834
"47 MCLELLAN STREET, Boston, MA",SAM,-71.08424902946675,42.29992748964647
"48 MCLELLAN STREET, Boston, MA",SAM,-71.08412972897278,42.30000060066028
"51 MCLELLAN STREET, Boston, MA",SAM,-71.0841560093217,42.29984445469603
"53 MCLELLAN STREET, Boston, MA",SAM,-71.08410949924917,42.299802937220804
"57 MCLELLAN STREET, Boston, MA",SAM,-71.08401647910412,42.299719902270375
"58 MCLELLAN STREET, Boston, MA",SAM,-71.08379812909973,42.299706588523975
"60 MCLELLAN STREET, Boston, MA",SAM,-71.0836279627897,42.29956144663869
"63 MCLELLAN STREET, Boston, MA",SAM,-71.08378755443363,42.29952265859049
"64 MCLELLAN STREET, Boston, MA",SAM,-71.08328763016966,42.29927116286814
"65 MCLELLAN STREET, Boston, MA",SAM,-71.08372374206735,42.2994682303835
"69 MCLELLAN STREET, Boston, MA",SAM,-71.08359611733484,42.29935937396956
"71 MCLELLAN STREET, Boston, MA",SAM,-71.08353230496859,42.29930494576257
"75 MCLELLAN STREET, Boston, MA",SAM,-71.08340468023606,42.29919608934861
"79 MCLELLAN STREET, Boston, MA",SAM,-71.0832659205235,42.29907513476393
"80 MCLELLAN STREET, Boston, MA",SAM,-71.08299939253486,42.29899962471848
"82 MCLELLAN STREET, Boston, MA",SAM,-71.08298089337401,42.298971875970395
"84 MCLELLAN STREET, Boston, MA",SAM,-71.0829604908844,42.29893691316844
"86 MCLELLAN STREET, Boston, MA",SAM,-71.08294684290779,42.29890766749622
"1 MEAD STREET COURT, Boston, MA",SAM,-71.06847845331191,42.3800781759509
"2 MEAD STREET COURT, Boston, MA",SAM,-71.0683745192155,42.38016324533662
"3 MEAD STREET COURT, Boston, MA",SAM,-71.06848271529837,42.38008101727586
"4 MEAD STREET COURT, Boston, MA",SAM,-71.06837886999334,42.38016614585584
"18 MEAD STREET, Boston, MA",SAM,-71.13199478165677,42.36144880074093
"25 MEAD STREET, Boston, MA",SAM,-71.13182353645496,42.36148525467757
"27 MEAD STREET, Boston, MA",SAM,-71.13181821110224,42.361501714857816
"28 MEAD STREET, Boston, MA",SAM,-71.13196760016896,42.3615328162443
"29 MEAD STREET, Boston, MA",SAM,-71.13181288574954,42.36151817503809
"30 MEAD STREET, Boston, MA",SAM,-71.13196216387142,42.36154961934496
"31 MEAD STREET, Boston, MA",SAM,-71.13180756039684,42.361534635218305
"32 MEAD STREET, Boston, MA",SAM,-71.13195672757385,42.361566422445634
"33 MEAD STREET, Boston, MA",SAM,-71.13180223504412,42.36155109539857
"34 MEAD STREET, Boston, MA",SAM,-71.1319512912763,42.3615832255463
"39 MEAD STREET, Boston, MA",SAM,-71.13178625898598,42.36160047593932
"40 MEAD STREET, Boston, MA",SAM,-71.13193498238361,42.361633634848324
"41 MEAD STREET, Boston, MA",SAM,-71.13178093363327,42.36161693611957
"43 MEAD STREET, Boston, MA",SAM,-71.13177560828058,42.36163339629984
"44 MEAD STREET, Boston, MA",SAM,-71.1319241097885,42.361667241049666
"12 MEAD STREET, Boston, MA",SAM,-71.13201109054944,42.36139839143892
"14 MEAD STREET, Boston, MA",SAM,-71.13200565425188,42.36141519453958
"4 MEAD STREET, Boston, MA",SAM,-71.13203283573966,42.361331179036235
"19 MEAD STREET, Boston, MA",SAM,-71.1318395125131,42.36143587413682
"21 MEAD STREET, Boston, MA",SAM,-71.1318341871604,42.361452334317065
"26 MEAD STREET, Boston, MA",SAM,-71.13197303646653,42.36151601314363
"53 MEAD STREET, Boston, MA",SAM,-71.131748981517,42.361715697201085
"5 MEAD STREET COURT, Boston, MA",SAM,-71.06848697728483,42.380083858600806
"100 MEADOW ROAD, Boston, MA",SAM,-71.12627462490286,42.23557281353365
"10 MEADOWBANK AVENUE, Boston, MA",SAM,-71.08131614781362,42.27091924796414
"11 MEADOWBANK AVENUE, Boston, MA",SAM,-71.08145393930803,42.27061817167294
"14 MEADOWBANK AVENUE, Boston, MA",SAM,-71.08130409800734,42.27073705814279
"15 MEADOWBANK AVENUE, Boston, MA",SAM,-71.08146616973288,42.27037666905348
"18 MEADOWBANK AVENUE, Boston, MA",SAM,-71.0812963359984,42.27055594433138
"19 MEADOWBANK AVENUE, Boston, MA",SAM,-71.08165082629365,42.27021057968198
"2 MEADOWBANK AVENUE, Boston, MA",SAM,-71.08134199811502,42.271281152527045
"23 MEADOWBANK AVENUE, Boston, MA",SAM,-71.08196601408855,42.27011405399636
"26 MEADOWBANK AVENUE, Boston, MA",SAM,-71.08145423286557,42.27016889946044
"3 MEADOWBANK AVENUE, Boston, MA",SAM,-71.08148724211316,42.27114350260771
"30 MEADOWBANK AVENUE, Boston, MA",SAM,-71.08168075780124,42.270076508106996
"31 MEADOWBANK AVENUE, Boston, MA",SAM,-71.08219703606954,42.27005098565074
"34 MEADOWBANK AVENUE, Boston, MA",SAM,-71.08190744557612,42.270007974592666
"35 MEADOWBANK AVENUE, Boston, MA",SAM,-71.08225696694733,42.27003538720309
"38 MEADOWBANK AVENUE, Boston, MA",SAM,-71.08217894901368,42.26993422037925
"39 MEADOWBANK AVENUE, Boston, MA",SAM,-71.08231689782514,42.270019788755455
"42 MEADOWBANK AVENUE, Boston, MA",SAM,-71.08242533151126,42.269870093427826
"46 MEADOWBANK AVENUE, Boston, MA",SAM,-71.08266725329608,42.26980580699499
"50 MEADOWBANK AVENUE, Boston, MA",SAM,-71.0829115605272,42.269731557600494
"54 MEADOWBANK AVENUE, Boston, MA",SAM,-71.08316398938518,42.26966659302167
"6 MEADOWBANK AVENUE, Boston, MA",SAM,-71.08132907296431,42.27110020024559
"7 MEADOWBANK AVENUE, Boston, MA",SAM,-71.08146844189397,42.270880299289225
"10 MEADOWVIEW ROAD, Boston, MA",SAM,-71.12891484962181,42.23398700965677
"15 MEADOWVIEW ROAD, Boston, MA",SAM,-71.12916422372159,42.23379336212049
"16 MEADOWVIEW ROAD, Boston, MA",SAM,-71.12903160036716,42.2337252827129
"17 MEADOWVIEW ROAD, Boston, MA",SAM,-71.12920109237801,42.233710711506625
"2 MEADOWVIEW ROAD, Boston, MA",SAM,-71.12875918196136,42.23433597891529
"21 MEADOWVIEW ROAD, Boston, MA",SAM,-71.12927482969086,42.2335454102789
"22 MEADOWVIEW ROAD, Boston, MA",SAM,-71.12914908875477,42.2334625328615
"25 MEADOWVIEW ROAD, Boston, MA",SAM,-71.12935151251867,42.23338206316133
"26 MEADOWVIEW ROAD, Boston, MA",SAM,-71.1292316120859,42.23328923386598
"29 MEADOWVIEW ROAD, Boston, MA",SAM,-71.12942969251662,42.23321788516558
"30 MEADOWVIEW ROAD, Boston, MA",SAM,-71.12931413541706,42.23311593487047
"33 MEADOWVIEW ROAD, Boston, MA",SAM,-71.12950787251452,42.23305370716982
"34 MEADOWVIEW ROAD, Boston, MA",SAM,-71.12939665874819,42.232942635874956
"37 MEADOWVIEW ROAD, Boston, MA",SAM,-71.12958605251245,42.23288952917409
"38 MEADOWVIEW ROAD, Boston, MA",SAM,-71.12947918207934,42.23276933687945
"42 MEADOWVIEW ROAD, Boston, MA",SAM,-71.12954027812643,42.23264162586672
"45 MEADOWVIEW ROAD, Boston, MA",SAM,-71.12969549241642,42.23266044775004
"46 MEADOWVIEW ROAD, Boston, MA",SAM,-71.12955904860962,42.232602520693355
"49 MEADOWVIEW ROAD, Boston, MA",SAM,-71.12971426289963,42.23262134257668
"5 MEADOWVIEW ROAD, Boston, MA",SAM,-71.12897988043946,42.23420661518977
"50 MEADOWVIEW ROAD, Boston, MA",SAM,-71.12957781909282,42.23256341551998
"53 MEADOWVIEW ROAD, Boston, MA",SAM,-71.1297330333828,42.2325822374033
"54 MEADOWVIEW ROAD, Boston, MA",SAM,-71.12959658957601,42.232524310346605
"6 MEADOWVIEW ROAD, Boston, MA",SAM,-71.12883701579158,42.234161494286035
"9 MEADOWVIEW ROAD, Boston, MA",SAM,-71.1290536177523,42.23404131396205
"1 MECHANIC STREET, Boston, MA",SAM,-71.05522374185949,42.362975209042624
"24 MEDFIELD STREET, Boston, MA",SAM,-71.10570707128853,42.34534194390533
"30 MEDFIELD STREET, Boston, MA",SAM,-71.1059822033785,42.34526773533385
"240 MEDFORD STREET, Boston, MA",SAM,-71.06107445260636,42.380509646397215
"267 MEDFORD STREET, Boston, MA",SAM,-71.06165074819235,42.38087727433382
"285 MEDFORD STREET, Boston, MA",SAM,-71.06168571878388,42.38089012067672
"296 MEDFORD STREET, Boston, MA",SAM,-71.06157345294827,42.38071408832637
"300 MEDFORD STREET, Boston, MA",SAM,-71.06250365700717,42.38109639058275
"320 MEDFORD STREET, Boston, MA",SAM,-71.06325667486722,42.38140875853246
"333 MEDFORD STREET, Boston, MA",SAM,-71.06291498059805,42.381403511891854
"334 MEDFORD STREET, Boston, MA",SAM,-71.06351517213103,42.38151726699533
"344 MEDFORD STREET, Boston, MA",SAM,-71.06361579595385,42.38156039150108
"348 MEDFORD STREET, Boston, MA",SAM,-71.06365604548297,42.38157764130337
"350 MEDFORD STREET, Boston, MA",SAM,-71.06367617024753,42.381586266204515
"352 MEDFORD STREET, Boston, MA",SAM,-71.0636962950121,42.38159489110567
"354 MEDFORD STREET, Boston, MA",SAM,-71.06371527393557,42.38160283126568
"395 MEDFORD STREET, Boston, MA",SAM,-71.06401716955007,42.38185776513273
"41 MEDFORD STREET, Boston, MA",SAM,-71.05606475073836,42.37918533945416
"424 MEDFORD STREET, Boston, MA",SAM,-71.06540013987332,42.38230856487787
"426 MEDFORD STREET, Boston, MA",SAM,-71.06593848029301,42.382541867345886
"428 MEDFORD STREET, Boston, MA",SAM,-71.0660722297145,42.38260038532358
"445 MEDFORD STREET, Boston, MA",SAM,-71.06599289672828,42.3826988598909
"460 MEDFORD STREET, Boston, MA",SAM,-71.06781510243368,42.38333913913618
"465 MEDFORD STREET, Boston, MA",SAM,-71.06653038322389,42.382931293976924
"478 MEDFORD STREET, Boston, MA",SAM,-71.068092974749,42.38345370266638
"480 MEDFORD STREET, Boston, MA",SAM,-71.06812454225623,42.3834659527468
"494 MEDFORD STREET, Boston, MA",SAM,-71.0688036108905,42.383707960064605
"502 MEDFORD STREET, Boston, MA",SAM,-71.06912910487864,42.38372899785417
"504 MEDFORD STREET, Boston, MA",SAM,-71.06919795479938,42.383725276238536
"506 MEDFORD STREET, Boston, MA",SAM,-71.0692668047201,42.38372155462289
"508 MEDFORD STREET, Boston, MA",SAM,-71.06933565464084,42.38371783300724
"510 MEDFORD STREET, Boston, MA",SAM,-71.06940029427525,42.38371363997202
"511 MEDFORD STREET, Boston, MA",SAM,-71.06948831234537,42.383820898896545
"512 MEDFORD STREET, Boston, MA",SAM,-71.06946877886018,42.3837072195435
"514 MEDFORD STREET, Boston, MA",SAM,-71.06953726344513,42.38370079911501
"516 MEDFORD STREET, Boston, MA",SAM,-71.06960574803004,42.3836943786865
"521 MEDFORD STREET, Boston, MA",SAM,-71.06983073527003,42.38378879675402
"523 MEDFORD STREET, Boston, MA",SAM,-71.06989921985493,42.383782376325534
"526 MEDFORD STREET, Boston, MA",SAM,-71.07003246441009,42.38365363383122
"530 MEDFORD STREET, Boston, MA",SAM,-71.07012427456112,42.38364413623108
"545 MEDFORD STREET, Boston, MA",SAM,-71.07049867109266,42.38372112453695
"10 MEDWAY STREET, Boston, MA",SAM,-71.06563775826793,42.27208552622952
"18 MEDWAY STREET, Boston, MA",SAM,-71.06498281606518,42.27178189231413
"24 MEDWAY STREET, Boston, MA",SAM,-71.06477468824511,42.271514016204186
"29 MEDWAY STREET, Boston, MA",SAM,-71.06506751016465,42.27166034687564
"6 MEDWAY STREET, Boston, MA",SAM,-71.06596680924802,42.272238336436175
"8 MEDWAY STREET, Boston, MA",SAM,-71.0658012686451,42.27216025122796
"2 MEEHAN PLACE, Boston, MA",SAM,-71.10642921675883,42.30981833833208
"3 MEEHAN PLACE, Boston, MA",SAM,-71.10642921675883,42.30981833833208
"11 MEEHAN STREET, Boston, MA",SAM,-71.10737587686994,42.306177728669894
"13 MEEHAN STREET, Boston, MA",SAM,-71.10737167099202,42.30615342803023
"14 MEEHAN STREET, Boston, MA",SAM,-71.10610457277214,42.30999158199355
"15 MEEHAN STREET, Boston, MA",SAM,-71.10736746511408,42.306129127390555
"10 MELBA WAY, Boston, MA",SAM,-71.11354594514873,42.26796193667255
"11 MELBA WAY, Boston, MA",SAM,-71.11368779525614,42.26791113670006
"12 MELBA WAY, Boston, MA",SAM,-71.11353744495908,42.26793867298844
"15 MELBA WAY, Boston, MA",SAM,-71.11367114182333,42.26786555886997
"19 MELBA WAY, Boston, MA",SAM,-71.11365448839054,42.2678199810399
"20 MELBA WAY, Boston, MA",SAM,-71.11350344420048,42.26784561825204
"24 MELBA WAY, Boston, MA",SAM,-71.11348644382116,42.26779909088384
"1 MELBOURNE STREET, Boston, MA",SAM,-71.06621728004528,42.2917865421873
"10 MELBOURNE STREET, Boston, MA",SAM,-71.0659205945721,42.2913459852128
"12 MELBOURNE STREET, Boston, MA",SAM,-71.0658872835237,42.29122914026365
"14 MELBOURNE STREET, Boston, MA",SAM,-71.06585397247528,42.291112295314505
"16 MELBOURNE STREET, Boston, MA",SAM,-71.06582066142686,42.29099545036536
"18 MELBOURNE STREET, Boston, MA",SAM,-71.06578735037844,42.29087860541621
"20 MELBOURNE STREET, Boston, MA",SAM,-71.06575403933003,42.290761760467056
"24 MELBOURNE STREET, Boston, MA",SAM,-71.06568741723319,42.290528070568755
"26 MELBOURNE STREET, Boston, MA",SAM,-71.06565410618478,42.29041122561961
"28 MELBOURNE STREET, Boston, MA",SAM,-71.06561323716713,42.29031141261122
"31 MELBOURNE STREET, Boston, MA",SAM,-71.0657462617961,42.29024886969466
"32 MELBOURNE STREET, Boston, MA",SAM,-71.06559161831788,42.29027141772965
"34 MELBOURNE STREET, Boston, MA",SAM,-71.06558080889326,42.290251420288826
"35 MELBOURNE STREET, Boston, MA",SAM,-71.06572464294686,42.29020887481306
"36 MELBOURNE STREET, Boston, MA",SAM,-71.06556999946864,42.29023142284805
"4 MELBOURNE STREET, Boston, MA",SAM,-71.06602979282304,42.29169622945131
"5 MELBOURNE STREET, Boston, MA",SAM,-71.06614968517987,42.291571829014224
"6 MELBOURNE STREET, Boston, MA",SAM,-71.0659931789376,42.29157992648254
"8 MELBOURNE STREET, Boston, MA",SAM,-71.06595656505219,42.29146362351379
"9 MELBOURNE STREET, Boston, MA",SAM,-71.06608209031447,42.291357115841144
"10 MELCHER STREET, Boston, MA",SAM,-71.05025991758073,42.34967163404729
"11 MELCHER STREET, Boston, MA",SAM,-71.05034851805293,42.34957623139487
"19 MELCHER STREET, Boston, MA",SAM,-71.050278511206,42.3495289119414
"29 MELCHER STREET, Boston, MA",SAM,-71.05019100264732,42.349469762624565
"10 MELLEN STREET, Boston, MA",SAM,-71.06757104729384,42.28586880848935
"14 MELLEN STREET, Boston, MA",SAM,-71.06779523312264,42.28587720497065
"15 MELLEN STREET, Boston, MA",SAM,-71.06789949425266,42.28599584805853
"18 MELLEN STREET, Boston, MA",SAM,-71.06801941895145,42.28588560145198
"2 MELLEN STREET, Boston, MA",SAM,-71.06712267563624,42.285852015526714
"21 MELLEN STREET, Boston, MA",SAM,-71.06823577299585,42.2860084427805
"25 MELLEN STREET, Boston, MA",SAM,-71.0684752532039,42.28600396345832
"26 MELLEN STREET, Boston, MA",SAM,-71.06845224719083,42.28589064308304
"29 MELLEN STREET, Boston, MA",SAM,-71.06870083393355,42.285974333959466
"30 MELLEN STREET, Boston, MA",SAM,-71.06866850270136,42.28586226664919
"31 MELLEN STREET, Boston, MA",SAM,-71.0688470241107,42.28595593715209
"39 MELLEN STREET, Boston, MA",SAM,-71.06897281610559,42.285944082411554
"41 MELLEN STREET, Boston, MA",SAM,-71.06900426410431,42.28594111872642
"42 MELLEN STREET, Boston, MA",SAM,-71.06898945536045,42.28582699698437
"46 MELLEN STREET, Boston, MA",SAM,-71.06905425729721,42.285820889996806
"47 MELLEN STREET, Boston, MA",SAM,-71.06909860810046,42.285932227671026
"50 MELLEN STREET, Boston, MA",SAM,-71.06911905923397,42.28581478300927
"51 MELLEN STREET, Boston, MA",SAM,-71.06916150409792,42.285926300300744
"54 MELLEN STREET, Boston, MA",SAM,-71.06918386117073,42.285808676021716
"55 MELLEN STREET, Boston, MA",SAM,-71.06922440009534,42.2859203729305
"6 MELLEN STREET, Boston, MA",SAM,-71.06734686146505,42.285860412008034
"9 MELLEN STREET, Boston, MA",SAM,-71.06756321550945,42.28598325333657
"10 MELROSE STREET, Boston, MA",SAM,-71.06738722660862,42.349499863981414
"11 MELROSE STREET, Boston, MA",SAM,-71.0673970314939,42.34936357521194
"12 MELROSE STREET, Boston, MA",SAM,-71.06747422349513,42.34946295620997
"14 MELROSE STREET, Boston, MA",SAM,-71.06756122038163,42.34942604843851
"15 MELROSE STREET, Boston, MA",SAM,-71.0675710252669,42.34928975966901
"16 MELROSE STREET, Boston, MA",SAM,-71.06764821726813,42.34938914066705
"17 MELROSE STREET, Boston, MA",SAM,-71.06765802215342,42.349252851897575
"18 MELROSE STREET, Boston, MA",SAM,-71.06773521415465,42.349352232895605
"19 MELROSE STREET, Boston, MA",SAM,-71.06774501903993,42.34921594412613
"20 MELROSE STREET, Boston, MA",SAM,-71.06782221104116,42.34931532512415
"22 MELROSE STREET, Boston, MA",SAM,-71.06791093428507,42.34927560028958
"24 MELROSE STREET, Boston, MA",SAM,-71.06799562363213,42.34923586948309
"26 MELROSE STREET, Boston, MA",SAM,-71.06808031297919,42.349196138676575
"28 MELROSE STREET, Boston, MA",SAM,-71.06816500232625,42.34915640787008
"3 MELROSE STREET, Boston, MA",SAM,-71.06704904394786,42.349511206297734
"31 MELROSE STREET, Boston, MA",SAM,-71.0682500513093,42.34898740535293
"33 MELROSE STREET, Boston, MA",SAM,-71.06828027124388,42.34897521989501
"34 MELROSE STREET, Boston, MA",SAM,-71.06835631039581,42.34907509620191
"35 MELROSE STREET, Boston, MA",SAM,-71.06831049117844,42.34896303443709
"36 MELROSE STREET, Boston, MA",SAM,-71.06838741915197,42.349062552348165
"39 MELROSE STREET, Boston, MA",SAM,-71.06837093104755,42.34893866352124
"4 MELROSE STREET, Boston, MA",SAM,-71.06712623594909,42.34961058729577
"40 MELROSE STREET, Boston, MA",SAM,-71.0684496366643,42.34903746464068
"42 MELROSE STREET, Boston, MA",SAM,-71.06848074542047,42.34902492078693
"43 MELROSE STREET, Boston, MA",SAM,-71.06843137091668,42.34891429260541
"46 MELROSE STREET, Boston, MA",SAM,-71.06854296293282,42.34899983307945
"48 MELROSE STREET, Boston, MA",SAM,-71.068574071689,42.3489872892257
"5 MELROSE STREET, Boston, MA",SAM,-71.06713604083437,42.34947429852629
"52 MELROSE STREET, Boston, MA",SAM,-71.06863628920132,42.34896220151824
"54 MELROSE STREET, Boston, MA",SAM,-71.0686673979575,42.3489496576645
"58 MELROSE STREET, Boston, MA",SAM,-71.06872961546982,42.34892456995699
"6 MELROSE STREET, Boston, MA",SAM,-71.0672132328356,42.349573679524326
"60 MELROSE STREET, Boston, MA",SAM,-71.068760724226,42.348912026103264
"7 MELROSE STREET, Boston, MA",SAM,-71.06722303772088,42.34943739075483
"8 MELROSE STREET, Boston, MA",SAM,-71.06730022972211,42.34953677175286
"9 MELROSE STREET, Boston, MA",SAM,-71.0673100346074,42.34940048298338
"12 MELTON ROAD, Boston, MA",SAM,-71.15093565465553,42.34360396998139
"15 MELTON ROAD, Boston, MA",SAM,-71.15076779072088,42.34359951509195
"16 MELTON ROAD, Boston, MA",SAM,-71.15090658066359,42.34365071640095
"17 MELTON ROAD, Boston, MA",SAM,-71.15075355039829,42.34362241129745
"20 MELTON ROAD, Boston, MA",SAM,-71.15087750667163,42.34369746282053
"3 MELTON ROAD, Boston, MA",SAM,-71.15086297394629,42.343461456114234
"7 MELTON ROAD, Boston, MA",SAM,-71.15083041363116,42.34350573814439
"8 MELTON ROAD, Boston, MA",SAM,-71.15096561621128,42.343561840334885
"1 MELVILLE AVENUE, Boston, MA",SAM,-71.07112269054106,42.293459001304335
"10 MELVILLE AVENUE, Boston, MA",SAM,-71.07036849114942,42.29378220414437
"100 MELVILLE AVENUE, Boston, MA",SAM,-71.06409273982581,42.295420818561084
"101 MELVILLE AVENUE, Boston, MA",SAM,-71.06391764546721,42.295346139981824
"103 MELVILLE AVENUE, Boston, MA",SAM,-71.06379571840135,42.29537909324301
"105 MELVILLE AVENUE, Boston, MA",SAM,-71.06367379133552,42.295412046504175
"106 MELVILLE AVENUE, Boston, MA",SAM,-71.06358064614929,42.29555922225803
"110 MELVILLE AVENUE, Boston, MA",SAM,-71.06323925036492,42.29565149138936
"112 MELVILLE AVENUE, Boston, MA",SAM,-71.06309331295301,42.295690670707806
"114 MELVILLE AVENUE, Boston, MA",SAM,-71.06282894126842,42.29576157248891
"115 MELVILLE AVENUE, Boston, MA",SAM,-71.06304077219436,42.29558287080246
"118 MELVILLE AVENUE, Boston, MA",SAM,-71.06241992842699,42.2958786294373
"12 MELVILLE AVENUE, Boston, MA",SAM,-71.06970491444126,42.293951784858365
"120 MELVILLE AVENUE, Boston, MA",SAM,-71.0623962082234,42.295884379789634
"124 MELVILLE AVENUE, Boston, MA",SAM,-71.06234876781625,42.29589588049429
"125 MELVILLE AVENUE, Boston, MA",SAM,-71.06230051914807,42.29578698812368
"126 MELVILLE AVENUE, Boston, MA",SAM,-71.06232504761265,42.29590163084666
"14 MELVILLE AVENUE, Boston, MA",SAM,-71.06956058823398,42.29398993844075
"17 MELVILLE AVENUE, Boston, MA",SAM,-71.06928085147376,42.29394421044285
"18 MELVILLE AVENUE, Boston, MA",SAM,-71.06922149801795,42.294082586041256
"20 MELVILLE AVENUE, Boston, MA",SAM,-71.06905195290994,42.29412890984149
"21 MELVILLE AVENUE, Boston, MA",SAM,-71.06905479132976,42.29400597550985
"24 MELVILLE AVENUE, Boston, MA",SAM,-71.06873570274499,42.29421445771864
"27 MELVILLE AVENUE, Boston, MA",SAM,-71.06868406131419,42.294106420391465
"28 MELVILLE AVENUE, Boston, MA",SAM,-71.06832612513861,42.29432157801578
"29 MELVILLE AVENUE, Boston, MA",SAM,-71.06834274664222,42.294195687305745
"3 MELVILLE AVENUE, Boston, MA",SAM,-71.0704628308793,42.29363594691258
"30 MELVILLE AVENUE, Boston, MA",SAM,-71.06812133633541,42.29437513816435
"31 MELVILLE AVENUE, Boston, MA",SAM,-71.06800143197025,42.29428495422003
"32 MELVILLE AVENUE, Boston, MA",SAM,-71.06791654753223,42.29442869831291
"33 MELVILLE AVENUE, Boston, MA",SAM,-71.06766011729826,42.29437422113429
"36 MELVILLE AVENUE, Boston, MA",SAM,-71.06756402332427,42.29451985118307
"37 MELVILLE AVENUE, Boston, MA",SAM,-71.06715183920474,42.29450100271935
"38 MELVILLE AVENUE, Boston, MA",SAM,-71.06720098147878,42.294609675969085
"4 MELVILLE AVENUE, Boston, MA",SAM,-71.07095553430302,42.293625714240804
"40 MELVILLE AVENUE, Boston, MA",SAM,-71.06683793963332,42.294699500755115
"41 MELVILLE AVENUE, Boston, MA",SAM,-71.06663931319142,42.29463126784309
"43 MELVILLE AVENUE, Boston, MA",SAM,-71.06644449261302,42.2946885680139
"44 MELVILLE AVENUE, Boston, MA",SAM,-71.06630170510661,42.29485357106555
"47 MELVILLE AVENUE, Boston, MA",SAM,-71.0661059959431,42.29478075464587
"5 MELVILLE AVENUE, Boston, MA",SAM,-71.07031790446736,42.29367389429357
"50 MELVILLE AVENUE, Boston, MA",SAM,-71.06610958354754,42.294901001163836
"51 MELVILLE AVENUE, Boston, MA",SAM,-71.06593780483341,42.29482346984823
"55 MELVILLE AVENUE, Boston, MA",SAM,-71.06576961372373,42.29486618505059
"56 MELVILLE AVENUE, Boston, MA",SAM,-71.06603950391849,42.294918799164826
"59 MELVILLE AVENUE, Boston, MA",SAM,-71.06553874787238,42.2949251320697
"6 MELVILLE AVENUE, Boston, MA",SAM,-71.07073558108243,42.2936846961102
"63 MELVILLE AVENUE, Boston, MA",SAM,-71.06539640687961,42.29496189280656
"67 MELVILLE AVENUE, Boston, MA",SAM,-71.06525406588685,42.294998653543416
"73 MELVILLE AVENUE, Boston, MA",SAM,-71.06504055439768,42.29505379464867
"77 MELVILLE AVENUE, Boston, MA",SAM,-71.06489821340492,42.295090555385535
"81 MELVILLE AVENUE, Boston, MA",SAM,-71.06475587241215,42.29512731612238
"84 MELVILLE AVENUE, Boston, MA",SAM,-71.06558981367523,42.29503331924491
"85 MELVILLE AVENUE, Boston, MA",SAM,-71.06461353141938,42.29516407685922
"91 MELVILLE AVENUE, Boston, MA",SAM,-71.06440001993022,42.2952192179645
"92 MELVILLE AVENUE, Boston, MA",SAM,-71.06481710542876,42.29523287753066
"94 MELVILLE AVENUE, Boston, MA",SAM,-71.06462392836715,42.2952827671021
"95 MELVILLE AVENUE, Boston, MA",SAM,-71.06425767893742,42.29525597870138
"98 MELVILLE AVENUE, Boston, MA",SAM,-71.0642375742439,42.29538254624497
"99 MELVILLE AVENUE, Boston, MA",SAM,-71.06403957253305,42.29531318672063
"10 MELVILLE LANE, Boston, MA",SAM,-71.07125913928448,42.29339008260193
"14 MELVILLE LANE, Boston, MA",SAM,-71.07125245393978,42.29337438657071
"18 MELVILLE LANE, Boston, MA",SAM,-71.07124576859508,42.293358690539506
"7 MELVILLE LANE, Boston, MA",SAM,-71.07097413163686,42.29310226832837
"3 MENDELL WAY, Boston, MA",SAM,-71.1013797997119,42.316148550301904
"5 MENDELL WAY, Boston, MA",SAM,-71.10138811049707,42.316144394909124
"7 MENDELL WAY, Boston, MA",SAM,-71.10139642128226,42.31614023951633
"11 MENDELSSOHN STREET, Boston, MA",SAM,-71.1378824462808,42.27789712139281
"12 MENDELSSOHN STREET, Boston, MA",SAM,-71.13798819931834,42.277813327535036
"15 MENDELSSOHN STREET, Boston, MA",SAM,-71.13795143077374,42.27794191652816
"16 MENDELSSOHN STREET, Boston, MA",SAM,-71.13805862098823,42.27785905590236
"2 MENDELSSOHN STREET, Boston, MA",SAM,-71.13783325446084,42.277710082339766
"21 MENDELSSOHN STREET, Boston, MA",SAM,-71.13805490751314,42.27800910923117
"24 MENDELSSOHN STREET, Boston, MA",SAM,-71.13819946432798,42.27795051263704
"28 MENDELSSOHN STREET, Boston, MA",SAM,-71.13826988599786,42.277996241004374
"29 MENDELSSOHN STREET, Boston, MA",SAM,-71.13819287649903,42.278098699501875
"3 MENDELSSOHN STREET, Boston, MA",SAM,-71.13774447729492,42.27780753112212
"30 MENDELSSOHN STREET, Boston, MA",SAM,-71.13830509683281,42.278019105188044
"31 MENDELSSOHN STREET, Boston, MA",SAM,-71.1382273687455,42.27812109706954
"34 MENDELSSOHN STREET, Boston, MA",SAM,-71.13837551850268,42.278064833555376
"35 MENDELSSOHN STREET, Boston, MA",SAM,-71.13829635323845,42.278165892204896
"37 MENDELSSOHN STREET, Boston, MA",SAM,-71.13833084548493,42.27818828977257
"38 MENDELSSOHN STREET, Boston, MA",SAM,-71.13844594017255,42.27811056192271
"42 MENDELSSOHN STREET, Boston, MA",SAM,-71.13851636184245,42.27815629029005
"45 MENDELSSOHN STREET, Boston, MA",SAM,-71.13846881447081,42.27827788004326
"46 MENDELSSOHN STREET, Boston, MA",SAM,-71.13858678351231,42.278202018657375
"6 MENDELSSOHN STREET, Boston, MA",SAM,-71.13788256681353,42.277744734984026
"8 MENDELSSOHN STREET, Boston, MA",SAM,-71.13791777764847,42.27776759916771
"15 MENDUM STREET, Boston, MA",SAM,-71.12832066485956,42.29131972302646
"18 MENDUM STREET, Boston, MA",SAM,-71.12848481401485,42.2912783168801
"19 MENDUM STREET, Boston, MA",SAM,-71.12841609679597,42.291388974535636
"2 MENDUM STREET, Boston, MA",SAM,-71.12808986735745,42.2909976597935
"21 MENDUM STREET, Boston, MA",SAM,-71.12846381276417,42.291423600290216
"22 MENDUM STREET, Boston, MA",SAM,-71.12858223411662,42.29134901112906
"25 MENDUM STREET, Boston, MA",SAM,-71.12855924470057,42.291492851799404
"26 MENDUM STREET, Boston, MA",SAM,-71.12867965421835,42.291419705378026
"27 MENDUM STREET, Boston, MA",SAM,-71.12860696066876,42.29152747755399
"29 MENDUM STREET, Boston, MA",SAM,-71.12865467663697,42.291562103308586
"30 MENDUM STREET, Boston, MA",SAM,-71.12877707432008,42.29149039962697
"33 MENDUM STREET, Boston, MA",SAM,-71.12875010857339,42.291631354817774
"34 MENDUM STREET, Boston, MA",SAM,-71.12887449442182,42.29156109387593
"38 MENDUM STREET, Boston, MA",SAM,-71.12897191452359,42.291631788124896
"39 MENDUM STREET, Boston, MA",SAM,-71.12889325647797,42.29173523208154
"4 MENDUM STREET, Boston, MA",SAM,-71.1281396867937,42.2910321501802
"42 MENDUM STREET, Boston, MA",SAM,-71.12906933462533,42.29170248237385
"43 MENDUM STREET, Boston, MA",SAM,-71.12898868841437,42.29180448359071
"44 MENDUM STREET, Boston, MA",SAM,-71.12911804467619,42.29173782949832
"46 MENDUM STREET, Boston, MA",SAM,-71.12916675472707,42.2917731766228
"47 MENDUM STREET, Boston, MA",SAM,-71.12908412035078,42.29187373509992
"5 MENDUM STREET, Boston, MA",SAM,-71.12808162186329,42.29114889895488
"50 MENDUM STREET, Boston, MA",SAM,-71.1292641748288,42.29184387087175
"51 MENDUM STREET, Boston, MA",SAM,-71.12918129142777,42.29194410966787
"54 MENDUM STREET, Boston, MA",SAM,-71.12936211139025,42.291911690516294
"55 MENDUM STREET, Boston, MA",SAM,-71.12927947013806,42.292011228219415
"6 MENDUM STREET, Boston, MA",SAM,-71.12818950623,42.29106664056689
"8 MENDUM STREET, Boston, MA",SAM,-71.12823932566627,42.29110113095356
"9 MENDUM STREET, Boston, MA",SAM,-71.12817751695498,42.29121584576269
"1 MENLO STREET, Boston, MA",SAM,-71.15037358283763,42.351078441637924
"10 MENLO STREET, Boston, MA",SAM,-71.15027780473012,42.350943335090385
"11 MENLO STREET, Boston, MA",SAM,-71.15043349549539,42.35096340933393
"3 MENLO STREET, Boston, MA",SAM,-71.15038556536919,42.35105543517713
"4 MENLO STREET, Boston, MA",SAM,-71.15024110822725,42.35101379237659
"5 MENLO STREET, Boston, MA",SAM,-71.15039754790074,42.35103242871632
"6 MENLO STREET, Boston, MA",SAM,-71.15025334039487,42.35099030661453
"8 MENLO STREET, Boston, MA",SAM,-71.15026557256249,42.35096682085245
"9 MENLO STREET, Boston, MA",SAM,-71.15042151296383,42.350986415794715
"15 MENTON STREET, Boston, MA",SAM,-71.0776467121885,42.27311605125433
"2 MENTON STREET, Boston, MA",SAM,-71.07743311816117,42.27304552722522
"5 MENTON STREET, Boston, MA",SAM,-71.07752724960514,42.273143776358644
"8 MENTON STREET, Boston, MA",SAM,-71.07750628899348,42.27302854559883
"9 MENTON STREET, Boston, MA",SAM,-71.07757503463847,42.27313268631692
"15 MERCER STREET, Boston, MA",SAM,-71.10597479901787,42.26553075186929
"20 MERCER STREET, Boston, MA",SAM,-71.10608106965776,42.2656166150615
"21 MERCER STREET, Boston, MA",SAM,-71.10595161546897,42.265553273032175
"5 MERCER STREET, Boston, MA",SAM,-71.106013438266,42.26549321659785
"9 MERCER STREET, Boston, MA",SAM,-71.10599798256676,42.265508230706416
"11 MERCER STREET, Boston, MA",SAM,-71.10599025471714,42.26551573776071
"12 MERCER STREET, Boston, MA",SAM,-71.10611262504378,42.26558596125647
"13 MERCER STREET, Boston, MA",SAM,-71.1059825268675,42.26552324481501
"14 MERCER STREET, Boston, MA",SAM,-71.10610473619727,42.265593624707726
"2 MERCER STREET, Boston, MA",SAM,-71.10615206927626,42.26554764400021
"22 MERCER STREET, Boston, MA",SAM,-71.10607318081128,42.26562427851273
"24 MERCER STREET, Boston, MA",SAM,-71.1060652919648,42.265631941963996
"26 MERCER STREET, Boston, MA",SAM,-71.1060574031183,42.26563960541525
"27 MERCER STREET, Boston, MA",SAM,-71.10592843192009,42.26557579419504
"29 MERCER STREET, Boston, MA",SAM,-71.10592070407046,42.26558330124933
"30 MERCER STREET, Boston, MA",SAM,-71.1060416254253,42.265654932317766
"31 MERCER STREET, Boston, MA",SAM,-71.10591297622082,42.26559080830362
"32 MERCER STREET, Boston, MA",SAM,-71.1060337365788,42.26566259576902
"33 MERCER STREET, Boston, MA",SAM,-71.1059052483712,42.26559831535792
"34 MERCER STREET, Boston, MA",SAM,-71.10602584773231,42.265670259220286
"37 MERCER STREET, Boston, MA",SAM,-71.10588979267193,42.26561332946649
"39 MERCER STREET, Boston, MA",SAM,-71.1058820648223,42.2656208365208
"4 MERCER STREET, Boston, MA",SAM,-71.10614418042977,42.265555307451436
"40 MERCER STREET, Boston, MA",SAM,-71.1060021811928,42.26569324957404
"41 MERCER STREET, Boston, MA",SAM,-71.10587433697266,42.26562834357509
"42 MERCER STREET, Boston, MA",SAM,-71.10599429234631,42.265700913025285
"43 MERCER STREET, Boston, MA",SAM,-71.10586660912304,42.26563585062938
"44 MERCER STREET, Boston, MA",SAM,-71.10598640349981,42.265708576476555
"45 MERCER STREET, Boston, MA",SAM,-71.10585888127342,42.26564335768366
"47 MERCER STREET, Boston, MA",SAM,-71.10585115342379,42.26565086473794
"52 MERCER STREET, Boston, MA",SAM,-71.10595484811383,42.26573923028158
"10 MERCHANTS ROW, Boston, MA",SAM,-71.05579943894556,42.36070381413904
"21 MERCHANTS ROW, Boston, MA",SAM,-71.05558770249615,42.359288714590335
"7 MERCHANTS ROW, Boston, MA",SAM,-71.05556240403732,42.359200169953404
"1 MERCIER AVENUE, Boston, MA",SAM,-71.06512558147166,42.28308946474581
"10 MERCIER AVENUE, Boston, MA",SAM,-71.06553668975744,42.282902187581364
"12 MERCIER AVENUE, Boston, MA",SAM,-71.06563357209372,42.282876338481934
"15 MERCIER AVENUE, Boston, MA",SAM,-71.06585876275538,42.282931710501565
"16 MERCIER AVENUE, Boston, MA",SAM,-71.06583738062584,42.28281430979727
"19 MERCIER AVENUE, Boston, MA",SAM,-71.06605184452269,42.28287294648452
"20 MERCIER AVENUE, Boston, MA",SAM,-71.066041189158,42.28275228111261
"23 MERCIER AVENUE, Boston, MA",SAM,-71.06624492628997,42.28281418246748
"24 MERCIER AVENUE, Boston, MA",SAM,-71.06624499769013,42.28269025242796
"27 MERCIER AVENUE, Boston, MA",SAM,-71.06643800805726,42.28275541845045
"28 MERCIER AVENUE, Boston, MA",SAM,-71.06644880622228,42.282628223743316
"31 MERCIER AVENUE, Boston, MA",SAM,-71.06663108982455,42.28269665443341
"32 MERCIER AVENUE, Boston, MA",SAM,-71.06665261475442,42.28256619505867
"35 MERCIER AVENUE, Boston, MA",SAM,-71.06682417159185,42.28263789041635
"39 MERCIER AVENUE, Boston, MA",SAM,-71.06701725335915,42.28257912639932
"40 MERCIER AVENUE, Boston, MA",SAM,-71.06710254611733,42.28242986257863
"43 MERCIER AVENUE, Boston, MA",SAM,-71.06724610328871,42.28251079182356
"44 MERCIER AVENUE, Boston, MA",SAM,-71.06731760263068,42.28236620584985
"47 MERCIER AVENUE, Boston, MA",SAM,-71.06741814849937,42.28245986644054
"5 MERCIER AVENUE, Boston, MA",SAM,-71.06536057442244,42.28306221770197
"51 MERCIER AVENUE, Boston, MA",SAM,-71.06759019371005,42.28240894105753
"52 MERCIER AVENUE, Boston, MA",SAM,-71.06774771565738,42.28223889239231
"55 MERCIER AVENUE, Boston, MA",SAM,-71.06776223892075,42.282358015674504
"59 MERCIER AVENUE, Boston, MA",SAM,-71.06793428413141,42.2823070902915
"60 MERCIER AVENUE, Boston, MA",SAM,-71.06817210210589,42.282112076295654
"61 MERCIER AVENUE, Boston, MA",SAM,-71.06802030673676,42.28228162759999
"65 MERCIER AVENUE, Boston, MA",SAM,-71.06819235194743,42.282230702216985
"66 MERCIER AVENUE, Boston, MA",SAM,-71.06850990225135,42.28197707724819
"69 MERCIER AVENUE, Boston, MA",SAM,-71.06836475166548,42.282170287877506
"73 MERCIER AVENUE, Boston, MA",SAM,-71.06858134446674,42.28207875034214
"9 MERCIER AVENUE, Boston, MA",SAM,-71.06556010792595,42.28301675437275
"1 MEREDITH STREET, Boston, MA",SAM,-71.15015596530726,42.284241123470686
"11 MEREDITH STREET, Boston, MA",SAM,-71.15031503951401,42.28434165839197
"12 MEREDITH STREET, Boston, MA",SAM,-71.150418960438,42.28425662456652
"14 MEREDITH STREET, Boston, MA",SAM,-71.15045143808855,42.284277150446286
"16 MEREDITH STREET, Boston, MA",SAM,-71.15048391573909,42.28429767632605
"17 MEREDITH STREET, Boston, MA",SAM,-71.15041048403805,42.28440197934476
"18 MEREDITH STREET, Boston, MA",SAM,-71.15051639338965,42.28431820220582
"20 MEREDITH STREET, Boston, MA",SAM,-71.15054887104017,42.28433872808559
"21 MEREDITH STREET, Boston, MA",SAM,-71.15047411372076,42.28444219331327
"24 MEREDITH STREET, Boston, MA",SAM,-71.15061382634126,42.2843797798451
"28 MEREDITH STREET, Boston, MA",SAM,-71.15067878164237,42.284420831604635
"29 MEREDITH STREET, Boston, MA",SAM,-71.15060137308618,42.28452262125029
"30 MEREDITH STREET, Boston, MA",SAM,-71.1507112592929,42.284441357484404
"7 MEREDITH STREET, Boston, MA",SAM,-71.15025140983131,42.28430144442346
"8 MEREDITH STREET, Boston, MA",SAM,-71.15035400513692,42.28421557280699
"1 MERIDIAN STREET, Boston, MA",SAM,-71.038894796329,42.37020501297489
"10 MERIDIAN STREET, Boston, MA",SAM,-71.03905452301795,42.370342302614254
"100 MERIDIAN STREET, Boston, MA",SAM,,
"102 MERIDIAN STREET, Boston, MA",SAM,-71.03910872647829,42.372424901919985
"104 MERIDIAN STREET, Boston, MA",SAM,-71.03911093564643,42.37248013121196
"108 MERIDIAN STREET, Boston, MA",SAM,-71.0391262766616,42.37297425278036
"11 MERIDIAN STREET, Boston, MA",SAM,-71.03890198148511,42.37042056806323
"120 MERIDIAN STREET, Boston, MA",SAM,-71.03913998112444,42.373464289266416
"121 MERIDIAN STREET, Boston, MA",SAM,-71.03897941274839,42.37323398749983
"124 MERIDIAN STREET, Boston, MA",SAM,-71.03914052213617,42.37349747144222
"128 MERIDIAN STREET, Boston, MA",SAM,-71.03914106314791,42.37353065361801
"13 MERIDIAN STREET, Boston, MA",SAM,-71.03890341851633,42.370463679080906
"132 MERIDIAN STREET, Boston, MA",SAM,-71.03914160415964,42.37356383579379
"136 MERIDIAN STREET, Boston, MA",SAM,-71.0391421451714,42.37359701796957
"137 MERIDIAN STREET, Boston, MA",SAM,-71.03898827286329,42.37367369614854
"140 MERIDIAN STREET, Boston, MA",SAM,-71.03914268618311,42.37363020014538
"143 MERIDIAN STREET, Boston, MA",SAM,-71.03899095711384,42.37383833078996
"146 MERIDIAN STREET, Boston, MA",SAM,-71.03914349770072,42.37367997340905
"147 MERIDIAN STREET, Boston, MA",SAM,-71.03899274661418,42.37394808721756
"151 MERIDIAN STREET, Boston, MA",SAM,-71.03899453611454,42.37405784364516
"154 MERIDIAN STREET, Boston, MA",SAM,-71.0391445797242,42.373746337760615
"155 MERIDIAN STREET, Boston, MA",SAM,-71.0389978036828,42.374227667236845
"17 MERIDIAN STREET, Boston, MA",SAM,-71.03890629257876,42.37054990111625
"18 MERIDIAN STREET, Boston, MA",SAM,-71.03905919336943,42.37048241342169
"2 MERIDIAN STREET, Boston, MA",SAM,-71.03904985266648,42.37020219180684
"228 MERIDIAN STREET, Boston, MA",SAM,-71.03921668974967,42.37588941643611
"23 MERIDIAN STREET, Boston, MA",SAM,-71.03891060367243,42.37067923416924
"234 MERIDIAN STREET, Boston, MA",SAM,-71.03921803775377,42.37594513408003
"240 MERIDIAN STREET, Boston, MA",SAM,-71.03921938575786,42.376000851723944
"241 MERIDIAN STREET, Boston, MA",SAM,-71.03906454998145,42.376013512338616
"244 MERIDIAN STREET, Boston, MA",SAM,-71.03922028442726,42.376037996819896
"247 MERIDIAN STREET, Boston, MA",SAM,-71.03906593649995,42.376070821915214
"251 MERIDIAN STREET, Boston, MA",SAM,-71.0390668608456,42.37610902829961
"255 MERIDIAN STREET, Boston, MA",SAM,-71.03906778519129,42.376147234684005
"259 MERIDIAN STREET, Boston, MA",SAM,-71.03906870953693,42.37618544106841
"263 MERIDIAN STREET, Boston, MA",SAM,-71.0390696338826,42.37622364745282
"269 MERIDIAN STREET, Boston, MA",SAM,-71.0390710204011,42.37628095702941
"272 MERIDIAN STREET, Boston, MA",SAM,-71.03922657511303,42.3762980124915
"280 MERIDIAN STREET, Boston, MA",SAM,-71.0392340656813,42.37656036906855
"284 MERIDIAN STREET, Boston, MA",SAM,-71.03923700265393,42.376659051555855
"285 MERIDIAN STREET, Boston, MA",SAM,-71.03908221514234,42.37667143860998
"287 MERIDIAN STREET, Boston, MA",SAM,-71.03908348783048,42.376714201021144
"288 MERIDIAN STREET, Boston, MA",SAM,-71.03923993962658,42.376757734043125
"290 MERIDIAN STREET, Boston, MA",SAM,-71.03924140811291,42.376807075286784
"294 MERIDIAN STREET, Boston, MA",SAM,-71.03924434508558,42.376905757774075
"295 MERIDIAN STREET, Boston, MA",SAM,-71.03908857858308,42.376885250665765
"298 MERIDIAN STREET, Boston, MA",SAM,-71.03924728205823,42.37700444026136
"299 MERIDIAN STREET, Boston, MA",SAM,-71.03909112395938,42.37697077548808
"3 MERIDIAN STREET, Boston, MA",SAM,-71.03889623336022,42.37024812399256
"304 MERIDIAN STREET, Boston, MA",SAM,-71.03925301538497,42.377217237834664
"309 MERIDIAN STREET, Boston, MA",SAM,-71.03909951791405,42.377285615758915
"311 MERIDIAN STREET, Boston, MA",SAM,-71.03910090329198,42.37734310908923
"312 MERIDIAN STREET, Boston, MA",SAM,-71.03925770435639,42.37741183064495
"313 MERIDIAN STREET, Boston, MA",SAM,-71.0391022886699,42.37740060241955
"315 MERIDIAN STREET, Boston, MA",SAM,-71.03910367404784,42.377458095749866
"316 MERIDIAN STREET, Boston, MA",SAM,-71.03926004884212,42.377509127050075
"317 MERIDIAN STREET, Boston, MA",SAM,-71.03910505942575,42.37751558908018
"319 MERIDIAN STREET, Boston, MA",SAM,-71.03910644480368,42.37757308241049
"321 MERIDIAN STREET, Boston, MA",SAM,-71.0391078301816,42.3776305757408
"326 MERIDIAN STREET, Boston, MA",SAM,-71.0392659100564,42.377752368062964
"328 MERIDIAN STREET, Boston, MA",SAM,-71.03926708229926,42.37780101626553
"329 MERIDIAN STREET, Boston, MA",SAM,-71.0391146972052,42.377917594005936
"330 MERIDIAN STREET, Boston, MA",SAM,-71.03926979671853,42.37791562568613
"333 MERIDIAN STREET, Boston, MA",SAM,-71.03911705650269,42.37801904406502
"334 MERIDIAN STREET, Boston, MA",SAM,-71.03927286380527,42.37804751076292
"335 MERIDIAN STREET, Boston, MA",SAM,-71.03911823615145,42.37806976909455
"336 MERIDIAN STREET, Boston, MA",SAM,-71.03927439734863,42.37811345330132
"338 MERIDIAN STREET, Boston, MA",SAM,-71.03927593089199,42.37817939583971
"339 MERIDIAN STREET, Boston, MA",SAM,-71.03912059544892,42.37817121915364
"342 MERIDIAN STREET, Boston, MA",SAM,-71.03927899797874,42.37831128091651
"343 MERIDIAN STREET, Boston, MA",SAM,-71.0391229547464,42.3782726692127
"344 MERIDIAN STREET, Boston, MA",SAM,-71.03928053152208,42.378377223454905
"347 MERIDIAN STREET, Boston, MA",SAM,-71.03912531404389,42.37837411927179
"349 MERIDIAN STREET, Boston, MA",SAM,-71.03912649369265,42.378424844301314
"357 MERIDIAN STREET, Boston, MA",SAM,-71.03913312581932,42.37869189882929
"360 MERIDIAN STREET, Boston, MA",SAM,-71.03929322584685,42.37885314374658
"362 MERIDIAN STREET, Boston, MA",SAM,-71.03929447968787,42.37889410263622
"364 MERIDIAN STREET, Boston, MA",SAM,-71.03929573352887,42.378935061525866
"366 MERIDIAN STREET, Boston, MA",SAM,-71.03929698736987,42.3789760204155
"368 MERIDIAN STREET, Boston, MA",SAM,-71.03929824121089,42.379016979305135
"371 MERIDIAN STREET, Boston, MA",SAM,-71.03914726169923,42.37922887929263
"372 MERIDIAN STREET, Boston, MA",SAM,-71.03930037645137,42.37909953602284
"379 MERIDIAN STREET, Boston, MA",SAM,-71.0391537215781,42.379553632033165
"383 MERIDIAN STREET, Boston, MA",SAM,-71.03915676858752,42.379686685132455
"387 MERIDIAN STREET, Boston, MA",SAM,-71.0391598155969,42.37981973823175
"388 MERIDIAN STREET, Boston, MA",SAM,-71.03930926078543,42.379570701387436
"389 MERIDIAN STREET, Boston, MA",SAM,-71.0391613391016,42.37988626478138
"390 MERIDIAN STREET, Boston, MA",SAM,-71.03931100193367,42.37964673172987
"391 MERIDIAN STREET, Boston, MA",SAM,-71.03916286260632,42.379952791331036
"393 MERIDIAN STREET, Boston, MA",SAM,-71.039164386111,42.38001931788068
"394 MERIDIAN STREET, Boston, MA",SAM,-71.03931448423013,42.37979879241476
"395 MERIDIAN STREET, Boston, MA",SAM,-71.0391659096157,42.380085844430326
"396 MERIDIAN STREET, Boston, MA",SAM,-71.03931622537836,42.37987482275723
"398 MERIDIAN STREET, Boston, MA",SAM,-71.03931796652658,42.379950853099686
"401 MERIDIAN STREET, Boston, MA",SAM,-71.03917048012978,42.38028542407925
"402 MERIDIAN STREET, Boston, MA",SAM,-71.03932144882303,42.380102913784576
"403 MERIDIAN STREET, Boston, MA",SAM,-71.03917200363449,42.3803519506289
"404 MERIDIAN STREET, Boston, MA",SAM,-71.03932318997127,42.38017894412701
"406 MERIDIAN STREET, Boston, MA",SAM,-71.03932493111948,42.38025497446947
"408 MERIDIAN STREET, Boston, MA",SAM,-71.0393266722677,42.38033100481193
"414 MERIDIAN STREET, Boston, MA",SAM,-71.0393326883653,42.38059771033188
"416 MERIDIAN STREET, Boston, MA",SAM,-71.0393359694484,42.38075192167918
"417 MERIDIAN STREET, Boston, MA",SAM,-71.03919159719366,42.381144161962396
"418 MERIDIAN STREET, Boston, MA",SAM,-71.0393392505315,42.380906133026485
"419 MERIDIAN STREET, Boston, MA",SAM,-71.03919265318626,42.381174433804134
"421 MERIDIAN STREET, Boston, MA",SAM,-71.03919370917882,42.38120470564586
"422 MERIDIAN STREET, Boston, MA",SAM,-71.03934482780043,42.381088234447304
"423 MERIDIAN STREET, Boston, MA",SAM,-71.0391947651714,42.381234977487594
"424 MERIDIAN STREET, Boston, MA",SAM,-71.03934720378372,42.38115634609121
"425 MERIDIAN STREET, Boston, MA",SAM,-71.03919582116399,42.38126524932933
"426 MERIDIAN STREET, Boston, MA",SAM,-71.03934957976702,42.38122445773511
"428 MERIDIAN STREET, Boston, MA",SAM,-71.0393519557503,42.381292569379035
"430 MERIDIAN STREET, Boston, MA",SAM,-71.0393556225741,42.381407378043804
"432 MERIDIAN STREET, Boston, MA",SAM,-71.03935855842153,42.38150866499652
"434 MERIDIAN STREET, Boston, MA",SAM,-71.03936149426895,42.38160995194925
"436 MERIDIAN STREET, Boston, MA",SAM,-71.03936443011636,42.38171123890196
"437 MERIDIAN STREET, Boston, MA",SAM,-71.03920705119903,42.381634913093755
"438 MERIDIAN STREET, Boston, MA",SAM,-71.03936736596378,42.381812525854684
"440 MERIDIAN STREET, Boston, MA",SAM,-71.03937030181119,42.38191381280742
"441 MERIDIAN STREET, Boston, MA",SAM,-71.03921031325171,42.381747454152325
"443 MERIDIAN STREET, Boston, MA",SAM,-71.03921194427807,42.38180372468162
"447 MERIDIAN STREET, Boston, MA",SAM,-71.03921520633074,42.3819162657402
"45 MERIDIAN STREET, Boston, MA",SAM,-71.03892773701638,42.3713208802919
"452 MERIDIAN STREET, Boston, MA",SAM,-71.03938107961592,42.38222633597505
"453 MERIDIAN STREET, Boston, MA",SAM,-71.0392230115404,42.38214565266203
"454 MERIDIAN STREET, Boston, MA",SAM,-71.03938249568034,42.38226598584885
"455 MERIDIAN STREET, Boston, MA",SAM,-71.0392250569668,42.382202924701964
"456 MERIDIAN STREET, Boston, MA",SAM,-71.03938391174478,42.38230563572266
"458 MERIDIAN STREET, Boston, MA",SAM,-71.0393853278092,42.382345285596486
"459 MERIDIAN STREET, Boston, MA",SAM,-71.03922914781958,42.382317468781885
"460 MERIDIAN STREET, Boston, MA",SAM,-71.0393867438736,42.38238493547031
"462 MERIDIAN STREET, Boston, MA",SAM,-71.03938815993804,42.38242458534412
"463 MERIDIAN STREET, Boston, MA",SAM,-71.03923323867237,42.3824320128618
"464 MERIDIAN STREET, Boston, MA",SAM,-71.03938957600245,42.38246423521794
"465 MERIDIAN STREET, Boston, MA",SAM,-71.03923528409875,42.382489284901766
"468 MERIDIAN STREET, Boston, MA",SAM,-71.03939240813132,42.38254353496558
"469 MERIDIAN STREET, Boston, MA",SAM,-71.0392389144889,42.382659295886114
"473 MERIDIAN STREET, Boston, MA",SAM,-71.03923843023243,42.382723217260214
"475 MERIDIAN STREET, Boston, MA",SAM,-71.03923818810419,42.38275517794726
"477 MERIDIAN STREET, Boston, MA",SAM,-71.03923794597597,42.38278713863432
"479 NAY STREET, Boston, MA",SAM,,
"5 MERIDIAN STREET, Boston, MA",SAM,-71.03889767039145,42.37029123501022
"52 MERIDIAN STREET, Boston, MA",SAM,-71.03908593487242,42.371447241645754
"59 MERIDIAN STREET, Boston, MA",SAM,-71.03893233812776,42.371510446561096
"6 MERIDIAN PLACE, Boston, MA",SAM,-71.03905218784223,42.37027224721054
"7 MERIDIAN STREET, Boston, MA",SAM,-71.03889910742267,42.37033434602791
"71 MERIDIAN STREET, Boston, MA",SAM,-71.03893628193755,42.37167293193469
"75 MERIDIAN STREET, Boston, MA",SAM,-71.0389375965408,42.3717270937259
"79 MERIDIAN STREET, Boston, MA",SAM,-71.03893891114407,42.3717812555171
"9 MERIDIAN STREET, Boston, MA",SAM,-71.03890054445388,42.37037745704557
"10 MERLIN STREET, Boston, MA",SAM,-71.0749953811332,42.29519922463163
"11 MERLIN STREET, Boston, MA",SAM,-71.07484853157582,42.29524259011576
"12 MERLIN STREET, Boston, MA",SAM,-71.0750016327038,42.29522488898392
"13 MERLIN STREET, Boston, MA",SAM,-71.07485465556334,42.29526773070577
"14 MERLIN STREET, Boston, MA",SAM,-71.07500788427443,42.29525055333623
"15 MERLIN STREET, Boston, MA",SAM,-71.07486077955087,42.295292871295764
"4 MERLIN STREET, Boston, MA",SAM,-71.07497662642142,42.295122231574716
"5 MERLIN STREET, Boston, MA",SAM,-71.07483015961323,42.29516716834571
"6 MERLIN STREET, Boston, MA",SAM,-71.07498287799201,42.29514789592704
"7 MERLIN STREET, Boston, MA",SAM,-71.07483628360076,42.29519230893573
"8 MERLIN STREET, Boston, MA",SAM,-71.07498912956261,42.29517356027933
"9 MERLIN STREET, Boston, MA",SAM,-71.07484240758829,42.29521744952574
"10 MEROLA PARK, Boston, MA",SAM,-71.08992584511739,42.272860460254186
"14 MEROLA PARK, Boston, MA",SAM,-71.08995748394865,42.272825792171574
"15 MEROLA PARK, Boston, MA",SAM,-71.09009938463782,42.272875064111076
"18 MEROLA PARK, Boston, MA",SAM,-71.0899891227799,42.27279112408895
"19 MEROLA PARK, Boston, MA",SAM,-71.09013037777865,42.27284110354036
"2 MEROLA PARK, Boston, MA",SAM,-71.08986256745489,42.27292979641941
"22 MEROLA PARK, Boston, MA",SAM,-71.09002076161116,42.27275645600634
"23 MEROLA PARK, Boston, MA",SAM,-71.09016137091945,42.27280714296963
"26 MEROLA PARK, Boston, MA",SAM,-71.09005240044239,42.27272178792373
"6 MEROLA PARK, Boston, MA",SAM,-71.08989420628615,42.2728951283368
"9 MEROLA PARK, Boston, MA",SAM,-71.0900528949266,42.27292600496717
"16 MERRIAM STREET, Boston, MA",SAM,-71.1039378929753,42.31382786440926
"24 MERRIAM STREET, Boston, MA",SAM,-71.10396840649655,42.31378641207702
"32 MERRIAM STREET, Boston, MA",SAM,-71.10399892001779,42.313744959744774
"14 MERRILL STREET, Boston, MA",SAM,-71.08010156167421,42.30332205405899
"18 MERRILL STREET, Boston, MA",SAM,-71.08012996539988,42.303345064677366
"19 MERRILL STREET, Boston, MA",SAM,-71.08002713265569,42.30343171728524
"23 MERRILL STREET, Boston, MA",SAM,-71.0800549567135,42.30345425829915
"26 MERRILL STREET, Boston, MA",SAM,-71.08018677285123,42.3033910859141
"101 MERRIMAC STREET, Boston, MA",SAM,-71.06194069921206,42.36366326028295
"135 MERRIMAC STREET, Boston, MA",SAM,-71.06249727678161,42.36381189261671
"12 MESHAKA STREET, Boston, MA",SAM,-71.16050871439951,42.258139731214854
"16 MESHAKA STREET, Boston, MA",SAM,-71.16046872225411,42.25810545222538
"20 MESHAKA STREET, Boston, MA",SAM,-71.16042873010869,42.25807117323589
"28 MESHAKA STREET, Boston, MA",SAM,-71.16034874581786,42.258002615256935
"32 MESHAKA STREET, Boston, MA",SAM,-71.16030875367247,42.25796833626745
"36 MESHAKA STREET, Boston, MA",SAM,-71.16026876152705,42.257934057277986
"5 MESHAKA STREET, Boston, MA",SAM,-71.16030052166575,42.25778836232143
"6 MESHAKA STREET, Boston, MA",SAM,-71.16056870261762,42.25819114969906
"9 MESHAKA STREET, Boston, MA",SAM,-71.16034262314001,42.25782203062275
"15 MESSINGER STREET, Boston, MA",SAM,-71.0980794657456,42.2726969362985
"171 MESSINGER STREET, Boston, MA",SAM,-71.10255626845083,42.2752415653082
"19 MESSINGER STREET, Boston, MA",SAM,-71.09819519790658,42.272767134510346
"2 MESSINGER STREET, Boston, MA",SAM,-71.09689958043495,42.271856415591074
"25 MESSINGER STREET, Boston, MA",SAM,-71.09843565214226,42.27290953041336
"29 MESSINGER STREET, Boston, MA",SAM,-71.09865123316123,42.27302856290489
"30 MESSINGER STREET, Boston, MA",SAM,-71.0989953602247,42.27307559340534
"33 MESSINGER STREET, Boston, MA",SAM,-71.09886681418024,42.27314759539644
"34 MESSINGER STREET, Boston, MA",SAM,-71.09915105762728,42.2731615613159
"37 MESSINGER STREET, Boston, MA",SAM,-71.09908239519922,42.27326662788797
"38 MESSINGER STREET, Boston, MA",SAM,-71.09930743491968,42.27324728685337
"41 MESSINGER STREET, Boston, MA",SAM,-71.09929781086075,42.273385386998605
"42 MESSINGER STREET, Boston, MA",SAM,-71.09946260558421,42.273333775440115
"45 MESSINGER STREET, Boston, MA",SAM,-71.09950959030542,42.27350472316675
"46 MESSINGER STREET, Boston, MA",SAM,-71.09961873661663,42.273422680651805
"49 MESSINGER STREET, Boston, MA",SAM,-71.0997185213446,42.27363008181856
"54 MESSINGER STREET, Boston, MA",SAM,-71.09992052589544,42.27360375425994
"57 MESSINGER STREET, Boston, MA",SAM,-71.10019056168969,42.273914963733496
"58 MESSINGER STREET, Boston, MA",SAM,-71.10019441255996,42.27376988620286
"72 MESSINGER STREET, Boston, MA",SAM,-71.10139329621337,42.27445903952639
"79 MESSINGER STREET, Boston, MA",SAM,-71.1014180088607,42.274620026788995
"83 MESSINGER STREET, Boston, MA",SAM,-71.1015318789393,42.27468998619944
"84 MESSINGER STREET, Boston, MA",SAM,-71.1017541703607,42.27467761336657
"88 MESSINGER STREET, Boston, MA",SAM,-71.10184906209285,42.27473591287529
"10 METCALF STREET, Boston, MA",SAM,-71.13541446753194,42.28554295229231
"11 METCALF STREET, Boston, MA",SAM,-71.13556336898262,42.28558082638973
"14 METCALF STREET, Boston, MA",SAM,-71.13551143550649,42.28541523836991
"15 METCALF STREET, Boston, MA",SAM,-71.13564648438935,42.285471357313405
"17 METCALF STREET, Boston, MA",SAM,-71.13572498355141,42.28538028462643
"26 METCALF STREET, Boston, MA",SAM,-71.13563702906417,42.285274502249244
"5 METCALF STREET, Boston, MA",SAM,-71.13542451956698,42.28574497426368
"10 METROPOLITAN AVENUE, Boston, MA",SAM,-71.13431070140106,42.28197370169576
"100 METROPOLITAN AVENUE, Boston, MA",SAM,-71.13101969453346,42.27992016434507
"103 METROPOLITAN AVENUE, Boston, MA",SAM,-71.13107342487824,42.279808327904405
"104 METROPOLITAN AVENUE, Boston, MA",SAM,-71.13089973239843,42.27986117447603
"105 METROPOLITAN AVENUE, Boston, MA",SAM,-71.13100545878176,42.279775417997456
"106 METROPOLITAN AVENUE, Boston, MA",SAM,-71.13083699446322,42.27983079610035
"11 METROPOLITAN AVENUE, Boston, MA",SAM,-71.13427196253322,42.28179933201254
"110 METROPOLITAN AVENUE, Boston, MA",SAM,-71.13071151859282,42.27977003934902
"111 METROPOLITAN AVENUE, Boston, MA",SAM,-71.13080156049236,42.27967668827652
"117 METROPOLITAN AVENUE, Boston, MA",SAM,-71.13053649139613,42.27954532850417
"120 METROPOLITAN AVENUE, Boston, MA",SAM,-71.13029632060353,42.279562498975416
"121 METROPOLITAN AVENUE, Boston, MA",SAM,-71.13039693537488,42.27947459461411
"124 METROPOLITAN AVENUE, Boston, MA",SAM,-71.13014804233093,42.27948734421722
"125 METROPOLITAN AVENUE, Boston, MA",SAM,-71.13025737935361,42.27940386072402
"129 METROPOLITAN AVENUE, Boston, MA",SAM,-71.13011782333234,42.279333126833954
"130 METROPOLITAN AVENUE, Boston, MA",SAM,-71.12992562492204,42.27937461207991
"133 METROPOLITAN AVENUE, Boston, MA",SAM,-71.12997826731109,42.27926239294389
"134 METROPOLITAN AVENUE, Boston, MA",SAM,-71.12977734664945,42.27929945732171
"136 METROPOLITAN AVENUE, Boston, MA",SAM,-71.12970320751313,42.27926187994263
"137 METROPOLITAN AVENUE, Boston, MA",SAM,-71.12983871128982,42.27919165905381
"138 METROPOLITAN AVENUE, Boston, MA",SAM,-71.12962906837684,42.27922430256352
"139 METROPOLITAN AVENUE, Boston, MA",SAM,-71.1297689332792,42.27915629210879
"14 METROPOLITAN AVENUE, Boston, MA",SAM,-71.13411986161107,42.28185421936556
"145 METROPOLITAN AVENUE, Boston, MA",SAM,-71.12955959924727,42.27905019127368
"146 METROPOLITAN AVENUE, Boston, MA",SAM,-71.12933251183168,42.27907399304711
"149 METROPOLITAN AVENUE, Boston, MA",SAM,-71.12942004322602,42.27897945738361
"15 METROPOLITAN AVENUE, Boston, MA",SAM,-71.13406370229279,42.28166897376032
"150 MALVERNA ROAD, Boston, MA",SAM,,
"153 METROPOLITAN AVENUE, Boston, MA",SAM,-71.12922811419016,42.27887315384993
"154 METROPOLITAN AVENUE, Boston, MA",SAM,-71.12901794798141,42.278897289525055
"157 METROPOLITAN AVENUE, Boston, MA",SAM,-71.12908998338041,42.2787931667072
"158 METROPOLITAN AVENUE, Boston, MA",SAM,-71.12889537912531,42.27882013348719
"161 METROPOLITAN AVENUE, Boston, MA",SAM,-71.12895430207755,42.278706330653876
"162 METROPOLITAN AVENUE, Boston, MA",SAM,-71.12877665798531,42.27874415194051
"165 METROPOLITAN AVENUE, Boston, MA",SAM,-71.12881862077471,42.27861949460053
"166 METROPOLITAN AVENUE, Boston, MA",SAM,-71.12859989665188,42.278623768823174
"169 METROPOLITAN AVENUE, Boston, MA",SAM,-71.1286613376158,42.2785057291567
"170 METROPOLITAN AVENUE, Boston, MA",SAM,-71.12851960405104,42.278562005270246
"173 METROPOLITAN AVENUE, Boston, MA",SAM,-71.12856097186476,42.27842852471552
"177 METROPOLITAN AVENUE, Boston, MA",SAM,-71.12845252718331,42.27835220995725
"178 METROPOLITAN AVENUE, Boston, MA",SAM,-71.128358664194,42.278443986427106
"18 METROPOLITAN AVENUE, Boston, MA",SAM,-71.13392902754079,42.281734808784954
"181 METROPOLITAN AVENUE, Boston, MA",SAM,-71.12834570778618,42.27827990142607
"185 METROPOLITAN AVENUE, Boston, MA",SAM,-71.12819338072278,42.2781666886768
"189 METROPOLITAN AVENUE, Boston, MA",SAM,-71.12809609882713,42.27807938439181
"19 METROPOLITAN AVENUE, Boston, MA",SAM,-71.1338553631889,42.281538761791076
"190 METROPOLITAN AVENUE, Boston, MA",SAM,-71.12802176503882,42.27819281323735
"198 METROPOLITAN AVENUE, Boston, MA",SAM,-71.12781330383389,42.278005732626646
"2 METROPOLITAN AVENUE, Boston, MA",SAM,-71.13467939770067,42.28221824653726
"202 METROPOLITAN AVENUE, Boston, MA",SAM,-71.12770809874277,42.27791577767345
"206 METROPOLITAN AVENUE, Boston, MA",SAM,-71.12759898271382,42.277825339142694
"207 METROPOLITAN AVENUE, Boston, MA",SAM,-71.127645413096,42.27769174964005
"211 METROPOLITAN AVENUE, Boston, MA",SAM,-71.127543571469,42.27760734034466
"214 METROPOLITAN AVENUE, Boston, MA",SAM,-71.12738075065595,42.27764446208118
"215 METROPOLITAN AVENUE, Boston, MA",SAM,-71.12744172984199,42.2775229310493
"218 METROPOLITAN AVENUE, Boston, MA",SAM,-71.12722422001157,42.27750570008305
"219 METROPOLITAN AVENUE, Boston, MA",SAM,-71.12731639751122,42.27740464490415
"22 METROPOLITAN AVENUE, Boston, MA",SAM,-71.1337380500289,42.28161544781313
"221 METROPOLITAN AVENUE, Boston, MA",SAM,-71.12728331394996,42.27737098092187
"226 METROPOLITAN AVENUE, Boston, MA",SAM,-71.12691580312571,42.27720155077209
"229 METROPOLITAN AVENUE, Boston, MA",SAM,-71.12708766737796,42.27717678613889
"23 METROPOLITAN AVENUE, Boston, MA",SAM,-71.13364702408501,42.281408549821826
"230 METROPOLITAN AVENUE, Boston, MA",SAM,-71.12681338139724,42.27710738883919
"233 METROPOLITAN AVENUE, Boston, MA",SAM,-71.12693403478526,42.27703554323953
"237 METROPOLITAN AVENUE, Boston, MA",SAM,-71.12678040219257,42.276894300340174
"243 METROPOLITAN AVENUE, Boston, MA",SAM,-71.12653981889868,42.27666495716541
"244 METROPOLITAN AVENUE, Boston, MA",SAM,-71.1264105976543,42.2767281207521
"250 METROPOLITAN AVENUE, Boston, MA",SAM,-71.12626192658907,42.276561609120556
"253 METROPOLITAN AVENUE, Boston, MA",SAM,-71.12628042503418,42.276387842306825
"257 METROPOLITAN AVENUE, Boston, MA",SAM,-71.12616935752526,42.276283213470386
"26 METROPOLITAN AVENUE, Boston, MA",SAM,-71.13354707251699,42.28149608684133
"260 METROPOLITAN AVENUE, Boston, MA",SAM,-71.12599202854615,42.27630168064916
"261 METROPOLITAN AVENUE, Boston, MA",SAM,-71.1260582900163,42.276178584633946
"273 METROPOLITAN AVENUE, Boston, MA",SAM,-71.12568495257834,42.27582689489191
"274 METROPOLITAN AVENUE, Boston, MA",SAM,-71.12556316355501,42.27589768122498
"277 METROPOLITAN AVENUE, Boston, MA",SAM,-71.12559236313038,42.27573968158572
"278 METROPOLITAN AVENUE, Boston, MA",SAM,-71.12544279727268,42.27578430392695
"289 METROPOLITAN AVENUE, Boston, MA",SAM,-71.12531459478649,42.27547804166715
"290 METROPOLITAN AVENUE, Boston, MA",SAM,-71.12508169842565,42.275444172032806
"294 METROPOLITAN AVENUE, Boston, MA",SAM,-71.12496133214329,42.27533079473476
"298 METROPOLITAN AVENUE, Boston, MA",SAM,-71.1247694523983,42.27515381639513
"304 METROPOLITAN AVENUE, Boston, MA",SAM,-71.124481320077,42.274889919443176
"311 METROPOLITAN AVENUE, Boston, MA",SAM,-71.12430585405887,42.27451247974438
"315 METROPOLITAN AVENUE, Boston, MA",SAM,-71.12422103885949,42.27442766452567
"318 METROPOLITAN AVENUE, Boston, MA",SAM,-71.12409405089572,42.27449332959155
"319 METROPOLITAN AVENUE, Boston, MA",SAM,-71.12413622366007,42.274342849306976
"324 METROPOLITAN AVENUE, Boston, MA",SAM,-71.12394437701445,42.274343655676205
"325 METROPOLITAN AVENUE, Boston, MA",SAM,-71.12401620870602,42.2742191360295
"331 METROPOLITAN AVENUE, Boston, MA",SAM,-71.12390725587521,42.27408294495889
"336 METROPOLITAN AVENUE, Boston, MA",SAM,-71.12368396257892,42.27400907715506
"337 METROPOLITAN AVENUE, Boston, MA",SAM,-71.12381843749712,42.273949268790716
"338 METROPOLITAN AVENUE, Boston, MA",SAM,-71.12365284042902,42.27395144352903
"340 METROPOLITAN AVENUE, Boston, MA",SAM,-71.12362171827914,42.27389380990301
"344 METROPOLITAN AVENUE, Boston, MA",SAM,-71.12355541637211,42.27373643674198
"345 METROPOLITAN AVENUE, Boston, MA",SAM,-71.12366045181071,42.27358121218907
"348 METROPOLITAN AVENUE, Boston, MA",SAM,-71.12352558061328,42.27365235412263
"352 METROPOLITAN AVENUE, Boston, MA",SAM,-71.1234713458832,42.273499463979
"355 METROPOLITAN AVENUE, Boston, MA",SAM,-71.12353424640841,42.27322529491539
"356 METROPOLITAN AVENUE, Boston, MA",SAM,-71.12342340336723,42.27336424145576
"361 METROPOLITAN AVENUE, Boston, MA",SAM,-71.12346907455075,42.27304147679788
"366 METROPOLITAN AVENUE, Boston, MA",SAM,-71.12330449784248,42.27302396841926
"371 METROPOLITAN AVENUE, Boston, MA",SAM,-71.12337501091531,42.27273453165262
"372 METROPOLITAN AVENUE, Boston, MA",SAM,-71.12324213293799,42.272819411463495
"377 METROPOLITAN AVENUE, Boston, MA",SAM,-71.12329396830877,42.27254619478189
"380 METROPOLITAN AVENUE, Boston, MA",SAM,-71.1231355638451,42.272560299973804
"384 METROPOLITAN AVENUE, Boston, MA",SAM,-71.12306853590383,42.2724295954534
"389 METROPOLITAN AVENUE, Boston, MA",SAM,-71.12310720201104,42.27219062837615
"390 METROPOLITAN AVENUE, Boston, MA",SAM,-71.1229649432509,42.27223596243857
"393 METROPOLITAN AVENUE, Boston, MA",SAM,-71.12304248803528,42.27207333426455
"397 METROPOLITAN AVENUE, Boston, MA",SAM,-71.12295609385559,42.2719546201686
"398 METROPOLITAN AVENUE, Boston, MA",SAM,-71.12280628981553,42.27199231683685
"399 METROPOLITAN AVENUE, Boston, MA",SAM,-71.12291248499939,42.271900109085486
"403 METROPOLITAN AVENUE, Boston, MA",SAM,-71.12133650695587,42.27044573478596
"404 METROPOLITAN AVENUE, Boston, MA",SAM,-71.12146199803173,42.27052769337987
"407 METROPOLITAN AVENUE, Boston, MA",SAM,-71.12131824798334,42.27048468726064
"411 METROPOLITAN AVENUE, Boston, MA",SAM,-71.12129998901084,42.27052363973531
"415 METROPOLITAN AVENUE, Boston, MA",SAM,-71.1212817300383,42.270562592209984
"42 METROPOLITAN AVENUE, Boston, MA",SAM,-71.13297167514007,42.281110060582435
"420 METROPOLITAN AVENUE, Boston, MA",SAM,-71.12110503960676,42.270709126597474
"427 METROPOLITAN AVENUE, Boston, MA",SAM,-71.12118551063143,42.27061563453289
"445 METROPOLITAN AVENUE, Boston, MA",SAM,-71.12110299206785,42.270546474604366
"46 METROPOLITAN AVENUE, Boston, MA",SAM,-71.1328429926891,42.281024102593406
"464 METROPOLITAN AVENUE, Boston, MA",SAM,-71.12025212944964,42.26993006418371
"468 METROPOLITAN AVENUE, Boston, MA",SAM,-71.12016929041361,42.26981537001369
"476 METROPOLITAN AVENUE, Boston, MA",SAM,-71.12002708852691,42.26958683120997
"480 METROPOLITAN AVENUE, Boston, MA",SAM,-71.1199559875836,42.2694725618081
"484 METROPOLITAN AVENUE, Boston, MA",SAM,-71.11988396231187,42.26935947168586
"485 METROPOLITAN AVENUE, Boston, MA",SAM,-71.12063502226543,42.27020444476768
"488 METROPOLITAN AVENUE, Boston, MA",SAM,-71.11981077362324,42.269245926589335
"49 METROPOLITAN AVENUE, Boston, MA",SAM,-71.13281759669283,42.28085904704716
"491 METROPOLITAN AVENUE, Boston, MA",SAM,-71.12044940443604,42.2699569542694
"492 METROPOLITAN AVENUE, Boston, MA",SAM,-71.1197375849346,42.269132381492796
"495 METROPOLITAN AVENUE, Boston, MA",SAM,-71.12032565921648,42.269791960603904
"496 METROPOLITAN AVENUE, Boston, MA",SAM,-71.11966439624592,42.26901883639625
"499 METROPOLITAN AVENUE, Boston, MA",SAM,-71.12022107630469,42.269624607512725
"50 METROPOLITAN AVENUE, Boston, MA",SAM,-71.13270732423894,42.28094020234873
"500 METROPOLITAN AVENUE, Boston, MA",SAM,-71.11959120755729,42.268905291299724
"503 METROPOLITAN AVENUE, Boston, MA",SAM,-71.12011442488968,42.26945320340993
"504 METROPOLITAN AVENUE, Boston, MA",SAM,-71.11951801886863,42.26879174620318
"507 METROPOLITAN AVENUE, Boston, MA",SAM,-71.12000543471468,42.26928175209676
"508 METROPOLITAN AVENUE, Boston, MA",SAM,-71.11944439264028,42.26867700866686
"51 METROPOLITAN AVENUE, Boston, MA",SAM,-71.13275632707017,42.28082115661409
"511 METROPOLITAN AVENUE, Boston, MA",SAM,-71.1198956516817,42.26911143445194
"52 METROPOLITAN AVENUE, Boston, MA",SAM,-71.13263949001386,42.28089825222642
"524 METROPOLITAN AVENUE, Boston, MA",SAM,-71.11916475672385,42.26821832517757
"528 METROPOLITAN AVENUE, Boston, MA",SAM,-71.11909484774476,42.26810365430523
"532 METROPOLITAN AVENUE, Boston, MA",SAM,-71.11902493876565,42.267988983432915
"536 METROPOLITAN AVENUE, Boston, MA",SAM,-71.11895502978655,42.267874312560586
"540 METROPOLITAN AVENUE, Boston, MA",SAM,-71.11888512080745,42.26775964168825
"544 METROPOLITAN AVENUE, Boston, MA",SAM,-71.11881541378176,42.26764593133414
"548 METROPOLITAN AVENUE, Boston, MA",SAM,-71.11874298801666,42.26753211938923
"55 METROPOLITAN AVENUE, Boston, MA",SAM,-71.13263378782486,42.280745375747955
"552 METROPOLITAN AVENUE, Boston, MA",SAM,-71.11867056225158,42.26741830744432
"556 METROPOLITAN AVENUE, Boston, MA",SAM,-71.1185981364865,42.26730449549942
"56 METROPOLITAN AVENUE, Boston, MA",SAM,-71.13250382156369,42.28081435198173
"564 METROPOLITAN AVENUE, Boston, MA",SAM,-71.1184532849563,42.267076871609596
"565 METROPOLITAN AVENUE, Boston, MA",SAM,-71.11845402485169,42.26680478259142
"568 METROPOLITAN AVENUE, Boston, MA",SAM,-71.11838085919122,42.266963059664675
"569 METROPOLITAN AVENUE, Boston, MA",SAM,-71.11836833525827,42.2666270559788
"572 METROPOLITAN AVENUE, Boston, MA",SAM,-71.11830818111136,42.26684329057943
"58 METROPOLITAN AVENUE, Boston, MA",SAM,-71.1324359873386,42.280772401859394
"580 METROPOLITAN AVENUE, Boston, MA",SAM,-71.11818861289123,42.26653764850916
"583 METROPOLITAN AVENUE, Boston, MA",SAM,-71.11830868091434,42.26620044113722
"585 METROPOLITAN AVENUE, Boston, MA",SAM,-71.11830046797483,42.266145864800635
"589 METROPOLITAN AVENUE, Boston, MA",SAM,-71.11828404209578,42.266036712127466
"593 METROPOLITAN AVENUE, Boston, MA",SAM,-71.11826761621673,42.26592755945428
"596 METROPOLITAN AVENUE, Boston, MA",SAM,-71.11812083769856,42.26598754179113
"597 METROPOLITAN AVENUE, Boston, MA",SAM,-71.11825119033767,42.26581840678111
"6 METROPOLITAN AVENUE, Boston, MA",SAM,-71.13450154119106,42.28209318402596
"60 METROPOLITAN AVENUE, Boston, MA",SAM,-71.13236815311352,42.28073045173708
"600 METROPOLITAN AVENUE, Boston, MA",SAM,-71.11810003158509,42.265849281738454
"601 METROPOLITAN AVENUE, Boston, MA",SAM,-71.1182347644586,42.26570925410793
"605 METROPOLITAN AVENUE, Boston, MA",SAM,-71.11821833857957,42.26560010143476
"609 METROPOLITAN AVENUE, Boston, MA",SAM,-71.11820191270053,42.26549094876159
"61 METROPOLITAN AVENUE, Boston, MA",SAM,-71.13244997895691,42.28063170444872
"611 METROPOLITAN AVENUE, Boston, MA",SAM,-71.11818572955323,42.26537763379255
"612 METROPOLITAN AVENUE, Boston, MA",SAM,-71.11803165261836,42.265389036616554
"615 METROPOLITAN AVENUE, Boston, MA",SAM,-71.11816441770215,42.26521992600469
"619 METROPOLITAN AVENUE, Boston, MA",SAM,-71.11814310585109,42.26506221821682
"62 METROPOLITAN AVENUE, Boston, MA",SAM,-71.13230031888843,42.28068850161475
"625 METROPOLITAN AVENUE, Boston, MA",SAM,-71.1181111380745,42.264825656535024
"626 METROPOLITAN AVENUE, Boston, MA",SAM,-71.11793471942211,42.26467270067326
"63 METROPOLITAN AVENUE, Boston, MA",SAM,-71.13238870933424,42.28059381401563
"630 METROPOLITAN AVENUE, Boston, MA",SAM,-71.1179301382795,42.264639105608474
"634 METROPOLITAN AVENUE, Boston, MA",SAM,-71.11793178633694,42.264492035796216
"638 METROPOLITAN AVENUE, Boston, MA",SAM,-71.11793710751259,42.26444769268149
"64 METROPOLITAN AVENUE, Boston, MA",SAM,-71.13223248466333,42.28064655149241
"646 METROPOLITAN AVENUE, Boston, MA",SAM,-71.11774567265164,42.263909843263825
"65 METROPOLITAN AVENUE, Boston, MA",SAM,-71.13232743971157,42.28055592358256
"650 METROPOLITAN AVENUE, Boston, MA",SAM,-71.1176577229003,42.26373022277911
"654 METROPOLITAN AVENUE, Boston, MA",SAM,-71.11758106473695,42.26361097671761
"655 METROPOLITAN AVENUE, Boston, MA",SAM,-71.1180922307436,42.264450438635045
"658 METROPOLITAN AVENUE, Boston, MA",SAM,-71.11750440657357,42.26349173065611
"662 METROPOLITAN AVENUE, Boston, MA",SAM,-71.11742824378005,42.26336955830579
"666 METROPOLITAN AVENUE, Boston, MA",SAM,-71.11735874391265,42.26324793350657
"670 METROPOLITAN AVENUE, Boston, MA",SAM,-71.11728924404525,42.26312630870735
"674 METROPOLITAN AVENUE, Boston, MA",SAM,-71.11721974417786,42.26300468390815
"686 METROPOLITAN AVENUE, Boston, MA",SAM,-71.11696738281934,42.26258375173476
"689 METROPOLITAN AVENUE, Boston, MA",SAM,-71.11695689400058,42.26230846881262
"69 METROPOLITAN AVENUE, Boston, MA",SAM,-71.13220490046626,42.28048014271642
"690 METROPOLITAN AVENUE, Boston, MA",SAM,-71.11686565393977,42.262430775938434
"693 METROPOLITAN AVENUE, Boston, MA",SAM,-71.11691238761577,42.26224154190173
"694 METROPOLITAN AVENUE, Boston, MA",SAM,-71.11676392506023,42.26227780014209
"697 METROPOLITAN AVENUE, Boston, MA",SAM,-71.11686788123097,42.262174614990826
"700 METROPOLITAN AVENUE, Boston, MA",SAM,-71.11661133174091,42.262048336447585
"701 METROPOLITAN AVENUE, Boston, MA",SAM,-71.11682337484615,42.262107688079944
"702 METROPOLITAN AVENUE, Boston, MA",SAM,-71.11656046730114,42.261971848549415
"703 METROPOLITAN AVENUE, Boston, MA",SAM,-71.11680112165376,42.26207422462449
"705 METROPOLITAN AVENUE, Boston, MA",SAM,-71.11677886846137,42.26204076116905
"706 METROPOLITAN AVENUE, Boston, MA",SAM,-71.11645873842156,42.26181887275308
"707 METROPOLITAN AVENUE, Boston, MA",SAM,-71.11675661526897,42.26200729771357
"709 METROPOLITAN AVENUE, Boston, MA",SAM,-71.11673436207656,42.26197383425815
"71 METROPOLITAN AVENUE, Boston, MA",SAM,-71.13214363084361,42.28044225228336
"710 METROPOLITAN AVENUE, Boston, MA",SAM,-71.11636331386673,42.26166130674243
"713 METROPOLITAN AVENUE, Boston, MA",SAM,-71.11668985569175,42.26190690734723
"718 METROPOLITAN AVENUE, Boston, MA",SAM,-71.11617570820373,42.26134985673948
"719 METROPOLITAN AVENUE, Boston, MA",SAM,-71.11662309611454,42.261806516980904
"722 METROPOLITAN AVENUE, Boston, MA",SAM,-71.11608190537223,42.26119413173798
"725 METROPOLITAN AVENUE, Boston, MA",SAM,-71.11656042945205,42.2617071104737
"726 METROPOLITAN AVENUE, Boston, MA",SAM,-71.11598810254071,42.26103840673651
"730 METROPOLITAN AVENUE, Boston, MA",SAM,-71.11589429970921,42.26088268173502
"731 METROPOLITAN AVENUE, Boston, MA",SAM,-71.11649887134386,42.26160491594147
"734 METROPOLITAN AVENUE, Boston, MA",SAM,-71.1158004968777,42.260726956733535
"735 METROPOLITAN AVENUE, Boston, MA",SAM,-71.11645783260511,42.26153678625334
"752 METROPOLITAN AVENUE, Boston, MA",SAM,-71.11549422610216,42.26027176849355
"756 METROPOLITAN AVENUE, Boston, MA",SAM,-71.11546366070918,42.26022111725811
"760 METROPOLITAN AVENUE, Boston, MA",SAM,-71.11543292250707,42.26016750288772
"79 METROPOLITAN AVENUE, Boston, MA",SAM,-71.13189855235298,42.28029069055106
"83 METROPOLITAN AVENUE, Boston, MA",SAM,-71.13177601310767,42.280214909684915
"840 METROPOLITAN AVENUE, Boston, MA",SAM,-71.11283810322735,42.25740965104767
"843 METROPOLITAN AVENUE, Boston, MA",SAM,-71.11274884505522,42.25720352884925
"844 METROPOLITAN AVENUE, Boston, MA",SAM,-71.11275072359669,42.257354875744475
"847 METROPOLITAN AVENUE, Boston, MA",SAM,-71.11263417816637,42.25709766248603
"848 METROPOLITAN AVENUE, Boston, MA",SAM,-71.112663343966,42.2573001004413
"85 METROPOLITAN AVENUE, Boston, MA",SAM,-71.131714743485,42.28017701925184
"850 METROPOLITAN AVENUE, Boston, MA",SAM,-71.1126130561811,42.257262696042936
"851 METROPOLITAN AVENUE, Boston, MA",SAM,-71.11251768006083,42.25697410386094
"854 METROPOLITAN AVENUE, Boston, MA",SAM,-71.11254075976996,42.25719697201799
"855 METROPOLITAN AVENUE, Boston, MA",SAM,-71.11240118195528,42.25685054523586
"863 METROPOLITAN AVENUE, Boston, MA",SAM,-71.11239632376306,42.25664966368636
"871 METROPOLITAN AVENUE, Boston, MA",SAM,-71.11242061760285,42.25646919521587
"892 METROPOLITAN AVENUE, Boston, MA",SAM,-71.11234471184676,42.255476152111555
"900 METROPOLITAN AVENUE, Boston, MA",SAM,-71.1123246234888,42.25533938155791
"907 METROPOLITAN AVENUE, Boston, MA",SAM,-71.11229622398668,42.25511625889946
"908 METROPOLITAN AVENUE, Boston, MA",SAM,-71.11210287673006,42.25511243838159
"91 METROPOLITAN AVENUE, Boston, MA",SAM,-71.13146579904245,42.280029370053846
"917 METROPOLITAN AVENUE, Boston, MA",SAM,-71.11204501524365,42.25485363151721
"92 METROPOLITAN AVENUE, Boston, MA",SAM,-71.1312574668612,42.280055411020896
"920 METROPOLITAN AVENUE, Boston, MA",SAM,-71.11177630536415,42.25477102278463
"933 METROPOLITAN AVENUE, Boston, MA",SAM,-71.11153089212671,42.25432858471331
"934 METROPOLITAN AVENUE, Boston, MA",SAM,-71.11152132313887,42.254509080272655
"935 METROPOLITAN AVENUE, Boston, MA",SAM,-71.11144488950968,42.254244993365695
"938 METROPOLITAN AVENUE, Boston, MA",SAM,-71.11149372432223,42.25448160090296
"95 METROPOLITAN AVENUE, Boston, MA",SAM,-71.13133700569824,42.27995611143776
"955 METROPOLITAN AVENUE, Boston, MA",SAM,-71.11071653656543,42.253547706376224
"96 METROPOLITAN AVENUE, Boston, MA",SAM,-71.13113858069735,42.27998778768298
"965 METROPOLITAN AVENUE, Boston, MA",SAM,-71.11051610191761,42.253356667059336
"975 METROPOLITAN AVENUE, Boston, MA",SAM,-71.1101696696431,42.253014314075784
"985 METROPOLITAN AVENUE, Boston, MA",SAM,-71.10997590964702,42.25282055442448
"995 METROPOLITAN AVENUE, Boston, MA",SAM,-71.10972685113542,42.252575996085035
"999 METROPOLITAN AVENUE, Boston, MA",SAM,-71.10957116886885,42.252420313783105
"10 METROPOLITAN CIRCLE, Boston, MA",SAM,-71.12637671601117,42.2767432747575
"2 METROPOLITAN CIRCLE, Boston, MA",SAM,-71.12641090337394,42.27672705024566
"3 METROPOLITAN CIRCLE, Boston, MA",SAM,-71.12648614567092,42.276827479240396
"6 METROPOLITAN CIRCLE, Boston, MA",SAM,-71.12639380969254,42.27673516250159
"7 METROPOLITAN CIRCLE, Boston, MA",SAM,-71.12646940084018,42.27683542594008
"1 MEYER COURT, Boston, MA",SAM,-71.11419291483898,42.28773135559748
"2 MEYER COURT, Boston, MA",SAM,-71.11406954415185,42.28766206212191
"3 MEYER COURT, Boston, MA",SAM,-71.11496777755444,42.288543342096055
"4 MEYER COURT, Boston, MA",SAM,-71.11407506837212,42.28765667954806
"1 MEYER STREET, Boston, MA",SAM,,
"10 MEYER STREET, Boston, MA",SAM,-71.11494329171764,42.28918523949691
"11 MEYER STREET, Boston, MA",SAM,,
"2 MEYER STREET, Boston, MA",SAM,,
"23 MEYER STREET, Boston, MA",SAM,-71.11491424223995,42.28824687796655
"26 MEYER STREET, Boston, MA",SAM,-71.11481373296597,42.28855538512212
"27 MEYER STREET, Boston, MA",SAM,-71.11482861983367,42.28813656933231
"28 MEYER STREET, Boston, MA",SAM,-71.11480045075527,42.288462409596335
"31 MEYER STREET, Boston, MA",SAM,-71.1147305268894,42.28804177668013
"35 MEYER STREET, Boston, MA",SAM,-71.1146330317195,42.287953144687506
"36 MEYER STREET, Boston, MA",SAM,-71.11465026372846,42.28815036238271
"39 MEYER STREET, Boston, MA",SAM,-71.1145355365496,42.28786451269485
"43 MEYER STREET, Boston, MA",SAM,-71.1144141655166,42.287766899785154
"50 MEYER STREET, Boston, MA",SAM,-71.11409763301242,42.28782277665961
"55 MEYER STREET, Boston, MA",SAM,-71.11393599956357,42.287789616074285
"59 MEYER STREET, Boston, MA",SAM,-71.11389633213325,42.28782709711264
"6 MEYER STREET, Boston, MA",SAM,-71.11496963997895,42.289330876289526
"60 MEYER STREET, Boston, MA",SAM,-71.11399846443668,42.28791647925548
"63 MEYER STREET, Boston, MA",SAM,-71.11385666470295,42.287864578151
"67 MEYER STREET, Boston, MA",SAM,-71.11381699727264,42.28790205918935
"11 MIAMI AVENUE, Boston, MA",SAM,-71.16352039523727,42.275580287121024
"12 MIAMI AVENUE, Boston, MA",SAM,-71.16336369365825,42.275542170304625
"15 MIAMI AVENUE, Boston, MA",SAM,-71.16363309346451,42.27547482638947
"16 MIAMI AVENUE, Boston, MA",SAM,-71.16346230460708,42.27544989216449
"19 MIAMI AVENUE, Boston, MA",SAM,-71.16378936108227,42.27532412363353
"20 MIAMI AVENUE, Boston, MA",SAM,-71.16360538581512,42.27531408093674
"23 MIAMI AVENUE, Boston, MA",SAM,-71.16391036738808,42.275205867465345
"27 MIAMI AVENUE, Boston, MA",SAM,-71.16403137369392,42.27508761129713
"31 MIAMI AVENUE, Boston, MA",SAM,-71.16413164280779,42.274993326263235
"32 MIAMI AVENUE, Boston, MA",SAM,-71.16390790157966,42.27501844051622
"34 MIAMI AVENUE, Boston, MA",SAM,-71.16400520424854,42.27492674091163
"35 MIAMI AVENUE, Boston, MA",SAM,-71.16414429479795,42.274981824453405
"36 MIAMI AVENUE, Boston, MA",SAM,-71.16401212330567,42.27492045085939
"39 MIAMI AVENUE, Boston, MA",SAM,-71.16415694678813,42.27497032264359
"25 MIAMI TERRACE, Boston, MA",SAM,-71.16383782045847,42.275452392183425
"30 MIAMI TERRACE, Boston, MA",SAM,-71.16376020933969,42.27555352028359
"34 MIAMI TERRACE, Boston, MA",SAM,-71.16377866117655,42.27556473900292
"1 MICHAEL ROAD, Boston, MA",SAM,-71.1562498784962,42.34645611348683
"10 MICHAEL ROAD, Boston, MA",SAM,-71.15631554117745,42.34634434948065
"14 MICHAEL ROAD, Boston, MA",SAM,-71.15634350356223,42.34634565005777
"18 MICHAEL ROAD, Boston, MA",SAM,-71.15637146594702,42.34634695063489
"19 MICHAEL ROAD, Boston, MA",SAM,-71.15637314125361,42.346461846643095
"2 MICHAEL ROAD, Boston, MA",SAM,-71.15625961640788,42.34634174832644
"5 MICHAEL ROAD, Boston, MA",SAM,-71.15627727022006,42.34645738752156
"6 MICHAEL ROAD, Boston, MA",SAM,-71.15628757879269,42.34634304890354
"9 MICHAEL ROAD, Boston, MA",SAM,-71.15630466194393,42.34645866155629
"4 MICHELANGELO STREET, Boston, MA",SAM,-71.05466895753965,42.367139254272246
"8 MICHELANGELO STREET, Boston, MA",SAM,-71.05467383094027,42.367133756076434
"10 MICHIGAN AVENUE, Boston, MA",SAM,-71.08398470668679,42.30312706604233
"11 MICHIGAN AVENUE, Boston, MA",SAM,-71.08407837085755,42.303033810660146
"14 MICHIGAN AVENUE, Boston, MA",SAM,-71.08394797391097,42.30309911953952
"15 MICHIGAN AVENUE, Boston, MA",SAM,-71.08404117500673,42.303005738313594
"16 MICHIGAN AVENUE, Boston, MA",SAM,-71.08392918621081,42.30308494014001
"17 MICHIGAN AVENUE, Boston, MA",SAM,-71.08402257708133,42.30299170214033
"2 MICHIGAN AVENUE, Boston, MA",SAM,-71.08405887510008,42.30318448676228
"20 MICHIGAN AVENUE, Boston, MA",SAM,-71.08389161081048,42.303056581340954
"21 MICHIGAN AVENUE, Boston, MA",SAM,-71.0839853812305,42.3029636297938
"25 MICHIGAN AVENUE, Boston, MA",SAM,-71.08394818537967,42.30293555744727
"26 MICHIGAN AVENUE, Boston, MA",SAM,-71.08383524770998,42.303014043142376
"28 MICHIGAN AVENUE, Boston, MA",SAM,-71.08381646000984,42.302999863742855
"29 MICHIGAN AVENUE, Boston, MA",SAM,-71.08391098952883,42.30290748510075
"31 MICHIGAN AVENUE, Boston, MA",SAM,-71.08389239160341,42.30289344892747
"33 MICHIGAN AVENUE, Boston, MA",SAM,-71.083873793678,42.3028794127542
"4 MICHIGAN AVENUE, Boston, MA",SAM,-71.08404033299675,42.303170131582306
"41 MICHIGAN AVENUE, Boston, MA",SAM,-71.08380036744029,42.302823334724565
"6 MICHIGAN AVENUE, Boston, MA",SAM,-71.08402179089343,42.303155776402306
"7 MICHIGAN AVENUE, Boston, MA",SAM,-71.08411584320952,42.30306270049311
"8 MICHIGAN AVENUE, Boston, MA",SAM,-71.08400324879011,42.30314142122231
"11 MIDDLE STREET, Boston, MA",SAM,-71.05465557573166,42.33110560963185
"15 MIDDLE STREET, Boston, MA",SAM,-71.05475027608612,42.33120375365803
"17 MIDDLE STREET, Boston, MA",SAM,-71.05479762626337,42.331252825671115
"26 MIDDLE STREET, Boston, MA",SAM,-71.05540529159569,42.3315694209307
"28 MIDDLE STREET, Boston, MA",SAM,-71.05542913953519,42.331580983570724
"30 MIDDLE STREET, Boston, MA",SAM,-71.05545856868838,42.33159673371193
"34 MIDDLE STREET, Boston, MA",SAM,-71.05550285645165,42.33162330637588
"39 MIDDLE STREET, Boston, MA",SAM,-71.05541255413387,42.3317167093453
"40 MIDDLE STREET, Boston, MA",SAM,-71.05556928809655,42.33166316537186
"42 MIDDLE STREET, Boston, MA",SAM,-71.0555914319782,42.33167645170383
"45 MIDDLE STREET, Boston, MA",SAM,-71.05563624801596,42.33185092581554
"47 MIDDLE STREET, Boston, MA",SAM,-71.05567799422707,42.33187597354787
"48 MIDDLE STREET, Boston, MA",SAM,-71.0557772838615,42.33178796274838
"49 MIDDLE STREET, Boston, MA",SAM,-71.05571974043819,42.33190102128019
"50 MIDDLE STREET, Boston, MA",SAM,-71.05582063569612,42.331813973855034
"53 MIDDLE STREET, Boston, MA",SAM,-71.05580323286041,42.331951116744854
"57 MIDDLE STREET, Boston, MA",SAM,-71.05588672528262,42.332001212209505
"61 MIDDLE STREET, Boston, MA",SAM,-71.05597021770484,42.332051307674156
"64 MIDDLE STREET, Boston, MA",SAM,-71.0561121858502,42.33199009613444
"65 MIDDLE STREET, Boston, MA",SAM,-71.05606933743961,42.332103247448195
"66 MIDDLE STREET, Boston, MA",SAM,-71.05616129203841,42.332009738614474
"68 MIDDLE STREET, Boston, MA",SAM,-71.05621039822664,42.332029381094486
"69 MIDDLE STREET, Boston, MA",SAM,-71.05616391232063,42.332141077409716
"10 MIDDLETON STREET, Boston, MA",SAM,-71.08634782898034,42.28247167182945
"11 MIDDLETON STREET, Boston, MA",SAM,-71.0863277219199,42.28285075543119
"15 MIDDLETON STREET, Boston, MA",SAM,-71.08639527674069,42.28304149851423
"16 MIDDLETON STREET, Boston, MA",SAM,-71.08638493776135,42.28256636322985
"17 MIDDLETON STREET, Boston, MA",SAM,-71.0864290541511,42.28313687005575
"18 MIDDLETON STREET, Boston, MA",SAM,-71.08639730735501,42.28259792702999
"19 MIDDLETON STREET, Boston, MA",SAM,-71.08646283156152,42.283232241597254
"20 MIDDLETON STREET, Boston, MA",SAM,-71.08640999686183,42.28263096708152
"21 MIDDLETON STREET, Boston, MA",SAM,-71.08649660897191,42.28332761313878
"22 MIDDLETON STREET, Boston, MA",SAM,-71.08642125599862,42.28266275759535
"25 MIDDLETON STREET, Boston, MA",SAM,-71.0865635242134,42.28351649327708
"31 MIDDLETON STREET, Boston, MA",SAM,-71.08665183067909,42.28380496116203
"35 MIDDLETON STREET, Boston, MA",SAM,-71.08674670282315,42.28402283152316
"37 MIDDLETON STREET, Boston, MA",SAM,-71.08675832337914,42.284037357221564
"39 MIDDLETON STREET, Boston, MA",SAM,-71.08676994393511,42.28405188291993
"4 MIDDLETON STREET, Boston, MA",SAM,-71.08631072019934,42.28237698042904
"41 MIDDLETON STREET, Boston, MA",SAM,-71.08678156449106,42.284066408618315
"43 MIDDLETON STREET, Boston, MA",SAM,-71.08679318504703,42.284080934316705
"45 MIDDLETON STREET, Boston, MA",SAM,-71.086804805603,42.2840954600151
"47 MIDDLETON STREET, Boston, MA",SAM,-71.08681642615899,42.28410998571349
"5 MIDDLETON STREET, Boston, MA",SAM,-71.08622380770048,42.28256670951761
"6 MIDDLETON STREET, Boston, MA",SAM,-71.08632308979301,42.282408544229185
"7 MIDDLETON STREET, Boston, MA",SAM,-71.0862601670991,42.282660012348146
"9 MIDDLETON STREET, Boston, MA",SAM,-71.08629394450949,42.282755383889686
"10 MIDLAND STREET, Boston, MA",SAM,-71.05434939551179,42.31183323426399
"11 MIDLAND STREET, Boston, MA",SAM,-71.05450688265432,42.311838590677354
"14 MIDLAND STREET, Boston, MA",SAM,-71.0543657474682,42.3117840548972
"15 MIDLAND STREET, Boston, MA",SAM,-71.05452231187517,42.311796146161086
"18 MIDLAND STREET, Boston, MA",SAM,-71.05438366859151,42.311738132019734
"19 MIDLAND STREET, Boston, MA",SAM,-71.05453986726127,42.311751160485194
"22 MIDLAND STREET, Boston, MA",SAM,-71.05440158971483,42.31169220914227
"23 MIDLAND STREET, Boston, MA",SAM,-71.05455742264739,42.31170617480931
"26 MIDLAND STREET, Boston, MA",SAM,-71.05441951083814,42.31164628626482
"27 MIDLAND STREET, Boston, MA",SAM,-71.05457497803349,42.31166118913343
"30 MIDLAND STREET, Boston, MA",SAM,-71.05443743196147,42.31160036338735
"31 MIDLAND STREET, Boston, MA",SAM,-71.05459253341961,42.31161620345754
"34 MIDLAND STREET, Boston, MA",SAM,-71.0544553530848,42.31155444050988
"4 MIDLAND STREET, Boston, MA",SAM,-71.05432904722035,42.3119205880082
"11 MIDVALE ROAD, Boston, MA",SAM,-71.15742917231813,42.290145770002695
"16 MIDVALE ROAD, Boston, MA",SAM,-71.15738465831694,42.29002573755927
"19 MIDVALE ROAD, Boston, MA",SAM,-71.15752989754405,42.2900868844831
"20 MIDVALE ROAD, Boston, MA",SAM,-71.15743619215345,42.28999561008413
"21 MIDVALE ROAD, Boston, MA",SAM,-71.15755507885055,42.29007216310319
"23 MIDVALE ROAD, Boston, MA",SAM,-71.15758026015703,42.29005744172329
"24 MIDVALE ROAD, Boston, MA",SAM,-71.15748772599,42.289965482608984
"25 MIDVALE ROAD, Boston, MA",SAM,-71.15760544146352,42.2900427203434
"28 MIDVALE ROAD, Boston, MA",SAM,-71.1575392598265,42.28993535513385
"7 MIDVALE ROAD, Boston, MA",SAM,-71.15715190426793,42.29028630750319
"8 MIDVALE ROAD, Boston, MA",SAM,-71.15707080643625,42.29018867469417
"10 MILDRED AVENUE, Boston, MA",SAM,-71.09213084371028,42.27573494493582
"14 MILDRED AVENUE, Boston, MA",SAM,-71.09204295292233,42.27583107548949
"18 MILDRED AVENUE, Boston, MA",SAM,-71.09195506213439,42.27592720604317
"20 MILDRED AVENUE, Boston, MA",SAM,-71.09191111674042,42.275975271320014
"22 MILDRED AVENUE, Boston, MA",SAM,-71.09186717134642,42.27602333659684
"24 MILDRED AVENUE, Boston, MA",SAM,-71.09182322595245,42.27607140187367
"28 MILDRED AVENUE, Boston, MA",SAM,-71.0917353351645,42.27616753242734
"30 MILDRED AVENUE, Boston, MA",SAM,-71.09169138977052,42.27621559770417
"34 MILDRED AVENUE, Boston, MA",SAM,-71.09160349898256,42.276311728257845
"40 MILDRED AVENUE, Boston, MA",SAM,-71.09147393737021,42.27645633289817
"5 MILDRED AVENUE, Boston, MA",SAM,-71.09211244140234,42.27557269782248
"2 MILES STREET, Boston, MA",SAM,-71.0996236691429,42.31895352343
"10 MILFORD STREET, Boston, MA",SAM,-71.06928148526383,42.343757954705424
"11 MILFORD STREET, Boston, MA",SAM,-71.06894463451476,42.34372603514365
"12 MILFORD STREET, Boston, MA",SAM,-71.06931173200712,42.343772998062704
"14 MILFORD STREET, Boston, MA",SAM,-71.0693419787504,42.343788041419984
"15 MILFORD STREET, Boston, MA",SAM,-71.06910770763548,42.34380964532378
"16 MILFORD STREET, Boston, MA",SAM,-71.0693722254937,42.34380308477727
"17 MILFORD STREET, Boston, MA",SAM,-71.06914147144195,42.34382643790865
"18 MILFORD STREET, Boston, MA",SAM,-71.06940247223696,42.343818128134544
"19 MILFORD STREET, Boston, MA",SAM,-71.06917523524841,42.343843230493526
"2 MILFORD STREET, Boston, MA",SAM,-71.06916049829069,42.3436977812763
"20 MILFORD STREET, Boston, MA",SAM,-71.06943271898025,42.34383317149184
"21 MILFORD STREET, Boston, MA",SAM,-71.06920899905487,42.343860023078406
"22 MILFORD STREET, Boston, MA",SAM,-71.06946296572353,42.3438482148491
"23 MILFORD STREET, Boston, MA",SAM,-71.06924276286131,42.34387681566327
"25 MILFORD STREET, Boston, MA",SAM,-71.06927652666778,42.343893608248145
"26 MILFORD STREET, Boston, MA",SAM,-71.06952345921012,42.34387830156366
"27 MILFORD STREET, Boston, MA",SAM,-71.06931029047423,42.34391040083302
"29 MILFORD STREET, Boston, MA",SAM,-71.06934405428069,42.3439271934179
"30 MILFORD STREET, Boston, MA",SAM,-71.06958395269666,42.343908388278216
"31 MILFORD STREET, Boston, MA",SAM,-71.06937781808713,42.34394398600277
"32 MILFORD STREET, Boston, MA",SAM,-71.06961419943994,42.34392343163551
"33 MILFORD STREET, Boston, MA",SAM,-71.0694115818936,42.34396077858763
"34 MILFORD STREET, Boston, MA",SAM,-71.06964444618325,42.34393847499279
"36 MILFORD STREET, Boston, MA",SAM,-71.06967469292651,42.34395351835007
"37 MILFORD STREET, Boston, MA",SAM,-71.0694791095065,42.34399436375737
"39 MILFORD STREET, Boston, MA",SAM,-71.06951287331297,42.34401115634225
"4 MILFORD STREET, Boston, MA",SAM,-71.06919074503398,42.34371282463358
"41 MILFORD STREET, Boston, MA",SAM,-71.06954663711942,42.34402794892712
"43 MILFORD STREET, Boston, MA",SAM,-71.06958040092587,42.34404474151199
"45 MILFORD STREET, Boston, MA",SAM,-71.06961416473231,42.34406153409686
"47 MILFORD STREET, Boston, MA",SAM,-71.06964792853879,42.34407832668173
"49 MILFORD STREET, Boston, MA",SAM,-71.06968169234526,42.34409511926662
"51 MILFORD STREET, Boston, MA",SAM,-71.0697154561517,42.344111911851485
"6 MILFORD STREET, Boston, MA",SAM,-71.06922099177727,42.343727867990864
"9 MILFORD STREET, Boston, MA",SAM,-71.06891690116157,42.34371115382876
"1 MILK STREET, Boston, MA",SAM,-71.05869665304509,42.356913557405306
"100 MILK STREET, Boston, MA",SAM,-71.0543661027079,42.35774431841127
"116 MILK STREET, Boston, MA",SAM,-71.05427857438391,42.35781477851732
"146 MILK STREET, Boston, MA",SAM,-71.05411309571774,42.35796565613234
"147 MILK STREET, Boston, MA",SAM,-71.05437192018,42.357582319776746
"152 MILK STREET, Boston, MA",SAM,-71.05407999998451,42.35799583165534
"156 MILK STREET, Boston, MA",SAM,-71.05319330444591,42.35855853191386
"160 MILK STREET, Boston, MA",SAM,-71.05310712489835,42.358572602043154
"164 MILK STREET, Boston, MA",SAM,-71.05302094535077,42.35858667217242
"168 MILK STREET, Boston, MA",SAM,-71.05293476580322,42.35860074230171
"171 MILK STREET, Boston, MA",SAM,-71.05385069131663,42.35802152745793
"172 MILK STREET, Boston, MA",SAM,-71.05284858625565,42.35861481243101
"176 MILK STREET, Boston, MA",SAM,-71.05276192692666,42.35862894161719
"177 MILK STREET, Boston, MA",SAM,-71.05315984846239,42.358446639035364
"19 MILK STREET, Boston, MA",SAM,-71.0582909061901,42.35679038422072
"2 MILK STREET, Boston, MA",SAM,-71.05863772721091,42.35701955308266
"31 MILK STREET, Boston, MA",SAM,-71.05786634490413,42.35672899249273
"4 MILK STREET, Boston, MA",SAM,-71.05841231229147,42.356951123535666
"50 MILK STREET, Boston, MA",SAM,-71.05698637880008,42.35689288607539
"12 MILL STREET, Boston, MA",SAM,-71.0516537853267,42.30084922619493
"13 MILL STREET, Boston, MA",SAM,-71.05199547613425,42.300636129435695
"14 MILL STREET, Boston, MA",SAM,-71.0517443263319,42.300731248516996
"15 MILL STREET, Boston, MA",SAM,-71.05209392102446,42.3004938044361
"16 MILL STREET, Boston, MA",SAM,-71.05183486733708,42.30061327083909
"17 MILL STREET, Boston, MA",SAM,-71.05218091208324,42.30034610791058
"18 MILL STREET, Boston, MA",SAM,-71.05192032897321,42.300498961721935
"19 MILL STREET, Boston, MA",SAM,-71.05223742305296,42.30017951037438
"20 MILL STREET, Boston, MA",SAM,-71.05199668490937,42.300375617514305
"21 MILL STREET, Boston, MA",SAM,-71.05224139445801,42.300019744754145
"24 MILL STREET, Boston, MA",SAM,-71.05208366852833,42.30013826778947
"26 MILL STREET, Boston, MA",SAM,-71.05208514547824,42.300007451249506
"29 MILL STREET, Boston, MA",SAM,-71.05215721323874,42.29943423669347
"3 MILL STREET, Boston, MA",SAM,-71.05136773120614,42.30149378315877
"30 MILL STREET, Boston, MA",SAM,-71.05205947365812,42.29976203778663
"31 MILL STREET, Boston, MA",SAM,-71.05212501475278,42.299277115562745
"32 MILL STREET, Boston, MA",SAM,-71.05202037411637,42.29954308025042
"33 MILL STREET, Boston, MA",SAM,-71.05209280819724,42.29912116796453
"36 MILL STREET, Boston, MA",SAM,-71.05193321430451,42.29910728170952
"37 MILL STREET, Boston, MA",SAM,-71.0520283950862,42.2988092727681
"38 MILL STREET, Boston, MA",SAM,-71.05188812512677,42.29888895507202
"4 MILL STREET, Boston, MA",SAM,-71.05118788313621,42.30149478097208
"40 MILL STREET, Boston, MA",SAM,-71.051843035949,42.29867062843452
"41 MILL STREET, Boston, MA",SAM,-71.05197146521945,42.29853933695506
"42 MILL STREET, Boston, MA",SAM,-71.05181868189123,42.298558333415
"43 MILL STREET, Boston, MA",SAM,-71.05196214419969,42.29849832445164
"44 MILL STREET, Boston, MA",SAM,-71.0518090279779,42.29851585617933
"50 MILL STREET, Boston, MA",SAM,-71.05178006623785,42.29838842447231
"54 MILL STREET, Boston, MA",SAM,-71.05176075841118,42.29830347000094
"6 MILL STREET, Boston, MA",SAM,-71.05131752335859,42.301318185232816
"7 MILL STREET, Boston, MA",SAM,-71.05171542775543,42.30100471546848
"8 MILL STREET, Boston, MA",SAM,-71.05144790956459,42.30113478484897
"2 MILLER PARK, Boston, MA",SAM,-71.07415474823658,42.32331025428071
"4 MILLER PARK, Boston, MA",SAM,-71.07414786501379,42.32331484309615
"10 MILLET STREET, Boston, MA",SAM,-71.07757799825303,42.29651492831158
"104 MILLET STREET, Boston, MA",SAM,-71.07645466947606,42.29262406794616
"106 MILLET STREET, Boston, MA",SAM,-71.07643227526,42.29256480938718
"107 MILLET STREET, Boston, MA",SAM,-71.07656047362495,42.2924784039368
"11 MILLET STREET, Boston, MA",SAM,-71.07771331533846,42.29640275031999
"111 MILLET STREET, Boston, MA",SAM,-71.07650168880774,42.292322850219506
"112 MILLET STREET, Boston, MA",SAM,-71.07636509261175,42.29238703371026
"115 MILLET STREET, Boston, MA",SAM,-71.07644290399053,42.29216729650221
"116 MILLET STREET, Boston, MA",SAM,-71.07632030417957,42.29226851659233
"118 MILLET STREET, Boston, MA",SAM,-71.07629790996351,42.292209258033346
"119 MILLET STREET, Boston, MA",SAM,-71.0763841191733,42.292011742784894
"122 MILLET STREET, Boston, MA",SAM,-71.07625312153135,42.2920907409154
"123 MILLET STREET, Boston, MA",SAM,-71.07633093190702,42.29185670782957
"126 MILLET STREET, Boston, MA",SAM,-71.07620969997764,42.29197034045303
"127 MILLET STREET, Boston, MA",SAM,-71.07627790136819,42.29170002664195
"130 MILLET STREET, Boston, MA",SAM,-71.07616929575755,42.291850964310065
"134 MILLET STREET, Boston, MA",SAM,-71.07612889153746,42.291731588167146
"145 MILLET STREET, Boston, MA",SAM,-71.07603758044931,42.29111765580295
"149 MILLET STREET, Boston, MA",SAM,-71.07602508670871,42.29108903377094
"15 MILLET STREET, Boston, MA",SAM,-71.07767705892479,42.296209972228624
"152 MILLET STREET, Boston, MA",SAM,-71.07589178563089,42.291156577419166
"17 MILLET STREET, Boston, MA",SAM,-71.07765893071796,42.29611358318293
"28 MILLET STREET, Boston, MA",SAM,-71.07733869729279,42.29529171209069
"31 MILLET STREET, Boston, MA",SAM,-71.07754837486534,42.29553192146267
"32 MILLET STREET, Boston, MA",SAM,-71.07724231449734,42.29487569975753
"35 MILLET STREET, Boston, MA",SAM,-71.07751594039084,42.29538416435173
"36 MILLET STREET, Boston, MA",SAM,-71.05804079046277,42.29034096432024
"39 MILLET STREET, Boston, MA",SAM,-71.07748350591632,42.295236407240765
"42 MILLET STREET, Boston, MA",SAM,-71.07739777437139,42.295560841114224
"43 MILLET STREET, Boston, MA",SAM,-71.0774510714418,42.29508865012982
"46 MILLET STREET, Boston, MA",SAM,-71.07731900493326,42.295202002416204
"49 MILLET STREET, Boston, MA",SAM,-71.0773975519281,42.29486562944782
"5 MILLET STREET, Boston, MA",SAM,-71.07776769995893,42.29669191745707
"51 MILLET STREET, Boston, MA",SAM,-71.0773778553961,42.2947922150747
"52 MILLET STREET, Boston, MA",SAM,-71.07718650765672,42.29466769236705
"6 MILLET STREET, Boston, MA",SAM,-71.0776142546667,42.29670770640296
"65 MILLET STREET, Boston, MA",SAM,-71.07718518938505,42.29420594346202
"66 MILLET STREET, Boston, MA",SAM,-71.07698700362101,42.294093009465215
"68 MILLET STREET, Boston, MA",SAM,-71.0769605013993,42.29401513871495
"69 MILLET STREET, Boston, MA",SAM,-71.07712966092056,42.294042785699546
"74 MILLET STREET, Boston, MA",SAM,-71.07688099473424,42.29378152646412
"75 MILLET STREET, Boston, MA",SAM,-71.07704636822382,42.29379804905583
"77 MILLET STREET, Boston, MA",SAM,-71.07701860399159,42.293716470174594
"78 MILLET STREET, Boston, MA",SAM,-71.07682799029087,42.29362578496358
"81 MILLET STREET, Boston, MA",SAM,-71.0769630755271,42.29355331241213
"82 MILLET STREET, Boston, MA",SAM,-71.07677498584748,42.29347004346303
"85 MILLET STREET, Boston, MA",SAM,-71.07690754706262,42.29339015464965
"86 MILLET STREET, Boston, MA",SAM,-71.07671983799347,42.29331653993489
"89 MILLET STREET, Boston, MA",SAM,-71.07684620606689,42.293226336642796
"9 MILLET STREET, Boston, MA",SAM,-71.07773144354526,42.296499139365686
"90 MILLET STREET, Boston, MA",SAM,-71.07666042614234,42.293162069075485
"93 MILLET STREET, Boston, MA",SAM,-71.07678396507998,42.29306451002817
"94 MILLET STREET, Boston, MA",SAM,-71.07660101429116,42.29300759821605
"97 MILLET STREET, Boston, MA",SAM,-71.07672172409306,42.292902683413544
"98 MILLET STREET, Boston, MA",SAM,-71.07654160244002,42.29285312735665
"10 MILLMONT STREET, Boston, MA",SAM,-71.09199555415061,42.32823420040087
"12 MILLMONT STREET, Boston, MA",SAM,-71.09195088979727,42.32821858955503
"23 MILLMONT STREET, Boston, MA",SAM,-71.09176437731064,42.328023055683914
"29 MILLMONT STREET, Boston, MA",SAM,-71.09163611700825,42.327972757513926
"7 MILLMONT STREET, Boston, MA",SAM,-71.0921092011681,42.32814716974675
"10 MILLS STREET, Boston, MA",SAM,-71.08321649785425,42.32174592614096
"11 MILLS STREET, Boston, MA",SAM,-71.08337393474396,42.321751141162416
"12 MILLS STREET, Boston, MA",SAM,-71.08322366073914,42.321723004910666
"13 MILLS STREET, Boston, MA",SAM,-71.08338095144751,42.32172868771232
"14 MILLS STREET, Boston, MA",SAM,-71.083230823624,42.321700083680355
"16 MILLS STREET, Boston, MA",SAM,-71.08323798650889,42.32167716245005
"18 MILLS STREET, Boston, MA",SAM,-71.08324514939378,42.32165424121977
"2 MILLS STREET, Boston, MA",SAM,-71.08318784631473,42.32183761106214
"3 MILLS STREET, Boston, MA",SAM,-71.08334586792974,42.32184095496276
"4 MILLS STREET, Boston, MA",SAM,-71.08319500919961,42.32181468983187
"6 MILLS STREET, Boston, MA",SAM,-71.08320217208448,42.321791768601564
"7 MILLS STREET, Boston, MA",SAM,-71.08335990133683,42.3217960480626
"8 MILLS STREET, Boston, MA",SAM,-71.08320933496937,42.32176884737126
"9 MILLS STREET, Boston, MA",SAM,-71.0833669180404,42.32177359461249
"17 MILLSTONE ROAD, Boston, MA",SAM,-71.13386243588981,42.23378314075683
"19 MILLSTONE ROAD, Boston, MA",SAM,-71.13380749431191,42.233768182836286
"25 MILLSTONE ROAD, Boston, MA",SAM,-71.13364266957822,42.23372330907466
"30 MILLSTONE ROAD, Boston, MA",SAM,-71.13338998646444,42.23377780623686
"39 MILLSTONE ROAD, Boston, MA",SAM,-71.13284107258634,42.23351621208781
"46 MILLSTONE ROAD, Boston, MA",SAM,-71.1321282891425,42.23345757883969
"47 MILLSTONE ROAD, Boston, MA",SAM,-71.13235046941574,42.23339197783745
"54 MILLSTONE ROAD, Boston, MA",SAM,-71.13175949050596,42.23336580403807
"55 MILLSTONE ROAD, Boston, MA",SAM,-71.13193557094962,42.23328873118563
"59 MILLSTONE ROAD, Boston, MA",SAM,-71.13172812171656,42.233237107859715
"63 MILLSTONE ROAD, Boston, MA",SAM,-71.13147823479468,42.23317459213039
"64 MILLSTONE ROAD, Boston, MA",SAM,-71.13100408667225,42.23317556199631
"67 MILLSTONE ROAD, Boston, MA",SAM,-71.13091285403206,42.23303132818687
"70 MILLSTONE ROAD, Boston, MA",SAM,-71.13043248632103,42.233029238678434
"71 MILLSTONE ROAD, Boston, MA",SAM,-71.13048612761504,42.23292175054628
"72 MILLSTONE ROAD, Boston, MA",SAM,-71.13037471293728,42.23301343274845
"75 MILLSTONE ROAD, Boston, MA",SAM,-71.13037058084754,42.23289013868626
"100 MILTON AVENUE, Boston, MA",SAM,-71.11235162983425,42.25151438461561
"102 MILTON AVENUE, Boston, MA",SAM,-71.11224535740006,42.25140811215727
"103 MILTON AVENUE, Boston, MA",SAM,-71.11218911838645,42.251162795020946
"104 MILTON AVENUE, Boston, MA",SAM,-71.11213908496588,42.25130183969893
"107 MILTON AVENUE, Boston, MA",SAM,-71.11204210188515,42.25102410017706
"108 MILTON AVENUE, Boston, MA",SAM,-71.11192030659781,42.25109483583286
"111 MILTON AVENUE, Boston, MA",SAM,-71.11189508538384,42.250885405333186
"120 MILTON AVENUE, Boston, MA",SAM,-71.11117796358917,42.25040735931704
"123 MILTON AVENUE, Boston, MA",SAM,-71.11139870848729,42.250432674175634
"125 MILTON AVENUE, Boston, MA",SAM,-71.11132060022094,42.250356840890134
"127 MILTON AVENUE, Boston, MA",SAM,-71.11124249195457,42.25028100760465
"131 MILTON AVENUE, Boston, MA",SAM,-71.11107359773018,42.25011438708778
"135 MILTON AVENUE, Boston, MA",SAM,-71.11089879597704,42.24993428827073
"136 MILTON AVENUE, Boston, MA",SAM,-71.11064085420094,42.24986957695495
"139 MILTON AVENUE, Boston, MA",SAM,-71.11071672735746,42.24975533820563
"143 MILTON AVENUE, Boston, MA",SAM,-71.11053227477606,42.24958059361536
"147 MILTON AVENUE, Boston, MA",SAM,-71.11034688191513,42.24940313568616
"149 MILTON AVENUE, Boston, MA",SAM,-71.1103301458138,42.24938661693304
"150 MILTON AVENUE, Boston, MA",SAM,-71.11022303483703,42.249471888321025
"165 MILTON AVENUE, Boston, MA",SAM,-71.11019625700314,42.24925446690811
"38 MILTON AVENUE, Boston, MA",SAM,-71.1146284819903,42.25371037800279
"44 MILTON AVENUE, Boston, MA",SAM,-71.114548418058,42.25364113350525
"45 MILTON AVENUE, Boston, MA",SAM,-71.11466604036225,42.25356662467101
"47 MILTON AVENUE, Boston, MA",SAM,-71.11456944907961,42.25347985485551
"54 MILTON AVENUE, Boston, MA",SAM,-71.11416914701347,42.25329065736589
"56 MILTON AVENUE, Boston, MA",SAM,-71.11409939685004,42.25322555719864
"57 MILTON AVENUE, Boston, MA",SAM,-71.11424752524826,42.25317939254512
"58 MILTON AVENUE, Boston, MA",SAM,-71.11402964668656,42.253160457031385
"60 MILTON AVENUE, Boston, MA",SAM,-71.11395989652311,42.253095356864144
"64 MILTON AVENUE, Boston, MA",SAM,-71.11382233355809,42.252960692226864
"75 MILTON AVENUE, Boston, MA",SAM,-71.11344799204183,42.252399776285316
"79 MILTON AVENUE, Boston, MA",SAM,-71.11325602994718,42.25220954073505
"80 MILTON AVENUE, Boston, MA",SAM,-71.11305822166216,42.25220367430168
"82 MILTON AVENUE, Boston, MA",SAM,-71.11298923873365,42.2521378998666
"85 MILTON AVENUE, Boston, MA",SAM,-71.11295823270586,42.25192146564975
"92 MILTON AVENUE, Boston, MA",SAM,-71.11264451666439,42.25180727179155
"95 MILTON AVENUE, Boston, MA",SAM,-71.11247606166502,42.25144620888405
"101 MILTON AVENUE, Boston, MA",SAM,-71.11226351679665,42.25123366396738
"105 MILTON AVENUE, Boston, MA",SAM,-71.1121156101358,42.25109344759902
"109 MILTON AVENUE, Boston, MA",SAM,-71.1119685936345,42.25095475275512
"110 MILTON AVENUE, Boston, MA",SAM,-71.11181004422183,42.250990814699946
"112 MILTON AVENUE, Boston, MA",SAM,-71.11169978184586,42.25088679356706
"115 MILTON AVENUE, Boston, MA",SAM,-71.11171961705706,42.250725473573
"116 MILTON AVENUE, Boston, MA",SAM,-71.11145134252143,42.25067277581628
"118 MILTON AVENUE, Boston, MA",SAM,-71.11131465305532,42.250540067566654
"121 MILTON AVENUE, Boston, MA",SAM,-71.11147681675364,42.250508507461106
"122 MILTON AVENUE, Boston, MA",SAM,-71.11104127412304,42.250274651067436
"129 MILTON AVENUE, Boston, MA",SAM,-71.1111643836882,42.25020517431916
"137 MILTON AVENUE, Boston, MA",SAM,-71.11080895364817,42.24984271050076
"14 MILTON AVENUE, Boston, MA",SAM,-71.1149380673439,42.25398958825269
"145 MILTON AVENUE, Boston, MA",SAM,-71.11044004848539,42.2494932213202
"157 MILTON AVENUE, Boston, MA",SAM,-71.11026320140847,42.249320541920575
"16 MILTON AVENUE, Boston, MA",SAM,-71.11491317790217,42.25396543084789
"161 MILTON AVENUE, Boston, MA",SAM,-71.1102297292058,42.24928750441435
"169 MILTON AVENUE, Boston, MA",SAM,-71.11016278480048,42.2492214294019
"173 MILTON AVENUE, Boston, MA",SAM,-71.1101293125978,42.24918839189567
"177 MILTON AVENUE, Boston, MA",SAM,-71.11009584039513,42.24915535438946
"19 MILTON AVENUE, Boston, MA",SAM,-71.1149966867147,42.25385751134815
"190 MILTON AVENUE, Boston, MA",SAM,-71.10986065381454,42.249113405689904
"20 MILTON AVENUE, Boston, MA",SAM,-71.11486339901869,42.25391711603831
"21 MILTON AVENUE, Boston, MA",SAM,-71.11497292861124,42.253834452007226
"23 MILTON AVENUE, Boston, MA",SAM,-71.11494626412527,42.25380898041234
"24 MILTON AVENUE, Boston, MA",SAM,-71.11481529783231,42.253871948497
"26 MILTON AVENUE, Boston, MA",SAM,-71.11478860985487,42.253848866997835
"27 MILTON AVENUE, Boston, MA",SAM,-71.11489531435016,42.25376491573209
"28 MILTON AVENUE, Boston, MA",SAM,-71.11476192187746,42.25382578549866
"29 MILTON AVENUE, Boston, MA",SAM,-71.11486983946261,42.25374288339197
"30 MILTON AVENUE, Boston, MA",SAM,-71.1147352339,42.253802703999476
"31 MILTON AVENUE, Boston, MA",SAM,-71.11484436457508,42.25372085105185
"33 MILTON AVENUE, Boston, MA",SAM,-71.11481888968753,42.25369881871174
"34 MILTON AVENUE, Boston, MA",SAM,-71.11468185794516,42.25375654100113
"35 MILTON AVENUE, Boston, MA",SAM,-71.11479341479998,42.25367678637161
"36 MILTON AVENUE, Boston, MA",SAM,-71.11465516996772,42.25373345950196
"37 MILTON AVENUE, Boston, MA",SAM,-71.11476793991244,42.253654754031494
"4 MILTON AVENUE, Boston, MA",SAM,-71.11506251455253,42.25411037527671
"41 MILTON AVENUE, Boston, MA",SAM,-71.11471699013734,42.25361068935125
"43 MILTON AVENUE, Boston, MA",SAM,-71.11469151524979,42.25358865701112
"53 MILTON AVENUE, Boston, MA",SAM,-71.1143762947808,42.25329957746928
"55 MILTON AVENUE, Boston, MA",SAM,-71.11431191001454,42.25323948500719
"59 MILTON AVENUE, Boston, MA",SAM,-71.114183140482,42.253119300083036
"61 MILTON AVENUE, Boston, MA",SAM,-71.11411875571572,42.253059207620964
"63 MILTON AVENUE, Boston, MA",SAM,-71.11405437094948,42.252999115158865
"65 MILTON AVENUE, Boston, MA",SAM,-71.11399339643273,42.25294049736618
"66 MILTON AVENUE, Boston, MA",SAM,-71.1137568022224,42.25289323348355
"67 MILTON AVENUE, Boston, MA",SAM,-71.11393290596902,42.25287822775697
"69 MILTON AVENUE, Boston, MA",SAM,-71.1138724155053,42.25281595814777
"70 MILTON AVENUE, Boston, MA",SAM,-71.11362573955101,42.25275831599695
"71 MILTON AVENUE, Boston, MA",SAM,-71.11381192504157,42.252753688538576
"72 MILTON AVENUE, Boston, MA",SAM,-71.11332754358101,42.25247176675294
"73 MILTON AVENUE, Boston, MA",SAM,-71.11375143457786,42.25269141892938
"77 MILTON AVENUE, Boston, MA",SAM,-71.11335126676187,42.25230699238157
"78 MILTON AVENUE, Boston, MA",SAM,-71.1131232683034,42.25226920645126
"81 MILTON AVENUE, Boston, MA",SAM,-71.11315751672156,42.25211148068442
"83 MILTON AVENUE, Boston, MA",SAM,-71.1130578747137,42.25201647316709
"84 MILTON AVENUE, Boston, MA",SAM,-71.11292025580515,42.25207212543151
"87 MILTON AVENUE, Boston, MA",SAM,-71.11285859069804,42.25182645813242
"90 MILTON AVENUE, Boston, MA",SAM,-71.11271330701963,42.251874802126295
"93 MILTON AVENUE, Boston, MA",SAM,-71.11256816656568,42.25153831352643
"96 MILTON AVENUE, Boston, MA",SAM,-71.11251066153608,42.251673416632805
"10 MILTON STREET, Boston, MA",SAM,-71.1323847009603,42.23922242512232
"59 MILTON STREET, Boston, MA",SAM,-71.13314249972073,42.23957028851603
"1 MILTON STREET, Boston, MA",SAM,-71.13218937098193,42.23928148140444
"102 MILTON STREET, Boston, MA",SAM,-71.05508146555061,42.28035954707162
"115 MILTON STREET, Boston, MA",SAM,-71.05424253145819,42.280393851102204
"116 MILTON STREET, Boston, MA",SAM,-71.05436663304584,42.280484263666
"119 MILTON STREET, Boston, MA",SAM,-71.05414164314308,42.28041842646085
"120 MILTON STREET, Boston, MA",SAM,-71.05418167113483,42.28052931849016
"124 MILTON STREET, Boston, MA",SAM,-71.05394231737968,42.28058777122965
"126 MILTON STREET, Boston, MA",SAM,-71.05381781633066,42.28061835043449
"127 MILTON STREET, Boston, MA",SAM,-71.05376901801877,42.28050959508486
"130 MILTON STREET, Boston, MA",SAM,-71.05356881423268,42.28067950884412
"131 MILTON STREET, Boston, MA",SAM,-71.05352001592077,42.2805707534945
"133 MILTON STREET, Boston, MA",SAM,-71.05339551487178,42.28060133269933
"134 MILTON STREET, Boston, MA",SAM,-71.05331981213469,42.28074066725378
"136 MILTON STREET, Boston, MA",SAM,-71.05317449855299,42.28077738169392
"137 MILTON STREET, Boston, MA",SAM,-71.05312319382357,42.28066925957872
"138 MILTON STREET, Boston, MA",SAM,-71.05303778337412,42.280812892129994
"139 MILTON STREET, Boston, MA",SAM,-71.05301382168048,42.28069766792757
"140 MILTON STREET, Boston, MA",SAM,-71.05290106819524,42.280848402566065
"141 MILTON STREET, Boston, MA",SAM,-71.05290444953738,42.28072607627643
"142 MILTON STREET, Boston, MA",SAM,-71.05276435301639,42.28088391300214
"143 MILTON STREET, Boston, MA",SAM,-71.05279507739426,42.280754484625284
"146 MILTON STREET, Boston, MA",SAM,-71.05247719943377,42.280955766745784
"149 MILTON STREET, Boston, MA",SAM,-71.0524323764707,42.280846078734626
"151 MILTON STREET, Boston, MA",SAM,-71.05189663265998,42.28096591616387
"152 MILTON STREET, Boston, MA",SAM,-71.05215575314732,42.28102766920334
"155 MILTON STREET, Boston, MA",SAM,-71.0516588051216,42.281016952516865
"158 MILTON STREET, Boston, MA",SAM,-71.05179162585594,42.281108130620986
"16 MILTON STREET, Boston, MA",SAM,-71.13247959266222,42.239253654720144
"160 MILTON STREET, Boston, MA",SAM,-71.0516559792667,42.281136687796916
"163 MILTON STREET, Boston, MA",SAM,-71.05129540372684,42.281096524774675
"167 MILTON STREET, Boston, MA",SAM,-71.05105987047901,42.28115208687022
"168 MILTON STREET, Boston, MA",SAM,-71.05110471074941,42.28126177105008
"171 MILTON STREET, Boston, MA",SAM,-71.05081224633803,42.28120749926441
"172 MILTON STREET, Boston, MA",SAM,-71.05060946246745,42.281372595838484
"175 MILTON STREET, Boston, MA",SAM,-71.05056462219704,42.28126291165862
"176 MILTON STREET, Boston, MA",SAM,-71.05034975952417,42.28143785271156
"177 MILTON STREET, Boston, MA",SAM,-71.05041407054296,42.28129944980413
"179 MILTON STREET, Boston, MA",SAM,-71.05018207694398,42.2813602100325
"18 MILTON STREET, Boston, MA",SAM,-71.13251276785668,42.23926370781198
"180 MILTON STREET, Boston, MA",SAM,-71.05008714477053,42.28150625500249
"181 MILTON STREET, Boston, MA",SAM,-71.05003636457134,42.281397997283456
"182 MILTON STREET, Boston, MA",SAM,-71.0499832096211,42.28153294105435
"183 MILTON STREET, Boston, MA",SAM,-71.04986313932227,42.281442474036545
"184 MILTON STREET, Boston, MA",SAM,-71.04987927447165,42.28155962710618
"185 MILTON STREET, Boston, MA",SAM,-71.0496899140732,42.28148695078962
"187 MILTON STREET, Boston, MA",SAM,-71.04951668882411,42.281531427542724
"189 MILTON STREET, Boston, MA",SAM,-71.04937094103254,42.281568130484295
"191 MILTON STREET, Boston, MA",SAM,-71.04927392764414,42.281592084407244
"192 MILTON STREET, Boston, MA",SAM,-71.04941997333005,42.28167682841205
"195 MILTON STREET, Boston, MA",SAM,-71.04907990086734,42.28163999225311
"200 MILTON STREET, Boston, MA",SAM,-71.04883789299966,42.28182055194963
"201 MILTON STREET, Boston, MA",SAM,-71.04878886070215,42.28171185402188
"202 MILTON STREET, Boston, MA",SAM,-71.04869236667184,42.28185733415966
"204 MILTON STREET, Boston, MA",SAM,-71.04868453772258,42.281859358887914
"205 MILTON STREET, Boston, MA",SAM,-71.04863342836862,42.28175118594623
"209 MILTON STREET, Boston, MA",SAM,-71.04861777047007,42.281755235402755
"36 MILTON STREET, Boston, MA",SAM,-71.1328113446068,42.23935418563862
"42 MILTON STREET, Boston, MA",SAM,-71.13291087019017,42.23938434491415
"5 MILTON STREET, Boston, MA",SAM,-71.13225165259479,42.23930295782803
"64 MILTON STREET, Boston, MA",SAM,-71.13322659460553,42.23947014964064
"68 MILTON STREET, Boston, MA",SAM,-71.13325037006943,42.23947594853592
"80 MILTON STREET, Boston, MA",SAM,-71.1334394222042,42.23952415199673
"84 MILTON STREET, Boston, MA",SAM,-71.1334394222042,42.23952415199673
"86 MILTON STREET, Boston, MA",SAM,-71.13356912524858,42.23955113954009
"88 MILTON STREET, Boston, MA",SAM,-71.13358705649065,42.239554434563935
"9 MILTON STREET, Boston, MA",SAM,-71.13231393420763,42.23932443425162
"90 MILTON STREET, Boston, MA",SAM,-71.13361213813894,42.239557474764986
"92 MILTON STREET, Boston, MA",SAM,-71.13363721978726,42.23956051496603
"94 MILTON STREET, Boston, MA",SAM,-71.13366230143556,42.23956355516706
"96 MILTON STREET, Boston, MA",SAM,-71.13368738308388,42.23956659536811
"1 MILTON TERRACE, Boston, MA",SAM,-71.11444775512705,42.25355406458577
"10 MILTON TERRACE, Boston, MA",SAM,-71.11447434597919,42.25368803845859
"18 MILTON TERRACE, Boston, MA",SAM,-71.11440028476409,42.25373494389717
"2 MILTON TERRACE, Boston, MA",SAM,-71.11454840719429,42.25364113302
"5 MILTON TERRACE, Boston, MA",SAM,-71.11441148024619,42.25357703867813
"6 MILTON TERRACE, Boston, MA",SAM,-71.11451137658673,42.253664585739294
"9 MILTON TERRACE, Boston, MA",SAM,-71.11437520536533,42.25360001277051
"100 MILTON STREET, Boston, MA",SAM,-71.05518148384093,42.280348535885445
"105 MILTON STREET, Boston, MA",SAM,-71.05449475224593,42.280332412705626
"109 MILTON STREET, Boston, MA",SAM,-71.05439386393083,42.280356988064256
"113 MILTON STREET, Boston, MA",SAM,-71.05429297561572,42.28038156342291
"15 MILTON STREET, Boston, MA",SAM,-71.13241128427181,42.239356774237685
"17 MILTON STREET, Boston, MA",SAM,-71.13244307716651,42.23936640845071
"2 MILTON STREET, Boston, MA",SAM,-71.13225472194218,42.239177604760066
"21 MILTON STREET, Boston, MA",SAM,-71.13250666295588,42.23938567687676
"24 MILTON STREET, Boston, MA",SAM,-71.13261229344006,42.239293867087525
"25 MILTON STREET, Boston, MA",SAM,-71.13257024874527,42.23940494530279
"27 MILTON STREET, Boston, MA",SAM,-71.13260204163993,42.23941457951581
"28 MILTON STREET, Boston, MA",SAM,-71.13267864382898,42.23931397327122
"29 MILTON STREET, Boston, MA",SAM,-71.13263383453462,42.23942421372882
"3 MILTON STREET, Boston, MA",SAM,-71.13222051178838,42.239292219616225
"33 MILTON STREET, Boston, MA",SAM,-71.132697420324,42.23944348215487
"34 MILTON STREET, Boston, MA",SAM,-71.13277816941235,42.23934413254677
"35 MILTON STREET, Boston, MA",SAM,-71.1327292132187,42.23945311636789
"37 MILTON STREET, Boston, MA",SAM,-71.13276100611338,42.23946275058091
"38 MILTON STREET, Boston, MA",SAM,-71.13284451980125,42.239364238730474
"39 MILTON STREET, Boston, MA",SAM,-71.13279279900806,42.23947238479393
"40 MILTON STREET, Boston, MA",SAM,-71.13287769499573,42.239374291822294
"44 MILTON STREET, Boston, MA",SAM,-71.13294404538463,42.239394398006006
"45 MILTON STREET, Boston, MA",SAM,-71.13288817769214,42.239501287432994
"46 MILTON STREET, Boston, MA",SAM,-71.1329772205791,42.23940445109785
"48 MILTON STREET, Boston, MA",SAM,-71.13301039577355,42.239414504189696
"49 MILTON STREET, Boston, MA",SAM,-71.13295176348151,42.23952055585903
"51 MILTON STREET, Boston, MA",SAM,-71.13309494879294,42.23955869072547
"52 MILTON STREET, Boston, MA",SAM,-71.13315526821383,42.239452752954826
"53 MILTON STREET, Boston, MA",SAM,-71.13310683652489,42.239561590173096
"54 MILTON STREET, Boston, MA",SAM,-71.1331671559458,42.23945565240246
"55 MILTON STREET, Boston, MA",SAM,-71.13311872425685,42.23956448962075
"56 MILTON STREET, Boston, MA",SAM,-71.13317904367774,42.23945855185009
"57 MILTON STREET, Boston, MA",SAM,-71.13313061198879,42.239567389068384
"60 MILTON STREET, Boston, MA",SAM,-71.13320281914163,42.239464350745344
"61 MILTON STREET, Boston, MA",SAM,-71.13315438745269,42.23957318796364
"63 PINEFIELD LANE, Boston, MA",SAM,-71.13895748569567,42.24003530009783
"65 MILTON STREET, Boston, MA",SAM,-71.1331781629166,42.23957898685893
"66 MILTON STREET, Boston, MA",SAM,-71.13323848233749,42.23947304908829
"69 MILTON STREET, Boston, MA",SAM,-71.13320193838048,42.239584785754204
"71 MILTON STREET, Boston, MA",SAM,-71.13321382611245,42.239587685201826
"72 MILTON STREET, Boston, MA",SAM,-71.13327414553333,42.23948174743118
"75 MILTON STREET, Boston, MA",SAM,-71.13323503031884,42.23959290394263
"77 MILTON STREET, Boston, MA",SAM,-71.1332467750003,42.23959610703844
"79 MILTON STREET, Boston, MA",SAM,-71.1332585196817,42.23959931013424
"82 MILTON STREET, Boston, MA",SAM,-71.1334394222042,42.23952415199673
"89 MILTON STREET, Boston, MA",SAM,-71.13356204776436,42.23966752029756
"95 MILTON STREET, Boston, MA",SAM,-71.13363729270927,42.23967664090067
"97 MILTON STREET, Boston, MA",SAM,-71.13366237435758,42.23967968110171
"12 MILWOOD STREET, Boston, MA",SAM,-71.05765644865144,42.281856652311944
"15 MILWOOD STREET, Boston, MA",SAM,-71.0577859976211,42.28165195815069
"16 MILWOOD STREET, Boston, MA",SAM,-71.05763621769242,42.28169750200583
"17 MILWOOD STREET, Boston, MA",SAM,-71.0577752499241,42.281567409550554
"20 MILWOOD STREET, Boston, MA",SAM,-71.05761598673335,42.28153835169971
"21 MILWOOD STREET, Boston, MA",SAM,-71.0577537545301,42.28139831235031
"24 MILWOOD STREET, Boston, MA",SAM,-71.0575957557743,42.281379201393605
"25 MILWOOD STREET, Boston, MA",SAM,-71.0577322591361,42.28122921515008
"28 MILWOOD STREET, Boston, MA",SAM,-71.05757552481526,42.28122005108749
"29 MILWOOD STREET, Boston, MA",SAM,-71.05771076374211,42.28106011794983
"32 MILWOOD STREET, Boston, MA",SAM,-71.0575552938562,42.28106090078139
"33 MILWOOD STREET, Boston, MA",SAM,-71.05768926834813,42.2808910207496
"36 MILWOOD STREET, Boston, MA",SAM,-71.05753506289716,42.280901750475266
"42 MILWOOD STREET, Boston, MA",SAM,-71.05751606166167,42.28074822789738
"43 MILWOOD STREET, Boston, MA",SAM,-71.0576661433177,42.28070365119608
"45 MILWOOD STREET, Boston, MA",SAM,-71.05766390582961,42.280685280229804
"46 MILWOOD STREET, Boston, MA",SAM,-71.05751128835372,42.280709036502614
"47 MILWOOD STREET, Boston, MA",SAM,-71.05766166834148,42.28066690926351
"49 MILWOOD STREET, Boston, MA",SAM,-71.05765943085339,42.28064853829721
"50 MILWOOD STREET, Boston, MA",SAM,-71.05750651504574,42.280669845107866
"56 MILWOOD STREET, Boston, MA",SAM,-71.0574993550838,42.28061105801573
"6 MILWOOD TERRACE, Boston, MA",SAM,-71.0574844444801,42.28090480745549
"8 MILWOOD TERRACE, Boston, MA",SAM,-71.05745934049266,42.28090646266288
"104 MINDEN STREET, Boston, MA",SAM,-71.10520154341151,42.3250861320768
"106 MINDEN STREET, Boston, MA",SAM,-71.10532812264056,42.32510867359073
"108 MINDEN STREET, Boston, MA",SAM,-71.10545470186959,42.32513121510465
"116 MINDEN STREET, Boston, MA",SAM,-71.10571382928374,42.32517896204907
"124 MINDEN STREET, Boston, MA",SAM,-71.10585758060297,42.325205816699714
"126 MINDEN STREET, Boston, MA",SAM,-71.1058935184328,42.32521253036237
"130 MINDEN STREET, Boston, MA",SAM,-71.1059653940924,42.325225957687685
"134 MINDEN STREET, Boston, MA",SAM,-71.10603726975204,42.32523938501302
"136 MINDEN STREET, Boston, MA",SAM,-71.10607320758183,42.325246098675684
"142 MINDEN STREET, Boston, MA",SAM,-71.10618102107125,42.32526623966367
"148 MINDEN STREET, Boston, MA",SAM,-71.10628883456067,42.32528638065167
"82 MINDEN STREET, Boston, MA",SAM,-71.10473335512933,42.325003952523126
"83 MINDEN STREET, Boston, MA",SAM,-71.10533574325014,42.325227899438495
"85 MINDEN STREET, Boston, MA",SAM,-71.10534607624842,42.32522973956208
"87 MINDEN STREET, Boston, MA",SAM,-71.10535640924672,42.32523157968567
"89 MINDEN STREET, Boston, MA",SAM,-71.10536674224501,42.325233419809244
"91 MINDEN STREET, Boston, MA",SAM,-71.1053770752433,42.32523525993284
"1 MINNIE COURT, Boston, MA",SAM,-71.03988740953291,42.33423303522659
"2 MINNIE COURT, Boston, MA",SAM,-71.03988740952627,42.33434762660195
"10 MINOT STREET, Boston, MA",SAM,-71.04456773909847,42.28628484524548
"102 MINOT STREET, Boston, MA",SAM,-71.05033965648208,42.28476606960431
"103 MINOT STREET, Boston, MA",SAM,-71.05094932016554,42.28473042336038
"107 MINOT STREET, Boston, MA",SAM,-71.05112996782687,42.28468397110465
"110 MINOT STREET, Boston, MA",SAM,-71.05080814310219,42.28464541014042
"113 MINOT STREET, Boston, MA",SAM,-71.05140093931887,42.284614292721066
"114 MINOT STREET, Boston, MA",SAM,-71.05122965431194,42.28453702154375
"116 MINOT STREET, Boston, MA",SAM,-71.05145011392398,42.284486902687775
"118 MINOT STREET, Boston, MA",SAM,-71.05159318486274,42.28445716109422
"119 MINOT STREET, Boston, MA",SAM,-71.05172351779733,42.28454635148237
"12 MINOT STREET, Boston, MA",SAM,-71.04466042302691,42.28626051124105
"120 MINOT STREET, Boston, MA",SAM,-71.05183493527035,42.28439491527639
"122 MINOT STREET, Boston, MA",SAM,-71.05207776919731,42.28432553415373
"123 MINOT STREET, Boston, MA",SAM,-71.0518907374301,42.28450181177099
"126 MINOT STREET, Boston, MA",SAM,-71.05235546821301,42.28424736425094
"127 MINOT STREET, Boston, MA",SAM,-71.05205262671473,42.28445555768923
"128 MINOT STREET, Boston, MA",SAM,-71.0524880022596,42.28421025471759
"132 MINOT STREET, Boston, MA",SAM,-71.05275307035272,42.284136035650945
"135 MINOT STREET, Boston, MA",SAM,-71.05241029519034,42.28435453648839
"136 MINOT STREET, Boston, MA",SAM,-71.0529651954369,42.28408948496819
"139 MINOT STREET, Boston, MA",SAM,-71.05254282923693,42.28431742695505
"140 MINOT STREET, Boston, MA",SAM,-71.05307711015402,42.28406876002151
"143 MINOT STREET, Boston, MA",SAM,-71.05267536328348,42.284280317421725
"144 MINOT STREET, Boston, MA",SAM,-71.05318902487116,42.28404803507483
"147 MINOT STREET, Boston, MA",SAM,-71.05280789733004,42.284243207888395
"148 MINOT STREET, Boston, MA",SAM,-71.05337706197952,42.284003386089445
"151 MINOT STREET, Boston, MA",SAM,-71.05297737109746,42.28420535690308
"152 MINOT STREET, Boston, MA",SAM,-71.05345863621667,42.28397573380498
"155 MINOT STREET, Boston, MA",SAM,-71.05303841548861,42.284194052386724
"156 MINOT STREET, Boston, MA",SAM,-71.05354021045382,42.28394808152054
"16 MINOT STREET, Boston, MA",SAM,-71.04484579088381,42.28621184323224
"160 MINOT STREET, Boston, MA",SAM,-71.05362968658916,42.28392178057535
"164 MINOT STREET, Boston, MA",SAM,-71.05371415822472,42.28389939050322
"168 MINOT STREET, Boston, MA",SAM,-71.05379862986027,42.283877000431104
"172 MINOT STREET, Boston, MA",SAM,-71.05388310149583,42.28385461035898
"173 MINOT STREET, Boston, MA",SAM,-71.05463272991932,42.28380794342729
"176 MINOT STREET, Boston, MA",SAM,-71.05397151464813,42.28383191039741
"177 MINOT STREET, Boston, MA",SAM,-71.05478171491167,42.283783619348554
"181 MINOT STREET, Boston, MA",SAM,-71.05493069990396,42.2837592952698
"185 MINOT STREET, Boston, MA",SAM,-71.05507847820152,42.28373645827147
"20 MINOT STREET, Boston, MA",SAM,-71.04503115874067,42.28616317522343
"220 MINOT STREET, Boston, MA",SAM,-71.05625174079661,42.28351804539877
"221 MINOT STREET, Boston, MA",SAM,-71.05648608495996,42.28363263678158
"227 MINOT STREET, Boston, MA",SAM,-71.0567097771222,42.28363263678871
"228 MINOT STREET, Boston, MA",SAM,-71.05659260504383,42.283518045409636
"229 MINOT STREET, Boston, MA",SAM,-71.05678434117627,42.28363263679108
"230 MINOT STREET, Boston, MA",SAM,-71.05667782110564,42.28351804541236
"233 MINOT STREET, Boston, MA",SAM,-71.05693346928443,42.28363263679583
"234 MINOT STREET, Boston, MA",SAM,-71.05684825322925,42.28351804541778
"235 MINOT STREET, Boston, MA",SAM,-71.05709218050087,42.2836296628622
"239 MINOT STREET, Boston, MA",SAM,-71.05725369716968,42.283623605991444
"24 MINOT STREET, Boston, MA",SAM,-71.04521652659756,42.286114507214606
"241 MINOT STREET, Boston, MA",SAM,-71.05733445550409,42.283620577556086
"243 MINOT STREET, Boston, MA",SAM,-71.05741521383848,42.28361754912071
"246 MINOT STREET, Boston, MA",SAM,-71.05753658622169,42.28349825919668
"25 MINOT STREET, Boston, MA",SAM,-71.04562575979153,42.28613024954506
"250 MINOT STREET, Boston, MA",SAM,-71.05780583803701,42.28348923918314
"256 MINOT STREET, Boston, MA",SAM,-71.05805031336325,42.283483441356324
"257 MINOT STREET, Boston, MA",SAM,-71.05811639470986,42.283596524421554
"260 MINOT STREET, Boston, MA",SAM,-71.05821329691406,42.28347957613844
"264 MINOT STREET, Boston, MA",SAM,-71.05837628046486,42.28347571092057
"265 MINOT STREET, Boston, MA",SAM,-71.05852385358688,42.28358686137686
"268 MINOT STREET, Boston, MA",SAM,-71.05853926401569,42.283471845702685
"269 MINOT STREET, Boston, MA",SAM,-71.0587275830254,42.28358202985449
"273 MINOT STREET, Boston, MA",SAM,-71.05893272959077,42.28357632207021
"275 MINOT STREET, Boston, MA",SAM,-71.05903451428462,42.283572481141086
"277 MINOT STREET, Boston, MA",SAM,-71.05919094036791,42.2835651855946
"278 MINOT STREET, Boston, MA",SAM,-71.0589451964034,42.28346111129071
"28 MINOT STREET, Boston, MA",SAM,-71.04574184083943,42.28597832431894
"281 MINOT STREET, Boston, MA",SAM,-71.05923638019743,42.283562661160744
"287 MINOT STREET, Boston, MA",SAM,-71.05930985778757,42.28355688458471
"288 MINOT STREET, Boston, MA",SAM,-71.05925102715231,42.28344693344186
"29 MINOT STREET, Boston, MA",SAM,-71.04573758318503,42.28610098734862
"291 MINOT STREET, Boston, MA",SAM,-71.05935493367998,42.28355194476167
"295 MINOT STREET, Boston, MA",SAM,-71.0594000095724,42.28354700493866
"296 MINOT STREET, Boston, MA",SAM,-71.05934039805014,42.283437696036
"299 MINOT STREET, Boston, MA",SAM,-71.0594450854648,42.283542065115604
"30 MINOT STREET, Boston, MA",SAM,-71.04590957592967,42.28593443102426
"300 MINOT STREET, Boston, MA",SAM,-71.05938780545421,42.28343250070489
"301 MINOT STREET, Boston, MA",SAM,-71.05946762341101,42.2835395952041
"303 MINOT STREET, Boston, MA",SAM,-71.0594901613572,42.28353712529257
"304 MINOT STREET, Boston, MA",SAM,-71.0594352128583,42.28342730537375
"32 MINOT STREET, Boston, MA",SAM,-71.04605657574639,42.285896564644965
"33 MINOT STREET, Boston, MA",SAM,-71.04584940657853,42.28607172515217
"34 MINOT STREET, Boston, MA",SAM,-71.04614306040553,42.28587463895678
"36 MINOT STREET, Boston, MA",SAM,-71.04622954506466,42.28585271326861
"39 MINOT STREET, Boston, MA",SAM,-71.04642737375981,42.28592228096569
"4 MINOT STREET, Boston, MA",SAM,-71.04428968731315,42.28635784725872
"42 MINOT STREET, Boston, MA",SAM,-71.04667052700822,42.285733671655656
"45 MINOT STREET, Boston, MA",SAM,-71.04683190258197,42.285811545592004
"49 MINOT STREET, Boston, MA",SAM,-71.04724047527358,42.28569943846056
"50 MINOT STREET, Boston, MA",SAM,-71.04719121181769,42.28559079725811
"51 MINOT STREET, Boston, MA",SAM,-71.04735788716775,42.285670299742456
"53 MINOT STREET, Boston, MA",SAM,-71.04747529906194,42.28564116102431
"54 MINOT STREET, Boston, MA",SAM,-71.0476608593944,42.28547424238562
"55 MINOT STREET, Boston, MA",SAM,-71.04759271095611,42.285612022306196
"59 MINOT STREET, Boston, MA",SAM,-71.04785839962368,42.285544237700556
"61 MINOT STREET, Boston, MA",SAM,-71.04802794911183,42.28549791270352
"62 MINOT STREET, Boston, MA",SAM,-71.04805906087313,42.28536725575601
"63 MINOT STREET, Boston, MA",SAM,-71.04819749860002,42.28545158770651
"64 MINOT STREET, Boston, MA",SAM,-71.04814383561722,42.2853440932575
"67 MINOT STREET, Boston, MA",SAM,-71.04853659757634,42.28535893771244
"69 MINOT STREET, Boston, MA",SAM,-71.04868141911192,42.28531999821668
"70 MINOT STREET, Boston, MA",SAM,-71.04839815984947,42.28527460576196
"71 MINOT STREET, Boston, MA",SAM,-71.04878208346312,42.28529336743589
"75 MINOT STREET, Boston, MA",SAM,-71.04898341216553,42.28524010587429
"79 MINOT STREET, Boston, MA",SAM,-71.04918474086791,42.2851868443127
"80 MINOT STREET, Boston, MA",SAM,-71.04905205439856,42.28510024907255
"83 MINOT STREET, Boston, MA",SAM,-71.04938606957033,42.28513358275111
"85 MINOT STREET, Boston, MA",SAM,-71.04953152509177,42.28509560662272
"86 MINOT STREET, Boston, MA",SAM,-71.04948058598085,42.28498738946208
"87 MINOT STREET, Boston, MA",SAM,-71.04970027108307,42.28505213307922
"88 MINOT STREET, Boston, MA",SAM,-71.0495879697935,42.28495972447985
"9 MINOT STREET, Boston, MA",SAM,-71.04470193119975,42.2863712069422
"90 MINOT STREET, Boston, MA",SAM,-71.04969535360617,42.284932059497635
"91 MINOT STREET, Boston, MA",SAM,-71.05003776306569,42.28496518599225
"94 MINOT STREET, Boston, MA",SAM,-71.04991012123148,42.28487672953319
"95 MINOT STREET, Boston, MA",SAM,-71.05037525504832,42.28487823890527
"99 MINOT STREET, Boston, MA",SAM,-71.05071274703094,42.28479129181829
"19 MINOT PARK, Boston, MA",SAM,-71.0577025765773,42.283675791897835
"5 MINOT PARK, Boston, MA",SAM,-71.05768461444349,42.28363230461386
"1 MINTON STREET, Boston, MA",SAM,-71.10517166800076,42.313501105278434
"11 MINTON STREET, Boston, MA",SAM,-71.10544650953042,42.31472280775187
"2 MINTON STREET, Boston, MA",SAM,-71.10547607061594,42.31460887557324
"10 MISSION STREET, Boston, MA",SAM,-71.10732458373546,42.33227166467741
"3 MISSION STREET, Boston, MA",SAM,-71.10718514929118,42.332206378333275
"5 MISSION STREET, Boston, MA",SAM,-71.10718162595272,42.33221893662309
"7 MISSION STREET, Boston, MA",SAM,-71.10717760585928,42.33223233693365
"10 MITCHELL STREET, Boston, MA",SAM,-71.05225856137416,42.33259552245934
"12 MITCHELL STREET, Boston, MA",SAM,-71.05231000452044,42.33256105293821
"14 MITCHELL STREET, Boston, MA",SAM,-71.05236144766668,42.33252658341713
"16 MITCHELL STREET, Boston, MA",SAM,-71.05241289081293,42.33249211389602
"18 MITCHELL STREET, Boston, MA",SAM,-71.0524643339592,42.332457644374934
"22 MITCHELL STREET, Boston, MA",SAM,-71.05256722025172,42.33238870533271
"30 MITCHELL STREET, Boston, MA",SAM,-71.05277299283675,42.332250827248316
"8 MITCHELL STREET, Boston, MA",SAM,-71.05220711822793,42.332629991980426
"10 MOHAWK STREET, Boston, MA",SAM,-71.05562981520006,42.32920351675954
"11 MOHAWK STREET, Boston, MA",SAM,-71.05578496046465,42.32919293395756
"15 MOHAWK STREET, Boston, MA",SAM,-71.05578528686773,42.32916747462888
"17 MOHAWK STREET, Boston, MA",SAM,-71.05578545006927,42.32915474496454
"19 MOHAWK STREET, Boston, MA",SAM,-71.05578561327081,42.3291420153002
"5 MOHAWK STREET, Boston, MA",SAM,-71.05578447086003,42.32923112295057
"7 MOHAWK STREET, Boston, MA",SAM,-71.05578463406158,42.32921839328622
"8 MOHAWK STREET, Boston, MA",SAM,-71.0556296485985,42.3292165116252
"9 MOHAWK STREET, Boston, MA",SAM,-71.05578479726312,42.329205663621885
"7 MOLONEY STREET, Boston, MA",SAM,-71.169492625728,42.27495003808551
"8 MOLONEY STREET, Boston, MA",SAM,-71.16964385868569,42.27497472781057
"9 MOLONEY STREET, Boston, MA",SAM,-71.16949021731484,42.27495829550143
"12 MONADNOCK STREET, Boston, MA",SAM,-71.06756283311793,42.317591996130794
"14 MONADNOCK STREET, Boston, MA",SAM,-71.06762372384877,42.31752549135793
"15 MONADNOCK STREET, Boston, MA",SAM,-71.06780424615884,42.317532728551505
"16 MONADNOCK STREET, Boston, MA",SAM,-71.06768461457959,42.31745898658506
"17 MONADNOCK STREET, Boston, MA",SAM,-71.0678638942217,42.31746758101889
"18 MONADNOCK STREET, Boston, MA",SAM,-71.06774550531041,42.317392481812206
"19 MONADNOCK STREET, Boston, MA",SAM,-71.06792354228456,42.31740243348626
"20 MONADNOCK STREET, Boston, MA",SAM,-71.06780639604125,42.31732597703931
"21 MONADNOCK STREET, Boston, MA",SAM,-71.06798319034742,42.31733728595366
"22 MONADNOCK STREET, Boston, MA",SAM,-71.06786728677208,42.31725947226644
"24 MONADNOCK STREET, Boston, MA",SAM,-71.06792817750292,42.31719296749356
"25 MONADNOCK STREET, Boston, MA",SAM,-71.06810248647312,42.31720699088845
"28 MONADNOCK STREET, Boston, MA",SAM,-71.0680499589646,42.317059957947826
"29 MONADNOCK STREET, Boston, MA",SAM,-71.06822178259883,42.31707669582324
"31 MONADNOCK STREET, Boston, MA",SAM,-71.06828143066168,42.3170115482906
"33 MONADNOCK STREET, Boston, MA",SAM,-71.06834111458147,42.31694661126113
"34 MONADNOCK STREET, Boston, MA",SAM,-71.06823299077874,42.316860432028875
"36 MONADNOCK STREET, Boston, MA",SAM,-71.06829413004253,42.31679405225371
"37 MONADNOCK STREET, Boston, MA",SAM,-71.06846054632285,42.31681695707187
"38 MONADNOCK STREET, Boston, MA",SAM,-71.06835591511764,42.31672742615952
"40 MONADNOCK STREET, Boston, MA",SAM,-71.06841779385198,42.316661422173134
"41 MONADNOCK STREET, Boston, MA",SAM,-71.06858177812896,42.316687643139396
"42 MONADNOCK STREET, Boston, MA",SAM,-71.06847721300336,42.31659698152031
"44 MONADNOCK STREET, Boston, MA",SAM,-71.06853544581709,42.31652918809245
"45 MONADNOCK STREET, Boston, MA",SAM,-71.0686983480855,42.31655327062808
"48 MONADNOCK STREET, Boston, MA",SAM,-71.06865191144456,42.316393601236705
"49 MONADNOCK STREET, Boston, MA",SAM,-71.06881243686345,42.31642045085102
"5 MONADNOCK STREET, Boston, MA",SAM,-71.06748226504556,42.31785153848971
"51 MONADNOCK STREET, Boston, MA",SAM,-71.0688694812524,42.31635404096249
"53 MONADNOCK STREET, Boston, MA",SAM,-71.06892506955731,42.31627784664188
"55 MONADNOCK STREET, Boston, MA",SAM,-71.06896888215508,42.31620615329837
"56 MONADNOCK STREET, Boston, MA",SAM,-71.06885230533192,42.316118638370114
"6 MONADNOCK STREET, Boston, MA",SAM,-71.06736459158967,42.31777689837876
"61 MONADNOCK STREET, Boston, MA",SAM,-71.06909375742322,42.31598409954605
"64 MONADNOCK STREET, Boston, MA",SAM,-71.0690067602956,42.31582360409518
"65 MONADNOCK STREET, Boston, MA",SAM,-71.06916537192677,42.31583593160723
"68 MONADNOCK STREET, Boston, MA",SAM,-71.06908690824633,42.31567132671944
"69 MONADNOCK STREET, Boston, MA",SAM,-71.06924280780052,42.31569245277956
"9 MONADNOCK STREET, Boston, MA",SAM,-71.06761614078509,42.31772923225239
"11 MONASTERY ROAD, Boston, MA",SAM,-71.146730308472,42.34566949661259
"19 MONASTERY ROAD, Boston, MA",SAM,-71.14685910552106,42.34551230276432
"30 MONASTERY ROAD, Boston, MA",SAM,-71.14714236861839,42.344944993885335
"36 MONASTERY ROAD, Boston, MA",SAM,-71.1471961490744,42.344884198584566
"55 MONASTERY ROAD, Boston, MA",SAM,-71.14734384237364,42.344926641774656
"67 MONASTERY ROAD, Boston, MA",SAM,-71.14752125690538,42.34471164581168
"71 MONASTERY ROAD, Boston, MA",SAM,-71.14755868823916,42.34466530225371
"75 MONASTERY ROAD, Boston, MA",SAM,-71.14759611957294,42.34461895869572
"9 MONASTERY ROAD, Boston, MA",SAM,-71.14669856652421,42.3457091740489
"1 MONKS STREET, Boston, MA",SAM,-71.0326646914144,42.333097429963644
"10 MONKS STREET, Boston, MA",SAM,-71.03250748407305,42.333041982182664
"11 MONKS STREET, Boston, MA",SAM,-71.03266192668282,42.33302554682485
"14 MONKS STREET, Boston, MA",SAM,-71.032506355141,42.333012629901
"2 MONKS STREET, Boston, MA",SAM,-71.03250974193716,42.333100686746
"5 MONKS STREET, Boston, MA",SAM,-71.03266358552176,42.333068676708116
"8 MONKS STREET, Boston, MA",SAM,-71.03250804853909,42.33305665832349
"9 MONKS STREET, Boston, MA",SAM,-71.03266247962914,42.33303992345261
"1 MONMOUTH STREET, Boston, MA",SAM,-71.10940810339747,42.34429178012199
"10 MONMOUTH STREET, Boston, MA",SAM,-71.03877277992754,42.379594987853665
"11 MONMOUTH STREET, Boston, MA",SAM,-71.03875559350278,42.37947312493526
"12 MONMOUTH STREET, Boston, MA",SAM,-71.03866786783196,42.37963392430271
"13 MONMOUTH STREET, Boston, MA",SAM,-71.03866379541915,42.379507194328184
"14 MONMOUTH STREET, Boston, MA",SAM,-71.03856295573637,42.37967286075177
"15 MONMOUTH STREET, Boston, MA",SAM,-71.03857199733551,42.37954126372111
"17 MONMOUTH STREET, Boston, MA",SAM,-71.03848019925188,42.379575333114026
"23 MONMOUTH STREET, Boston, MA",SAM,-71.03819506897815,42.37968264956504
"25 MONMOUTH STREET, Boston, MA",SAM,-71.03814079206269,42.37970345029981
"27 MONMOUTH STREET, Boston, MA",SAM,-71.03808651514723,42.379724251034574
"29 MONMOUTH STREET, Boston, MA",SAM,-71.03803223823172,42.37974505176933
"30 MONMOUTH STREET, Boston, MA",SAM,-71.03800326429075,42.379885251051384
"31 MONMOUTH STREET, Boston, MA",SAM,-71.03797796131626,42.37976585250409
"32 MONMOUTH STREET, Boston, MA",SAM,-71.03795034429817,42.37990553176778
"33 MONMOUTH STREET, Boston, MA",SAM,-71.0379236844008,42.37978665323886
"34 MONMOUTH STREET, Boston, MA",SAM,-71.03789742430557,42.37992581248417
"36 MONMOUTH STREET, Boston, MA",SAM,-71.03784450431299,42.379946093200566
"37 MONMOUTH STREET, Boston, MA",SAM,-71.03781513056984,42.37982825470838
"38 MONMOUTH STREET, Boston, MA",SAM,-71.03779158432042,42.37996637391694
"39 MONMOUTH STREET, Boston, MA",SAM,-71.03776085365436,42.37984905544313
"40 MONMOUTH STREET, Boston, MA",SAM,-71.03773866432782,42.379986654633356
"41 MONMOUTH STREET, Boston, MA",SAM,-71.03770657673891,42.37986985617789
"42 MONMOUTH STREET, Boston, MA",SAM,-71.03768574433523,42.38000693534972
"43 MONMOUTH STREET, Boston, MA",SAM,-71.03765229982343,42.37989065691267
"44 MONMOUTH STREET, Boston, MA",SAM,-71.03763282434265,42.38002721606613
"45 MONMOUTH STREET, Boston, MA",SAM,-71.03759802290796,42.37991145764743
"46 MONMOUTH STREET, Boston, MA",SAM,-71.03757990435007,42.38004749678252
"47 MONMOUTH STREET, Boston, MA",SAM,-71.03754374599248,42.37993225838218
"48 MONMOUTH STREET, Boston, MA",SAM,-71.03752698435747,42.38006777749891
"49 MONMOUTH STREET, Boston, MA",SAM,-71.03748946907702,42.37995305911694
"5 MONMOUTH STREET, Boston, MA",SAM,-71.03903098775368,42.3793709167565
"50 MONMOUTH STREET, Boston, MA",SAM,-71.03747406436489,42.3800880582153
"51 MONMOUTH STREET, Boston, MA",SAM,-71.03743519216154,42.37997385985171
"52 MONMOUTH STREET, Boston, MA",SAM,-71.03742114437232,42.3801083389317
"53 MONMOUTH STREET, Boston, MA",SAM,-71.03738091524606,42.379994660586476
"55 MONMOUTH STREET, Boston, MA",SAM,-71.03732663833058,42.38001546132123
"57 MONMOUTH STREET, Boston, MA",SAM,-71.03727236141512,42.380036262056
"59 MONMOUTH STREET, Boston, MA",SAM,-71.03721808449964,42.38005706279076
"63 MONMOUTH STREET, Boston, MA",SAM,-71.0371095306687,42.38009866426028
"7 MONMOUTH STREET, Boston, MA",SAM,-71.03893918967005,42.37940498614941
"8 MONMOUTH STREET, Boston, MA",SAM,-71.03887769202312,42.37955605140463
"9 MONMOUTH STREET, Boston, MA",SAM,-71.0388473915864,42.37943905554234
"1 MONMOUTH SQUARE, Boston, MA",SAM,,
"10 MONPONSET STREET, Boston, MA",SAM,-71.10012055097918,42.26432578972157
"11 MONPONSET STREET, Boston, MA",SAM,-71.10021987998365,42.264231770709905
"14 MONPONSET STREET, Boston, MA",SAM,-71.10006191009674,42.26426551991199
"15 MONPONSET STREET, Boston, MA",SAM,-71.1001624358539,42.264172730896455
"18 MONPONSET STREET, Boston, MA",SAM,-71.10000326921431,42.2642052501024
"2 MONPONSET STREET, Boston, MA",SAM,-71.10023783274407,42.264446329340736
"22 MONPONSET STREET, Boston, MA",SAM,-71.09994221211751,42.26413815677235
"23 MONPONSET STREET, Boston, MA",SAM,-71.10005871368949,42.26405736646405
"26 MONPONSET STREET, Boston, MA",SAM,-71.09989350990051,42.26407322046753
"27 MONPONSET STREET, Boston, MA",SAM,-71.1000110053953,42.26399375538997
"30 MONPONSET STREET, Boston, MA",SAM,-71.09984480768351,42.26400828416272
"31 MONPONSET STREET, Boston, MA",SAM,-71.0999632971011,42.26393014431587
"33 MONPONSET STREET, Boston, MA",SAM,-71.09993944295398,42.26389833877881
"38 MONPONSET STREET, Boston, MA",SAM,-71.09974584338595,42.26388160237231
"39 MONPONSET STREET, Boston, MA",SAM,-71.09986235178368,42.263802775401466
"42 MONPONSET STREET, Boston, MA",SAM,-71.09969383813201,42.26381808449003
"43 MONPONSET STREET, Boston, MA",SAM,-71.09981140786148,42.263740553802506
"46 MONPONSET STREET, Boston, MA",SAM,-71.09964183287809,42.263754566607766
"47 MONPONSET STREET, Boston, MA",SAM,-71.09976046393925,42.26367833220353
"6 MONPONSET STREET, Boston, MA",SAM,-71.10017919186163,42.264386059531155
"7 MONPONSET STREET, Boston, MA",SAM,-71.10027732411339,42.26429081052338
"2 MONSIGNOR ALBERT A. JACOBBE ROAD, Boston, MA",SAM,,
"1 MONSIGNOR SHEA ROAD, Boston, MA",SAM,,
"11 MONSON STREET, Boston, MA",SAM,-71.07321195090447,42.27261216601425
"12 MONSON STREET, Boston, MA",SAM,-71.07318042699556,42.27249997395522
"14 MONSON STREET, Boston, MA",SAM,-71.07333663216488,42.2724759423926
"16 MONSON STREET, Boston, MA",SAM,-71.07349283733419,42.27245191082997
"17 MONSON STREET, Boston, MA",SAM,-71.07368032356199,42.27253544055735
"18 MONSON STREET, Boston, MA",SAM,-71.07363724631863,42.27242537175833
"19 MONSON STREET, Boston, MA",SAM,-71.07369488969842,42.27253231924247
"23 MONSON STREET, Boston, MA",SAM,-71.07372402197124,42.27252607661274
"6 MONSON STREET, Boston, MA",SAM,-71.07271285898524,42.272585667523735
"7 MONSON STREET, Boston, MA",SAM,-71.07290517199127,42.272668241671106
"8 MONSON STREET, Boston, MA",SAM,-71.07286765138734,42.272557064581164
"11 MONTAGUE STREET, Boston, MA",SAM,-71.07006700328195,42.285851559070416
"15 MONTAGUE STREET, Boston, MA",SAM,-71.07006641931874,42.285734824116155
"17 MONTAGUE STREET, Boston, MA",SAM,-71.0700670697682,42.28572555521754
"11 MONTCALM AVENUE, Boston, MA",SAM,-71.14626977391016,42.35272183057513
"32 MONTCALM AVENUE, Boston, MA",SAM,-71.14711169565237,42.3528120489585
"37 MONTCALM AVENUE, Boston, MA",SAM,-71.14730498589856,42.352980923872714
"40 MONTCALM AVENUE, Boston, MA",SAM,-71.14740119868948,42.352883925594874
"41 MONTCALM AVENUE, Boston, MA",SAM,-71.1474412226219,42.35301474817219
"44 MONTCALM AVENUE, Boston, MA",SAM,-71.14754595020804,42.352919863913044
"59 MONTCALM AVENUE, Boston, MA",SAM,-71.14803392785566,42.35317614333387
"62 MONTCALM AVENUE, Boston, MA",SAM,-71.14813950136573,42.353081920415896
"63 MONTCALM AVENUE, Boston, MA",SAM,-71.14812386615071,42.35319920444155
"66 MONTCALM AVENUE, Boston, MA",SAM,-71.14823335002139,42.353105984180466
"67 MONTCALM AVENUE, Boston, MA",SAM,-71.14821380444575,42.35322226554928
"47 MONTCLAIR AVENUE, Boston, MA",SAM,-71.14172013049973,42.290787577305046
"100 MONTCLAIR AVENUE, Boston, MA",SAM,-71.14038134217857,42.292081654507335
"101 MONTCLAIR AVENUE, Boston, MA",SAM,-71.14023651327695,42.29203012659358
"103 MONTCLAIR AVENUE, Boston, MA",SAM,-71.14020492967701,42.29205688492265
"104 MONTCLAIR AVENUE, Boston, MA",SAM,-71.14031702648417,42.29213614419564
"107 MONTCLAIR AVENUE, Boston, MA",SAM,-71.14014176247714,42.29211040158081
"108 MONTCLAIR AVENUE, Boston, MA",SAM,-71.14025271078975,42.29219063388394
"110 MONTCLAIR AVENUE, Boston, MA",SAM,-71.14022055294255,42.2922178787281
"111 MONTCLAIR AVENUE, Boston, MA",SAM,-71.14007859527729,42.29216391823899
"114 MONTCLAIR AVENUE, Boston, MA",SAM,-71.14015623724814,42.292272368416405
"115 MONTCLAIR AVENUE, Boston, MA",SAM,-71.14001542807742,42.29221743489714
"118 MONTCLAIR AVENUE, Boston, MA",SAM,-71.14009192155373,42.29232685810472
"119 MONTCLAIR AVENUE, Boston, MA",SAM,-71.13995226087756,42.292270951555295
"122 MONTCLAIR AVENUE, Boston, MA",SAM,-71.14002760585934,42.29238134779302
"123 MONTCLAIR AVENUE, Boston, MA",SAM,-71.1398890936777,42.292324468213465
"126 MONTCLAIR AVENUE, Boston, MA",SAM,-71.13996224338884,42.29243634293403
"127 MONTCLAIR AVENUE, Boston, MA",SAM,-71.1398261127868,42.2923769152026
"130 MONTCLAIR AVENUE, Boston, MA",SAM,-71.13989678796074,42.2924900852883
"134 MONTCLAIR AVENUE, Boston, MA",SAM,-71.13983133253261,42.29254382764254
"16 MONTCLAIR AVENUE, Boston, MA",SAM,-71.14247807837538,42.290000404881994
"20 MONTCLAIR AVENUE, Boston, MA",SAM,-71.14245868126022,42.290191133346134
"21 MONTCLAIR AVENUE, Boston, MA",SAM,-71.14232412625408,42.29004705422705
"25 MONTCLAIR AVENUE, Boston, MA",SAM,-71.1423071233157,42.29016743721586
"26 MONTCLAIR AVENUE, Boston, MA",SAM,-71.14231543260371,42.29042813813822
"27 MONTCLAIR AVENUE, Boston, MA",SAM,-71.14226508399683,42.290265248545026
"30 MONTCLAIR AVENUE, Boston, MA",SAM,-71.14221620922304,42.290527361523615
"33 MONTCLAIR AVENUE, Boston, MA",SAM,-71.14212588838117,42.290424997843026
"34 MONTCLAIR AVENUE, Boston, MA",SAM,-71.14211698584238,42.290626584909
"35 MONTCLAIR AVENUE, Boston, MA",SAM,-71.14207114444702,42.29047974177981
"38 MONTCLAIR AVENUE, Boston, MA",SAM,-71.14200453454217,42.29072484283235
"39 MONTCLAIR AVENUE, Boston, MA",SAM,-71.14196618467996,42.290584944440376
"40 MONTCLAIR AVENUE, Boston, MA",SAM,-71.14194878789195,42.290770751840746
"43 MONTCLAIR AVENUE, Boston, MA",SAM,-71.14184315758985,42.290686260872704
"44 MONTCLAIR AVENUE, Boston, MA",SAM,-71.14183729459153,42.29086256985754
"50 MONTCLAIR AVENUE, Boston, MA",SAM,-71.1416700546409,42.29100029688274
"51 MONTCLAIR AVENUE, Boston, MA",SAM,-71.14159710340961,42.29088889373738
"55 MONTCLAIR AVENUE, Boston, MA",SAM,-71.1414740763195,42.29099021016973
"58 MONTCLAIR AVENUE, Boston, MA",SAM,-71.14144706804008,42.29118393291634
"59 MONTCLAIR AVENUE, Boston, MA",SAM,-71.14135104922939,42.29109152660206
"61 MONTCLAIR AVENUE, Boston, MA",SAM,-71.14128953568434,42.291142184818206
"62 MONTCLAIR AVENUE, Boston, MA",SAM,-71.14133686893526,42.291275752300216
"65 MONTCLAIR AVENUE, Boston, MA",SAM,-71.14116732859752,42.291244890200296
"66 MONTCLAIR AVENUE, Boston, MA",SAM,-71.14122675661966,42.29136847846542
"68 MONTCLAIR AVENUE, Boston, MA",SAM,-71.14117170046187,42.29141484154803
"69 MONTCLAIR AVENUE, Boston, MA",SAM,-71.14104582535272,42.29134720872742
"72 MONTCLAIR AVENUE, Boston, MA",SAM,-71.14106158814626,42.29150756771326
"75 MONTCLAIR AVENUE, Boston, MA",SAM,-71.1408635704855,42.29150068651815
"76 MONTCLAIR AVENUE, Boston, MA",SAM,-71.14095147583068,42.29160029387849
"80 MONTCLAIR AVENUE, Boston, MA",SAM,-71.14084136351508,42.2916930200437
"81 MONTCLAIR AVENUE, Boston, MA",SAM,-71.14068131561832,42.291654164308845
"84 MONTCLAIR AVENUE, Boston, MA",SAM,-71.14073125119945,42.291785746208944
"88 MONTCLAIR AVENUE, Boston, MA",SAM,-71.14057428926179,42.2919181854424
"92 MONTCLAIR AVENUE, Boston, MA",SAM,-71.14050997356739,42.29197267513071
"95 MONTCLAIR AVENUE, Boston, MA",SAM,-71.14033126407676,42.29194985160634
"96 MONTCLAIR AVENUE, Boston, MA",SAM,-71.14044565787299,42.29202716481902
"99 MONTCLAIR AVENUE, Boston, MA",SAM,-71.1402680968769,42.2920033682645
"100 MONTEBELLO ROAD, Boston, MA",SAM,-71.10010298861197,42.31198151364488
"101 MONTEBELLO ROAD, Boston, MA",SAM,-71.10004619594432,42.311828515530934
"105 MONTEBELLO ROAD, Boston, MA",SAM,-71.09996202514048,42.3117948472013
"109 MONTEBELLO ROAD, Boston, MA",SAM,-71.0998778543367,42.31176117887166
"115 MONTEBELLO ROAD, Boston, MA",SAM,-71.09974995935701,42.31171016193454
"14 MONTEBELLO ROAD, Boston, MA",SAM,-71.10197081790642,42.31270164570937
"27 MONTEBELLO ROAD, Boston, MA",SAM,-71.10223161167335,42.312675681875675
"28 MONTEBELLO ROAD, Boston, MA",SAM,-71.10175257319563,42.31261434780401
"29 MONTEBELLO ROAD, Boston, MA",SAM,-71.10167041098842,42.312451201547624
"47 MONTEBELLO ROAD, Boston, MA",SAM,-71.10118856149366,42.31227068768009
"52 MONTEBELLO ROAD, Boston, MA",SAM,-71.10118848453402,42.312398819645786
"55 MONTEBELLO ROAD, Boston, MA",SAM,-71.1010189988331,42.31220670705359
"61 MONTEBELLO ROAD, Boston, MA",SAM,-71.1008915163634,42.312157917454556
"62 MONTEBELLO ROAD, Boston, MA",SAM,-71.10096068332972,42.312313417147344
"70 MONTEBELLO ROAD, Boston, MA",SAM,-71.10077994868911,42.312244247082845
"73 MONTEBELLO ROAD, Boston, MA",SAM,-71.10063655142399,42.31206033825643
"74 MONTEBELLO ROAD, Boston, MA",SAM,-71.10068958136881,42.312209662050606
"77 MONTEBELLO ROAD, Boston, MA",SAM,-71.10055156311086,42.31202781185706
"78 MONTEBELLO ROAD, Boston, MA",SAM,-71.10059921404854,42.31217507701837
"81 MONTEBELLO ROAD, Boston, MA",SAM,-71.10046657479772,42.311995285457684
"82 MONTEBELLO ROAD, Boston, MA",SAM,-71.10050884672823,42.31214049198611
"85 MONTEBELLO ROAD, Boston, MA",SAM,-71.10038287915957,42.311963188849504
"86 MONTEBELLO ROAD, Boston, MA",SAM,-71.10041847940794,42.312105906953875
"89 MONTEBELLO ROAD, Boston, MA",SAM,-71.10029870835575,42.31192952051986
"90 MONTEBELLO ROAD, Boston, MA",SAM,-71.10032811208765,42.312071321921636
"93 MONTEBELLO ROAD, Boston, MA",SAM,-71.10021453755193,42.31189585219022
"12 MONTELLO STREET, Boston, MA",SAM,-71.06111561887066,42.30205300235384
"14 MONTELLO STREET, Boston, MA",SAM,-71.06112542444397,42.30207177542223
"20 MONTELLO STREET, Boston, MA",SAM,-71.06115484116384,42.302128094627356
"22 MONTELLO STREET, Boston, MA",SAM,-71.06116464673713,42.302146867695726
"24 MONTELLO STREET, Boston, MA",SAM,-71.06117445231044,42.3021656407641
"4 MONTELLO STREET, Boston, MA",SAM,-71.0610763965775,42.30197791008034
"7 MONTELLO STREET, Boston, MA",SAM,-71.06095088153234,42.30205560085102
"8 MONTELLO STREET, Boston, MA",SAM,-71.06109600772409,42.302015456217084
"15 MONTEREY AVENUE, Boston, MA",SAM,-71.09796553773748,42.27597940099248
"20 MONTEREY AVENUE, Boston, MA",SAM,-71.09802325004165,42.27586919449902
"25 MONTEREY AVENUE, Boston, MA",SAM,-71.09805428321307,42.27598746876697
"44 MONTEREY AVENUE, Boston, MA",SAM,-71.09823081382224,42.27587541480689
"55 MONTEREY AVENUE, Boston, MA",SAM,-71.09833297080728,42.27598870544539
"56 MONTEREY AVENUE, Boston, MA",SAM,-71.09834032786326,42.27587400172579
"11 MONTFERN AVENUE, Boston, MA",SAM,-71.16457866422711,42.35022262588607
"15 MONTFERN AVENUE, Boston, MA",SAM,-71.16456183254817,42.35030975456225
"16 MONTFERN AVENUE, Boston, MA",SAM,-71.16471410284352,42.35033230360597
"19 MONTFERN AVENUE, Boston, MA",SAM,-71.16454500086923,42.3503968832384
"20 MONTFERN AVENUE, Boston, MA",SAM,-71.16469692050461,42.350421247462876
"21 MONTFERN AVENUE, Boston, MA",SAM,-71.16453658502977,42.350440447576474
"24 MONTFERN AVENUE, Boston, MA",SAM,-71.1646797381657,42.350510191319785
"25 MONTFERN AVENUE, Boston, MA",SAM,-71.16451975335082,42.35052757625266
"28 MONTFERN AVENUE, Boston, MA",SAM,-71.16466303234697,42.350598069003844
"29 MONTFERN AVENUE, Boston, MA",SAM,-71.16450383241377,42.3506159074253
"32 MONTFERN AVENUE, Boston, MA",SAM,-71.16464817036477,42.35068724087792
"33 MONTFERN AVENUE, Boston, MA",SAM,-71.1644892737373,42.35070325946517
"36 MONTFERN AVENUE, Boston, MA",SAM,-71.16463330838252,42.35077641275196
"37 MONTFERN AVENUE, Boston, MA",SAM,-71.16447471506083,42.350790611505055
"40 MONTFERN AVENUE, Boston, MA",SAM,-71.1646184464003,42.35086558462599
"44 MONTFERN AVENUE, Boston, MA",SAM,-71.16460358441806,42.350954756500016
"48 MONTFERN AVENUE, Boston, MA",SAM,-71.16458872243584,42.351043928374054
"5 MONTFERN AVENUE, Boston, MA",SAM,-71.16461362744272,42.3500887928153
"52 MONTFERN AVENUE, Boston, MA",SAM,-71.1645738604536,42.351133100248084
"57 MONTFERN AVENUE, Boston, MA",SAM,-71.16440192167849,42.3512273717044
"7 MONTFERN AVENUE, Boston, MA",SAM,-71.1646007386022,42.35013175561426
"22 MONTGOMERY STREET, Boston, MA",SAM,-71.07317627001083,42.34375397788387
"24 MONTGOMERY STREET, Boston, MA",SAM,-71.0732199810978,42.343742006057425
"30 MONTGOMERY STREET, Boston, MA",SAM,-71.0733511143587,42.3437060905781
"32 MONTGOMERY STREET, Boston, MA",SAM,-71.07339482544567,42.34369411875169
"34 MONTGOMERY STREET, Boston, MA",SAM,-71.07343853653265,42.34368214692524
"36 MONTGOMERY STREET, Boston, MA",SAM,-71.07348224761962,42.3436701750988
"38 MONTGOMERY STREET, Boston, MA",SAM,-71.0735259587066,42.343658203272376
"40 MONTGOMERY STREET, Boston, MA",SAM,-71.07356966979357,42.343646231445916
"44 MONTGOMERY STREET, Boston, MA",SAM,-71.0736570919675,42.34362228779305
"46 MONTGOMERY STREET, Boston, MA",SAM,-71.07370080305448,42.34361031596662
"48 MONTGOMERY STREET, Boston, MA",SAM,-71.07374451414145,42.34359834414018
"50 MONTGOMERY STREET, Boston, MA",SAM,-71.07378822522841,42.343586372313744
"52 MONTGOMERY STREET, Boston, MA",SAM,-71.07383193631539,42.3435744004873
"54 MONTGOMERY STREET, Boston, MA",SAM,-71.07387564740237,42.34356242866087
"67 MONTGOMERY STREET, Boston, MA",SAM,-71.0749774521785,42.34336136823119
"68 MONTGOMERY STREET, Boston, MA",SAM,-71.07434044243593,42.34342842447827
"69 MONTGOMERY STREET, Boston, MA",SAM,-71.07500124643919,42.343355069750416
"70 MONTGOMERY STREET, Boston, MA",SAM,-71.07440420939896,42.34340932848906
"71 MONTGOMERY STREET, Boston, MA",SAM,-71.07502504069987,42.34334877126963
"72 MONTGOMERY STREET, Boston, MA",SAM,-71.07446797636196,42.34339023249986
"73 MONTGOMERY STREET, Boston, MA",SAM,-71.07504883496057,42.343342472788834
"74 MONTGOMERY STREET, Boston, MA",SAM,-71.07453174332497,42.34337113651068
"77 MONTGOMERY STREET, Boston, MA",SAM,-71.07509642348195,42.34332987582726
"78 MONTGOMERY STREET, Boston, MA",SAM,-71.07465927725099,42.34333294453228
"79 MONTGOMERY STREET, Boston, MA",SAM,-71.07512021774264,42.34332357734649
"80 MONTGOMERY STREET, Boston, MA",SAM,-71.07472304421402,42.343313848543076
"81 MONTGOMERY STREET, Boston, MA",SAM,-71.07514401200332,42.343317278865705
"82 MONTGOMERY STREET, Boston, MA",SAM,-71.07478681117703,42.34329475255389
"83 MONTGOMERY STREET, Boston, MA",SAM,-71.07516780626402,42.34331098038491
"12 MONTMORENCI AVENUE, Boston, MA",SAM,-71.00946760059924,42.391532258456635
"16 MONTMORENCI AVENUE, Boston, MA",SAM,-71.00932296135359,42.391534781229915
"2 MONTMORENCI AVENUE, Boston, MA",SAM,-71.00982919871336,42.39152595152344
"24 MONTMORENCI AVENUE, Boston, MA",SAM,-71.00903368286231,42.391539826776466
"29 MONTMORENCI AVENUE, Boston, MA",SAM,-71.0088337235768,42.39142869113115
"32 MONTMORENCI AVENUE, Boston, MA",SAM,-71.008744404371,42.39154487232303
"33 MONTMORENCI AVENUE, Boston, MA",SAM,-71.0086920361525,42.39143116241927
"37 MONTMORENCI AVENUE, Boston, MA",SAM,-71.00855034872818,42.39143363370738
"4 MONTMORENCI AVENUE, Boston, MA",SAM,-71.00975687909053,42.39152721291007
"41 MONTMORENCI AVENUE, Boston, MA",SAM,-71.00840866130387,42.39143610499549
"43 MONTMORENCI AVENUE, Boston, MA",SAM,-71.00834009936783,42.391436949528064
"44 MONTMORENCI AVENUE, Boston, MA",SAM,-71.00830818769971,42.39155140473336
"47 MONTMORENCI AVENUE, Boston, MA",SAM,-71.00819837485221,42.39143633599743
"48 MONTMORENCI AVENUE, Boston, MA",SAM,-71.00816351059002,42.39155077842085
"51 MONTMORENCI AVENUE, Boston, MA",SAM,-71.0080566503366,42.39143572246679
"55 MONTMORENCI AVENUE, Boston, MA",SAM,-71.00791492582097,42.39143510893614
"56 MONTMORENCI AVENUE, Boston, MA",SAM,-71.00787415637063,42.39154952579578
"59 MONTMORENCI AVENUE, Boston, MA",SAM,-71.00777320130535,42.39143449540551
"61 MONTMORENCI AVENUE, Boston, MA",SAM,-71.00770233904755,42.391434188640176
"63 MONTMORENCI AVENUE, Boston, MA",SAM,-71.00763147678975,42.39143388187485
"64 MONTMORENCI AVENUE, Boston, MA",SAM,-71.00758480215123,42.39154827317072
"68 MONTMORENCI AVENUE, Boston, MA",SAM,-71.00744012504155,42.39154764685821
"72 MONTMORENCI AVENUE, Boston, MA",SAM,-71.00729544793185,42.39154702054567
"76 MONTMORENCI AVENUE, Boston, MA",SAM,-71.00715077082216,42.391546394233146
"8 MONTMORENCI AVENUE, Boston, MA",SAM,-71.00961223984488,42.39152973568335
"10 MONTROSE STREET, Boston, MA",SAM,-71.08164603121438,42.323516875332245
"11 MONTROSE STREET, Boston, MA",SAM,-71.08147908685422,42.32344302329625
"13 MONTROSE STREET, Boston, MA",SAM,-71.08130864208889,42.323491245335546
"15 MONTROSE STREET, Boston, MA",SAM,-71.08113528175585,42.32353852542662
"17 MONTROSE STREET, Boston, MA",SAM,-71.08095856509061,42.323589745571404
"18 MONTROSE STREET, Boston, MA",SAM,-71.08089894648322,42.32373486688842
"19 MONTROSE STREET, Boston, MA",SAM,-71.08078980264226,42.32364538154462
"2 MONTROSE STREET, Boston, MA",SAM,-71.08240047442571,42.32332708101909
"22 MONTROSE STREET, Boston, MA",SAM,-71.08053413690178,42.323858153072415
"23 MONTROSE STREET, Boston, MA",SAM,-71.08045220850246,42.323760090562324
"24 MONTROSE STREET, Boston, MA",SAM,-71.08035222366037,42.32392235774761
"25 MONTROSE STREET, Boston, MA",SAM,-71.08028545469783,42.32381894484789
"26 MONTROSE STREET, Boston, MA",SAM,-71.08021943926737,42.32397337920352
"29 MONTROSE STREET, Boston, MA",SAM,-71.0801290961035,42.32387948637809
"33 MONTROSE STREET, Boston, MA",SAM,-71.0801005974481,42.32389136081829
"4 MONTROSE STREET, Boston, MA",SAM,-71.0822065356616,42.32336771580669
"6 MONTROSE STREET, Boston, MA",SAM,-71.08201259689748,42.323408350594285
"8 MONTROSE STREET, Boston, MA",SAM,-71.08183303452947,42.32346123798155
"9 MONTROSE STREET, Boston, MA",SAM,-71.08165050655973,42.32339202239146
"11 MONTVALE STREET, Boston, MA",SAM,-71.14582453952563,42.28555706870066
"15 MONTVALE STREET, Boston, MA",SAM,-71.14570480275874,42.285488179038325
"20 MONTVALE STREET, Boston, MA",SAM,-71.14494482518552,42.28514623243216
"21 MONTVALE STREET, Boston, MA",SAM,-71.14547168765974,42.28534838991953
"24 MONTVALE STREET, Boston, MA",SAM,-71.14485061604461,42.285084906257616
"25 MONTVALE STREET, Boston, MA",SAM,-71.1453562322329,42.285270007318594
"28 MONTVALE STREET, Boston, MA",SAM,-71.14475480290452,42.28502287692756
"29 MONTVALE STREET, Boston, MA",SAM,-71.14524077680608,42.28519162471766
"32 MONTVALE STREET, Boston, MA",SAM,-71.14465898976442,42.28496084759749
"33 MONTVALE STREET, Boston, MA",SAM,-71.14512532137923,42.28511324211675
"36 MONTVALE STREET, Boston, MA",SAM,-71.14456317662436,42.28489881826743
"37 MONTVALE STREET, Boston, MA",SAM,-71.14500789679172,42.28503445796601
"40 MONTVALE STREET, Boston, MA",SAM,-71.14446736348425,42.28483678893738
"41 MONTVALE STREET, Boston, MA",SAM,-71.144889972927,42.284958114175176
"44 MONTVALE STREET, Boston, MA",SAM,-71.14437155034418,42.28477475960731
"45 MONTVALE STREET, Boston, MA",SAM,-71.1447720490623,42.28488177038432
"48 MONTVALE STREET, Boston, MA",SAM,-71.1442757372041,42.28471273027724
"49 MONTVALE STREET, Boston, MA",SAM,-71.14465412519756,42.28480542659349
"52 MONTVALE STREET, Boston, MA",SAM,-71.14417992406402,42.284650700947175
"53 MONTVALE STREET, Boston, MA",SAM,-71.14453620133285,42.28472908280263
"56 MONTVALE STREET, Boston, MA",SAM,-71.14408411092394,42.28458867161711
"57 MONTVALE STREET, Boston, MA",SAM,-71.14441827746813,42.28465273901178
"60 MONTVALE STREET, Boston, MA",SAM,-71.14398829778386,42.284526642287055
"61 MONTVALE STREET, Boston, MA",SAM,-71.14430035360343,42.28457639522094
"64 MONTVALE STREET, Boston, MA",SAM,-71.14389248464376,42.28446461295698
"65 MONTVALE STREET, Boston, MA",SAM,-71.1441824297387,42.28450005143008
"68 MONTVALE STREET, Boston, MA",SAM,-71.14379667150368,42.28440258362693
"69 MONTVALE STREET, Boston, MA",SAM,-71.144064505874,42.284423707639235
"7 MONTVALE STREET, Boston, MA",SAM,-71.14594330793071,42.28563267159862
"72 MONTVALE STREET, Boston, MA",SAM,-71.1437008583636,42.284340554296854
"73 MONTVALE STREET, Boston, MA",SAM,-71.14394658200928,42.28434736384839
"12 MONTVIEW STREET, Boston, MA",SAM,-71.15818477214805,42.28837899072935
"15 MONTVIEW STREET, Boston, MA",SAM,-71.1583689574549,42.28841355224248
"16 MONTVIEW STREET, Boston, MA",SAM,-71.1583649911986,42.28826601770633
"20 MONTVIEW STREET, Boston, MA",SAM,-71.15854328089547,42.2881545866402
"21 MONTVIEW STREET, Boston, MA",SAM,-71.158595248224,42.2882721205047
"25 MONTVIEW STREET, Boston, MA",SAM,-71.15874261990731,42.288164943457616
"26 MONTVIEW STREET, Boston, MA",SAM,-71.15880975356424,42.28794937982094
"53 MONTVIEW STREET, Boston, MA",SAM,-71.15950696183798,42.287581543535936
"60 MONTVIEW STREET, Boston, MA",SAM,-71.15989169091416,42.28710600298479
"61 MONTVIEW STREET, Boston, MA",SAM,-71.15970687489731,42.287416271294916
"66 MONTVIEW STREET, Boston, MA",SAM,-71.1600031078428,42.287019250867964
"67 MONTVIEW STREET, Boston, MA",SAM,-71.15991379205047,42.28725516022081
"71 MONTVIEW STREET, Boston, MA",SAM,-71.16005173681927,42.28714775283806
"72 MONTVIEW STREET, Boston, MA",SAM,-71.16035930051031,42.28675234756382
"76 MONTVIEW STREET, Boston, MA",SAM,-71.16050248391102,42.28664029098361
"77 MONTVIEW STREET, Boston, MA",SAM,-71.16047186627628,42.28683106547206
"85 MONTVIEW STREET, Boston, MA",SAM,-71.160811798555,42.28657147695739
"88 MONTVIEW STREET, Boston, MA",SAM,-71.16095590058066,42.286313413914016
"94 MONTVIEW STREET, Boston, MA",SAM,-71.16119305914746,42.28616269631258
"15 MONUMENT AVENUE, Boston, MA",SAM,-71.06211834321671,42.37415971945252
"17 MONUMENT AVENUE, Boston, MA",SAM,-71.06209358357066,42.37419176134864
"19 MONUMENT AVENUE, Boston, MA",SAM,-71.06206882392462,42.37422380324475
"21 MONUMENT AVENUE, Boston, MA",SAM,-71.06204406427857,42.37425584514089
"22 MONUMENT AVENUE, Boston, MA",SAM,-71.06219990955846,42.374285302928634
"23 MONUMENT AVENUE, Boston, MA",SAM,-71.06201930463253,42.37428788703699
"24 MONUMENT AVENUE, Boston, MA",SAM,-71.06217394212482,42.37431890784408
"25 MONUMENT AVENUE, Boston, MA",SAM,-71.06199454498648,42.37431992893312
"26 MONUMENT AVENUE, Boston, MA",SAM,-71.06214797469116,42.37435251275952
"27 MONUMENT AVENUE, Boston, MA",SAM,-71.06196978534045,42.374351970829224
"28 MONUMENT AVENUE, Boston, MA",SAM,-71.0621220072575,42.37438611767496
"29 MONUMENT AVENUE, Boston, MA",SAM,-71.0619450256944,42.374384012725336
"30 MONUMENT AVENUE, Boston, MA",SAM,-71.06209603982386,42.374419722590396
"31 MONUMENT AVENUE, Boston, MA",SAM,-71.06192026604835,42.374416054621484
"32 MONUMENT AVENUE, Boston, MA",SAM,-71.0620700723902,42.37445332750585
"33 MONUMENT AVENUE, Boston, MA",SAM,-71.06189550640232,42.37444809651758
"34 MONUMENT AVENUE, Boston, MA",SAM,-71.06204410495653,42.37448693242128
"35 MONUMENT AVENUE, Boston, MA",SAM,-71.06186904764033,42.37448343418049
"36 MONUMENT AVENUE, Boston, MA",SAM,-71.0620181375229,42.37452053733672
"37 MONUMENT AVENUE, Boston, MA",SAM,-71.06184698180925,42.37451653292806
"38 MONUMENT AVENUE, Boston, MA",SAM,-71.0619963604764,42.37455182387383
"39 MONUMENT AVENUE, Boston, MA",SAM,-71.06182483309048,42.374550210216405
"40 MONUMENT AVENUE, Boston, MA",SAM,-71.06197360578285,42.37458606819008
"43 MONUMENT AVENUE, Boston, MA",SAM,-71.06178155878602,42.37461671599148
"44 MONUMENT AVENUE, Boston, MA",SAM,-71.0619282205367,42.37465581814929
"45 MONUMENT AVENUE, Boston, MA",SAM,-71.06175992163377,42.374649968879005
"46 MONUMENT AVENUE, Boston, MA",SAM,-71.06190552791364,42.37469069312892
"47 MONUMENT AVENUE, Boston, MA",SAM,-71.06173828448155,42.374683221766546
"48 MONUMENT AVENUE, Boston, MA",SAM,-71.06188283529056,42.374725568108516
"49 MONUMENT AVENUE, Boston, MA",SAM,-71.06171664732932,42.374716474654086
"50 MONUMENT AVENUE, Boston, MA",SAM,-71.06186014266748,42.374760443088135
"51 MONUMENT AVENUE, Boston, MA",SAM,-71.0616950101771,42.37474972754161
"52 MONUMENT AVENUE, Boston, MA",SAM,-71.06183745004441,42.37479531806775
"53 MONUMENT AVENUE, Boston, MA",SAM,-71.06167337302485,42.37478298042915
"54 MONUMENT AVENUE, Boston, MA",SAM,-71.06181475742135,42.37483019304735
"56 MONUMENT AVENUE, Boston, MA",SAM,-71.06179206479827,42.37486506802696
"60 MONUMENT AVENUE, Boston, MA",SAM,-71.06174667955213,42.37493481798618
"61 MONUMENT AVENUE, Boston, MA",SAM,-71.06158682441594,42.374915991979286
"65 MONUMENT AVENUE, Boston, MA",SAM,-71.06154355011147,42.37498249775435
"7 MONUMENT AVENUE, Boston, MA",SAM,-71.06234191227946,42.37388315439529
"9 MONUMENT AVENUE, Boston, MA",SAM,-71.06228243650239,42.37395537498476
"14 MONUMENT COURT, Boston, MA",SAM,-71.04136535025613,42.332466627006724
"28 MONUMENT COURT, Boston, MA",SAM,-71.06060413688571,42.375109198611575
"2 MONUMENT COURT, Boston, MA",SAM,-71.06043609891435,42.375233199328086
"1 MONUMENT SQUARE, Boston, MA",SAM,-71.06033028173935,42.37539069579998
"10 MONUMENT SQUARE, Boston, MA",SAM,-71.05983018353494,42.376261689234745
"11 MONUMENT SQUARE, Boston, MA",SAM,-71.0597910196941,42.37634124078684
"12 MONUMENT SQUARE, Boston, MA",SAM,-71.05975185585328,42.376420792338905
"13 MONUMENT SQUARE, Boston, MA",SAM,-71.05967352817161,42.37657989544305
"15 MONUMENT SQUARE, Boston, MA",SAM,-71.05975692358247,42.37672959834937
"16 MONUMENT SQUARE, Boston, MA",SAM,-71.05975692358247,42.37672959834937
"17 MONUMENT SQUARE, Boston, MA",SAM,-71.05996816771992,42.376803288183204
"18 MONUMENT SQUARE, Boston, MA",SAM,-71.06007378978865,42.37684013310013
"19 MONUMENT SQUARE, Boston, MA",SAM,-71.06017941185738,42.376876978017044
"2 MONUMENT SQUARE, Boston, MA",SAM,-71.06033028173935,42.37539069579998
"20 MONUMENT SQUARE, Boston, MA",SAM,-71.06039065599485,42.37695066785088
"21 MONUMENT SQUARE, Boston, MA",SAM,-71.06039065599485,42.37695066785088
"22 MONUMENT SQUARE, Boston, MA",SAM,-71.0605348126769,42.37699850642459
"23 MONUMENT SQUARE, Boston, MA",SAM,-71.0605348126769,42.37699850642459
"24 MONUMENT SQUARE, Boston, MA",SAM,-71.06083472305806,42.37709302366001
"25 MONUMENT SQUARE, Boston, MA",SAM,-71.06073475293101,42.377061517914875
"26 MONUMENT SQUARE, Boston, MA",SAM,-71.06113463343922,42.377187540895456
"27 MONUMENT SQUARE, Boston, MA",SAM,-71.06093469318512,42.37712452940516
"31 MONUMENT SQUARE, Boston, MA",SAM,-71.06162462816444,42.37658439727886
"32 MONUMENT SQUARE, Boston, MA",SAM,-71.06162462816444,42.37658439727886
"33 MONUMENT SQUARE, Boston, MA",SAM,-71.061770053249,42.37630487893164
"34 MONUMENT SQUARE, Boston, MA",SAM,-71.061770053249,42.37630487893164
"35 MONUMENT SQUARE, Boston, MA",SAM,-71.06191547833355,42.37602536058442
"37 MONUMENT SQUARE, Boston, MA",SAM,-71.06183617278106,42.37587446568773
"39 MONUMENT SQUARE, Boston, MA",SAM,-71.06172793088422,42.3758345317742
"4 MONUMENT SQUARE, Boston, MA",SAM,-71.06013719207841,42.37569759117477
"40 MONUMENT SQUARE, Boston, MA",SAM,-71.06167380993581,42.37581456481744
"41 MONUMENT SQUARE, Boston, MA",SAM,-71.06161968898739,42.375794597860676
"43 MONUMENT SQUARE, Boston, MA",SAM,-71.06151144709057,42.37575466394716
"45 MONUMENT SQUARE, Boston, MA",SAM,-71.0611136748924,42.375614106704624
"47 MONUMENT SQUARE, Boston, MA",SAM,-71.06081307922246,42.37550981838484
"48 MONUMENT SQUARE, Boston, MA",SAM,-71.06069242294181,42.37545733162638
"49 MONUMENT SQUARE, Boston, MA",SAM,-71.06069242294181,42.37545733162638
"5 MONUMENT SQUARE, Boston, MA",SAM,-71.0600804329455,42.375796116464
"50 MONUMENT SQUARE, Boston, MA",SAM,-71.06068665359314,42.3754542546397
"6 MONUMENT SQUARE, Boston, MA",SAM,-71.05996691467963,42.37599316704248
"7 MONUMENT SQUARE, Boston, MA",SAM,-71.05996691467963,42.37599316704248
"9 MONUMENT SQUARE, Boston, MA",SAM,-71.05990851121659,42.376102586130635
"10 MONUMENT STREET, Boston, MA",SAM,-71.06029319832771,42.377454794271756
"11 MONUMENT STREET, Boston, MA",SAM,-71.05997993275072,42.377713908299434
"12 MONUMENT STREET, Boston, MA",SAM,-71.06027313231733,42.377490164867
"13 MONUMENT STREET, Boston, MA",SAM,-71.05993496333997,42.37780384712149
"15 MONUMENT STREET, Boston, MA",SAM,-71.05988999392925,42.37789378594355
"16 MONUMENT STREET, Boston, MA",SAM,-71.06023300029653,42.37756090605744
"17 MONUMENT STREET, Boston, MA",SAM,-71.0598450245185,42.37798372476559
"19 MONUMENT STREET, Boston, MA",SAM,-71.06063872463031,42.37507664543858
"20 MONUMENT STREET, Boston, MA",SAM,-71.06019286827575,42.37763164724793
"21 MONUMENT STREET, Boston, MA",SAM,-71.06023039685019,42.37726902072926
"26 MONUMENT STREET, Boston, MA",SAM,-71.0601344400468,42.37773562414434
"27 MONUMENT STREET, Boston, MA",SAM,-71.06013006679821,42.37744587370543
"28 MONUMENT STREET, Boston, MA",SAM,-71.06011645228249,42.37777159967316
"44 MONUMENT STREET, Boston, MA",SAM,-71.05975321465317,42.37840208204522
"5 MONUMENT STREET, Boston, MA",SAM,-71.06013006679821,42.37744587370543
"54 MONUMENT STREET, Boston, MA",SAM,-71.05962775433385,42.37862791062372
"6 MONUMENT STREET, Boston, MA",SAM,-71.06033333034853,42.37738405308128
"7 MONUMENT STREET, Boston, MA",SAM,-71.06007990177221,42.37753430019353
"8 MONUMENT STREET, Boston, MA",SAM,-71.06031326433813,42.37741942367651
"9 MONUMENT STREET, Boston, MA",SAM,-71.06002973674622,42.377622726681615
"1 MOODY STREET, Boston, MA",SAM,-71.07218797633567,42.2874673351349
"13 MOODY STREET, Boston, MA",SAM,-71.0721830409416,42.28734691133295
"2 MOODY STREET, Boston, MA",SAM,-71.07203314771743,42.28747080780144
"4 MOODY STREET, Boston, MA",SAM,-71.07203230801495,42.28745031902959
"5 MOODY STREET, Boston, MA",SAM,-71.0721863312043,42.287427193867586
"9 MOODY STREET, Boston, MA",SAM,-71.07218468607294,42.287387052600266
"10 MOON STREET, Boston, MA",SAM,-71.05287451139783,42.36413365250578
"12 MOON STREET, Boston, MA",SAM,-71.05284566496138,42.364149980678135
"14 MOON STREET, Boston, MA",SAM,-71.05281681852497,42.36416630885049
"19 MOON STREET, Boston, MA",SAM,-71.05253364669228,42.36418972763247
"2 MOON STREET, Boston, MA",SAM,-71.05307391982926,42.364025316783554
"20 MOON STREET, Boston, MA",SAM,-71.05307391982926,42.364025316783554
"6 MOON STREET, Boston, MA",SAM,-71.05302275393744,42.364052605260476
"9 MOON STREET, Boston, MA",SAM,-71.05270327260028,42.364086227906704
"1 MOORE STREET, Boston, MA",SAM,-71.06578682672395,42.331294874408734
"106 MOORE STREET, Boston, MA",SAM,-71.01765437919731,42.38135918349218
"107 MOORE STREET, Boston, MA",SAM,-71.01742440478223,42.38127547489847
"109 MOORE STREET, Boston, MA",SAM,-71.01741709896046,42.38126470842165
"110 MOORE STREET, Boston, MA",SAM,-71.0175770511908,42.38124470216855
"111 MOORE STREET, Boston, MA",SAM,-71.01740979313868,42.381253941944784
"112 MOORE STREET, Boston, MA",SAM,-71.01756909596261,42.38123297867154
"113 MOORE STREET, Boston, MA",SAM,-71.0174024873169,42.38124317546793
"114 MOORE STREET, Boston, MA",SAM,-71.01756114073446,42.38122125517452
"115 MOORE STREET, Boston, MA",SAM,-71.01739518149509,42.38123240899108
"116 MOORE STREET, Boston, MA",SAM,-71.01755318550629,42.38120953167751
"15 MOORE STREET, Boston, MA",SAM,-71.06569825147648,42.331439391921265
"19 MOORE STREET, Boston, MA",SAM,-71.0656729442629,42.33148068263912
"21 MOORE STREET, Boston, MA",SAM,-71.06566029065611,42.33150132799806
"27 MOORE STREET, Boston, MA",SAM,-71.06562232983578,42.33156326407485
"3 MOORE STREET, Boston, MA",SAM,-71.06577417311718,42.331315519767664
"30 MOORE STREET, Boston, MA",SAM,-71.06574717631528,42.33163722399457
"31 MOORE STREET, Boston, MA",SAM,-71.06559702262221,42.3316045547927
"35 MOORE STREET, Boston, MA",SAM,-71.06557171540864,42.33164584551057
"36 MOORE STREET, Boston, MA",SAM,-71.0657084246445,42.33170045040629
"38 MOORE STREET, Boston, MA",SAM,-71.0656955074209,42.331721525876866
"39 MOORE STREET, Boston, MA",SAM,-71.06554640819509,42.33168713622843
"42 MOORE STREET, Boston, MA",SAM,-71.06566967297374,42.33176367681802
"5 MOORE STREET, Boston, MA",SAM,-71.0657615195104,42.331336165126594
"58 MOORE STREET, Boston, MA",SAM,-71.06556633518498,42.33193228058262
"63 MOORE STREET, Boston, MA",SAM,-71.0653945649137,42.3319348805356
"69 MOORE STREET, Boston, MA",SAM,-71.06535660409334,42.3319968166124
"73 MOORE STREET, Boston, MA",SAM,-71.06533129687978,42.33203810733028
"75 MOORE STREET, Boston, MA",SAM,-71.06531864327299,42.3320587526892
"76 MOORE STREET, Boston, MA",SAM,-71.06545008017268,42.3321219598178
"78 MOORE STREET, Boston, MA",SAM,-71.06543716294908,42.332143035288375
"85 MOORE STREET, Boston, MA",SAM,-71.06525537523908,42.33216197948386
"89 MOORE STREET, Boston, MA",SAM,-71.06523006802551,42.33220327020172
"91 MOORE STREET, Boston, MA",SAM,-71.06521741441873,42.332223915560654
"92 MOORE STREET, Boston, MA",SAM,-71.06534674238394,42.33229056358241
"93 MOORE STREET, Boston, MA",SAM,-71.06520476081194,42.33224456091958
"96 MOORE STREET, Boston, MA",SAM,-71.06532090793677,42.332332714523574
"98 MOORE STREET, Boston, MA",SAM,-71.06530799071318,42.332353789994144
"17 MOORE STREET, Boston, MA",SAM,-71.06568559786969,42.33146003728017
"15 MORA STREET, Boston, MA",SAM,-71.07207859093164,42.28246145633413
"19 MORA STREET, Boston, MA",SAM,-71.0722601923432,42.28242485450043
"20 MORA STREET, Boston, MA",SAM,-71.07223650588479,42.282310861198134
"23 MORA STREET, Boston, MA",SAM,-71.07244179375472,42.28238825266675
"24 MORA STREET, Boston, MA",SAM,-71.07242189065904,42.282273496826214
"27 MORA STREET, Boston, MA",SAM,-71.0726237365251,42.282351055143295
"28 MORA STREET, Boston, MA",SAM,-71.07260652080348,42.282235623381716
"31 MORA STREET, Boston, MA",SAM,-71.0728049853414,42.28231351074669
"35 MORA STREET, Boston, MA",SAM,-71.07298623415772,42.282275966350085
"36 MORA STREET, Boston, MA",SAM,-71.0729765704701,42.28215897023865
"39 MORA STREET, Boston, MA",SAM,-71.07316748297403,42.28223842195347
"40 MORA STREET, Boston, MA",SAM,-71.07316159530343,42.2821206436671
"44 MORA STREET, Boston, MA",SAM,-71.07334662013675,42.282082317095565
"45 MORA STREET, Boston, MA",SAM,-71.0734393561985,42.28218210535857
"48 MORA STREET, Boston, MA",SAM,-71.07353164497005,42.28204399052403
"50 MORA STREET, Boston, MA",SAM,-71.07362415738673,42.28202482723826
"53 MORA STREET, Boston, MA",SAM,-71.07380001010517,42.28210762650665
"54 MORA STREET, Boston, MA",SAM,-71.07381152905145,42.28198729012198
"56 MORA STREET, Boston, MA",SAM,-71.07390467714983,42.28196989499594
"61 MORA STREET, Boston, MA",SAM,-71.07416499857224,42.282039466012776
"65 MORA STREET, Boston, MA",SAM,-71.0743474928058,42.28200538576585
"66 MORA STREET, Boston, MA",SAM,-71.07437041764167,42.28188291936573
"68 MORA STREET, Boston, MA",SAM,-71.07446356574003,42.28186552423969
"69 MORA STREET, Boston, MA",SAM,-71.07452998703933,42.2819713055189
"70 MORA STREET, Boston, MA",SAM,-71.0745567138384,42.28184812911366
"72 MORA STREET, Boston, MA",SAM,-71.07464986193678,42.28183073398761
"73 MORA STREET, Boston, MA",SAM,-71.07471248127287,42.28193722527197
"74 MORA STREET, Boston, MA",SAM,-71.07474301003514,42.281813338861575
"76 MORA STREET, Boston, MA",SAM,-71.07483615813351,42.28179594373553
"77 MORA STREET, Boston, MA",SAM,-71.07489497550642,42.28190314502503
"80 MORA STREET, Boston, MA",SAM,-71.07502245433025,42.28176115348345
"81 MORA STREET, Boston, MA",SAM,-71.07507746973995,42.28186906477809
"84 MORA STREET, Boston, MA",SAM,-71.07520875052698,42.28172636323138
"85 MORA STREET, Boston, MA",SAM,-71.07525996397351,42.28183498453116
"87 MORA STREET, Boston, MA",SAM,-71.07535084780073,42.28181835348305
"89 MORA STREET, Boston, MA",SAM,-71.07544223731908,42.28180173720777
"91 MORA STREET, Boston, MA",SAM,-71.07553362683743,42.281785120932504
"93 MORA STREET, Boston, MA",SAM,-71.07562501635579,42.28176850465725
"101 MORAINE STREET, Boston, MA",SAM,-71.11588251136216,42.32001526008433
"13 MORAINE STREET, Boston, MA",SAM,-71.11229035833028,42.319747070806585
"16 MORAINE STREET, Boston, MA",SAM,-71.11244662005085,42.31964739386169
"18 MORAINE STREET, Boston, MA",SAM,-71.11255009240827,42.31965757147537
"20 MORAINE STREET, Boston, MA",SAM,-71.11265024677839,42.31966562963993
"24 MORAINE STREET, Boston, MA",SAM,-71.11285824916781,42.31967883614938
"27 MORAINE STREET, Boston, MA",SAM,-71.11299027851925,42.31980353962661
"30 MORAINE STREET, Boston, MA",SAM,-71.11317096556883,42.31970175880854
"31 MORAINE STREET, Boston, MA",SAM,-71.11318856452658,42.31981822748743
"33 MORAINE STREET, Boston, MA",SAM,-71.11328770753023,42.31982557141784
"36 MORAINE STREET, Boston, MA",SAM,-71.11348255786606,42.3197248397327
"39 MORAINE STREET, Boston, MA",SAM,-71.11358513654126,42.31984760320908
"44 MORAINE STREET, Boston, MA",SAM,-71.11389801426238,42.31975561429824
"49 MORAINE STREET, Boston, MA",SAM,-71.11412351015316,42.31988020085648
"50 MORAINE STREET, Boston, MA",SAM,-71.1142203829842,42.31976832936864
"53 MORAINE STREET, Boston, MA",SAM,-71.11428183697332,42.31988525331674
"54 MORAINE STREET, Boston, MA",SAM,-71.11439743978772,42.319779010218106
"59 MORAINE STREET, Boston, MA",SAM,-71.11452584852833,42.319904205681034
"61 MORAINE STREET, Boston, MA",SAM,-71.11460718571333,42.31991052313581
"64 MORAINE STREET, Boston, MA",SAM,-71.11482671937524,42.319812352340456
"67 MORAINE STREET, Boston, MA",SAM,-71.11485119726834,42.319929475500096
"7 MORAINE STREET, Boston, MA",SAM,-71.11199142749263,42.31970190333326
"71 MORAINE STREET, Boston, MA",SAM,-71.11501387163834,42.31994211040961
"75 MORAINE STREET, Boston, MA",SAM,-71.11517654600834,42.31995474531912
"84 MORAINE STREET, Boston, MA",SAM,-71.11575584109586,42.31988650139139
"9 MORAINE STREET, Boston, MA",SAM,-71.11209457597067,42.31971959257042
"90 MORAINE STREET, Boston, MA",SAM,-71.11581818710715,42.319892928818156
"100 MORELAND STREET, Boston, MA",SAM,-71.07683354129732,42.323029751703395
"101 MORELAND STREET, Boston, MA",SAM,-71.07662930305673,42.32281009069676
"108 MORELAND STREET, Boston, MA",SAM,-71.0763692086212,42.32283942181281
"110 MORELAND STREET, Boston, MA",SAM,-71.07627901899926,42.32280622280248
"114 MORELAND STREET, Boston, MA",SAM,-71.07608382062412,42.32274392543273
"115 MORELAND STREET, Boston, MA",SAM,-71.07604764386956,42.3226075685156
"12 MORELAND STREET, Boston, MA",SAM,-71.08240856171064,42.32582710778486
"121 MORELAND STREET, Boston, MA",SAM,-71.0758099431311,42.322519870001855
"122 MORELAND STREET, Boston, MA",SAM,-71.07569531804337,42.32260403221517
"124 MORELAND STREET, Boston, MA",SAM,-71.07559542474294,42.32256239914285
"137 MORELAND STREET, Boston, MA",SAM,-71.07529147422561,42.322254381234686
"139 MORELAND STREET, Boston, MA",SAM,-71.07525844966926,42.322238180505174
"14 MORELAND STREET, Boston, MA",SAM,-71.08224763367994,42.32579336480048
"143 MORELAND STREET, Boston, MA",SAM,-71.07519240055653,42.32220577904614
"145 MORELAND STREET, Boston, MA",SAM,-71.07515937600016,42.32218957831662
"16 MORELAND STREET, Boston, MA",SAM,-71.08208574216295,42.3257580829633
"18 MORELAND STREET, Boston, MA",SAM,-71.08192573558945,42.32572202513337
"22 MORELAND STREET, Boston, MA",SAM,-71.08160649367906,42.325617713637854
"25 MORELAND STREET, Boston, MA",SAM,-71.08163854279378,42.32549785689272
"27 MORELAND STREET, Boston, MA",SAM,-71.08152978978838,42.32542698413169
"3 MORELAND STREET, Boston, MA",SAM,-71.08311602035556,42.32585633544558
"31 MORELAND STREET, Boston, MA",SAM,-71.08131228377758,42.325285238609624
"32 MORELAND STREET, Boston, MA",SAM,-71.0810159439267,42.3252362015477
"33 MORELAND STREET, Boston, MA",SAM,-71.081201163531,42.32520931598135
"34 MORELAND STREET, Boston, MA",SAM,-71.08093856625912,42.325180782395
"35 MORELAND STREET, Boston, MA",SAM,-71.08113926139693,42.32516498065918
"36 MORELAND STREET, Boston, MA",SAM,-71.08086118859153,42.325125363242286
"37 MORELAND STREET, Boston, MA",SAM,-71.08107735926288,42.325120645336995
"38 MORELAND STREET, Boston, MA",SAM,-71.08078381092393,42.325069944089556
"39 MORELAND STREET, Boston, MA",SAM,-71.0810154571288,42.325076310014836
"4 MORELAND STREET, Boston, MA",SAM,-71.08305227383336,42.3259620797224
"40 MORELAND STREET, Boston, MA",SAM,-71.08070643325638,42.32501452493684
"41 MORELAND STREET, Boston, MA",SAM,-71.08095355499472,42.325031974692656
"42 MORELAND STREET, Boston, MA",SAM,-71.08062905558879,42.32495910578412
"43 MORELAND STREET, Boston, MA",SAM,-71.08089165286067,42.32498763937049
"44 MORELAND STREET, Boston, MA",SAM,-71.08055167792119,42.32490368663141
"46 MORELAND STREET, Boston, MA",SAM,-71.08047546141192,42.32484937641288
"48 MORELAND STREET, Boston, MA",SAM,-71.08039629450717,42.324795356630446
"50 MORELAND STREET, Boston, MA",SAM,-71.0803171276024,42.324741336848014
"51 MORELAND STREET, Boston, MA",SAM,-71.0806440443244,42.324810298081786
"52 MORELAND STREET, Boston, MA",SAM,-71.08023796069763,42.32468731706559
"56 MORELAND STREET, Boston, MA",SAM,-71.08004485208384,42.32455459501155
"64 MORELAND STREET, Boston, MA",SAM,-71.07975092577344,42.324349085512665
"67 MORELAND STREET, Boston, MA",SAM,-71.07941431547097,42.32400287051739
"69 MORELAND STREET, Boston, MA",SAM,-71.07924590510545,42.32392964860201
"71 MORELAND STREET, Boston, MA",SAM,-71.07908154470779,42.32385421535764
"73 MORELAND STREET, Boston, MA",SAM,-71.07891563622118,42.323777935575826
"75 MORELAND STREET, Boston, MA",SAM,-71.07877720559624,42.32371876940986
"78 MORELAND STREET, Boston, MA",SAM,-71.07823571990693,42.323631436035626
"8 MORELAND STREET, Boston, MA",SAM,-71.08273041777198,42.32589459375363
"80 MORELAND STREET, Boston, MA",SAM,-71.07812230300372,42.32358102851123
"84 MORELAND STREET, Boston, MA",SAM,-71.07789546919734,42.32348021346239
"85 MORELAND STREET, Boston, MA",SAM,-71.07813914439782,42.323454811971324
"86 MORELAND STREET, Boston, MA",SAM,-71.07778543779433,42.32343268803052
"87 MORELAND STREET, Boston, MA",SAM,-71.07801312561648,42.32339880361087
"88 MORELAND STREET, Boston, MA",SAM,-71.07766797276673,42.32338763294048
"92 MORELAND STREET, Boston, MA",SAM,-71.07741112487126,42.323285104501565
"93 MORELAND STREET, Boston, MA",SAM,-71.07762187946368,42.323240859704214
"96 MORELAND STREET, Boston, MA",SAM,-71.07712233308428,42.323157428102476
"97 MORELAND STREET, Boston, MA",SAM,-71.07712967573528,42.32302715946436
"98 MORELAND STREET, Boston, MA",SAM,-71.0769779371908,42.32309358990294
"99 MORELAND STREET, Boston, MA",SAM,-71.07676868600156,42.3228675639655
"10 MOREY ROAD, Boston, MA",SAM,-71.14046700283905,42.29389311405791
"11 MOREY ROAD, Boston, MA",SAM,-71.14035928720807,42.293988260895844
"14 MOREY ROAD, Boston, MA",SAM,-71.14056359974566,42.29403049635845
"15 MOREY ROAD, Boston, MA",SAM,-71.14044845358339,42.294115075327085
"18 MOREY ROAD, Boston, MA",SAM,-71.14066090520893,42.294158794040186
"19 MOREY ROAD, Boston, MA",SAM,-71.14055244044712,42.29424400963329
"25 MOREY ROAD, Boston, MA",SAM,-71.14071862086168,42.29441968611183
"29 MOREY ROAD, Boston, MA",SAM,-71.14085981558908,42.29457170844504
"33 MOREY ROAD, Boston, MA",SAM,-71.140895477426,42.29461174981507
"34 MOREY ROAD, Boston, MA",SAM,-71.14104267536788,42.29456872927329
"36 MOREY ROAD, Boston, MA",SAM,-71.14106050628634,42.29458874995831
"37 MOREY ROAD, Boston, MA",SAM,-71.14093113926295,42.29465179118512
"6 MOREY ROAD, Boston, MA",SAM,-71.14036619943857,42.293755653844514
"7 MOREY ROAD, Boston, MA",SAM,-71.14026979530107,42.29386332576333
"11 MORLEY STREET, Boston, MA",SAM,-71.09192931465316,42.32884066148368
"12 MORLEY STREET, Boston, MA",SAM,-71.09208101800485,42.328817113229924
"14 MORLEY STREET, Boston, MA",SAM,-71.09208473354016,42.32882949835183
"15 MORLEY STREET, Boston, MA",SAM,-71.09193659406928,42.328864926212354
"16 MORLEY STREET, Boston, MA",SAM,-71.09208844907548,42.328841883473785
"17 MORLEY STREET, Boston, MA",SAM,-71.09194023377735,42.32887705857668
"18 MORLEY STREET, Boston, MA",SAM,-71.09209216461079,42.3288542685957
"19 MORLEY STREET, Boston, MA",SAM,-71.0919438734854,42.328889190941034
"20 MORLEY STREET, Boston, MA",SAM,-71.09209588014609,42.328866653717625
"22 MORLEY STREET, Boston, MA",SAM,-71.09209729538283,42.328867182208164
"1 MORRELL STREET, Boston, MA",SAM,-71.16944488329464,42.27401732590037
"26 MORRELL STREET, Boston, MA",SAM,-71.16818746555597,42.27328615951491
"28 MORRELL STREET, Boston, MA",SAM,-71.16809633971044,42.273225553517456
"30 MORRELL STREET, Boston, MA",SAM,-71.16798884324093,42.27316822205395
"32 MORRELL STREET, Boston, MA",SAM,-71.16788328415926,42.27311350570286
"33 MORRELL STREET, Boston, MA",SAM,-71.16816352292528,42.273120129482024
"41 MORRELL STREET, Boston, MA",SAM,-71.1677765030263,42.27294224936341
"48 MORRELL STREET, Boston, MA",SAM,-71.16709764781588,42.272937008549285
"52 MORRELL STREET, Boston, MA",SAM,-71.16698202711588,42.27292317358803
"53 MORRELL STREET, Boston, MA",SAM,-71.1671663057325,42.272829144123115
"56 MORRELL STREET, Boston, MA",SAM,-71.16686640641589,42.27290933862678
"57 MORRELL STREET, Boston, MA",SAM,-71.1670368105485,42.272813648966526
"60 MORRELL STREET, Boston, MA",SAM,-71.16675078571588,42.272895503665524
"61 MORRELL STREET, Boston, MA",SAM,-71.16690731536451,42.27279815380991
"64 MORRELL STREET, Boston, MA",SAM,-71.1666351650159,42.27288166870426
"65 MORRELL STREET, Boston, MA",SAM,-71.16677782018051,42.27278265865329
"68 MORRELL STREET, Boston, MA",SAM,-71.16651954431592,42.272867833743
"69 MORRELL STREET, Boston, MA",SAM,-71.16664832499652,42.27276716349669
"72 MORRELL STREET, Boston, MA",SAM,-71.16640392361592,42.27285399878174
"10 MORRILL STREET, Boston, MA",SAM,-71.0597535332139,42.31616957088438
"11 MORRILL STREET, Boston, MA",SAM,-71.0597532505796,42.31628591360606
"14 MORRILL STREET, Boston, MA",SAM,-71.05981318096624,42.31617739354347
"15 MORRILL STREET, Boston, MA",SAM,-71.0598082147174,42.31629327909746
"17 MORRILL STREET, Boston, MA",SAM,-71.0598371680463,42.3162980761003
"18 MORRILL STREET, Boston, MA",SAM,-71.0598758765137,42.31618705661429
"19 MORRILL STREET, Boston, MA",SAM,-71.05986612137518,42.31630287310318
"22 MORRILL STREET, Boston, MA",SAM,-71.05993498956019,42.31619685049516
"24 MORRILL STREET, Boston, MA",SAM,-71.05996454608344,42.316201747435564
"25 MORRILL STREET, Boston, MA",SAM,-71.05995298136185,42.31631726411178
"28 MORRILL STREET, Boston, MA",SAM,-71.06002365912991,42.31621154131643
"29 MORRILL STREET, Boston, MA",SAM,-71.06001088801963,42.31632685811751
"100 MORRIS STREET, Boston, MA",SAM,-71.03213433372675,42.37647507645828
"101 MORRIS STREET, Boston, MA",SAM,-71.03196172887121,42.376447448327816
"102 MORRIS STREET, Boston, MA",SAM,-71.03211435357682,42.37649218446255
"103 MORRIS STREET, Boston, MA",SAM,-71.03194287436351,42.376463592500855
"105 MORRIS STREET, Boston, MA",SAM,-71.03192401985582,42.3764797366739
"106 MORRIS STREET, Boston, MA",SAM,-71.03207439327694,42.37652640047109
"107 MORRIS STREET, Boston, MA",SAM,-71.03190516534814,42.37649588084694
"109 MORRIS STREET, Boston, MA",SAM,-71.03188631084043,42.37651202501999
"13 MORRIS STREET, Boston, MA",SAM,-71.03353649280456,42.375093190754235
"15 MORRIS STREET, Boston, MA",SAM,-71.03348606580914,42.37513663555251
"19 MORRIS STREET, Boston, MA",SAM,-71.03338521181831,42.3752235251491
"20 MORRIS STREET, Boston, MA",SAM,-71.03354834904763,42.37525901710223
"21 MORRIS STREET, Boston, MA",SAM,-71.0333347848229,42.37526696994739
"23 MORRIS STREET, Boston, MA",SAM,-71.03328435782748,42.37531041474568
"24 MORRIS STREET, Boston, MA",SAM,-71.03345758045589,42.375337217739144
"25 MORRIS STREET, Boston, MA",SAM,-71.03323393083207,42.37535385954398
"27 MORRIS STREET, Boston, MA",SAM,-71.03318350383664,42.375397304342265
"3 MORRIS STREET, Boston, MA",SAM,-71.03378862778168,42.37487596676277
"30 MORRIS STREET, Boston, MA",SAM,-71.03332142756825,42.375454518694546
"32 MORRIS STREET, Boston, MA",SAM,-71.03327604327237,42.37549361901299
"33 MORRIS STREET, Boston, MA",SAM,-71.0330322228504,42.37552763873714
"34 MORRIS STREET, Boston, MA",SAM,-71.03323065897649,42.375532719331474
"36 MORRIS STREET, Boston, MA",SAM,-71.03318527468063,42.375571819649934
"37 MORRIS STREET, Boston, MA",SAM,-71.03293136885955,42.375614528333735
"38 MORRIS STREET, Boston, MA",SAM,-71.03313989038475,42.37561091996839
"40 MORRIS STREET, Boston, MA",SAM,-71.03309450608886,42.375650020286855
"41 MORRIS STREET, Boston, MA",SAM,-71.03283051486872,42.37570141793032
"42 MORRIS STREET, Boston, MA",SAM,-71.033049121793,42.37568912060532
"43 MORRIS STREET, Boston, MA",SAM,-71.03278008787328,42.3757448627286
"44 MORRIS STREET, Boston, MA",SAM,-71.03300373749711,42.37572822092378
"45 MORRIS STREET, Boston, MA",SAM,-71.03272966087788,42.375788307526896
"46 MORRIS STREET, Boston, MA",SAM,-71.03295835320124,42.37576732124224
"47 MORRIS STREET, Boston, MA",SAM,-71.03267923388245,42.37583175232518
"51 MORRIS STREET, Boston, MA",SAM,-71.0325783798916,42.37591864192178
"67 MORRIS STREET, Boston, MA",SAM,-71.03228225550188,42.37617299738611
"69 MORRIS STREET, Boston, MA",SAM,-71.0322634009942,42.376189141559166
"7 MORRIS STREET, Boston, MA",SAM,-71.03368777379083,42.37496285635934
"71 MORRIS STREET, Boston, MA",SAM,-71.03224454648652,42.3762052857322
"73 MORRIS STREET, Boston, MA",SAM,-71.03222569197884,42.376221429905236
"75 MORRIS STREET, Boston, MA",SAM,-71.03220683747114,42.37623757407828
"77 MORRIS STREET, Boston, MA",SAM,-71.03218798296345,42.37625371825132
"79 MORRIS STREET, Boston, MA",SAM,-71.03216912845575,42.37626986242436
"81 MORRIS STREET, Boston, MA",SAM,-71.03215027394808,42.37628600659741
"83 MORRIS STREET, Boston, MA",SAM,-71.03213141944039,42.37630215077045
"87 MORRIS STREET, Boston, MA",SAM,-71.032093710425,42.37633443911653
"89 MORRIS STREET, Boston, MA",SAM,-71.03207485591732,42.37635058328957
"90 MORRIS STREET, Boston, MA",SAM,-71.03223423447645,42.37638953643696
"91 MORRIS STREET, Boston, MA",SAM,-71.03205600140964,42.3763667274626
"98 MORRIS STREET, Boston, MA",SAM,-71.03215431387667,42.37645796845402
"99 MORRIS STREET, Boston, MA",SAM,-71.0319805833789,42.37643130415478
"10 MORROW ROAD, Boston, MA",SAM,-71.15031633076364,42.353894705483185
"13 MORROW ROAD, Boston, MA",SAM,-71.15030396540963,42.353772297517715
"14 MORROW ROAD, Boston, MA",SAM,-71.15025559336185,42.35388120827879
"18 MORROW ROAD, Boston, MA",SAM,-71.15019485596005,42.3538677110744
"21 MORROW ROAD, Boston, MA",SAM,-71.15018496968364,42.35374585401522
"22 MORROW ROAD, Boston, MA",SAM,-71.15013411855826,42.35385421387001
"25 MORROW ROAD, Boston, MA",SAM,-71.15012547182064,42.35373263226399
"26 MORROW ROAD, Boston, MA",SAM,-71.15007338115643,42.353840716665616
"29 MORROW ROAD, Boston, MA",SAM,-71.15006597395765,42.35371941051275
"5 MORROW ROAD, Boston, MA",SAM,-71.15042296113562,42.353798741020185
"6 MORROW ROAD, Boston, MA",SAM,-71.15037706816544,42.35390820268758
"9 MORROW ROAD, Boston, MA",SAM,-71.15036346327263,42.353785519268946
"11 MORSE STREET, Boston, MA",SAM,-71.07873236458849,42.30397507685557
"15 MORSE STREET, Boston, MA",SAM,-71.07869942034412,42.30399312958459
"16 MORSE STREET, Boston, MA",SAM,-71.07877485854313,42.304093256277405
"17 MORSE STREET, Boston, MA",SAM,-71.07867827311844,42.30400232403092
"20 MORSE STREET, Boston, MA",SAM,-71.07873168295735,42.30411202827195
"23 MORSE STREET, Boston, MA",SAM,-71.07861483144137,42.30402990736985
"3 MORSE STREET, Boston, MA",SAM,-71.07881133359457,42.3039320028502
"7 MORSE STREET, Boston, MA",SAM,-71.07877184909154,42.303953539852884
"1 MORTON PLACE, Boston, MA",SAM,-71.0379174294225,42.376082412169694
"2 MORTON PLACE, Boston, MA",SAM,-71.03779034316477,42.37614811695619
"3 MORTON PLACE, Boston, MA",SAM,-71.0379189203995,42.37608398597911
"100 MORTON STREET, Boston, MA",SAM,-71.10371586728643,42.300127706463215
"1020 MORTON STREET, Boston, MA",SAM,-71.0791871105325,42.278258824936316
"1028 MORTON STREET, Boston, MA",SAM,-71.07897492202808,42.27812932018614
"1057 MORTON STREET, Boston, MA",SAM,-71.07770492395602,42.2773645153834
"1061 MORTON STREET, Boston, MA",SAM,-71.07755471259192,42.27729513819481
"1082 MORTON STREET, Boston, MA",SAM,-71.07658270113946,42.27696868052229
"1086 MORTON STREET, Boston, MA",SAM,-71.0765455317657,42.27695332795119
"1087 MORTON STREET, Boston, MA",SAM,-71.07631718955085,42.27673246836356
"1090 MORTON STREET, Boston, MA",SAM,-71.07650836239193,42.27693797538011
"1091 MORTON STREET, Boston, MA",SAM,-71.07620720894465,42.27668991633297
"1094 MORTON STREET, Boston, MA",SAM,-71.07635540458878,42.27687656607292
"1095 MORTON STREET, Boston, MA",SAM,-71.07609722833844,42.2766473643024
"1099 MORTON STREET, Boston, MA",SAM,-71.07598724773221,42.276604812271806
"1102 MORTON STREET, Boston, MA",SAM,-71.07566802579994,42.27661061588181
"1103 MORTON STREET, Boston, MA",SAM,-71.075877267126,42.276562260241235
"1105 MORTON STREET, Boston, MA",SAM,-71.07582227682289,42.276540984225946
"1106 MORTON STREET, Boston, MA",SAM,-71.07532433640552,42.27647764078627
"1109 MORTON STREET, Boston, MA",SAM,-71.07571229621668,42.27649843219537
"1110 MORTON STREET, Boston, MA",SAM,-71.0749806470111,42.2763446656907
"1111 MORTON STREET, Boston, MA",SAM,-71.0756573059136,42.276477156180086
"1118 MORTON STREET, Boston, MA",SAM,-71.07455331711708,42.276181707050036
"1130 MORTON STREET, Boston, MA",SAM,-71.07397099834901,42.27596597313925
"1135 MORTON STREET, Boston, MA",SAM,-71.07491443407689,42.276190193204656
"1136 MORTON STREET, Boston, MA",SAM,-71.07375508738934,42.27588050074305
"1142 MORTON STREET, Boston, MA",SAM,-71.07364263514022,42.275834068835564
"1162 MORTON STREET, Boston, MA",SAM,-71.07326779430984,42.27567929581055
"1168 MORTON STREET, Boston, MA",SAM,-71.07294447431228,42.27550659976638
"1172 MORTON STREET, Boston, MA",SAM,-71.07275962986625,42.27540138059635
"1175 MORTON STREET, Boston, MA",SAM,-71.07263460922118,42.27518399468024
"1176 MORTON STREET, Boston, MA",SAM,-71.07257402299226,42.275294956774296
"1180 MORTON STREET, Boston, MA",SAM,-71.07239216798975,42.27518692407514
"1181 MORTON STREET, Boston, MA",SAM,-71.07252549621965,42.275119175060766
"1184 MORTON STREET, Boston, MA",SAM,-71.07221031298721,42.27507889137601
"1185 MORTON STREET, Boston, MA",SAM,-71.07245275421866,42.275075961981074
"1192 MORTON STREET, Boston, MA",SAM,-71.0720067549878,42.27495966546238
"1193 MORTON STREET, Boston, MA",SAM,-71.07230727021664,42.27498953582178
"1200 MORTON STREET, Boston, MA",SAM,-71.07189619849518,42.274895298325454
"1204 MORTON STREET, Boston, MA",SAM,-71.07184092024889,42.274863114757
"1208 MORTON STREET, Boston, MA",SAM,-71.07178564200257,42.274830931188525
"1215 MORTON STREET, Boston, MA",SAM,-71.07099483041057,42.27422470113838
"1218 MORTON STREET, Boston, MA",SAM,-71.07164744638682,42.27475047226735
"1221 MORTON STREET, Boston, MA",SAM,-71.07063764789598,42.274016745772876
"1224 MORTON STREET, Boston, MA",SAM,-71.07156452901737,42.27470219691465
"123 MORTON STREET, Boston, MA",SAM,-71.1062905278779,42.30013572027809
"1230 MORTON STREET, Boston, MA",SAM,-71.07148161164791,42.27465392156194
"1235 MORTON STREET, Boston, MA",SAM,-71.0704759127741,42.273906985572424
"1239 MORTON STREET, Boston, MA",SAM,-71.07045845098759,42.273894208652614
"131 MORTON STREET, Boston, MA",SAM,-71.10623834655581,42.30013224152113
"29 MORTON STREET, Boston, MA",SAM,-71.11052959562427,42.30068854961033
"37 MORTON STREET, Boston, MA",SAM,-71.11033396866561,42.30057727553518
"39 MORTON STREET, Boston, MA",SAM,-71.11028506192595,42.300549457016416
"41 MORTON STREET, Boston, MA",SAM,-71.1102263312185,42.300522057506946
"597 MORTON STREET, Boston, MA",SAM,-71.0939691679073,42.28740727152287
"601 MORTON STREET, Boston, MA",SAM,-71.09390550965436,42.28726132329166
"609 MORTON STREET, Boston, MA",SAM,-71.09377241940324,42.286934277362526
"613 MORTON STREET, Boston, MA",SAM,-71.0937211497595,42.286791199242536
"617 MORTON STREET, Boston, MA",SAM,-71.09366988011578,42.28664812112255
"619 MORTON STREET, Boston, MA",SAM,-71.09364424529392,42.286576582062565
"622 MORTON STREET, Boston, MA",SAM,-71.09365304943687,42.28731222278129
"623 MORTON STREET, Boston, MA",SAM,-71.09357639828535,42.28639322684759
"625 MORTON STREET, Boston, MA",SAM,-71.09354617021474,42.28631705208712
"627 MORTON STREET, Boston, MA",SAM,-71.09351594214415,42.286240877326655
"631 MORTON STREET, Boston, MA",SAM,-71.09345548600297,42.2860885278057
"635 MORTON STREET, Boston, MA",SAM,-71.09339502986177,42.285936178284786
"636 MORTON STREET, Boston, MA",SAM,-71.0935053020761,42.28693048106689
"638 MORTON STREET, Boston, MA",SAM,-71.09347445759063,42.286854277021604
"640 MORTON STREET, Boston, MA",SAM,-71.09344361310517,42.28677807297634
"643 MORTON STREET, Boston, MA",SAM,-71.09330537969745,42.28571036210886
"648 MORTON STREET, Boston, MA",SAM,-71.09329056522535,42.28639220216128
"650 MORTON STREET, Boston, MA",SAM,-71.0932608497539,42.28631457804919
"651 MORTON STREET, Boston, MA",SAM,-71.09324404282977,42.285555884025925
"652 MORTON STREET, Boston, MA",SAM,-71.09323113428245,42.286236953937134
"660 MORTON STREET, Boston, MA",SAM,-71.0930979920605,42.28589629585046
"663 MORTON STREET, Boston, MA",SAM,-71.09315203752821,42.285324166901546
"664 MORTON STREET, Boston, MA",SAM,-71.09301072584653,42.28569513977446
"673 WELLINGTON HILL STREET, Boston, MA",SAM,,
"676 MORTON STREET, Boston, MA",SAM,-71.09265122132953,42.28487743075105
"679 MORTON STREET, Boston, MA",SAM,-71.0924947041314,42.28464561301269
"680 MORTON STREET, Boston, MA",SAM,-71.0925281760506,42.28480830417416
"687 MORTON STREET, Boston, MA",SAM,-71.09226673532277,42.28453076115404
"691 MORTON STREET, Boston, MA",SAM,-71.09215195409378,42.28447974726249
"695 MORTON STREET, Boston, MA",SAM,-71.0920371728648,42.28442873337094
"712 MORTON STREET, Boston, MA",SAM,-71.09085424746871,42.28419256225973
"718 MORTON STREET, Boston, MA",SAM,-71.09064020870046,42.284149144847945
"722 MORTON STREET, Boston, MA",SAM,-71.0904949411565,42.28412286528372
"724 MORTON STREET, Boston, MA",SAM,-71.09042230738453,42.284109725501615
"725 MORTON STREET, Boston, MA",SAM,-71.09072118271646,42.284046352429705
"728 MORTON STREET, Boston, MA",SAM,-71.09027703984057,42.28408344593739
"729 MORTON STREET, Boston, MA",SAM,-71.09056613756397,42.284017777668
"732 MORTON STREET, Boston, MA",SAM,-71.09013177229663,42.28405716637317
"733 MORTON STREET, Boston, MA",SAM,-71.0904132243598,42.283990114968816
"736 MORTON STREET, Boston, MA",SAM,-71.08998650475267,42.28403088680893
"740 MORTON STREET, Boston, MA",SAM,-71.08984123720872,42.28400460724473
"741 MORTON STREET, Boston, MA",SAM,-71.0901073979515,42.283934789570466
"745 MORTON STREET, Boston, MA",SAM,-71.08995448474731,42.283907126871284
"749 MORTON STREET, Boston, MA",SAM,-71.0897514122145,42.283858077247615
"750 MORTON STREET, Boston, MA",SAM,-71.08928236170621,42.28380679052193
"755 MORTON STREET, Boston, MA",SAM,-71.08956721589976,42.283746827411456
"760 MORTON STREET, Boston, MA",SAM,-71.0891044007136,42.2835774831726
"761 MORTON STREET, Boston, MA",SAM,-71.08933463497225,42.28349887583924
"764 MORTON STREET, Boston, MA",SAM,-71.08900121631108,42.28336890366397
"766 MORTON STREET, Boston, MA",SAM,-71.08896381380669,42.28326417661912
"770 MORTON STREET, Boston, MA",SAM,-71.08887785945083,42.28306500732273
"779 MORTON STREET, Boston, MA",SAM,-71.0889097714622,42.282732846304796
"782 MORTON STREET, Boston, MA",SAM,-71.08870203500234,42.282859883942244
"787 MORTON STREET, Boston, MA",SAM,-71.08876726290401,42.282616958537325
"791 MORTON STREET, Boston, MA",SAM,-71.08869323321473,42.28256855449886
"797 MORTON STREET, Boston, MA",SAM,-71.0884476717526,42.282411335661
"800 MORTON STREET, Boston, MA",SAM,,
"801 MORTON STREET, Boston, MA",SAM,-71.0882664445005,42.282296876318156
"805 MORTON STREET, Boston, MA",SAM,-71.08808455768389,42.282182704445944
"808 MORTON STREET, Boston, MA",SAM,-71.08763356125628,42.28215533180995
"812 MORTON STREET, Boston, MA",SAM,-71.08752343474927,42.28208623280963
"815 MORTON STREET, Boston, MA",SAM,-71.08776965263056,42.281970955122695
"816 MORTON STREET, Boston, MA",SAM,-71.08741330824228,42.2820171338093
"834 MORTON STREET, Boston, MA",SAM,-71.08686737812782,42.28165702895104
"841 MORTON STREET, Boston, MA",SAM,-71.0870412851701,42.28148748557543
"844 MORTON STREET, Boston, MA",SAM,-71.08650235358228,42.281426396520935
"852 MORTON STREET, Boston, MA",SAM,-71.0861927381739,42.28130322712358
"855 MORTON STREET, Boston, MA",SAM,-71.08670766947749,42.28127489450888
"856 MORTON STREET, Boston, MA",SAM,-71.0860179515225,42.281247613174806
"872 MORTON STREET, Boston, MA",SAM,-71.08526470887129,42.28106182543055
"875 MORTON STREET, Boston, MA",SAM,-71.0861332979353,42.28106328235079
"884 MORTON STREET, Boston, MA",SAM,-71.0846339737232,42.28093112984145
"888 MORTON STREET, Boston, MA",SAM,-71.08437919852278,42.2808793906341
"890 MORTON STREET, Boston, MA",SAM,-71.08431023048796,42.28086535502973
"895 MORTON STREET, Boston, MA",SAM,-71.08380381687032,42.28058340947081
"899 MORTON STREET, Boston, MA",SAM,-71.0836637018366,42.28055424053303
"903 MORTON STREET, Boston, MA",SAM,-71.0835235868029,42.280525071595235
"904 MORTON STREET, Boston, MA",SAM,-71.08382745424429,42.28076710579917
"907 MORTON STREET, Boston, MA",SAM,-71.08338347176921,42.28049590265745
"911 MORTON STREET, Boston, MA",SAM,-71.08324396678452,42.28046656471378
"912 MORTON STREET, Boston, MA",SAM,-71.08355158210504,42.28071096338173
"914 MORTON STREET, Boston, MA",SAM,-71.08348261407025,42.280696927777356
"915 MORTON STREET, Boston, MA",SAM,-71.08310412212565,42.280436694971854
"920 MORTON STREET, Boston, MA",SAM,-71.0832757099658,42.28065482096426
"939 MORTON STREET, Boston, MA",SAM,-71.08271756498141,42.28033792194349
"941 MORTON STREET, Boston, MA",SAM,-71.08261042749646,42.280294950744675
"943 MORTON STREET, Boston, MA",SAM,-71.08242357564026,42.28020152479503
"947 MORTON STREET, Boston, MA",SAM,-71.08213856518952,42.28002939357024
"949 MORTON STREET, Boston, MA",SAM,-71.08204711555672,42.279967467033345
"952 MORTON STREET, Boston, MA",SAM,-71.08214965687222,42.280278741773934
"953 MORTON STREET, Boston, MA",SAM,-71.0818642162911,42.2798436139596
"956 MORTON STREET, Boston, MA",SAM,-71.08198894891753,42.28016703167186
"957 MORTON STREET, Boston, MA",SAM,-71.08168131702548,42.27971976088583
"959 MORTON STREET, Boston, MA",SAM,-71.08156976917795,42.27964232983154
"96 MORTON STREET, Boston, MA",SAM,-71.10811725069632,42.30025563526466
"960 MORTON STREET, Boston, MA",SAM,-71.08183164631023,42.28005812984244
"964 MORTON STREET, Boston, MA",SAM,-71.08167434370291,42.27994922801302
"965 MORTON STREET, Boston, MA",SAM,-71.0813915859639,42.27951554559319
"972 MORTON STREET, Boston, MA",SAM,-71.08122926974642,42.27964403857931
"973 MORTON STREET, Boston, MA",SAM,-71.08109647773097,42.279309501109644
"976 MORTON STREET, Boston, MA",SAM,-71.0809405381223,42.279448554216216
"980 MORTON STREET, Boston, MA",SAM,-71.08085916553013,42.27939430580929
"981 MORTON STREET, Boston, MA",SAM,-71.08089162303459,42.27917723269332
"984 MORTON STREET, Boston, MA",SAM,-71.0807779515262,42.2793420762103
"988 MORTON STREET, Boston, MA",SAM,-71.08069478622922,42.279289337229635
"999 MORTON STREET, Boston, MA",SAM,-71.07972387031855,42.27844284743276
"14 MOSELEY STREET, Boston, MA",SAM,-71.05550281551368,42.31938193921832
"17 MOSELEY STREET, Boston, MA",SAM,-71.05537596384852,42.31929771391386
"18 MOSELEY STREET, Boston, MA",SAM,-71.05544300162073,42.31951627872719
"19 MOSELEY STREET, Boston, MA",SAM,-71.05535817773853,42.319339955924534
"2 MOSELEY STREET, Boston, MA",SAM,-71.05559755911725,42.31897124711305
"23 MOSELEY STREET, Boston, MA",SAM,-71.05532260551857,42.31942443994594
"24 MOSELEY STREET, Boston, MA",SAM,-71.05533001900415,42.31970314598654
"26 MOSELEY STREET, Boston, MA",SAM,-71.05528744283406,42.31976824263608
"27 MOSELEY STREET, Boston, MA",SAM,-71.05528292281544,42.319501363050065
"28 MOSELEY STREET, Boston, MA",SAM,-71.05524245936796,42.31982726094581
"30 MOSELEY STREET, Boston, MA",SAM,-71.05519747590188,42.319886279255556
"31 MOSELEY STREET, Boston, MA",SAM,-71.0552356151549,42.31958102868185
"32 MOSELEY STREET, Boston, MA",SAM,-71.05515249243578,42.31994529756528
"35 MOSELEY STREET, Boston, MA",SAM,-71.05518541414152,42.31966135030533
"36 MOSELEY STREET, Boston, MA",SAM,-71.0550625255036,42.32006333418477
"37 MOSELEY STREET, Boston, MA",SAM,-71.0551603136348,42.319701511117074
"40 MOSELEY STREET, Boston, MA",SAM,-71.05497255857142,42.32018137080425
"41 MOSELEY STREET, Boston, MA",SAM,-71.05510469074616,42.31977461366059
"42 MOSELEY STREET, Boston, MA",SAM,-71.05492757510532,42.32024038911401
"44 MOSELEY STREET, Boston, MA",SAM,-71.05488259163924,42.32029940742375
"5 MOSELEY STREET, Boston, MA",SAM,-71.0554308689068,42.319047203921144
"50 MOSELEY STREET, Boston, MA",SAM,-71.05474764124097,42.320476462352985
"51 MOSELEY STREET, Boston, MA",SAM,-71.05495780595892,42.31996732650874
"55 MOSELEY STREET, Boston, MA",SAM,-71.05489905204402,42.32004441164798
"59 MOSELEY STREET, Boston, MA",SAM,-71.05484029812914,42.32012149678726
"60 MOSELEY STREET, Boston, MA",SAM,-71.05443093301527,42.32074536267308
"68 MOSELEY STREET, Boston, MA",SAM,-71.05411475767383,42.32095235081621
"70 MOSELEY STREET, Boston, MA",SAM,-71.05411173958728,42.32095465876488
"12 MOSGROVE AVENUE, Boston, MA",SAM,-71.12266806060903,42.29180891557201
"15 MOSGROVE AVENUE, Boston, MA",SAM,-71.12259846793161,42.29191729688757
"16 MOSGROVE AVENUE, Boston, MA",SAM,-71.12270614937576,42.291834872367005
"19 MOSGROVE AVENUE, Boston, MA",SAM,-71.12263577937654,42.291942723952054
"5 MOSGROVE AVENUE, Boston, MA",SAM,-71.12250518931921,42.291853729226375
"1 MOSS HILL ROAD, Boston, MA",SAM,-71.12525288076687,42.311811195931305
"10 MOSS HILL ROAD, Boston, MA",SAM,-71.1251745435323,42.31135189781989
"101 MOSS HILL ROAD, Boston, MA",SAM,-71.12492099828448,42.30788244653885
"105 MOSS HILL ROAD, Boston, MA",SAM,-71.12500591922135,42.30779168957494
"109 MOSS HILL ROAD, Boston, MA",SAM,-71.12509780871716,42.30770171443928
"110 MOSS HILL ROAD, Boston, MA",SAM,-71.12466911141706,42.30795029350547
"112 MOSS HILL ROAD, Boston, MA",SAM,-71.12475962726462,42.307853535181245
"115 MOSS HILL ROAD, Boston, MA",SAM,-71.12523564296089,42.30756675173577
"116 MOSS HILL ROAD, Boston, MA",SAM,-71.12494619663161,42.307660035131015
"130 MOSS HILL ROAD, Boston, MA",SAM,-71.12558778855902,42.306994054945314
"135 MOSS HILL ROAD, Boston, MA",SAM,-71.12567970231059,42.30710217071896
"141 MOSS HILL ROAD, Boston, MA",SAM,-71.12586784805433,42.306885451716795
"145 MOSS HILL ROAD, Boston, MA",SAM,-71.1260036634572,42.306757334556835
"15 MOSS HILL ROAD, Boston, MA",SAM,-71.12532359428843,42.31122563048888
"154 MOSS HILL ROAD, Boston, MA",SAM,-71.12629110548676,42.306476195548754
"155 MOSS HILL ROAD, Boston, MA",SAM,-71.12647248023623,42.30654709122975
"165 MOSS HILL ROAD, Boston, MA",SAM,-71.12703726622523,42.30651048618889
"166 MOSS HILL ROAD, Boston, MA",SAM,-71.12674491080311,42.30639588732095
"169 MOSS HILL ROAD, Boston, MA",SAM,-71.12725430126545,42.30654140164306
"173 MOSS HILL ROAD, Boston, MA",SAM,-71.1274030830763,42.306564474825976
"177 MOSS HILL ROAD, Boston, MA",SAM,-71.1276715407179,42.30681318484181
"180 MOSS HILL ROAD, Boston, MA",SAM,-71.12735623772211,42.30644038097064
"181 MOSS HILL ROAD, Boston, MA",SAM,-71.1277735438199,42.3069162717612
"186 MOSS HILL ROAD, Boston, MA",SAM,-71.12778820715337,42.30673777397336
"190 MOSS HILL ROAD, Boston, MA",SAM,-71.12798651606255,42.306958057825646
"198 MOSS HILL ROAD, Boston, MA",SAM,-71.12833418536825,42.30740238237423
"202 MOSS HILL ROAD, Boston, MA",SAM,-71.12845509867044,42.30754069221836
"204 MOSS HILL ROAD, Boston, MA",SAM,-71.1285021649828,42.307589030604255
"223 MOSS HILL ROAD, Boston, MA",SAM,-71.12867432626763,42.308203773806035
"227 MOSS HILL ROAD, Boston, MA",SAM,-71.12868324872882,42.30832720849067
"231 MOSS HILL ROAD, Boston, MA",SAM,-71.12866458270449,42.30845337204295
"234 MOSS HILL ROAD, Boston, MA",SAM,-71.12881707589109,42.308473865601556
"235 MOSS HILL ROAD, Boston, MA",SAM,-71.12863440249393,42.308581495066555
"239 MOSS HILL ROAD, Boston, MA",SAM,-71.12859171148897,42.30871241414185
"24 MOSS HILL ROAD, Boston, MA",SAM,-71.12474442258875,42.310523030110275
"243 MOSS HILL ROAD, Boston, MA",SAM,-71.1285468136585,42.30884148047254
"247 MOSS HILL ROAD, Boston, MA",SAM,-71.12851283607318,42.30898630539126
"248 MOSS HILL ROAD, Boston, MA",SAM,-71.12869109803809,42.30888605915764
"252 MOSS HILL ROAD, Boston, MA",SAM,-71.12866771500468,42.308989834692035
"255 MOSS HILL ROAD, Boston, MA",SAM,-71.12855989128299,42.309184662480995
"256 MOSS HILL ROAD, Boston, MA",SAM,-71.12867576466354,42.309099330502065
"260 MOSS HILL ROAD, Boston, MA",SAM,-71.12870394369081,42.309141599053376
"265 MOSS HILL ROAD, Boston, MA",SAM,-71.12863853222233,42.309284694159714
"28 MOSS HILL ROAD, Boston, MA",SAM,-71.12469826492995,42.31045589944706
"31 MOSS HILL ROAD, Boston, MA",SAM,-71.12466820433467,42.31011856103846
"35 MOSS HILL ROAD, Boston, MA",SAM,-71.12452095465079,42.30983625767931
"39 MOSS HILL ROAD, Boston, MA",SAM,-71.12442980986629,42.3095454493466
"5 MOSS HILL ROAD, Boston, MA",SAM,-71.125282440716,42.31165370698988
"6 MOSS HILL ROAD, Boston, MA",SAM,-71.1251474796795,42.31157006569368
"71 MOSS HILL ROAD, Boston, MA",SAM,-71.12446414935987,42.30863043193409
"74 MOSS HILL ROAD, Boston, MA",SAM,-71.12432490896259,42.30970454656025
"75 MOSS HILL ROAD, Boston, MA",SAM,-71.12450603835119,42.30852572071112
"76 MOSS HILL ROAD, Boston, MA",SAM,-71.12431474038353,42.309673995414464
"79 MOSS HILL ROAD, Boston, MA",SAM,-71.12455615127742,42.30841923074293
"81 MOSS HILL ROAD, Boston, MA",SAM,-71.12458120774052,42.308365985758826
"82 MOSS HILL ROAD, Boston, MA",SAM,-71.12427979902215,42.30957416292193
"85 MOSS HILL ROAD, Boston, MA",SAM,-71.12463132066677,42.30825949579064
"86 MOSS HILL ROAD, Boston, MA",SAM,-71.12421596860679,42.30934094050867
"89 MOSS HILL ROAD, Boston, MA",SAM,-71.1246902629695,42.308161458377015
"9 MOSS HILL ROAD, Boston, MA",SAM,-71.12531789328206,42.31148327162898
"90 MOSS HILL ROAD, Boston, MA",SAM,-71.12419289752344,42.30909337722931
"93 MOSS HILL ROAD, Boston, MA",SAM,-71.12474750957666,42.30806789999363
"97 MOSS HILL ROAD, Boston, MA",SAM,-71.12483425393057,42.307975173266236
"98 MOSS HILL ROAD, Boston, MA",SAM,-71.12430689903856,42.30862072323839
"1 MOSSDALE ROAD, Boston, MA",SAM,-71.12819394933948,42.307458667755284
"17 MOSSDALE ROAD, Boston, MA",SAM,-71.12704339977289,42.30819837243364
"20 MOSSDALE ROAD, Boston, MA",SAM,-71.12718565072632,42.30825005127581
"23 MOSSDALE ROAD, Boston, MA",SAM,-71.12679577966176,42.308430320397285
"24 MOSSDALE ROAD, Boston, MA",SAM,-71.12697930063369,42.308443341245535
"27 MOSSDALE ROAD, Boston, MA",SAM,-71.12663069958766,42.30858495237307
"28 MOSSDALE ROAD, Boston, MA",SAM,-71.12677295054107,42.30863663121524
"31 MOSSDALE ROAD, Boston, MA",SAM,-71.12647334806879,42.3087475119556
"32 MOSSDALE ROAD, Boston, MA",SAM,-71.12658041853214,42.30883392914496
"35 MOSSDALE ROAD, Boston, MA",SAM,-71.12633628721454,42.30892873742664
"36 MOSSDALE ROAD, Boston, MA",SAM,-71.12644876574508,42.309032094486035
"39 MOSSDALE ROAD, Boston, MA",SAM,-71.12627391365653,42.309142319254484
"4 MOSSDALE ROAD, Boston, MA",SAM,-71.12812929329499,42.3076191333095
"43 MOSSDALE ROAD, Boston, MA",SAM,-71.12636945409614,42.30935670346766
"44 MOSSDALE ROAD, Boston, MA",SAM,-71.12665468905564,42.309396417345134
"47 MOSSDALE ROAD, Boston, MA",SAM,-71.12657910137641,42.30949943685514
"5 MOSSDALE ROAD, Boston, MA",SAM,-71.12772249672497,42.3076735076855
"51 MOSSDALE ROAD, Boston, MA",SAM,-71.12687190760387,42.30958863408849
"54 MOSSDALE ROAD, Boston, MA",SAM,-71.12734722335139,42.30936532732992
"55 MOSSDALE ROAD, Boston, MA",SAM,-71.1271592608773,42.30954595042835
"58 MOSSDALE ROAD, Boston, MA",SAM,-71.12764743904694,42.309265183646566
"59 MOSSDALE ROAD, Boston, MA",SAM,-71.12740585985496,42.30947139724798
"62 MOSSDALE ROAD, Boston, MA",SAM,-71.12794949390063,42.309161493171835
"63 MOSSDALE ROAD, Boston, MA",SAM,-71.12765227047693,42.30938986051183
"67 MOSSDALE ROAD, Boston, MA",SAM,-71.12789391435989,42.30930690813206
"7 MOSSDALE ROAD, Boston, MA",SAM,-71.12749808290467,42.307803537211974
"70 MOSSDALE ROAD, Boston, MA",SAM,-71.12816383223836,42.30909490048006
"71 MOSSDALE ROAD, Boston, MA",SAM,-71.128153013294,42.30922140402611
"9 MOSSDALE ROAD, Boston, MA",SAM,-71.12738046302293,42.30788842434467
"5 MOTHER JULIA ROAD, Boston, MA",SAM,-71.06754632398093,42.27465363173213
"9 MOULTON STREET, Boston, MA",SAM,-71.05662535192481,42.376688152008235
"1 MOULTRIE STREET, Boston, MA",SAM,-71.06702016863069,42.29238298057731
"10 MOULTRIE STREET, Boston, MA",SAM,-71.06773687980548,42.29204996235063
"11 MOULTRIE STREET, Boston, MA",SAM,-71.06798911872225,42.292095495539364
"12 MOULTRIE STREET, Boston, MA",SAM,-71.06792880125,42.29198994782621
"13 MOULTRIE STREET, Boston, MA",SAM,-71.06818104016679,42.29203548101491
"14 MOULTRIE STREET, Boston, MA",SAM,-71.06812072269456,42.29192993330175
"15 MOULTRIE STREET, Boston, MA",SAM,-71.06837296161133,42.29197546649047
"16 MOULTRIE STREET, Boston, MA",SAM,-71.0683126441391,42.29186991877731
"17 MOULTRIE STREET, Boston, MA",SAM,-71.06856488305587,42.291915451966055
"19 MOULTRIE STREET, Boston, MA",SAM,-71.06875680450041,42.29185543744161
"23 MOULTRIE STREET, Boston, MA",SAM,-71.06909196339413,42.29174977719583
"24 MOULTRIE STREET, Boston, MA",SAM,-71.0690297045925,42.2916448480875
"25 MOULTRIE STREET, Boston, MA",SAM,-71.06915832974859,42.291728229677695
"26 MOULTRIE STREET, Boston, MA",SAM,-71.06909786463221,42.291622718204
"27 MOULTRIE STREET, Boston, MA",SAM,-71.06922469610306,42.29170668215957
"28 MOULTRIE STREET, Boston, MA",SAM,-71.06916602467193,42.29160058832051
"29 MOULTRIE STREET, Boston, MA",SAM,-71.06929106245752,42.29168513464145
"3 MOULTRIE STREET, Boston, MA",SAM,-71.06721437471468,42.29232713046107
"30 MOULTRIE STREET, Boston, MA",SAM,-71.06923418471165,42.29157845843702
"31 MOULTRIE STREET, Boston, MA",SAM,-71.06935742881198,42.29166358712331
"32 MOULTRIE STREET, Boston, MA",SAM,-71.06930234475136,42.291556328553554
"33 MOULTRIE STREET, Boston, MA",SAM,-71.06942379516644,42.291642039605186
"34 MOULTRIE STREET, Boston, MA",SAM,-71.06937050479108,42.291534198670064
"35 MOULTRIE STREET, Boston, MA",SAM,-71.0694901615209,42.29162049208703
"36 MOULTRIE STREET, Boston, MA",SAM,-71.06943866483081,42.291512068786574
"40 MOULTRIE STREET, Boston, MA",SAM,-71.06957498491023,42.29146780901961
"43 MOULTRIE STREET, Boston, MA",SAM,-71.06975466096262,42.29153526973328
"47 MOULTRIE STREET, Boston, MA",SAM,-71.0698884264477,42.29149395980336
"5 MOULTRIE STREET, Boston, MA",SAM,-71.06740858079867,42.29227128034485
"7 MOULTRIE STREET, Boston, MA",SAM,-71.06760278688265,42.2922154302286
"8 MOULTRIE STREET, Boston, MA",SAM,-71.06754665466369,42.29210862640762
"9 MOULTRIE STREET, Boston, MA",SAM,-71.06779719727771,42.29215551006379
"1 MOUNT ASH ROAD, Boston, MA",SAM,-71.1319540821529,42.25590543444436
"15 MOUNT ASH ROAD, Boston, MA",SAM,-71.13181074632725,42.25605700796814
"24 MOUNT ASH ROAD, Boston, MA",SAM,-71.13185098758939,42.25621429279719
"25 MOUNT ASH ROAD, Boston, MA",SAM,-71.13170836359464,42.25616527477083
"29 MOUNT ASH ROAD, Boston, MA",SAM,-71.13166741050158,42.256208581491904
"33 MOUNT ASH ROAD, Boston, MA",SAM,-71.13162645740854,42.25625188821299
"37 MOUNT ASH ROAD, Boston, MA",SAM,-71.1315855043155,42.25629519493406
"8 MOUNT ASH ROAD, Boston, MA",SAM,-71.13201821271932,42.25603745701947
"9 MOUNT ASH ROAD, Boston, MA",SAM,-71.1318721759668,42.25599204788651
"10 MOUNT BOWDOIN TERRACE, Boston, MA",SAM,-71.07686203837243,42.30391110506246
"16 MOUNT BOWDOIN TERRACE, Boston, MA",SAM,-71.07667861319527,42.30384500365471
"20 MOUNT BOWDOIN TERRACE, Boston, MA",SAM,-71.07656038983507,42.30379859821236
"24 MOUNT BOWDOIN TERRACE, Boston, MA",SAM,-71.07644216647485,42.30375219277001
"25 MOUNT BOWDOIN TERRACE, Boston, MA",SAM,-71.07647016675672,42.303633453380485
"27 MOUNT BOWDOIN TERRACE, Boston, MA",SAM,-71.07641226143743,42.30361072418421
"43 MOUNT BOWDOIN TERRACE, Boston, MA",SAM,-71.07595736845117,42.30342148554541
"47 MOUNT BOWDOIN TERRACE, Boston, MA",SAM,-71.0758435817038,42.30337331304236
"48 MOUNT BOWDOIN TERRACE, Boston, MA",SAM,-71.07573934815652,42.303461222090384
"49 MOUNT BOWDOIN TERRACE, Boston, MA",SAM,-71.07578668833011,42.30334922679086
"9 MOUNT BOWDOIN TERRACE, Boston, MA",SAM,-71.0769336994589,42.30380942644747
"14 MOUNT CALVARY ROAD, Boston, MA",SAM,-71.11372050105467,42.281041173416654
"15 MOUNT CALVARY ROAD, Boston, MA",SAM,-71.11376804761426,42.28058192916952
"16 MOUNT CALVARY ROAD, Boston, MA",SAM,-71.11371416451911,42.281019162285496
"18 MOUNT CALVARY ROAD, Boston, MA",SAM,-71.11370782798353,42.28099715115428
"2 MOUNT CALVARY ROAD, Boston, MA",SAM,-71.11375852026804,42.28117324020378
"20 MOUNT CALVARY ROAD, Boston, MA",SAM,-71.11370149144798,42.2809751400231
"22 MOUNT CALVARY ROAD, Boston, MA",SAM,-71.11369515491243,42.28095312889192
"24 MOUNT CALVARY ROAD, Boston, MA",SAM,-71.11368826010387,42.28092867342823
"25 MOUNT CALVARY ROAD, Boston, MA",SAM,-71.11369472515065,42.28017035559704
"26 MOUNT CALVARY ROAD, Boston, MA",SAM,-71.1136832161768,42.280906480140175
"27 MOUNT CALVARY ROAD, Boston, MA",SAM,-71.11368051362302,42.28008792869735
"28 MOUNT CALVARY ROAD, Boston, MA",SAM,-71.11367817224969,42.28088428685215
"35 MOUNT CALVARY ROAD, Boston, MA",SAM,-71.1136532926229,42.279809819928
"37 MOUNT CALVARY ROAD, Boston, MA",SAM,-71.11364883912198,42.279753833010744
"4 MOUNT CALVARY ROAD, Boston, MA",SAM,-71.11375218373247,42.2811512290726
"43 MOUNT CALVARY ROAD, Boston, MA",SAM,-71.1136594822058,42.27956822171861
"49 MOUNT CALVARY ROAD, Boston, MA",SAM,-71.11375084450869,42.27946022653915
"53 MOUNT CALVARY ROAD, Boston, MA",SAM,-71.11382234231415,42.27938872873027
"57 MOUNT CALVARY ROAD, Boston, MA",SAM,-71.11389401885073,42.279316040803764
"6 MOUNT CALVARY ROAD, Boston, MA",SAM,-71.11374584719691,42.28112921794141
"61 MOUNT CALVARY ROAD, Boston, MA",SAM,-71.11396374901123,42.279243593880366
"65 MOUNT CALVARY ROAD, Boston, MA",SAM,-71.11403347917175,42.279171146956955
"73 MOUNT CALVARY ROAD, Boston, MA",SAM,-71.11417293949278,42.279026253110175
"8 MOUNT CALVARY ROAD, Boston, MA",SAM,-71.11373951066135,42.281107206810205
"10 MOUNT CUSHING TERRACE, Boston, MA",SAM,-71.06413434364019,42.316037846784404
"11 MOUNT CUSHING TERRACE, Boston, MA",SAM,-71.06388238450258,42.3154365497447
"12 MOUNT CUSHING TERRACE, Boston, MA",SAM,-71.06411129262654,42.316027992913604
"14 MOUNT CUSHING TERRACE, Boston, MA",SAM,-71.06408824161288,42.316018139042846
"2 MOUNT CUSHING TERRACE, Boston, MA",SAM,-71.06422654769479,42.31607726226748
"4 MOUNT CUSHING TERRACE, Boston, MA",SAM,-71.06420349668112,42.316067408396705
"6 MOUNT CUSHING TERRACE, Boston, MA",SAM,-71.06418044566747,42.31605755452593
"8 MOUNT CUSHING TERRACE, Boston, MA",SAM,-71.06415739465385,42.31604770065515
"14 MOUNT EVERETT STREET, Boston, MA",SAM,-71.06970409253078,42.31077434135659
"15 MOUNT EVERETT STREET, Boston, MA",SAM,-71.06986437180991,42.31079512408359
"17 MOUNT EVERETT STREET, Boston, MA",SAM,-71.06989077720806,42.3107579609294
"18 MOUNT EVERETT STREET, Boston, MA",SAM,-71.06975800355201,42.31069846658344
"23 MOUNT EVERETT STREET, Boston, MA",SAM,-71.0699699934025,42.31064647146677
"24 MOUNT EVERETT STREET, Boston, MA",SAM,-71.06983887008384,42.310584654423685
"28 MOUNT EVERETT STREET, Boston, MA",SAM,-71.06989540766399,42.31050765990567
"29 MOUNT EVERETT STREET, Boston, MA",SAM,-71.07005056376754,42.310537712122034
"34 MOUNT EVERETT STREET, Boston, MA",SAM,-71.0699813697952,42.31039590913083
"37 MOUNT EVERETT STREET, Boston, MA",SAM,-71.07016284083687,42.310391751926325
"39 MOUNT EVERETT STREET, Boston, MA",SAM,-71.07019091010422,42.310355261877405
"4 MOUNT EVERETT STREET, Boston, MA",SAM,-71.06956931497777,42.31096402828949
"41 MOUNT EVERETT STREET, Boston, MA",SAM,-71.07021897937153,42.31031877182847
"44 MOUNT EVERETT STREET, Boston, MA",SAM,-71.07012464001389,42.310209657839444
"45 MOUNT EVERETT STREET, Boston, MA",SAM,-71.07027511790622,42.31024579173062
"46 MOUNT EVERETT STREET, Boston, MA",SAM,-71.0701532940576,42.31017240758118
"48 MOUNT EVERETT STREET, Boston, MA",SAM,-71.07018194810136,42.31013515732289
"49 MOUNT EVERETT STREET, Boston, MA",SAM,-71.07033125644088,42.31017281163277
"53 MOUNT EVERETT STREET, Boston, MA",SAM,-71.07038739497555,42.31009983153492
"54 MOUNT EVERETT STREET, Boston, MA",SAM,-71.07026791023257,42.310023406548055
"56 MOUNT EVERETT STREET, Boston, MA",SAM,-71.07029656427629,42.30998615628977
"6 MOUNT EVERETT STREET, Boston, MA",SAM,-71.06959627048836,42.31092609090292
"7 MOUNT EVERETT STREET, Boston, MA",SAM,-71.06975875021733,42.31094377670041
"9 MOUNT EVERETT STREET, Boston, MA",SAM,-71.06978515561549,42.31090661354618
"25 MOUNT HOOD ROAD, Boston, MA",SAM,-71.14246012174355,42.34195463207582
"40 MOUNT HOOD ROAD, Boston, MA",SAM,-71.14265167894511,42.34185603706075
"119 MOUNT HOPE STREET, Boston, MA",SAM,-71.11449797347036,42.282059400902455
"120 MOUNT HOPE STREET, Boston, MA",SAM,-71.11421153851705,42.2820287880642
"123 MOUNT HOPE STREET, Boston, MA",SAM,-71.11442075692868,42.282010477433765
"127 MOUNT HOPE STREET, Boston, MA",SAM,-71.11434354038697,42.281961553965026
"131 MOUNT HOPE STREET, Boston, MA",SAM,-71.11426632384527,42.281912630496315
"135 MOUNT HOPE STREET, Boston, MA",SAM,-71.11418910730356,42.2818637070276
"136 MOUNT HOPE STREET, Boston, MA",SAM,-71.11378500904863,42.28175854414175
"140 MOUNT HOPE STREET, Boston, MA",SAM,-71.11367837668152,42.28169098316112
"15 MOUNT HOPE STREET, Boston, MA",SAM,-71.11830227212224,42.284525134722266
"150 MOUNT HOPE STREET, Boston, MA",SAM,-71.11330868274476,42.28147043514966
"158 MOUNT HOPE STREET, Boston, MA",SAM,-71.11306187902571,42.281296532239885
"161 MOUNT HOPE STREET, Boston, MA",SAM,-71.11349814930671,42.281592068031564
"162 MOUNT HOPE STREET, Boston, MA",SAM,-71.1129454635193,42.28120770651569
"163 MOUNT HOPE STREET, Boston, MA",SAM,-71.1129454635193,42.28120770651569
"165 MOUNT HOPE STREET, Boston, MA",SAM,-71.1124215937404,42.280807990756784
"167 MOUNT HOPE STREET, Boston, MA",SAM,-71.11214281895758,42.28026699709739
"168 MOUNT HOPE STREET, Boston, MA",SAM,-71.11277084025964,42.28107446792939
"170 MOUNT HOPE STREET, Boston, MA",SAM,-71.11271263250646,42.28103005506729
"176 MOUNT HOPE STREET, Boston, MA",SAM,-71.11253800924683,42.280896816481
"180 MOUNT HOPE STREET, Boston, MA",SAM,-71.1124215937404,42.280807990756784
"19 MOUNT HOPE STREET, Boston, MA",SAM,-71.11812139717983,42.2844011091122
"22 MOUNT HOPE STREET, Boston, MA",SAM,-71.1177333266417,42.28428995577869
"23 MOUNT HOPE STREET, Boston, MA",SAM,-71.11798532868873,42.2843066170833
"28 MOUNT HOPE STREET, Boston, MA",SAM,-71.11755670281782,42.28416980349064
"33 MOUNT HOPE STREET, Boston, MA",SAM,-71.11764191839897,42.28407210172099
"34 MOUNT HOPE STREET, Boston, MA",SAM,-71.11738007899396,42.28404965120256
"36 MOUNT HOPE STREET, Boston, MA",SAM,-71.11732120438599,42.284009600439866
"37 MOUNT HOPE STREET, Boston, MA",SAM,-71.11750454431372,42.28397864994138
"40 MOUNT HOPE STREET, Boston, MA",SAM,-71.11720345517007,42.28392949891449
"41 MOUNT HOPE STREET, Boston, MA",SAM,-71.11736717022848,42.28388519816176
"45 MOUNT HOPE STREET, Boston, MA",SAM,-71.11723047686064,42.283791881864076
"48 MOUNT HOPE STREET, Boston, MA",SAM,-71.11696889204751,42.283767871589454
"49 MOUNT HOPE STREET, Boston, MA",SAM,-71.11709412564709,42.28369761433728
"55 MOUNT HOPE STREET, Boston, MA",SAM,-71.11688462496458,42.28355367351059
"56 MOUNT HOPE STREET, Boston, MA",SAM,-71.11673588312097,42.28361243721378
"57 MOUNT HOPE STREET, Boston, MA",SAM,-71.1168117163648,42.283510591146445
"58 MOUNT HOPE STREET, Boston, MA",SAM,-71.11667339003544,42.28357550947308
"6 MOUNT HOPE STREET, Boston, MA",SAM,-71.11838918239488,42.284737328522326
"62 MOUNT HOPE STREET, Boston, MA",SAM,-71.11654681703405,42.283495193801436
"65 MOUNT HOPE STREET, Boston, MA",SAM,-71.1165383925215,42.28333058143364
"66 MOUNT HOPE STREET, Boston, MA",SAM,-71.11643127595902,42.28341335218832
"68 MOUNT HOPE STREET, Boston, MA",SAM,-71.11632000339648,42.283341033986375
"70 MOUNT HOPE STREET, Boston, MA",SAM,-71.11624441310647,42.283296001462986
"71 MOUNT HOPE STREET, Boston, MA",SAM,-71.11621557346932,42.283131695518286
"73 MOUNT HOPE STREET, Boston, MA",SAM,-71.11611478641598,42.28307165215378
"76 MOUNT HOPE STREET, Boston, MA",SAM,-71.11601764223646,42.28316090389287
"79 MOUNT HOPE STREET, Boston, MA",SAM,-71.11584749114768,42.28290254245422
"80 MOUNT HOPE STREET, Boston, MA",SAM,-71.11580617811298,42.28302781052783
"87 MOUNT HOPE STREET, Boston, MA",SAM,-71.11554595527424,42.28270860303829
"9 MOUNT HOPE STREET, Boston, MA",SAM,-71.11854732933281,42.284688506232655
"94 MOUNT HOPE STREET, Boston, MA",SAM,-71.11517295277878,42.28262053775441
"99 MOUNT HOPE STREET, Boston, MA",SAM,-71.11509365146408,42.28241769391443
"107 MOUNT IDA ROAD, Boston, MA",SAM,-71.0631459229962,42.30332266325636
"111 MOUNT IDA ROAD, Boston, MA",SAM,-71.0631327193722,42.303294028883116
"114 MOUNT IDA ROAD, Boston, MA",SAM,-71.06297287016118,42.30330238221228
"115 MOUNT IDA ROAD, Boston, MA",SAM,-71.06311951574821,42.30326539450988
"15 MOUNT IDA ROAD, Boston, MA",SAM,-71.06553428862311,42.30682626709136
"16 MOUNT IDA ROAD, Boston, MA",SAM,-71.0653150293396,42.3067450916811
"18 MOUNT IDA ROAD, Boston, MA",SAM,-71.06525089974643,42.30664173393782
"19 MOUNT IDA ROAD, Boston, MA",SAM,-71.06545634390757,42.30669809130453
"21 MOUNT IDA ROAD, Boston, MA",SAM,-71.0653912342063,42.30659315528745
"24 MOUNT IDA ROAD, Boston, MA",SAM,-71.06510678226421,42.30641402825909
"25 MOUNT IDA ROAD, Boston, MA",SAM,-71.06528143041034,42.30641966524652
"27 MOUNT IDA ROAD, Boston, MA",SAM,-71.06522652851234,42.306332920226055
"28 MOUNT IDA ROAD, Boston, MA",SAM,-71.06501070394275,42.30626222447326
"29 MOUNT IDA ROAD, Boston, MA",SAM,-71.06517162661437,42.306246175205594
"30 MOUNT IDA ROAD, Boston, MA",SAM,-71.06496266478199,42.30618632258036
"31 MOUNT IDA ROAD, Boston, MA",SAM,-71.06511672471636,42.306159430185126
"33 MOUNT IDA ROAD, Boston, MA",SAM,-71.06506182281838,42.306072685164665
"34 MOUNT IDA ROAD, Boston, MA",SAM,-71.06486658646051,42.306034518794526
"35 MOUNT IDA ROAD, Boston, MA",SAM,-71.0650069209204,42.30598594014418
"36 MOUNT IDA ROAD, Boston, MA",SAM,-71.06480104013318,42.305930137676185
"37 MOUNT IDA ROAD, Boston, MA",SAM,-71.06494193819208,42.305882462273146
"38 MOUNT IDA ROAD, Boston, MA",SAM,-71.06479180315324,42.30591520666377
"40 MOUNT IDA ROAD, Boston, MA",SAM,-71.06478256617332,42.30590027565136
"41 MOUNT IDA ROAD, Boston, MA",SAM,-71.0648273996409,42.305697317719236
"42 MOUNT IDA ROAD, Boston, MA",SAM,-71.06477332919339,42.30588534463895
"45 MOUNT IDA ROAD, Boston, MA",SAM,-71.06471286108972,42.30551217316533
"47 MOUNT IDA ROAD, Boston, MA",SAM,-71.06465559181413,42.30541960088838
"49 MOUNT IDA ROAD, Boston, MA",SAM,-71.06459114074308,42.30531540188632
"53 MOUNT IDA ROAD, Boston, MA",SAM,-71.06449711608994,42.30516336198353
"57 MOUNT IDA ROAD, Boston, MA",SAM,-71.06440309143683,42.30501132208071
"61 MOUNT IDA ROAD, Boston, MA",SAM,-71.0643090667837,42.3048592821779
"65 MOUNT IDA ROAD, Boston, MA",SAM,-71.0642150421306,42.30470724227508
"69 MOUNT IDA ROAD, Boston, MA",SAM,-71.06412603974991,42.304555087067946
"73 MOUNT IDA ROAD, Boston, MA",SAM,-71.06404936964105,42.30440201080814
"75 MOUNT IDA ROAD, Boston, MA",SAM,-71.0640087703782,42.3043206599574
"77 MOUNT IDA ROAD, Boston, MA",SAM,-71.06396559812883,42.30424340433326
"87 MOUNT IDA ROAD, Boston, MA",SAM,-71.06352561559923,42.30396872464124
"91 MOUNT IDA ROAD, Boston, MA",SAM,-71.06338349552317,42.30381239252152
"93 MOUNT IDA ROAD, Boston, MA",SAM,-71.0633299821146,42.3037362824412
"97 MOUNT IDA ROAD, Boston, MA",SAM,-71.06325264738561,42.30356572357587
"10 MOUNT PLEASANT AVENUE, Boston, MA",SAM,-71.07923626825186,42.32826080095016
"101 MOUNT PLEASANT AVENUE, Boston, MA",SAM,-71.07751326564832,42.32532516195923
"102 MOUNT PLEASANT AVENUE, Boston, MA",SAM,-71.07748827372126,42.32546886049245
"104 MOUNT PLEASANT AVENUE, Boston, MA",SAM,-71.0774543900509,42.32544376147176
"105 MOUNT PLEASANT AVENUE, Boston, MA",SAM,-71.07745033883194,42.32527854949219
"108 MOUNT PLEASANT AVENUE, Boston, MA",SAM,-71.07738662271018,42.325393563430346
"109 MOUNT PLEASANT AVENUE, Boston, MA",SAM,-71.07738741201555,42.32523193702516
"11 MOUNT PLEASANT AVENUE, Boston, MA",SAM,-71.07944927890283,42.32797693142708
"115 MOUNT PLEASANT AVENUE, Boston, MA",SAM,-71.07728810553537,42.32515962764167
"116 MOUNT PLEASANT AVENUE, Boston, MA",SAM,-71.07725108802873,42.32529316734751
"12 MOUNT PLEASANT AVENUE, Boston, MA",SAM,-71.07924575795043,42.3282142151643
"122 MOUNT PLEASANT AVENUE, Boston, MA",SAM,-71.07715057599476,42.32522326549366
"128 MOUNT PLEASANT AVENUE, Boston, MA",SAM,-71.07704159066446,42.32515380230047
"143 MOUNT PLEASANT AVENUE, Boston, MA",SAM,-71.07674621615385,42.324873038182254
"21 MOUNT PLEASANT AVENUE, Boston, MA",SAM,-71.0794731315862,42.3278210456828
"23 MOUNT PLEASANT AVENUE, Boston, MA",SAM,-71.07948299834555,42.327734389828755
"26 MOUNT PLEASANT AVENUE, Boston, MA",SAM,-71.0793515679727,42.32752258074027
"28 MOUNT PLEASANT AVENUE, Boston, MA",SAM,-71.07936253103865,42.327426296458036
"30 MOUNT PLEASANT AVENUE, Boston, MA",SAM,-71.0793734941046,42.327330012175786
"35 MOUNT PLEASANT AVENUE, Boston, MA",SAM,-71.07954219890166,42.327214454704645
"39 MOUNT PLEASANT AVENUE, Boston, MA",SAM,-71.07956193242038,42.327041142996606
"40 MOUNT PLEASANT AVENUE, Boston, MA",SAM,-71.07940588648316,42.326859155299225
"45 MOUNT PLEASANT AVENUE, Boston, MA",SAM,-71.07949049394121,42.326739148066416
"56 MOUNT PLEASANT AVENUE, Boston, MA",SAM,-71.07892307533847,42.3264793878348
"58 MOUNT PLEASANT AVENUE, Boston, MA",SAM,-71.0788567506277,42.326431737061036
"60 MOUNT PLEASANT AVENUE, Boston, MA",SAM,-71.0787915824198,42.32638491371475
"7 MOUNT PLEASANT AVENUE, Boston, MA",SAM,-71.0794085199565,42.32818469411181
"72 MOUNT PLEASANT AVENUE, Boston, MA",SAM,-71.07838569333224,42.3261051792808
"74 MOUNT PLEASANT AVENUE, Boston, MA",SAM,-71.07831804515097,42.32605855687517
"76 MOUNT PLEASANT AVENUE, Boston, MA",SAM,-71.07825039696971,42.32601193446949
"77 MOUNT PLEASANT AVENUE, Boston, MA",SAM,-71.07842373186956,42.325974736687826
"80 MOUNT PLEASANT AVENUE, Boston, MA",SAM,-71.07806933486958,42.32588614029515
"82 MOUNT PLEASANT AVENUE, Boston, MA",SAM,-71.07801375382492,42.3258468405578
"84 MOUNT PLEASANT AVENUE, Boston, MA",SAM,-71.07795817278026,42.32580754082043
"85 MOUNT PLEASANT AVENUE, Boston, MA",SAM,-71.07784297512721,42.32556752721897
"88 MOUNT PLEASANT AVENUE, Boston, MA",SAM,-71.07784701069092,42.325728941345716
"90 MOUNT PLEASANT AVENUE, Boston, MA",SAM,-71.07779142964627,42.325689641608356
"92 MOUNT PLEASANT AVENUE, Boston, MA",SAM,-71.0777358486016,42.32565034187099
"96 MOUNT PLEASANT AVENUE, Boston, MA",SAM,-71.07758992473234,42.325544157554575
"97 MOUNT PLEASANT AVENUE, Boston, MA",SAM,-71.0775761924647,42.32537177442626
"98 MOUNT PLEASANT AVENUE, Boston, MA",SAM,-71.07755604106198,42.32551905853388
"99 MOUNT PLEASANT AVENUE, Boston, MA",SAM,-71.0775447290565,42.32534846819272
"10 MOUNT PLEASANT STREET, Boston, MA",SAM,-71.1167250496858,42.24935384672357
"11 MOUNT PLEASANT STREET, Boston, MA",SAM,-71.11681895133654,42.249260130748446
"13 MOUNT PLEASANT STREET, Boston, MA",SAM,-71.11679703782187,42.24924247819099
"15 MOUNT PLEASANT STREET, Boston, MA",SAM,-71.1167751243072,42.249224825633554
"16 MOUNT PLEASANT STREET, Boston, MA",SAM,-71.11665793954712,42.249299785766425
"18 MOUNT PLEASANT STREET, Boston, MA",SAM,-71.11663556950087,42.249281765447364
"19 MOUNT PLEASANT STREET, Boston, MA",SAM,-71.11673129727782,42.249189520518684
"23 MOUNT PLEASANT STREET, Boston, MA",SAM,-71.11668747024848,42.2491542154038
"6 MOUNT PLEASANT STREET, Boston, MA",SAM,-71.11676978977829,42.24938988736166
"8 MOUNT PLEASANT STREET, Boston, MA",SAM,-71.11674741973206,42.24937186704262
"9 MOUNT PLEASANT STREET, Boston, MA",SAM,-71.1168408648512,42.24927778330588
"1 MOUNT PLEASANT TERRACE, Boston, MA",SAM,-71.07960249383562,42.326893405957414
"2 MOUNT PLEASANT TERRACE, Boston, MA",SAM,-71.07994581485593,42.32648626130648
"3 MOUNT PLEASANT TERRACE, Boston, MA",SAM,-71.07961170730367,42.32688677226006
"4 MOUNT PLEASANT TERRACE, Boston, MA",SAM,-71.07993640944063,42.32649303320585
"5 MOUNT PLEASANT TERRACE, Boston, MA",SAM,-71.07962092077172,42.326880138562736
"6 MOUNT PLEASANT TERRACE, Boston, MA",SAM,-71.07992700402535,42.326499805105215
"2 MOUNT PLEASANT PLACE, Boston, MA",SAM,-71.0780902245982,42.32803853131292
"3 MOUNT PLEASANT PLACE, Boston, MA",SAM,-71.07797851666011,42.32795885228917
"1 MOUNT VERNON AVENUE, Boston, MA",SAM,-71.05880153343281,42.375864608198626
"2 MOUNT VERNON AVENUE, Boston, MA",SAM,-71.05926578317006,42.37590303904074
"4 MOUNT VERNON AVENUE, Boston, MA",SAM,-71.05925683822096,42.375904564535844
"6 MOUNT VERNON AVENUE, Boston, MA",SAM,-71.05924789327187,42.37590609003094
"6 MOUNT VERNON PLACE, Boston, MA",SAM,-71.06479394296376,42.358005119043305
"7 MOUNT VERNON PLACE, Boston, MA",SAM,-71.06500949782826,42.35810484777588
"8 MOUNT VERNON PLACE, Boston, MA",SAM,-71.06479860225153,42.35800478623711
"11 MOUNT VERNON STREET, Boston, MA",SAM,-71.1547928703024,42.346803023515285
"21 MOUNT VERNON STREET, Boston, MA",SAM,-71.15537564933426,42.34697984893275
"35 MOUNT VERNON STREET, Boston, MA",SAM,-71.15609493073961,42.347140840180025
"38 MOUNT VERNON STREET, Boston, MA",SAM,-71.15607541055624,42.34701684311961
"39 MOUNT VERNON STREET, Boston, MA",SAM,-71.15621256543507,42.3471669812312
"41 MOUNT VERNON STREET, Boston, MA",SAM,-71.15627138278279,42.34718005175678
"44 MOUNT VERNON STREET, Boston, MA",SAM,-71.15612888087236,42.34702872541559
"47 MOUNT VERNON STREET, Boston, MA",SAM,-71.15644424117708,42.34722115783198
"5 MOUNT VERNON STREET, Boston, MA",SAM,-71.1544857268701,42.346698528135235
"53 MOUNT VERNON STREET, Boston, MA",SAM,-71.15670506092526,42.34728782056305
"100 MOUNT VERNON STREET, Boston, MA",SAM,-71.05483720980415,42.321690812871736
"101 MOUNT VERNON STREET, Boston, MA",SAM,-71.05489273183686,42.321577378987065
"102 MOUNT VERNON STREET, Boston, MA",SAM,-71.05483296254003,42.32169072053976
"103 MOUNT VERNON STREET, Boston, MA",SAM,-71.05488276710184,42.32157716236204
"105 MOUNT VERNON STREET, Boston, MA",SAM,-71.05487280236686,42.32157694573703
"107 MOUNT VERNON STREET, Boston, MA",SAM,-71.05486283763187,42.321576729111996
"108 MOUNT VERNON STREET, Boston, MA",SAM,-71.05482022074776,42.32169044354384
"109 MOUNT VERNON STREET, Boston, MA",SAM,-71.05485287289686,42.32157651248699
"112 MOUNT VERNON STREET, Boston, MA",SAM,-71.05481172621954,42.32169025887989
"114 MOUNT VERNON STREET, Boston, MA",SAM,-71.05480747895544,42.32169016654789
"116 MOUNT VERNON STREET, Boston, MA",SAM,-71.05480323169134,42.32169007421592
"127 MOUNT VERNON STREET, Boston, MA",SAM,-71.05476319028186,42.32157456286178
"129 MOUNT VERNON STREET, Boston, MA",SAM,-71.05475322554686,42.321574346236766
"130 MOUNT VERNON STREET, Boston, MA",SAM,-71.05477350084266,42.32168942789209
"131 MOUNT VERNON STREET, Boston, MA",SAM,-71.05474326081186,42.32157412961176
"133 MOUNT VERNON STREET, Boston, MA",SAM,-71.05473329607686,42.32157391298672
"135 MOUNT VERNON STREET, Boston, MA",SAM,-71.05472333134186,42.3215736963617
"136 MOUNT VERNON STREET, Boston, MA",SAM,-71.05476075905037,42.32168915089616
"138 MOUNT VERNON STREET, Boston, MA",SAM,-71.05475651178625,42.32168905856418
"144 MOUNT VERNON STREET, Boston, MA",SAM,-71.05474376999398,42.32168878156827
"146 MOUNT VERNON STREET, Boston, MA",SAM,-71.05473952272986,42.3216886892363
"148 MOUNT VERNON STREET, Boston, MA",SAM,-71.05473527546577,42.32168859690431
"150 MOUNT VERNON STREET, Boston, MA",SAM,-71.05473102820169,42.32168850457232
"152 MOUNT VERNON STREET, Boston, MA",SAM,-71.05472678093757,42.321688412240356
"156 MOUNT VERNON STREET, Boston, MA",SAM,-71.05471828640938,42.3216882275764
"158 MOUNT VERNON STREET, Boston, MA",SAM,-71.05471403914528,42.32168813524443
"160 MOUNT VERNON STREET, Boston, MA",SAM,-71.05470979188117,42.321688042912456
"165 MOUNT VERNON STREET, Boston, MA",SAM,-71.04972679062145,42.32033104454351
"28 MOUNT VERNON STREET, Boston, MA",SAM,-71.15576664792196,42.346956043136316
"31 MOUNT VERNON STREET, Boston, MA",SAM,-71.15597729604417,42.34711469912887
"32 MOUNT VERNON STREET, Boston, MA",SAM,-71.15602194024012,42.34700496082364
"33 MOUNT VERNON STREET, Boston, MA",SAM,-71.15603611339189,42.34712776965446
"34 MOUNT VERNON STREET, Boston, MA",SAM,-71.15603976367883,42.34700892158895
"37 MOUNT VERNON STREET, Boston, MA",SAM,-71.15615374808735,42.34715391070562
"40 MOUNT VERNON STREET, Boston, MA",SAM,-71.15609323399495,42.34702080388494
"42 MOUNT VERNON STREET, Boston, MA",SAM,-71.15611105743366,42.34702476465026
"45 MOUNT VERNON STREET, Boston, MA",SAM,-71.15638606091967,42.34720661276354
"46 MOUNT VERNON STREET, Boston, MA",SAM,-71.15614670431107,42.34703268618091
"49 MOUNT VERNON STREET, Boston, MA",SAM,-71.15650242143448,42.34723570290041
"51 MOUNT VERNON STREET, Boston, MA",SAM,-71.1565606016919,42.347250247968866
"52 MOUNT VERNON STREET, Boston, MA",SAM,-71.15620017462717,42.34704456847692
"55 MOUNT VERNON STREET, Boston, MA",SAM,-71.15671320805559,42.34729002249077
"56 MOUNT VERNON STREET, Boston, MA",SAM,-71.15623582150458,42.34705249000755
"57 MOUNT VERNON STREET, Boston, MA",SAM,-71.15672135518594,42.34729222441848
"60 MOUNT VERNON STREET, Boston, MA",SAM,-71.15627146838199,42.347060411538195
"61 MOUNT VERNON STREET, Boston, MA",SAM,-71.15673764944663,42.347296628273924
"62 MOUNT VERNON STREET, Boston, MA",SAM,-71.1562892918207,42.34706437230353
"64 MOUNT VERNON STREET, Boston, MA",SAM,-71.15630711525938,42.34706833306885
"66 MOUNT VERNON STREET, Boston, MA",SAM,-71.1563249386981,42.34707229383418
"68 MOUNT VERNON STREET, Boston, MA",SAM,-71.1563427621368,42.34707625459951
"70 MOUNT VERNON STREET, Boston, MA",SAM,-71.15636058557551,42.347080215364834
"71 MOUNT VERNON STREET, Boston, MA",SAM,-71.15677838509833,42.34730763791251
"74 MOUNT VERNON STREET, Boston, MA",SAM,-71.1563987178997,42.347088807326095
"76 MOUNT VERNON STREET, Boston, MA",SAM,-71.15641634828076,42.34709321492259
"77 MOUNT VERNON STREET, Boston, MA",SAM,-71.15680282648934,42.34731424369568
"78 MOUNT VERNON STREET, Boston, MA",SAM,-71.15643397866178,42.347097622519094
"79 MOUNT VERNON STREET, Boston, MA",SAM,-71.15681097361968,42.347316445623406
"81 MOUNT VERNON STREET, Boston, MA",SAM,-71.15681912075003,42.34731864755111
"82 MOUNT VERNON STREET, Boston, MA",SAM,-71.15646923942386,42.34710643771209
"83 MOUNT VERNON STREET, Boston, MA",SAM,-71.15682726788036,42.347320849478834
"84 MOUNT VERNON STREET, Boston, MA",SAM,-71.15648686980488,42.34711084530859
"85 MOUNT VERNON STREET, Boston, MA",SAM,-71.15683541501072,42.347323051406555
"87 MOUNT VERNON STREET, Boston, MA",SAM,-71.15684356214103,42.347325253334276
"89 MOUNT VERNON STREET, Boston, MA",SAM,-71.15685170927138,42.347327455262004
"90 MOUNT VERNON STREET, Boston, MA",SAM,-71.15653976094798,42.34712406809808
"91 MOUNT VERNON STREET, Boston, MA",SAM,-71.15685985640174,42.34732965718971
"92 MOUNT VERNON STREET, Boston, MA",SAM,-71.15655739132902,42.347128475694575
"93 MOUNT VERNON STREET, Boston, MA",SAM,-71.15686800353208,42.347331859117425
"94 MOUNT VERNON STREET, Boston, MA",SAM,-71.15657502171004,42.34713288329107
"95 MOUNT VERNON STREET, Boston, MA",SAM,-71.1568761506624,42.34733406104515
"98 MOUNT VERNON STREET, Boston, MA",SAM,-71.15661028247212,42.347141698484066
"10 MOUNT VERNON STREET, Boston, MA",SAM,-71.15485470532852,42.34669793974017
"13 MOUNT VERNON STREET, Boston, MA",SAM,-71.15493201100107,42.346849571482444
"14 MOUNT VERNON STREET, Boston, MA",SAM,-71.15509020784648,42.34677504510125
"18 MOUNT VERNON STREET, Boston, MA",SAM,-71.15528387133497,42.34683314416305
"19 MOUNT VERNON STREET, Boston, MA",SAM,-71.15526505949555,42.34695035830103
"2 MOUNT VERNON STREET, Boston, MA",SAM,-71.15435532125584,42.34652256511428
"23 MOUNT VERNON STREET, Boston, MA",SAM,-71.15548623917299,42.347009339564494
"25 MOUNT VERNON STREET, Boston, MA",SAM,-71.15559682901171,42.34703883019621
"27 MOUNT VERNON STREET, Boston, MA",SAM,-71.15571753664607,42.34706516199642
"30 MOUNT VERNON STREET, Boston, MA",SAM,-71.1558682300842,42.34697418281411
"36 MOUNT VERNON STREET, Boston, MA",SAM,-71.15605758711754,42.34701288235428
"50 MOUNT VERNON STREET, Boston, MA",SAM,-71.15618235118846,42.34704060771158
"9 MOUNT VERNON STREET, Boston, MA",SAM,-71.15469070263214,42.34677018389856
"151 WILLIAM T MORRISSEY BOULEVARD, Boston, MA",SAM,-71.04738790964969,42.314011246262325
"164 MOUNT VERNON STREET, Boston, MA",SAM,-71.05470129735299,42.321687858248495
"190 MOUNT VERNON STREET, Boston, MA",SAM,-71.05464608291972,42.32168665793281
"236 MOUNT VERNON STREET, Boston, MA",SAM,-71.04805433516485,42.31996614882087
"240 MOUNT VERNON STREET, Boston, MA",SAM,-71.04797608442813,42.31993945864042
"255 MOUNT VERNON STREET, Boston, MA",SAM,-71.04714885362804,42.31941245530963
"315 MOUNT VERNON STREET, Boston, MA",SAM,-71.04541044854527,42.318832060499446
"325 MOUNT VERNON STREET, Boston, MA",SAM,-71.04511978791184,42.31873767068206
"435 UNIVERSITY DRIVE, Boston, MA",SAM,,
"120 MOUNT VERNON STREET, Boston, MA",SAM,-71.05479473716316,42.32168988955198
"134 MOUNT VERNON STREET, Boston, MA",SAM,-71.05476500631447,42.32168924322815
"137 MOUNT VERNON STREET, Boston, MA",SAM,-71.05471336660686,42.321573479736685
"143 MOUNT VERNON STREET, Boston, MA",SAM,-71.05468347240186,42.32157282986163
"149 MOUNT VERNON STREET, Boston, MA",SAM,-71.05465357819686,42.321572179986546
"155 MOUNT VERNON STREET, Boston, MA",SAM,-71.04999981367227,42.32045082242633
"161 MOUNT VERNON STREET, Boston, MA",SAM,-71.04983599984176,42.32037895569663
"166 MOUNT VERNON STREET, Boston, MA",SAM,-71.05469705008888,42.321687765916515
"167 MOUNT VERNON STREET, Boston, MA",SAM,-71.04967218601128,42.32030708896693
"170 MOUNT VERNON STREET, Boston, MA",SAM,-71.05468855556069,42.32168758125257
"182 MOUNT VERNON STREET, Boston, MA",SAM,-71.0546630719761,42.3216870272607
"194 MOUNT VERNON STREET, Boston, MA",SAM,-71.05463758839151,42.321686473268855
"198 MOUNT VERNON STREET, Boston, MA",SAM,-71.05462909386331,42.321686288604916
"200 MOUNT VERNON STREET, Boston, MA",SAM,-71.04875859179529,42.320206360445084
"205 MOUNT VERNON STREET, Boston, MA",SAM,-71.04858481380725,42.319908791272226
"206 MOUNT VERNON STREET, Boston, MA",SAM,-71.04864121569022,42.32016632517438
"210 MOUNT VERNON STREET, Boston, MA",SAM,-71.04856296495349,42.32013963499393
"211 MOUNT VERNON STREET, Boston, MA",SAM,-71.04841128065672,42.319850721798616
"54 MOUNT VERNON STREET, Boston, MA",SAM,-71.15621799806588,42.34704852924221
"58 MOUNT VERNON STREET, Boston, MA",SAM,-71.15625364494329,42.34705645077287
"72 MOUNT VERNON STREET, Boston, MA",SAM,-71.15637840901422,42.34708417613016
"1 MOUNT VERNON SQUARE, Boston, MA",SAM,-71.07110007891849,42.35807900435937
"2 MOUNT VERNON SQUARE, Boston, MA",SAM,-71.07111139233137,42.35819329036675
"1 MOUNT WASHINGTON PLACE, Boston, MA",SAM,-71.04453941162927,42.33123716122971
"3 MOUNT WASHINGTON PLACE, Boston, MA",SAM,-71.04453962560942,42.33122903000104
"11 MOUNTAIN AVENUE, Boston, MA",SAM,-71.08568035127644,42.28634752936973
"15 MOUNTAIN AVENUE, Boston, MA",SAM,-71.08561739533923,42.286179983837364
"18 MOUNTAIN AVENUE, Boston, MA",SAM,-71.08542271309642,42.285741987264394
"19 MOUNTAIN AVENUE, Boston, MA",SAM,-71.0856068587552,42.28603949592222
"22 MOUNTAIN AVENUE, Boston, MA",SAM,-71.08541166562424,42.285630694130724
"23 MOUNTAIN AVENUE, Boston, MA",SAM,-71.08559352420264,42.285898115071745
"28 MOUNTAIN AVENUE, Boston, MA",SAM,-71.08539509441596,42.2854637544302
"29 MOUNTAIN AVENUE, Boston, MA",SAM,-71.08557263007047,42.28568762588412
"32 MOUNTAIN AVENUE, Boston, MA",SAM,-71.08538404694379,42.28535246129652
"36 MOUNTAIN AVENUE, Boston, MA",SAM,-71.08537299947159,42.28524116816284
"37 MOUNTAIN AVENUE, Boston, MA",SAM,-71.08554477122756,42.285406973633975
"40 MOUNTAIN AVENUE, Boston, MA",SAM,-71.08536195199942,42.28512987502915
"42 MOUNTAIN AVENUE, Boston, MA",SAM,-71.08535642826331,42.28507422846231
"43 MOUNTAIN AVENUE, Boston, MA",SAM,-71.0855238770954,42.28519648444635
"44 MOUNTAIN AVENUE, Boston, MA",SAM,-71.08535090452723,42.285018581895464
"45 MOUNTAIN AVENUE, Boston, MA",SAM,-71.08551691238465,42.2851263213838
"46 MOUNTAIN AVENUE, Boston, MA",SAM,-71.08534538079114,42.28496293532862
"49 MOUNTAIN AVENUE, Boston, MA",SAM,-71.08550298296322,42.28498599525875
"54 MOUNTAIN AVENUE, Boston, MA",SAM,-71.0853293402286,42.284735327140005
"62 MOUNTAIN AVENUE, Boston, MA",SAM,-71.08532897982738,42.28445714948076
"65 MOUNTAIN AVENUE, Boston, MA",SAM,-71.08546669869109,42.28438836302836
"66 MOUNTAIN AVENUE, Boston, MA",SAM,-71.08529932941208,42.284361336995744
"69 MOUNTAIN AVENUE, Boston, MA",SAM,-71.08543383342753,42.284282848199695
"72 MOUNTAIN AVENUE, Boston, MA",SAM,-71.08525003151676,42.28420306475273
"73 MOUNTAIN AVENUE, Boston, MA",SAM,-71.085400968164,42.284177333371005
"77 MOUNTAIN AVENUE, Boston, MA",SAM,-71.08536810290046,42.28407181854234
"81 MOUNTAIN AVENUE, Boston, MA",SAM,-71.08533523763691,42.283966303713676
"84 MOUNTAIN AVENUE, Boston, MA",SAM,-71.08515031252112,42.28389153110902
"85 MOUNTAIN AVENUE, Boston, MA",SAM,-71.08529795949191,42.283856897321506
"87 MOUNTAIN AVENUE, Boston, MA",SAM,-71.08527584177884,42.283805289309555
"10 MOUNTFAIR TERRACE, Boston, MA",SAM,-71.12048876184755,42.25096394618165
"11 MOUNTFAIR TERRACE, Boston, MA",SAM,-71.1205968747945,42.2508810053012
"12 MOUNTFAIR TERRACE, Boston, MA",SAM,-71.12047686104285,42.25095340318452
"13 MOUNTFAIR TERRACE, Boston, MA",SAM,-71.12058521686335,42.250870677467255
"5 MOUNTFAIR TERRACE, Boston, MA",SAM,-71.12063184858798,42.250911988803054
"6 MOUNTFAIR TERRACE, Boston, MA",SAM,-71.12051256345701,42.25098503217598
"8 MOUNTFAIR TERRACE, Boston, MA",SAM,-71.12050066265228,42.25097448917882
"9 MOUNTFAIR TERRACE, Boston, MA",SAM,-71.12060853272565,42.250891333135144
"96 MOUNTFORT STREET, Boston, MA",SAM,-71.10487724330638,42.34813605820678
"1 MOVILLE STREET, Boston, MA",SAM,-71.16851448556913,42.274872362731756
"15 MOVILLE STREET, Boston, MA",SAM,-71.16918721249927,42.275389624770156
"19 MOVILLE STREET, Boston, MA",SAM,-71.16922694970852,42.27542091391829
"20 MOVILLE STREET, Boston, MA",SAM,-71.16930297949911,42.275313442609864
"23 MOVILLE STREET, Boston, MA",SAM,-71.16926668691775,42.27545220306643
"24 MOVILLE STREET, Boston, MA",SAM,-71.16934562430903,42.27534702120788
"27 MOVILLE STREET, Boston, MA",SAM,-71.169306424127,42.27548349221458
"3 MOVILLE STREET, Boston, MA",SAM,-71.16864621058082,42.274973258508
"30 MOVILLE STREET, Boston, MA",SAM,-71.1694095915239,42.275397389104896
"31 MOVILLE STREET, Boston, MA",SAM,-71.16934616133622,42.275514781362716
"4 MOVILLE STREET, Boston, MA",SAM,-71.16871368729676,42.274860010632686
"41 MOVILLE STREET, Boston, MA",SAM,-71.16944550435935,42.27559300423309
"45 MOVILLE STREET, Boston, MA",SAM,-71.16948524156857,42.27562429338122
"49 MOVILLE STREET, Boston, MA",SAM,-71.16952497877782,42.27565558252937
"50 MOVILLE STREET, Boston, MA",SAM,-71.16962281557348,42.275565282094924
"9 MOVILLE STREET, Boston, MA",SAM,-71.16904138561584,42.27527594583663
"28 MOZART STREET, Boston, MA",SAM,-71.10468975314633,42.32186526834507
"30 MOZART STREET, Boston, MA",SAM,-71.10468780933374,42.32185282793809
"32 MOZART STREET, Boston, MA",SAM,-71.10467075330331,42.321738320191116
"38 MOZART STREET, Boston, MA",SAM,-71.10462548742606,42.321418796175074
"39 MOZART STREET, Boston, MA",SAM,-71.10477028766076,42.321340925111336
"45 MOZART STREET, Boston, MA",SAM,-71.10475113235117,42.32118807917989
"51 MOZART STREET, Boston, MA",SAM,-71.10472922556382,42.32096275205795
"55 MOZART STREET, Boston, MA",SAM,-71.10468708636778,42.32079651851541
"56 MOZART STREET, Boston, MA",SAM,-71.10452832907501,42.32081387957686
"58 MOZART STREET, Boston, MA",SAM,-71.10449699823378,42.32076050109302
"59 MOZART STREET, Boston, MA",SAM,-71.10460599477878,42.32065836243958
"60 MOZART STREET, Boston, MA",SAM,-71.1044656673926,42.32070712260918
"65 MOZART STREET, Boston, MA",SAM,-71.10445713573515,42.32045393456192
"71 MOZART STREET, Boston, MA",SAM,-71.10430495176205,42.32025842750084
"89 MOZART STREET, Boston, MA",SAM,-71.10366477444612,42.31968599293073
"91 MOZART STREET, Boston, MA",SAM,-71.10358156371319,42.31963745332552
"93 MOZART STREET, Boston, MA",SAM,-71.10350239290148,42.319589942640086
"95 MOZART STREET, Boston, MA",SAM,-71.1034226772364,42.31953829585952
"100 MONSIGNOR PATRICK J. LYDON WAY, Boston, MA",SAM,,
"102 MONSIGNOR PATRICK J. LYDON WAY, Boston, MA",SAM,,
"105 MONSIGNOR PATRICK J. LYDON WAY, Boston, MA",SAM,,
"106 MONSIGNOR PATRICK J. LYDON WAY, Boston, MA",SAM,,
"109 MONSIGNOR PATRICK J. LYDON WAY, Boston, MA",SAM,,
"11 MONSIGNOR PATRICK J. LYDON WAY, Boston, MA",SAM,,
"110 MONSIGNOR PATRICK J. LYDON WAY, Boston, MA",SAM,,
"113 MONSIGNOR PATRICK J. LYDON WAY, Boston, MA",SAM,,
"117 MONSIGNOR PATRICK J. LYDON WAY, Boston, MA",SAM,,
"118 MONSIGNOR PATRICK J. LYDON WAY, Boston, MA",SAM,,
"125 MONSIGNOR PATRICK J. LYDON WAY, Boston, MA",SAM,,
"126 MONSIGNOR PATRICK J. LYDON WAY, Boston, MA",SAM,,
"129 MONSIGNOR PATRICK J. LYDON WAY, Boston, MA",SAM,,
"130 MONSIGNOR PATRICK J. LYDON WAY, Boston, MA",SAM,,
"131 MONSIGNOR PATRICK J. LYDON WAY, Boston, MA",SAM,,
"134 MONSIGNOR PATRICK J. LYDON WAY, Boston, MA",SAM,,
"138 MONSIGNOR PATRICK J. LYDON WAY, Boston, MA",SAM,,
"14 MONSIGNOR PATRICK J. LYDON WAY, Boston, MA",SAM,,
"15 MONSIGNOR PATRICK J. LYDON WAY, Boston, MA",SAM,,
"19 MONSIGNOR PATRICK J. LYDON WAY, Boston, MA",SAM,,
"20 MONSIGNOR PATRICK J. LYDON WAY, Boston, MA",SAM,,
"21 MONSIGNOR PATRICK J. LYDON WAY, Boston, MA",SAM,,
"22 MONSIGNOR PATRICK J. LYDON WAY, Boston, MA",SAM,,
"23 MONSIGNOR PATRICK J. LYDON WAY, Boston, MA",SAM,,
"24 MONSIGNOR PATRICK J. LYDON WAY, Boston, MA",SAM,,
"25 MONSIGNOR PATRICK J. LYDON WAY, Boston, MA",SAM,,
"27 MONSIGNOR PATRICK J. LYDON WAY, Boston, MA",SAM,,
"28 MONSIGNOR PATRICK J. LYDON WAY, Boston, MA",SAM,,
"30 MONSIGNOR PATRICK J. LYDON WAY, Boston, MA",SAM,,
"31 MONSIGNOR PATRICK J. LYDON WAY, Boston, MA",SAM,,
"32 MONSIGNOR PATRICK J. LYDON WAY, Boston, MA",SAM,,
"33 MONSIGNOR PATRICK J. LYDON WAY, Boston, MA",SAM,,
"34 MONSIGNOR PATRICK J. LYDON WAY, Boston, MA",SAM,,
"35 MONSIGNOR PATRICK J. LYDON WAY, Boston, MA",SAM,,
"36 MONSIGNOR PATRICK J. LYDON WAY, Boston, MA",SAM,,
"37 MONSIGNOR PATRICK J. LYDON WAY, Boston, MA",SAM,,
"38 MONSIGNOR PATRICK J. LYDON WAY, Boston, MA",SAM,,
"39 MONSIGNOR PATRICK J. LYDON WAY, Boston, MA",SAM,,
"40 MONSIGNOR PATRICK J. LYDON WAY, Boston, MA",SAM,,
"41 MONSIGNOR PATRICK J. LYDON WAY, Boston, MA",SAM,,
"42 MONSIGNOR PATRICK J. LYDON WAY, Boston, MA",SAM,,
"43 MONSIGNOR PATRICK J. LYDON WAY, Boston, MA",SAM,,
"44 MONSIGNOR PATRICK J. LYDON WAY, Boston, MA",SAM,,
"45 MONSIGNOR PATRICK J. LYDON WAY, Boston, MA",SAM,,
"46 MONSIGNOR PATRICK J. LYDON WAY, Boston, MA",SAM,,
"47 MONSIGNOR PATRICK J. LYDON WAY, Boston, MA",SAM,,
"48 MONSIGNOR PATRICK J. LYDON WAY, Boston, MA",SAM,,
"50 MONSIGNOR PATRICK J. LYDON WAY, Boston, MA",SAM,,
"51 MONSIGNOR PATRICK J. LYDON WAY, Boston, MA",SAM,,
"52 MONSIGNOR PATRICK J. LYDON WAY, Boston, MA",SAM,,
"54 MONSIGNOR PATRICK J. LYDON WAY, Boston, MA",SAM,,
"55 MONSIGNOR PATRICK J. LYDON WAY, Boston, MA",SAM,,
"56 MONSIGNOR PATRICK J. LYDON WAY, Boston, MA",SAM,,
"58 MONSIGNOR PATRICK J. LYDON WAY, Boston, MA",SAM,,
"59 MONSIGNOR PATRICK J. LYDON WAY, Boston, MA",SAM,,
"60 MONSIGNOR PATRICK J. LYDON WAY, Boston, MA",SAM,,
"62 MONSIGNOR PATRICK J. LYDON WAY, Boston, MA",SAM,,
"64 MONSIGNOR PATRICK J. LYDON WAY, Boston, MA",SAM,,
"66 MONSIGNOR PATRICK J. LYDON WAY, Boston, MA",SAM,,
"68 MONSIGNOR PATRICK J. LYDON WAY, Boston, MA",SAM,,
"70 MONSIGNOR PATRICK J. LYDON WAY, Boston, MA",SAM,,
"86 MONSIGNOR PATRICK J. LYDON WAY, Boston, MA",SAM,,
"88 MONSIGNOR PATRICK J. LYDON WAY, Boston, MA",SAM,,
"89 MONSIGNOR PATRICK J. LYDON WAY, Boston, MA",SAM,,
"90 MONSIGNOR PATRICK J. LYDON WAY, Boston, MA",SAM,,
"92 MONSIGNOR PATRICK J. LYDON WAY, Boston, MA",SAM,,
"94 MONSIGNOR PATRICK J. LYDON WAY, Boston, MA",SAM,,
"97 MONSIGNOR PATRICK J. LYDON WAY, Boston, MA",SAM,,
"11 MULVEY STREET, Boston, MA",SAM,-71.0964589088752,42.279439500276716
"12 MULVEY STREET, Boston, MA",SAM,-71.09636298964075,42.27934951991462
"3 MULVEY STREET, Boston, MA",SAM,-71.09640482549032,42.27947182597965
"7 MULVEY STREET, Boston, MA",SAM,-71.09643186718276,42.27945566312818
"8 MULVEY STREET, Boston, MA",SAM,-71.09633538457972,42.27936601949215
"105 MUNROE STREET, Boston, MA",SAM,-71.0892292142313,42.31901515950499
"107 MUNROE STREET, Boston, MA",SAM,-71.0892486869387,42.31902014089666
"62 MUNROE STREET, Boston, MA",SAM,-71.08804087365242,42.31860686546272
"65 MUNROE STREET, Boston, MA",SAM,-71.08811109778439,42.318742399097815
"66 MUNROE STREET, Boston, MA",SAM,-71.08815614026106,42.318632754227345
"67 MUNROE STREET, Boston, MA",SAM,-71.0881687310887,42.31875534348012
"69 MUNROE STREET, Boston, MA",SAM,-71.08822636439304,42.31876828786244
"70 MUNROE STREET, Boston, MA",SAM,-71.08827140686972,42.31865864299194
"71 MUNROE STREET, Boston, MA",SAM,-71.08828399769736,42.31878123224474
"72 MUNROE STREET, Boston, MA",SAM,-71.08832904017403,42.31867158737426
"75 MUNROE STREET, Boston, MA",SAM,-71.088399264306,42.31880712100936
"77 MUNROE STREET, Boston, MA",SAM,-71.08845689761033,42.31882006539164
"79 MUNROE STREET, Boston, MA",SAM,-71.08851170470878,42.31883283082783
"80 MUNROE STREET, Boston, MA",SAM,-71.08856200635368,42.31872444332608
"82 MUNROE STREET, Boston, MA",SAM,-71.0886189789107,42.31873889905353
"84 MUNROE STREET, Boston, MA",SAM,-71.08867595146772,42.31875335478099
"86 MUNROE STREET, Boston, MA",SAM,-71.08873292402473,42.31876781050845
"87 MUNROE STREET, Boston, MA",SAM,-71.08873959493683,42.318890653737625
"88 MUNROE STREET, Boston, MA",SAM,-71.08878989658174,42.31878226623589
"89 MUNROE STREET, Boston, MA",SAM,-71.08879656749384,42.31890510946507
"90 MUNROE STREET, Boston, MA",SAM,-71.08884686913875,42.31879672196334
"91 MUNROE STREET, Boston, MA",SAM,-71.08885354005086,42.31891956519252
"97 MUNROE STREET, Boston, MA",SAM,-71.0890244577219,42.31896293237488
"99 MUNROE STREET, Boston, MA",SAM,-71.089170796109,42.319000215330036
"11 MUNROE TERRACE, Boston, MA",SAM,-71.05110297963894,42.29241745031731
"12 MUNROE TERRACE, Boston, MA",SAM,-71.05113507150703,42.292287320914134
"14 MUNROE TERRACE, Boston, MA",SAM,-71.05128327962545,42.29224932371639
"15 MUNROE TERRACE, Boston, MA",SAM,-71.05129344053394,42.2923679987154
"16 MUNROE TERRACE, Boston, MA",SAM,-71.05143822120245,42.29221518321918
"17 MUNROE TERRACE, Boston, MA",SAM,-71.05141204823211,42.292339920195126
"18 MUNROE TERRACE, Boston, MA",SAM,-71.05158959830246,42.2921831268929
"20 MUNROE TERRACE, Boston, MA",SAM,-71.05172957380532,42.292149501656205
"21 MUNROE TERRACE, Boston, MA",SAM,-71.05165975621392,42.29228746438852
"22 MUNROE TERRACE, Boston, MA",SAM,-71.05188118688255,42.29210715834842
"25 MUNROE TERRACE, Boston, MA",SAM,-71.0519289938842,42.29221615633017
"26 MUNROE TERRACE, Boston, MA",SAM,-71.05196821411475,42.29208627181288
"27 MUNROE TERRACE, Boston, MA",SAM,-71.05197368354396,42.2922054308119
"28 MUNROE TERRACE, Boston, MA",SAM,-71.05201172773084,42.2920758285451
"29 MUNROE TERRACE, Boston, MA",SAM,-71.05201837320374,42.292194705293674
"3 MUNROE TERRACE, Boston, MA",SAM,-71.05085468842809,42.292749164447365
"30 MUNROE TERRACE, Boston, MA",SAM,-71.05205524134695,42.29206538527734
"31 MUNROE TERRACE, Boston, MA",SAM,-71.05206306286352,42.292183979775416
"32 MUNROE TERRACE, Boston, MA",SAM,-71.05209875496304,42.29205494200957
"34 MUNROE TERRACE, Boston, MA",SAM,-71.05214226857915,42.292044498741795
"35 MUNROE TERRACE, Boston, MA",SAM,-71.05215244218309,42.29216252873891
"36 MUNROE TERRACE, Boston, MA",SAM,-71.05217617219178,42.29203307625294
"44 MUNROE TERRACE, Boston, MA",SAM,-71.05233843491382,42.29197821365163
"52 MUNROE TERRACE, Boston, MA",SAM,-71.05251381732715,42.291916539103944
"6 MUNROE TERRACE, Boston, MA",SAM,-71.05087467248129,42.29261058277665
"7 MUNROE TERRACE, Boston, MA",SAM,-71.05103774258578,42.29257338632279
"9 MUNROE TERRACE, Boston, MA",SAM,-71.05105690833275,42.29248085267846
"19 MUNROE TERRACE, Boston, MA",SAM,-71.05153590222301,42.29231369229182
"23 MUNROE TERRACE, Boston, MA",SAM,-71.05179107924049,42.29225467391478
"24 MUNROE TERRACE, Boston, MA",SAM,-71.05192470049865,42.29209671508065
"33 MUNROE TERRACE, Boston, MA",SAM,-71.0521077525233,42.292173254257165
"37 MUNROE TERRACE, Boston, MA",SAM,-71.05220487064364,42.292149198408374
"39 MUNROE TERRACE, Boston, MA",SAM,-71.05224770543562,42.29213492014406
"40 MUNROE TERRACE, Boston, MA",SAM,-71.05225958731303,42.29200527121189
"41 MUNROE TERRACE, Boston, MA",SAM,-71.0522905402276,42.29212064187971
"45 MUNROE TERRACE, Boston, MA",SAM,-71.05237620981158,42.29209208535106
"49 MUNROE TERRACE, Boston, MA",SAM,-71.05246393730098,42.292058965110016
"56 MUNROE TERRACE, Boston, MA",SAM,-71.0526003034833,42.29189445753217
"105 MURDOCK STREET, Boston, MA",SAM,-71.14608613506631,42.35331510500268
"107 MURDOCK STREET, Boston, MA",SAM,-71.14604974517823,42.353383765169646
"108 MURDOCK STREET, Boston, MA",SAM,-71.1461213471761,42.353562876697225
"109 MURDOCK STREET, Boston, MA",SAM,-71.14601335529015,42.35345242533663
"112 MURDOCK STREET, Boston, MA",SAM,-71.14606013075553,42.353676844619464
"113 MURDOCK STREET, Boston, MA",SAM,-71.14592004005064,42.35362714458161
"115 MURDOCK STREET, Boston, MA",SAM,-71.1458782378287,42.35370406067101
"116 MURDOCK STREET, Boston, MA",SAM,-71.14605253035154,42.35369082936299
"119 MURDOCK STREET, Boston, MA",SAM,-71.14579463338485,42.35385789284981
"125 MURDOCK STREET, Boston, MA",SAM,-71.1456790207453,42.3540672781801
"129 MURDOCK STREET, Boston, MA",SAM,-71.14564820343628,42.3541217002374
"137 MURDOCK STREET, Boston, MA",SAM,-71.14558656881823,42.354230544352006
"139 MURDOCK STREET, Boston, MA",SAM,-71.14557116016371,42.35425775538065
"145 MURDOCK STREET, Boston, MA",SAM,-71.1455249342002,42.35433938846661
"147 MURDOCK STREET, Boston, MA",SAM,-71.14550952554569,42.35436659949524
"155 MURDOCK STREET, Boston, MA",SAM,-71.14544789092764,42.354475443609836
"18 MURDOCK STREET, Boston, MA",SAM,-71.14778211715027,42.35062384300621
"21 MURDOCK STREET, Boston, MA",SAM,-71.14751626849939,42.35078758189672
"24 MURDOCK STREET, Boston, MA",SAM,-71.14766280209493,42.350825926167154
"25 MURDOCK STREET, Boston, MA",SAM,-71.14746765866202,42.35086991207341
"29 MURDOCK STREET, Boston, MA",SAM,-71.14741904882466,42.3509522422501
"30 MURDOCK STREET, Boston, MA",SAM,-71.14754348703958,42.35102800932811
"33 MURDOCK STREET, Boston, MA",SAM,-71.14737043898731,42.35103457242678
"37 MURDOCK STREET, Boston, MA",SAM,-71.14732182914994,42.351116902603465
"44 MURDOCK STREET, Boston, MA",SAM,-71.1467840454555,42.3523648160065
"45 MURDOCK STREET, Boston, MA",SAM,-71.14724593282935,42.35125892315557
"52 MURDOCK STREET, Boston, MA",SAM,-71.1467519772656,42.352424018819434
"55 MURDOCK STREET, Boston, MA",SAM,-71.14652721916707,42.35229139409031
"59 MURDOCK STREET, Boston, MA",SAM,-71.14651880557504,42.35228902102527
"61 MURDOCK STREET, Boston, MA",SAM,-71.14651459877902,42.352287834492735
"62 MURDOCK STREET, Boston, MA",SAM,-71.14671189202822,42.352498022335595
"63 MURDOCK STREET, Boston, MA",SAM,-71.14651039198303,42.3522866479602
"68 MURDOCK STREET, Boston, MA",SAM,-71.14668784088578,42.35254242444531
"87 MURDOCK STREET, Boston, MA",SAM,-71.14646371634615,42.352647845718806
"88 MURDOCK STREET, Boston, MA",SAM,-71.14660767041102,42.35269043147763
"90 MURDOCK STREET, Boston, MA",SAM,-71.14654727272863,42.352797660597965
"91 MURDOCK STREET, Boston, MA",SAM,-71.1463677560457,42.35281574484879
"92 MURDOCK STREET, Boston, MA",SAM,-71.14650078308351,42.35287711562941
"94 MURDOCK STREET, Boston, MA",SAM,-71.14645429343838,42.352956570660865
"95 MURDOCK STREET, Boston, MA",SAM,-71.1462933726135,42.35294287289909
"99 MURDOCK STREET, Boston, MA",SAM,-71.14621898918128,42.35307000094942
"1 MURDOCK TERRACE, Boston, MA",SAM,-71.14664080265928,42.35232343046852
"3 MURDOCK TERRACE, Boston, MA",SAM,-71.14663659586327,42.35232224393599
"5 MURDOCK TERRACE, Boston, MA",SAM,-71.14663238906726,42.35232105740344
"6 MURDOCK TERRACE, Boston, MA",SAM,-71.14668750334091,42.3522139489438
"2 MURRAY AVENUE, Boston, MA",SAM,-71.07732977413065,42.32188075249989
"3 MURRAY AVENUE, Boston, MA",SAM,-71.07739317706937,42.32177586461594
"4 MURRAY AVENUE, Boston, MA",SAM,-71.07734046641544,42.3218836250548
"5 MURRAY AVENUE, Boston, MA",SAM,-71.07740365114425,42.321778678547275
"6 MURRAY AVENUE, Boston, MA",SAM,-71.07735115870024,42.32188649760969
"1 MURRAY COURT, Boston, MA",SAM,-71.03826785804215,42.3676918960821
"14 MURRAY COURT, Boston, MA",SAM,-71.03810754022021,42.36775519346164
"15 MURRAY COURT, Boston, MA",SAM,-71.03817445937815,42.36765133436699
"16 MURRAY COURT, Boston, MA",SAM,-71.03809391958171,42.36774927821154
"17 MURRAY COURT, Boston, MA",SAM,-71.03816111671186,42.36764553983625
"22 MURRAY COURT, Boston, MA",SAM,-71.0380530576662,42.367731532461164
"3 MURRAY COURT, Boston, MA",SAM,-71.03825451537587,42.36768610155137
"5 MURRAY COURT, Boston, MA",SAM,-71.03824117270956,42.367680307020656
"7 MURRAY COURT, Boston, MA",SAM,-71.0382278300433,42.367674512489906
"12 MURRAY HILL ROAD, Boston, MA",SAM,-71.12643767814308,42.28744600978433
"15 MURRAY HILL ROAD, Boston, MA",SAM,-71.12664281755247,42.28743082240286
"16 MURRAY HILL ROAD, Boston, MA",SAM,-71.12632157831067,42.287365940916445
"19 MURRAY HILL ROAD, Boston, MA",SAM,-71.12658832171277,42.2873932390567
"20 MURRAY HILL ROAD, Boston, MA",SAM,-71.1262062090145,42.287293032831684
"23 MURRAY HILL ROAD, Boston, MA",SAM,-71.12653382587305,42.287355655710556
"24 MURRAY HILL ROAD, Boston, MA",SAM,-71.12608101747058,42.28722085030351
"27 MURRAY HILL ROAD, Boston, MA",SAM,-71.12647933003335,42.2873180723644
"28 MURRAY HILL ROAD, Boston, MA",SAM,-71.12595582592665,42.287148667775355
"31 MURRAY HILL ROAD, Boston, MA",SAM,-71.12642483419364,42.287280489018244
"32 MURRAY HILL ROAD, Boston, MA",SAM,-71.12583063438274,42.2870764852472
"35 MURRAY HILL ROAD, Boston, MA",SAM,-71.12637033835394,42.2872429056721
"40 MURRAY HILL ROAD, Boston, MA",SAM,-71.1255802512949,42.286932120190855
"48 MURRAY HILL ROAD, Boston, MA",SAM,-71.12532986820707,42.286787755134505
"52 MURRAY HILL ROAD, Boston, MA",SAM,-71.12517915901242,42.28670046307414
"56 MURRAY HILL ROAD, Boston, MA",SAM,-71.12512218562934,42.28666736121279
"64 MURRAY HILL ROAD, Boston, MA",SAM,-71.12500823886313,42.286601157490075
"7 MURRAY HILL ROAD, Boston, MA",SAM,-71.1267518092319,42.287505989095166
"20 MUSEUM ROAD, Boston, MA",SAM,-71.09498304609589,42.33815026800916
"26 MUSEUM ROAD, Boston, MA",SAM,-71.09502450501198,42.3381685380443
"6 MUSEUM ROAD, Boston, MA",SAM,-71.09488630862502,42.33810763792717
"11 MYLES STANDISH ROAD, Boston, MA",SAM,-71.15200535404841,42.276123289080836
"12 MYLES STANDISH ROAD, Boston, MA",SAM,-71.15188958055758,42.27604713423239
"15 MYLES STANDISH ROAD, Boston, MA",SAM,-71.15204788064939,42.27608628119719
"16 MYLES STANDISH ROAD, Boston, MA",SAM,-71.15193299312942,42.27600935535117
"19 MYLES STANDISH ROAD, Boston, MA",SAM,-71.1520904072504,42.27604927331355
"20 MYLES STANDISH ROAD, Boston, MA",SAM,-71.15197640570126,42.27597157646995
"3 MYLES STANDISH ROAD, Boston, MA",SAM,-71.15192030084643,42.27619730484812
"4 MYLES STANDISH ROAD, Boston, MA",SAM,-71.15180275541388,42.27612269199482
"7 MYLES STANDISH ROAD, Boston, MA",SAM,-71.1519628274474,42.27616029696448
"8 MYLES STANDISH ROAD, Boston, MA",SAM,-71.15184616798574,42.27608491311361
"11 MYOPIA ROAD, Boston, MA",SAM,-71.12728507555197,42.2638804434843
"16 MYOPIA ROAD, Boston, MA",SAM,-71.12714595344501,42.2638274033473
"17 MYOPIA ROAD, Boston, MA",SAM,-71.12737340087794,42.26368966078065
"20 MYOPIA ROAD, Boston, MA",SAM,-71.127190116108,42.26373201199546
"21 MYOPIA ROAD, Boston, MA",SAM,-71.12741913586731,42.26355278176196
"24 MYOPIA ROAD, Boston, MA",SAM,-71.127234278771,42.26363662064364
"25 MYOPIA ROAD, Boston, MA",SAM,-71.1273910689458,42.26339811606155
"28 MYOPIA ROAD, Boston, MA",SAM,-71.12726298924,42.26354503149366
"29 MYOPIA ROAD, Boston, MA",SAM,-71.1273280595046,42.26326015714528
"32 MYOPIA ROAD, Boston, MA",SAM,-71.12725120615283,42.26346853944069
"33 MYOPIA ROAD, Boston, MA",SAM,-71.1272591892015,42.2631357462428
"36 MYOPIA ROAD, Boston, MA",SAM,-71.12722782097372,42.263381355167276
"40 MYOPIA ROAD, Boston, MA",SAM,-71.12717616824638,42.26328804699042
"41 MYOPIA ROAD, Boston, MA",SAM,-71.12712144859529,42.26288692443785
"44 MYOPIA ROAD, Boston, MA",SAM,-71.12712451551904,42.26319473881355
"45 MYOPIA ROAD, Boston, MA",SAM,-71.12705257829217,42.2627625135354
"48 MYOPIA ROAD, Boston, MA",SAM,-71.1270728627917,42.2631014306367
"49 MYOPIA ROAD, Boston, MA",SAM,-71.12698370798906,42.26263810263293
"5 MYOPIA ROAD, Boston, MA",SAM,-71.12715877431509,42.264080461790485
"52 MYOPIA ROAD, Boston, MA",SAM,-71.12702121006438,42.263008122459844
"53 MYOPIA ROAD, Boston, MA",SAM,-71.12691483768596,42.262513691730454
"56 MYOPIA ROAD, Boston, MA",SAM,-71.12696955733705,42.26291481428302
"59 MYOPIA ROAD, Boston, MA",SAM,-71.12681103347326,42.26232658493193
"60 MYOPIA ROAD, Boston, MA",SAM,-71.1269179046097,42.26282150610615
"63 MYOPIA ROAD, Boston, MA",SAM,-71.1267404243687,42.26220270927802
"66 MYOPIA ROAD, Boston, MA",SAM,-71.12684042551871,42.26268154384086
"67 MYOPIA ROAD, Boston, MA",SAM,-71.12666981526414,42.26207883362411
"7 MYOPIA ROAD, Boston, MA",SAM,-71.12722210095001,42.26400803251558
"75 MYOPIA ROAD, Boston, MA",SAM,-71.126414475071,42.261797251548145
"8 MYOPIA ROAD, Boston, MA",SAM,-71.1270555735845,42.26399339494544
"18 MYRICK STREET, Boston, MA",SAM,-71.13168911944317,42.35991183167858
"21 MYRICK STREET, Boston, MA",SAM,-71.13166879125764,42.3600635880736
"22 MYRICK STREET, Boston, MA",SAM,-71.1317820946007,42.35998534693596
"26 MYRICK STREET, Boston, MA",SAM,-71.13190153925578,42.36006873749466
"7 MYRICK STREET, Boston, MA",SAM,-71.13102762317438,42.359370711652545
"10 MYRTLE STREET, Boston, MA",SAM,-71.11556184331124,42.313722711806
"100 MYRTLE STREET, Boston, MA",SAM,-71.06806116139033,42.35924593129699
"101 MYRTLE STREET, Boston, MA",SAM,-71.06816390431638,42.35935860371522
"102 MYRTLE STREET, Boston, MA",SAM,-71.06815990821647,42.35924405040797
"103 MYRTLE STREET, Boston, MA",SAM,-71.0682626511425,42.359356722826206
"104 MYRTLE STREET, Boston, MA",SAM,-71.06825865504261,42.35924216951893
"105 MYRTLE STREET, Boston, MA",SAM,-71.06836139796866,42.359354841937154
"107 MYRTLE STREET, Boston, MA",SAM,-71.06846014479478,42.35935296104814
"109 MYRTLE STREET, Boston, MA",SAM,-71.06855889162094,42.359351080159094
"11 MYRTLE STREET, Boston, MA",SAM,-71.11553461534164,42.3138417038511
"115 MYRTLE STREET, Boston, MA",SAM,-71.06882666471844,42.359352712344304
"116 MYRTLE STREET, Boston, MA",SAM,-71.06883002178154,42.359238147814146
"117 MYRTLE STREET, Boston, MA",SAM,-71.06888487323124,42.35935364368249
"118 MYRTLE STREET, Boston, MA",SAM,-71.06888823029435,42.35923907915233
"124 MYRTLE STREET, Boston, MA",SAM,-71.06906285583273,42.35924187316691
"126 MYRTLE STREET, Boston, MA",SAM,-71.06912106434552,42.359242804505115
"127 MYRTLE STREET, Boston, MA",SAM,-71.06927784925904,42.359357500682634
"128 MYRTLE STREET, Boston, MA",SAM,-71.0692709752015,42.35924302194941
"129 MYRTLE STREET, Boston, MA",SAM,-71.06929522807445,42.35935693088588
"131 MYRTLE STREET, Boston, MA",SAM,-71.06931260688988,42.35935636108912
"132 MYRTLE STREET, Boston, MA",SAM,-71.06930672590754,42.35924184979611
"133 MYRTLE STREET, Boston, MA",SAM,-71.06932998570532,42.359355791292394
"135 MYRTLE STREET, Boston, MA",SAM,-71.06934736452074,42.35935522149565
"136 MYRTLE STREET, Boston, MA",SAM,-71.06934247661356,42.359240677642795
"2 MYRTLE STREET, Boston, MA",SAM,-71.11492699053645,42.31347618936427
"22 MYRTLE STREET, Boston, MA",SAM,-71.11614005325197,42.313945127288804
"24 MYRTLE STREET, Boston, MA",SAM,-71.1161815391031,42.313960745495386
"3 MYRTLE STREET, Boston, MA",SAM,-71.11499108569976,42.313630411159906
"31 MYRTLE STREET, Boston, MA",SAM,-71.11623568958056,42.31410971900627
"32 MYRTLE STREET, Boston, MA",SAM,-71.11636114063452,42.31403502592182
"33 MYRTLE STREET, Boston, MA",SAM,-71.11625737581073,42.31412013532397
"34 MYRTLE STREET, Boston, MA",SAM,-71.11640702565133,42.31407228132994
"4 MYRTLE STREET, Boston, MA",SAM,-71.11508569981243,42.31353770460246
"5 MYRTLE STREET, Boston, MA",SAM,-71.11512712222206,42.31368313850693
"54 MYRTLE STREET, Boston, MA",SAM,-71.11628658171264,42.31444638372282
"56 MYRTLE STREET, Boston, MA",SAM,-71.1162619129545,42.314479494603646
"57 MYRTLE STREET, Boston, MA",SAM,-71.11612721334441,42.31442283751855
"58 MYRTLE STREET, Boston, MA",SAM,-71.11623889580073,42.31450941690467
"70 MYRTLE STREET, Boston, MA",SAM,-71.11610079287809,42.3146889507109
"71 MYRTLE STREET, Boston, MA",SAM,-71.11596609326803,42.31463229362581
"72 MYRTLE STREET, Boston, MA",SAM,-71.11607777572432,42.31471887301194
"73 MYRTLE STREET, Boston, MA",SAM,-71.11594307611425,42.314662215926845
"77 MYRTLE STREET, Boston, MA",SAM,-71.11589704180672,42.314722060528936
"78 MYRTLE STREET, Boston, MA",SAM,-71.11600872426301,42.31480863991504
"79 MYRTLE STREET, Boston, MA",SAM,-71.11587402465295,42.31475198282996
"8 MYRTLE STREET, Boston, MA",SAM,-71.11540311836438,42.313660735078855
"81 MYRTLE STREET, Boston, MA",SAM,-71.11585100749917,42.31478190513101
"83 MYRTLE STREET, Boston, MA",SAM,-71.1158279903454,42.314811827432045
"84 MYRTLE STREET, Boston, MA",SAM,-71.11593967280169,42.31489840681816
"86 MYRTLE STREET, Boston, MA",SAM,-71.11591665564792,42.314928329119205
"87 MYRTLE STREET, Boston, MA",SAM,-71.11578195603785,42.31487167203412
"88 MYRTLE STREET, Boston, MA",SAM,-71.11589363849414,42.31495825142024
"98 MYRTLE STREET, Boston, MA",SAM,-71.11577855272527,42.31510786292543
"12 MYRTLE STREET, Boston, MA",SAM,-71.11572022523488,42.31378468735636
"14 MYRTLE STREET, Boston, MA",SAM,-71.11587799855863,42.31384616346999
"15 MYRTLE STREET, Boston, MA",SAM,-71.1158070293444,42.31394803150026
"16 MYRTLE STREET, Boston, MA",SAM,-71.11601559569858,42.313898272668986
"17 MYRTLE STREET, Boston, MA",SAM,-71.1159452886227,42.31400039156006
"18 MYRTLE STREET, Boston, MA",SAM,-71.11605708154971,42.313913890875604
"19 MYRTLE STREET, Boston, MA",SAM,-71.1159867744738,42.31401600976666
"20 MYRTLE STREET, Boston, MA",SAM,-71.11609856740084,42.31392950908221
"21 MYRTLE STREET, Boston, MA",SAM,-71.11602826032494,42.31403162797327
"23 MYRTLE STREET, Boston, MA",SAM,-71.11606974617607,42.314047246179854
"6 MYRTLE STREET, Boston, MA",SAM,-71.11524440908839,42.313599219840654
"10 MYRTLEBANK AVENUE, Boston, MA",SAM,-71.05391974714904,42.282472202434306
"100 MYRTLEBANK AVENUE, Boston, MA",SAM,-71.05295096400323,42.28025388969178
"102 MYRTLEBANK AVENUE, Boston, MA",SAM,-71.05294226554767,42.28023324928279
"104 MYRTLEBANK AVENUE, Boston, MA",SAM,-71.0529335670921,42.28021260887381
"12 MYRTLEBANK AVENUE, Boston, MA",SAM,-71.05388905537424,42.28240143079226
"14 MYRTLEBANK AVENUE, Boston, MA",SAM,-71.05385836359942,42.28233065915019
"15 MYRTLEBANK AVENUE, Boston, MA",SAM,-71.05398256301967,42.28224196195332
"18 MYRTLEBANK AVENUE, Boston, MA",SAM,-71.05379698004982,42.28218911586608
"19 MYRTLEBANK AVENUE, Boston, MA",SAM,-71.05392329614419,42.2821052994721
"22 MYRTLEBANK AVENUE, Boston, MA",SAM,-71.0537355965002,42.28204757258197
"25 MYRTLEBANK AVENUE, Boston, MA",SAM,-71.05383439583098,42.28190030575028
"26 MYRTLEBANK AVENUE, Boston, MA",SAM,-71.05367417571796,42.28190645631822
"27 MYRTLEBANK AVENUE, Boston, MA",SAM,-71.05380402595662,42.28183173347735
"30 MYRTLEBANK AVENUE, Boston, MA",SAM,-71.05361146767369,42.28176523143917
"31 MYRTLEBANK AVENUE, Boston, MA",SAM,-71.05374348025867,42.28169537842172
"32 MYRTLEBANK AVENUE, Boston, MA",SAM,-71.05358011365152,42.28169461899965
"35 MYRTLEBANK AVENUE, Boston, MA",SAM,-71.05368293456075,42.28155902336608
"38 MYRTLEBANK AVENUE, Boston, MA",SAM,-71.05348605158511,42.28148278168107
"39 MYRTLEBANK AVENUE, Boston, MA",SAM,-71.05362238886283,42.28142266831044
"4 MYRTLEBANK AVENUE, Boston, MA",SAM,-71.05401182247344,42.2826845173605
"42 MYRTLEBANK AVENUE, Boston, MA",SAM,-71.05342334354084,42.28134155680198
"43 MYRTLEBANK AVENUE, Boston, MA",SAM,-71.05356184316491,42.28128631325481
"47 MYRTLEBANK AVENUE, Boston, MA",SAM,-71.05350129746698,42.28114995819916
"51 MYRTLEBANK AVENUE, Boston, MA",SAM,-71.05344075176906,42.28101360314352
"53 MYRTLEBANK AVENUE, Boston, MA",SAM,-71.05341047892009,42.28094542561571
"6 MYRTLEBANK AVENUE, Boston, MA",SAM,-71.05398113069866,42.28261374571843
"62 MYRTLEBANK AVENUE, Boston, MA",SAM,-71.05311623465889,42.28064605746235
"67 MYRTLEBANK AVENUE, Boston, MA",SAM,-71.05324669995694,42.28057066698022
"69 MYRTLEBANK AVENUE, Boston, MA",SAM,-71.05323800150138,42.280550026571234
"7 MYRTLEBANK AVENUE, Boston, MA",SAM,-71.05410109677067,42.28251528691576
"70 MYRTLEBANK AVENUE, Boston, MA",SAM,-71.05308144083668,42.28056349582642
"71 MYRTLEBANK AVENUE, Boston, MA",SAM,-71.05322930304582,42.28052938616225
"72 MYRTLEBANK AVENUE, Boston, MA",SAM,-71.05307274238109,42.280542855417444
"76 MYRTLEBANK AVENUE, Boston, MA",SAM,-71.05305534546997,42.28050157459949
"8 MYRTLEBANK AVENUE, Boston, MA",SAM,-71.05395043892385,42.28254297407637
"80 MYRTLEBANK AVENUE, Boston, MA",SAM,-71.05303794855885,42.280460293781545
"84 MYRTLEBANK AVENUE, Boston, MA",SAM,-71.05302055164772,42.280419012963584
"9 MYRTLEBANK AVENUE, Boston, MA",SAM,-71.05407146333292,42.28244695567514
"1 MYSTIC AVENUE, Boston, MA",SAM,-71.07612829921274,42.385751855996226
"3 MYSTIC AVENUE, Boston, MA",SAM,-71.07613551498731,42.38575851671273
"1 MYSTIC PLACE, Boston, MA",SAM,-71.06375928919752,42.38097156506311
"10 MYSTIC PLACE, Boston, MA",SAM,-71.06414643142458,42.38114088706723
"2 MYSTIC PLACE, Boston, MA",SAM,-71.06416705594255,42.3811146376797
"3 MYSTIC PLACE, Boston, MA",SAM,-71.06376792435663,42.38097538059945
"4 MYSTIC PLACE, Boston, MA",SAM,-71.06416189981303,42.381121200026584
"5 MYSTIC PLACE, Boston, MA",SAM,-71.06377655951573,42.38097919613577
"6 MYSTIC PLACE, Boston, MA",SAM,-71.06415674368355,42.38112776237346
"7 MYSTIC PLACE, Boston, MA",SAM,-71.06378519467484,42.38098301167209
"8 MYSTIC PLACE, Boston, MA",SAM,-71.06415158755405,42.381134324720335
"1 MYSTIC STREET, Boston, MA",SAM,-71.07183354030991,42.3399785543232
"10 MYSTIC STREET, Boston, MA",SAM,-71.07167084439942,42.340014169973045
"11 MYSTIC STREET, Boston, MA",SAM,-71.07177756488994,42.33993008075272
"12 MYSTIC STREET, Boston, MA",SAM,-71.07165964931544,42.340004475258944
"13 MYSTIC STREET, Boston, MA",SAM,-71.07176636980596,42.33992038603862
"14 MYSTIC STREET, Boston, MA",SAM,-71.07164845423145,42.33999478054487
"16 MYSTIC STREET, Boston, MA",SAM,-71.07163725914745,42.33998508583077
"17 MYSTIC STREET, Boston, MA",SAM,-71.07174397963799,42.33990099661044
"18 MYSTIC STREET, Boston, MA",SAM,-71.07162606406347,42.339975391116674
"19 MYSTIC STREET, Boston, MA",SAM,-71.071732784554,42.33989130189635
"20 MYSTIC STREET, Boston, MA",SAM,-71.07161486897948,42.33996569640258
"21 MYSTIC STREET, Boston, MA",SAM,-71.07172158946999,42.33988160718225
"22 MYSTIC STREET, Boston, MA",SAM,-71.0716036738955,42.33995600168847
"23 MYSTIC STREET, Boston, MA",SAM,-71.071710394386,42.339871912468155
"24 MYSTIC STREET, Boston, MA",SAM,-71.0715924788115,42.339946306974376
"25 MYSTIC STREET, Boston, MA",SAM,-71.071699199302,42.33986221775407
"27 MYSTIC STREET, Boston, MA",SAM,-71.07168800421802,42.33985252303999
"28 MYSTIC STREET, Boston, MA",SAM,-71.0715700886435,42.33992691754621
"3 MYSTIC STREET, Boston, MA",SAM,-71.07182234522591,42.339968859609094
"30 MYSTIC STREET, Boston, MA",SAM,-71.07155889355951,42.3399172228321
"31 MYSTIC STREET, Boston, MA",SAM,-71.07166561405005,42.3398331336118
"32 MYSTIC STREET, Boston, MA",SAM,-71.07154769847553,42.33990752811802
"33 MYSTIC STREET, Boston, MA",SAM,-71.07165441896605,42.33982343889768
"34 MYSTIC STREET, Boston, MA",SAM,-71.07153650339154,42.33989783340391
"35 MYSTIC STREET, Boston, MA",SAM,-71.07164322388206,42.33981374418361
"36 MYSTIC STREET, Boston, MA",SAM,-71.07152530830754,42.33988813868983
"37 MYSTIC STREET, Boston, MA",SAM,-71.07163202879808,42.3398040494695
"38 MYSTIC STREET, Boston, MA",SAM,-71.07151411322356,42.339878443975735
"39 MYSTIC STREET, Boston, MA",SAM,-71.07162083371409,42.33979435475542
"4 MYSTIC STREET, Boston, MA",SAM,-71.07170442965142,42.34004325411532
"40 MYSTIC STREET, Boston, MA",SAM,-71.07150291813957,42.339868749261626
"41 MYSTIC STREET, Boston, MA",SAM,-71.07160963863008,42.33978466004132
"42 MYSTIC STREET, Boston, MA",SAM,-71.0714917230556,42.33985905454754
"44 MYSTIC STREET, Boston, MA",SAM,-71.07148052797157,42.33984935983346
"45 MYSTIC STREET, Boston, MA",SAM,-71.07158724846211,42.339765270613114
"46 MYSTIC STREET, Boston, MA",SAM,-71.0714693328876,42.33983966511935
"47 MYSTIC STREET, Boston, MA",SAM,-71.07157605337811,42.339755575899034
"48 MYSTIC STREET, Boston, MA",SAM,-71.07145813780359,42.33982997040527
"5 MYSTIC STREET, Boston, MA",SAM,-71.07181115014193,42.33995916489499
"50 MYSTIC STREET, Boston, MA",SAM,-71.07144694271962,42.33982027569117
"52 MYSTIC STREET, Boston, MA",SAM,-71.07143574763562,42.33981058097707
"54 MYSTIC STREET, Boston, MA",SAM,-71.07142455255162,42.33980088626298
"56 MYSTIC STREET, Boston, MA",SAM,-71.07141335746765,42.33979119154888
"58 MYSTIC STREET, Boston, MA",SAM,-71.07140216238365,42.33978149683479
"6 MYSTIC STREET, Boston, MA",SAM,-71.07169323456743,42.34003355940124
"7 MYSTIC STREET, Boston, MA",SAM,-71.07179995505793,42.3399494701809
"8 MYSTIC STREET, Boston, MA",SAM,-71.07168203948342,42.340023864687126
"9 MYSTIC STREET, Boston, MA",SAM,-71.07178875997394,42.33993977546681
"105 N STREET, Boston, MA",SAM,-71.03135478346204,42.334641727966414
"106 N STREET, Boston, MA",SAM,-71.03119797789837,42.33459630471711
"107 N STREET, Boston, MA",SAM,-71.03135231598773,42.33457686853407
"108 N STREET, Boston, MA",SAM,-71.03119571604694,42.33453685023747
"109 N STREET, Boston, MA",SAM,-71.03134984851341,42.33451200910174
"110 N STREET, Boston, MA",SAM,-71.03119345419547,42.33447739575783
"111 N STREET, Boston, MA",SAM,-71.03134738103911,42.334447149669394
"112 N STREET, Boston, MA",SAM,-71.03119119234404,42.33441794127818
"113 N STREET, Boston, MA",SAM,-71.0313449135648,42.334382290237066
"114 N STREET, Boston, MA",SAM,-71.0311889304926,42.33435848679854
"116 N STREET, Boston, MA",SAM,-71.03118666864113,42.3342990323189
"117 N STREET, Boston, MA",SAM,-71.03133997861617,42.3342525713724
"118 N STREET, Boston, MA",SAM,-71.03118440678969,42.334239577839256
"119 N STREET, Boston, MA",SAM,-71.03133751114187,42.33418771194005
"120 N STREET, Boston, MA",SAM,-71.03118214493824,42.33418012335961
"121 N STREET, Boston, MA",SAM,-71.03133504366757,42.33412285250771
"123 N STREET, Boston, MA",SAM,-71.03133257619326,42.33405799307537
"129 N STREET, Boston, MA",SAM,-71.03132523518772,42.33385276150399
"131 N STREET, Boston, MA",SAM,-71.03132365119855,42.33380735373184
"132 N STREET, Boston, MA",SAM,-71.03116868853255,42.333810307729195
"133 N STREET, Boston, MA",SAM,-71.03132206720933,42.33376194595969
"135 N STREET, Boston, MA",SAM,-71.03132048322011,42.333716538187545
"136 N STREET, Boston, MA",SAM,-71.03116552055414,42.333719492184905
"137 N STREET, Boston, MA",SAM,-71.03131889923093,42.33367113041541
"139 N STREET, Boston, MA",SAM,-71.0313151158104,42.33355672712229
"141 N STREET, Boston, MA",SAM,-71.03131346248499,42.33350382060439
"143 N STREET, Boston, MA",SAM,-71.03131180915962,42.3334509140865
"144 N STREET, Boston, MA",SAM,-71.03115766394122,42.33348001382415
"145 N STREET, Boston, MA",SAM,-71.03131015583422,42.333398007568604
"146 N STREET, Boston, MA",SAM,-71.03115642394717,42.33344033393574
"147 N STREET, Boston, MA",SAM,-71.03130850250884,42.333345101050725
"155 N STREET, Boston, MA",SAM,-71.03129742731922,42.33304593027347
"157 N STREET, Boston, MA",SAM,-71.03129398669459,42.33296765594908
"159 N STREET, Boston, MA",SAM,-71.03129054606997,42.3328893816247
"168 N STREET, Boston, MA",SAM,-71.03110998660691,42.33214115740177
"170 N STREET, Boston, MA",SAM,-71.03110962499987,42.33210788937452
"172 N STREET, Boston, MA",SAM,-71.03110926339286,42.33207462134728
"174 N STREET, Boston, MA",SAM,-71.03110890178584,42.33204135332003
"176 N STREET, Boston, MA",SAM,-71.03110854017883,42.33200808529278
"179 N STREET, Boston, MA",SAM,-71.0312648471039,42.332126929445586
"181 N STREET, Boston, MA",SAM,-71.03126419621127,42.33206704699652
"183 N STREET, Boston, MA",SAM,-71.03126354531862,42.33200716454746
"184 N STREET, Boston, MA",SAM,-71.03110791543965,42.33180591282761
"185 N STREET, Boston, MA",SAM,-71.03126292455805,42.33189303539683
"186 N STREET, Boston, MA",SAM,-71.03110791544134,42.33177687197284
"189 N STREET, Boston, MA",SAM,-71.0312629245614,42.33183495368733
"193 N STREET, Boston, MA",SAM,-71.03126292456476,42.33177687197778
"194 N STREET, Boston, MA",SAM,-71.03110791544806,42.33166070855379
"197 N STREET, Boston, MA",SAM,-71.03126292456813,42.331718790268276
"198 N STREET, Boston, MA",SAM,-71.03110791545141,42.33160262684429
"201 N STREET, Boston, MA",SAM,-71.03126292457148,42.33166070855875
"202 N STREET, Boston, MA",SAM,-71.03110533460348,42.331477289055684
"207 N STREET, Boston, MA",SAM,-71.03126074655465,42.33148646972181
"211 N STREET, Boston, MA",SAM,-71.0312597594055,42.33146014570023
"215 N STREET, Boston, MA",SAM,-71.03125877225634,42.33143382167863
"40 N STREET, Boston, MA",SAM,-71.03124864985008,42.3368312571153
"42 N STREET, Boston, MA",SAM,-71.0312476428487,42.33680449960484
"44 N STREET, Boston, MA",SAM,-71.0312466358473,42.33677774209439
"46 N STREET, Boston, MA",SAM,-71.03124562884591,42.33675098458392
"48 N STREET, Boston, MA",SAM,-71.0312446218445,42.33672422707348
"56 N STREET, Boston, MA",SAM,-71.03124059383893,42.33661719703166
"58 N STREET, Boston, MA",SAM,-71.03123664010593,42.33650237298051
"60 N STREET, Boston, MA",SAM,-71.03123546910977,42.33646490102937
"62 N STREET, Boston, MA",SAM,-71.03123429811363,42.33642742907823
"91 N STREET, Boston, MA",SAM,-71.03136254542743,42.334948581482955
"93 N STREET, Boston, MA",SAM,-71.03136246577172,42.3349332874154
"10 NAHANT AVENUE, Boston, MA",SAM,-71.05429306815766,42.28761760766898
"12 NAHANT AVENUE, Boston, MA",SAM,-71.0541970018425,42.28764242863077
"14 NAHANT AVENUE, Boston, MA",SAM,-71.05410093552734,42.28766724959257
"16 NAHANT AVENUE, Boston, MA",SAM,-71.05400486921218,42.28769207055438
"20 NAHANT AVENUE, Boston, MA",SAM,-71.05381273658188,42.287741712477995
"24 NAHANT AVENUE, Boston, MA",SAM,-71.05360585012458,42.28777692690032
"27 NAHANT AVENUE, Boston, MA",SAM,-71.05355753268122,42.2876675228613
"36 NAHANT AVENUE, Boston, MA",SAM,-71.05301031803909,42.28787646828015
"42 NAHANT AVENUE, Boston, MA",SAM,-71.05271255199634,42.28792623897005
"46 NAHANT AVENUE, Boston, MA",SAM,-71.05251404130115,42.28795941943002
"5 NAHANT AVENUE, Boston, MA",SAM,-71.05446157382438,42.28745269080656
"50 NAHANT AVENUE, Boston, MA",SAM,-71.052315530606,42.28799259988994
"58 NAHANT AVENUE, Boston, MA",SAM,-71.05195281679639,42.28805708556524
"60 NAHANT AVENUE, Boston, MA",SAM,-71.05188174306049,42.28806991832247
"64 NAHANT AVENUE, Boston, MA",SAM,-71.05173959558867,42.288095583836956
"68 NAHANT AVENUE, Boston, MA",SAM,-71.05151703928743,42.288135132844054
"72 NAHANT AVENUE, Boston, MA",SAM,-71.05144655511445,42.28814726919103
"8 NAHANT AVENUE, Boston, MA",SAM,-71.05438913447281,42.28759278670718
"10 NANCIA STREET, Boston, MA",SAM,-70.99893979421188,42.38301267961613
"14 NANCIA STREET, Boston, MA",SAM,-70.9989593926471,42.38298138799604
"2 NANCIA STREET, Boston, MA",SAM,-70.99890059734142,42.38307526285631
"20 NANCIA STREET, Boston, MA",SAM,-70.99898879029995,42.38293445056592
"9 NANCIA STREET, Boston, MA",SAM,-70.99907979226118,42.38306207082081
"10 NANTASKET AVENUE, Boston, MA",SAM,-71.14821623294999,42.34588306984706
"15 NANTASKET AVENUE, Boston, MA",SAM,-71.14820270663049,42.346197964559366
"19 NANTASKET AVENUE, Boston, MA",SAM,-71.1482913499692,42.34604471675055
"29 NANTASKET AVENUE, Boston, MA",SAM,-71.14847385105602,42.34576964554158
"33 NANTASKET AVENUE, Boston, MA",SAM,-71.14849481163036,42.345741969442386
"4 NANTASKET AVENUE, Boston, MA",SAM,-71.14831760022572,42.34574135070239
"5 NARRAGANSETT STREET, Boston, MA",SAM,-71.04750106050886,42.2862972366276
"6 NARRAGANSETT STREET, Boston, MA",SAM,-71.04712598547952,42.285821917820456
"9 NARRAGANSETT STREET, Boston, MA",SAM,-71.04749091883333,42.28627449468213
"100 NASHUA STREET, Boston, MA",SAM,,
"125 NASHUA STREET, Boston, MA",SAM,-71.06532314259871,42.367547652677125
"10 NATIONAL STREET, Boston, MA",SAM,-71.0466354732961,42.33478847782703
"12 NATIONAL STREET, Boston, MA",SAM,-71.04663414517525,42.33475906939418
"14 NATIONAL STREET, Boston, MA",SAM,-71.04663281705437,42.33472966096134
"16 NATIONAL STREET, Boston, MA",SAM,-71.04663148893347,42.33470025252846
"18 NATIONAL STREET, Boston, MA",SAM,-71.04663016081258,42.33467084409563
"2 NATIONAL STREET, Boston, MA",SAM,-71.04666836568899,42.3349172875214
"4 NATIONAL STREET, Boston, MA",SAM,-71.04665726458515,42.33488903015776
"6 NATIONAL STREET, Boston, MA",SAM,-71.04664616348131,42.33486077279408
"8 NATIONAL STREET, Boston, MA",SAM,-71.04663680141702,42.33481788625988
"100 NAVARRE STREET, Boston, MA",SAM,-71.1172071481853,42.275272872143795
"104 NAVARRE STREET, Boston, MA",SAM,-71.11726054950111,42.27515138848478
"105 NAVARRE STREET, Boston, MA",SAM,-71.11753393839706,42.275006467490336
"108 NAVARRE STREET, Boston, MA",SAM,-71.11733312177357,42.275045828812424
"111 NAVARRE STREET, Boston, MA",SAM,-71.11761924015177,42.27484933422493
"114 NAVARRE STREET, Boston, MA",SAM,-71.11743179121018,42.27489057160509
"115 NAVARRE STREET, Boston, MA",SAM,-71.11767216714442,42.27474366790113
"119 NAVARRE STREET, Boston, MA",SAM,-71.11771618995162,42.27463961399459
"120 NAVARRE STREET, Boston, MA",SAM,-71.11751640179006,42.274728271085074
"123 NAVARRE STREET, Boston, MA",SAM,-71.11776021275878,42.27453556008805
"124 NAVARRE STREET, Boston, MA",SAM,-71.11756421966682,42.27461524701419
"127 NAVARRE STREET, Boston, MA",SAM,-71.11780059957098,42.27442875769039
"128 NAVARRE STREET, Boston, MA",SAM,-71.11761203754357,42.274502222943305
"131 NAVARRE STREET, Boston, MA",SAM,-71.11783999848275,42.27432369392872
"135 NAVARRE STREET, Boston, MA",SAM,-71.1178793973945,42.27421863016706
"140 NAVARRE STREET, Boston, MA",SAM,-71.11774001759392,42.27416172570562
"25 NAVARRE STREET, Boston, MA",SAM,-71.11759269902852,42.2774831215207
"26 NAVARRE STREET, Boston, MA",SAM,-71.11741862917893,42.27743926402945
"28 NAVARRE STREET, Boston, MA",SAM,-71.11740686914509,42.277377523824065
"33 NAVARRE STREET, Boston, MA",SAM,-71.11754678858665,42.2772909719747
"34 NAVARRE STREET, Boston, MA",SAM,-71.11736887034668,42.27719421081155
"38 NAVARRE STREET, Boston, MA",SAM,-71.11734076642486,42.27707125610455
"39 NAVARRE STREET, Boston, MA",SAM,-71.11751304491075,42.27713777697858
"43 NAVARRE STREET, Boston, MA",SAM,-71.11748995954638,42.27703677846927
"47 NAVARRE STREET, Boston, MA",SAM,-71.11746687418201,42.27693577995995
"50 NAVARRE STREET, Boston, MA",SAM,-71.11725645465937,42.276702391983555
"51 NAVARRE STREET, Boston, MA",SAM,-71.11744378881767,42.27683478145065
"55 NAVARRE STREET, Boston, MA",SAM,-71.11742070345329,42.27673378294132
"58 NAVARRE STREET, Boston, MA",SAM,-71.11721401917397,42.27644606527315
"59 NAVARRE STREET, Boston, MA",SAM,-71.11738850065089,42.27657318712953
"64 NAVARRE STREET, Boston, MA",SAM,-71.11719350193036,42.27630654794183
"70 NAVARRE STREET, Boston, MA",SAM,-71.11717298468676,42.2761670306105
"72 NAVARRE STREET, Boston, MA",SAM,-71.11716614560555,42.276120524833395
"83 NAVARRE STREET, Boston, MA",SAM,-71.11727094190854,42.275554921466416
"84 NAVARRE STREET, Boston, MA",SAM,-71.11711578643937,42.27576060431671
"90 NAVARRE STREET, Boston, MA",SAM,-71.11711462185683,42.27557542582464
"91 NAVARRE STREET, Boston, MA",SAM,-71.11733749389069,42.275347828975534
"95 NAVARRE STREET, Boston, MA",SAM,-71.11738203652918,42.275243896153604
"96 NAVARRE STREET, Boston, MA",SAM,-71.11716131924466,42.27539153068249
"99 NAVARRE STREET, Boston, MA",SAM,-71.11743371954462,42.2751522403712
"2 NAVARRE PLACE, Boston, MA",SAM,,
"10 NAVILLUS TERRACE, Boston, MA",SAM,-71.06240139260653,42.31013015754029
"11 NAVILLUS TERRACE, Boston, MA",SAM,-71.0624448174091,42.31001960379289
"12 NAVILLUS TERRACE, Boston, MA",SAM,-71.06238592313777,42.310125603076216
"4 NAVILLUS TERRACE, Boston, MA",SAM,-71.06244780101284,42.310143820932545
"5 NAVILLUS TERRACE, Boston, MA",SAM,-71.06249027870507,42.3100329883404
"8 NAVILLUS TERRACE, Boston, MA",SAM,-71.06241686207532,42.31013471200438
"9 NAVILLUS TERRACE, Boston, MA",SAM,-71.0624599711744,42.310024065308724
"32 NAY STREET, Boston, MA",SAM,-71.03873542832076,42.38325657755054
"7 NAY STREET, Boston, MA",SAM,-71.03913635884109,42.38313992738032
"1 NAZING COURT, Boston, MA",SAM,-71.0869668771263,42.30736458148257
"10 NAZING STREET, Boston, MA",SAM,-71.084918007,42.30617177522478
"14 NAZING STREET, Boston, MA",SAM,-71.08501551697984,42.30620956979979
"15 NAZING STREET, Boston, MA",SAM,-71.0849853806624,42.30632726448781
"18 NAZING STREET, Boston, MA",SAM,-71.08511302695966,42.30624736437478
"2 NAZING STREET, Boston, MA",SAM,-71.0847229870404,42.3060961860748
"21 NAZING STREET, Boston, MA",SAM,-71.08512866063275,42.30638279937352
"25 NAZING STREET, Boston, MA",SAM,-71.0852187016278,42.30642072418587
"30 NAZING STREET, Boston, MA",SAM,-71.08540413045162,42.306368984015414
"35 NAZING STREET, Boston, MA",SAM,-71.08545039160202,42.30652269045775
"36 NAZING STREET, Boston, MA",SAM,-71.08554604056084,42.30643143835696
"39 NAZING STREET, Boston, MA",SAM,-71.08554306759173,42.3065634769665
"43 NAZING STREET, Boston, MA",SAM,-71.08563574358139,42.30660426347526
"47 NAZING STREET, Boston, MA",SAM,-71.08572841957108,42.30664504998402
"6 NAZING STREET, Boston, MA",SAM,-71.0848204970202,42.30613398064979
"9 NAZING STREET, Boston, MA",SAM,-71.08484210069204,42.30627172960212
"7 NEAL COURT, Boston, MA",SAM,,
"8 NEAL COURT, Boston, MA",SAM,,
"9 NEAL COURT, Boston, MA",SAM,,
"1 NEAREN ROW, Boston, MA",SAM,,
"6 NEAREN ROW, Boston, MA",SAM,-71.05924531371676,42.376604160172185
"10 NECCO STREET, Boston, MA",SAM,-71.05073172327009,42.34926007716965
"100 NEEDHAM ROAD, Boston, MA",SAM,-71.12320159185336,42.24253538000848
"103 NEEDHAM ROAD, Boston, MA",SAM,-71.12329357863908,42.24243509689378
"104 NEEDHAM ROAD, Boston, MA",SAM,-71.12315851705708,42.24249273380751
"107 NEEDHAM ROAD, Boston, MA",SAM,-71.12325093894175,42.24239288146247
"108 NEEDHAM ROAD, Boston, MA",SAM,-71.1231154422608,42.242450087606485
"111 NEEDHAM ROAD, Boston, MA",SAM,-71.12320829924445,42.242350666031165
"112 NEEDHAM ROAD, Boston, MA",SAM,-71.12307236746456,42.24240744140548
"115 NEEDHAM ROAD, Boston, MA",SAM,-71.12316565954713,42.242308450599864
"116 NEEDHAM ROAD, Boston, MA",SAM,-71.12302929266828,42.24236479520449
"119 NEEDHAM ROAD, Boston, MA",SAM,-71.12312301984981,42.24226623516857
"120 NEEDHAM ROAD, Boston, MA",SAM,-71.12298621787203,42.24232214900346
"123 NEEDHAM ROAD, Boston, MA",SAM,-71.12308038015252,42.24222401973728
"124 NEEDHAM ROAD, Boston, MA",SAM,-71.12294314307576,42.242279502802475
"127 NEEDHAM ROAD, Boston, MA",SAM,-71.12303774045519,42.242181804305986
"128 NEEDHAM ROAD, Boston, MA",SAM,-71.12290006827948,42.24223685660145
"84 NEEDHAM ROAD, Boston, MA",SAM,-71.12337389103841,42.24270596481252
"88 NEEDHAM ROAD, Boston, MA",SAM,-71.12333081624213,42.242663318611505
"92 NEEDHAM ROAD, Boston, MA",SAM,-71.12328774144586,42.24262067241052
"96 NEEDHAM ROAD, Boston, MA",SAM,-71.1232446666496,42.24257802620951
"10 NEILLIAN CRESCENT, Boston, MA",SAM,-71.12975986227704,42.310559512840214
"11 NEILLIAN CRESCENT, Boston, MA",SAM,-71.12958845596742,42.31059952403476
"14 NEILLIAN CRESCENT, Boston, MA",SAM,-71.12993053118645,42.31054071614237
"17 NEILLIAN CRESCENT, Boston, MA",SAM,-71.12996466835095,42.31067136366196
"21 NEILLIAN CRESCENT, Boston, MA",SAM,-71.130140474202,42.31055017173308
"24 NEILLIAN CRESCENT, Boston, MA",SAM,-71.13027435607913,42.310110097042816
"25 NEILLIAN CRESCENT, Boston, MA",SAM,-71.13029724433399,42.31043325840825
"29 NEILLIAN CRESCENT, Boston, MA",SAM,-71.1304473665418,42.3102601542221
"30 NEILLIAN CRESCENT, Boston, MA",SAM,-71.13019477208967,42.31001458362413
"33 NEILLIAN CRESCENT, Boston, MA",SAM,-71.13042533244432,42.31008429530425
"36 NEILLIAN CRESCENT, Boston, MA",SAM,-71.13015861384812,42.30998425735022
"37 NEILLIAN CRESCENT, Boston, MA",SAM,-71.13032154541405,42.30994764291079
"41 NEILLIAN CRESCENT, Boston, MA",SAM,-71.13029442673289,42.30992489820536
"7 NEILLIAN CRESCENT, Boston, MA",SAM,-71.12943229056356,42.3105093601919
"12 NELSON STREET, Boston, MA",SAM,-71.08300621648031,42.28311323401684
"14 NELSON STREET, Boston, MA",SAM,-71.08296990345565,42.28305029142463
"15 NELSON STREET, Boston, MA",SAM,-71.08306449178217,42.28292233760761
"18 NELSON STREET, Boston, MA",SAM,-71.08289727740635,42.282924406240184
"19 NELSON STREET, Boston, MA",SAM,-71.0829885645488,42.28279073036933
"21 NELSON STREET, Boston, MA",SAM,-71.0829506009321,42.28272492675019
"22 NELSON STREET, Boston, MA",SAM,-71.08282465135702,42.28279852105575
"25 NELSON STREET, Boston, MA",SAM,-71.08287467369871,42.28259331951193
"29 NELSON STREET, Boston, MA",SAM,-71.08279874646533,42.282461712273644
"30 NELSON STREET, Boston, MA",SAM,-71.08267939925837,42.282546750686876
"36 NELSON STREET, Boston, MA",SAM,-71.0825704601844,42.282357922910236
"38 NELSON STREET, Boston, MA",SAM,-71.08253373240203,42.282296979453385
"4 NELSON STREET, Boston, MA",SAM,-71.08313241886454,42.283363036886456
"47 NELSON STREET, Boston, MA",SAM,-71.0824189762303,42.28183537766372
"50 NELSON STREET, Boston, MA",SAM,-71.0822760811855,42.28187958683263
"52 NELSON STREET, Boston, MA",SAM,-71.0822178321665,42.28177653084933
"56 NELSON STREET, Boston, MA",SAM,-71.0821013341285,42.28157041888271
"60 NELSON STREET, Boston, MA",SAM,-71.0819848360905,42.28136430691611
"61 NELSON STREET, Boston, MA",SAM,-71.08219245226752,42.28143460439533
"63 NELSON STREET, Boston, MA",SAM,-71.08216009170141,42.28137735107127
"67 NELSON STREET, Boston, MA",SAM,-71.0820627186257,42.28121289752653
"69 NELSON STREET, Boston, MA",SAM,-71.08203990690222,42.28117772944414
"7 NELSON STREET, Boston, MA",SAM,-71.08321634624892,42.283185552084134
"73 NELSON STREET, Boston, MA",SAM,-71.0819942834553,42.281107393279385
"75 NELSON STREET, Boston, MA",SAM,-71.08197147173185,42.28107222519699
"76 NELSON STREET, Boston, MA",SAM,-71.08178114198925,42.281043652967774
"79 NELSON STREET, Boston, MA",SAM,-71.08192584828491,42.28100188903224
"8 NELSON STREET, Boston, MA",SAM,-71.08307884252962,42.28323911920128
"82 NELSON STREET, Boston, MA",SAM,-71.08172031072668,42.280949871414755
"9 NELSON STREET, Boston, MA",SAM,-71.08317838263224,42.28311974846502
"100 NEPONSET AVENUE, Boston, MA",SAM,-71.11720785958617,42.24701948201817
"102 NEPONSET AVENUE, Boston, MA",SAM,-71.11717375774593,42.246986556096
"103 NEPONSET AVENUE, Boston, MA",SAM,-71.11724293905878,42.24686501621626
"104 NEPONSET AVENUE, Boston, MA",SAM,-71.11713965590569,42.246953630173834
"108 NEPONSET AVENUE, Boston, MA",SAM,-71.11707072332653,42.24688697565571
"109 NEPONSET AVENUE, Boston, MA",SAM,-71.11714594228177,42.24676959656717
"11 NEPONSET AVENUE, Boston, MA",SAM,-71.12073693862115,42.25026442391268
"115 NEPONSET AVENUE, Boston, MA",SAM,-71.11704918189581,42.24667283615921
"119 NEPONSET AVENUE, Boston, MA",SAM,-71.11698467497182,42.24660832922059
"12 NEPONSET AVENUE, Boston, MA",SAM,-71.12057972892495,42.25030008784755
"120 NEPONSET AVENUE, Boston, MA",SAM,-71.11687064252844,42.24668689481214
"124 NEPONSET AVENUE, Boston, MA",SAM,-71.11680394892906,42.24662020119762
"128 NEPONSET AVENUE, Boston, MA",SAM,-71.1167372553297,42.246553507583094
"15 NEPONSET AVENUE, Boston, MA",SAM,-71.12057786066636,42.25010663923877
"16 NEPONSET AVENUE, Boston, MA",SAM,-71.12040786100708,42.250129621376516
"17 NEPONSET AVENUE, Boston, MA",SAM,-71.12049739466758,42.25002753729855
"18 NEPONSET AVENUE, Boston, MA",SAM,-71.12032052931055,42.25004480538868
"19 NEPONSET AVENUE, Boston, MA",SAM,-71.12041678079389,42.249949245617444
"20 NEPONSET AVENUE, Boston, MA",SAM,-71.12023319761404,42.24995998940084
"21 NEPONSET AVENUE, Boston, MA",SAM,-71.12033616692015,42.24987095393635
"22 NEPONSET AVENUE, Boston, MA",SAM,-71.12014586591752,42.24987517341298
"23 NEPONSET AVENUE, Boston, MA",SAM,-71.12025555304646,42.24979266225529
"25 NEPONSET AVENUE, Boston, MA",SAM,-71.12017493917276,42.24971437057417
"26 NEPONSET AVENUE, Boston, MA",SAM,-71.11997120252447,42.2497055414373
"27 NEPONSET AVENUE, Boston, MA",SAM,-71.12009432529905,42.249636078893076
"3 NEPONSET AVENUE, Boston, MA",SAM,-71.12105509453072,42.250579993260494
"33 NEPONSET AVENUE, Boston, MA",SAM,-71.11985248367792,42.24940120384983
"34 NEPONSET AVENUE, Boston, MA",SAM,-71.11962187573842,42.2493662774859
"36 NEPONSET AVENUE, Boston, MA",SAM,-71.1195345440419,42.24928146149807
"39 NEPONSET AVENUE, Boston, MA",SAM,-71.1196106420568,42.249166328806545
"4 NEPONSET AVENUE, Boston, MA",SAM,-71.120924397827,42.25064195464101
"40 NEPONSET AVENUE, Boston, MA",SAM,-71.11935988064887,42.24911182952237
"41 NEPONSET AVENUE, Boston, MA",SAM,-71.11953002818309,42.24908803712548
"42 NEPONSET AVENUE, Boston, MA",SAM,-71.11927273215909,42.24902555214476
"47 NEPONSET AVENUE, Boston, MA",SAM,-71.1192928352128,42.24885195206375
"5 NEPONSET AVENUE, Boston, MA",SAM,-71.12097555555333,42.25050110092356
"50 NEPONSET AVENUE, Boston, MA",SAM,-71.11893219393298,42.24868142922745
"53 NEPONSET AVENUE, Boston, MA",SAM,-71.11905707797935,42.24861371312099
"54 NEPONSET AVENUE, Boston, MA",SAM,-71.11874367440217,42.24850761348242
"55 NEPONSET AVENUE, Boston, MA",SAM,-71.11895919423402,42.248520680835256
"56 NEPONSET AVENUE, Boston, MA",SAM,-71.11864888145058,42.24841790040814
"57 NEPONSET AVENUE, Boston, MA",SAM,-71.11883604264911,42.24841031987343
"58 NEPONSET AVENUE, Boston, MA",SAM,-71.1185570643148,42.2483291782119
"59 NEPONSET AVENUE, Boston, MA",SAM,-71.11871668037261,42.24829498101836
"61 NEPONSET AVENUE, Boston, MA",SAM,-71.11859731809609,42.24817964216326
"62 NEPONSET AVENUE, Boston, MA",SAM,-71.11837343004325,42.24815173381944
"63 NEPONSET AVENUE, Boston, MA",SAM,-71.11847795581957,42.248064303308155
"65 NEPONSET AVENUE, Boston, MA",SAM,-71.1183610971636,42.2479487503801
"66 NEPONSET AVENUE, Boston, MA",SAM,-71.1181917596957,42.24797201363416
"67 NEPONSET AVENUE, Boston, MA",SAM,-71.1182443184537,42.24783197164364
"68 NEPONSET AVENUE, Boston, MA",SAM,-71.11810192991886,42.247882183836886
"69 NEPONSET AVENUE, Boston, MA",SAM,-71.11812532439113,42.24771505001825
"7 NEPONSET AVENUE, Boston, MA",SAM,-71.12089601657593,42.25042220858658
"70 NEPONSET AVENUE, Boston, MA",SAM,-71.1180119121242,42.24779384085854
"71 NEPONSET AVENUE, Boston, MA",SAM,-71.1180055327545,42.24759995606683
"72 NEPONSET AVENUE, Boston, MA",SAM,-71.1179197647114,42.247705307049756
"74 NEPONSET AVENUE, Boston, MA",SAM,-71.11782761729863,42.24761677324096
"75 NEPONSET AVENUE, Boston, MA",SAM,-71.11776594948124,42.24736976816397
"76 NEPONSET AVENUE, Boston, MA",SAM,-71.11773546988583,42.24752823943218
"79 NEPONSET AVENUE, Boston, MA",SAM,-71.11763874402419,42.24724717282107
"8 NEPONSET AVENUE, Boston, MA",SAM,-71.12075206337597,42.250471021244294
"83 NEPONSET AVENUE, Boston, MA",SAM,-71.11757277652997,42.2471834800536
"87 NEPONSET AVENUE, Boston, MA",SAM,-71.11750680903573,42.24711978728614
"9 NEPONSET AVENUE, Boston, MA",SAM,-71.12081647759854,42.250343316249634
"90 NEPONSET AVENUE, Boston, MA",SAM,-71.11737836878739,42.24718411162901
"91 NEPONSET AVENUE, Boston, MA",SAM,-71.11744084154148,42.247056094518676
"93 NEPONSET AVENUE, Boston, MA",SAM,-71.11740785779438,42.24702424813493
"94 NEPONSET AVENUE, Boston, MA",SAM,-71.1173101651069,42.247118259784656
"95 NEPONSET AVENUE, Boston, MA",SAM,-71.11737487404726,42.246992401751186
"96 NEPONSET AVENUE, Boston, MA",SAM,-71.11727606326664,42.24708533386251
"98 NEPONSET AVENUE, Boston, MA",SAM,-71.11724196142642,42.24705240794033
"99 NEPONSET AVENUE, Boston, MA",SAM,-71.117308906553,42.24692870898373
"112 NEPONSET AVENUE, Boston, MA",SAM,-71.11700402972717,42.24682028204118
"116 NEPONSET AVENUE, Boston, MA",SAM,-71.11693733612782,42.24675358842667
"28 NEPONSET AVENUE, Boston, MA",SAM,-71.11988387082798,42.24962072544945
"46 NEPONSET AVENUE, Boston, MA",SAM,-71.11910246304603,42.24885349068611
"52 NEPONSET AVENUE, Boston, MA",SAM,-71.1188399185092,42.248593726650185
"84 NEPONSET AVENUE, Boston, MA",SAM,-71.11748067430808,42.24728288939551
"86 NEPONSET AVENUE, Boston, MA",SAM,-71.11744657246784,42.24724996347332
"92 NEPONSET AVENUE, Boston, MA",SAM,-71.11734426694713,42.24715118570683
"105 NEPONSET AVENUE, Boston, MA",SAM,-71.11720995531168,42.24683316983253
"107 NEPONSET AVENUE, Boston, MA",SAM,-71.11717819574376,42.2468018500365
"111 NEPONSET AVENUE, Boston, MA",SAM,-71.11711368881979,42.24673734309786
"114 NEPONSET AVENUE, Boston, MA",SAM,-71.11697068292749,42.24678693523393
"117 NEPONSET AVENUE, Boston, MA",SAM,-71.1170169284338,42.2466405826899
"122 NEPONSET AVENUE, Boston, MA",SAM,-71.11683729572876,42.24665354800488
"125 NEPONSET AVENUE, Boston, MA",SAM,-71.11688791458586,42.24651156881263
"126 NEPONSET AVENUE, Boston, MA",SAM,-71.11677060212938,42.24658685439036
"129 NEPONSET AVENUE, Boston, MA",SAM,-71.11682340766188,42.24644706187401
"135 NEPONSET AVENUE, Boston, MA",SAM,-71.11672664727591,42.246350301466066
"145 NEPONSET AVENUE, Boston, MA",SAM,-71.11656537996598,42.24618903411947
"147 NEPONSET AVENUE, Boston, MA",SAM,-71.11653312650398,42.24615678065016
"151 NEPONSET AVENUE, Boston, MA",SAM,-71.11646861958,42.24609227371151
"152 NEPONSET AVENUE, Boston, MA",SAM,-71.1163370937335,42.24615334589598
"156 NEPONSET AVENUE, Boston, MA",SAM,-71.11627040013413,42.246086652281456
"158 NEPONSET AVENUE, Boston, MA",SAM,-71.11623705333444,42.24605330547421
"160 NEPONSET AVENUE, Boston, MA",SAM,-71.11620330630763,42.24601907667476
"162 NEPONSET AVENUE, Boston, MA",SAM,-71.11617066194228,42.2459853513625
"163 NEPONSET AVENUE, Boston, MA",SAM,-71.11627722608866,42.24589870426931
"166 NEPONSET AVENUE, Boston, MA",SAM,-71.1161053732116,42.24591790073794
"174 NEPONSET AVENUE, Boston, MA",SAM,-71.11597479575028,42.24578299948884
"182 NEPONSET AVENUE, Boston, MA",SAM,-71.11584421828896,42.24564809823974
"186 NEPONSET AVENUE, Boston, MA",SAM,-71.11577892955827,42.24558064761517
"187 NEPONSET AVENUE, Boston, MA",SAM,-71.11589833738937,42.2455072694973
"190 NEPONSET AVENUE, Boston, MA",SAM,-71.11571364082761,42.24551319699063
"191 NEPONSET AVENUE, Boston, MA",SAM,-71.11583518927281,42.24544203036865
"192 NEPONSET AVENUE, Boston, MA",SAM,-71.11568099646227,42.245479471678365
"193 NEPONSET AVENUE, Boston, MA",SAM,-71.11580361521453,42.245409410804314
"195 NEPONSET AVENUE, Boston, MA",SAM,-71.11577204115628,42.245376791239984
"197 NEPONSET AVENUE, Boston, MA",SAM,-71.115740467098,42.24534417167565
"199 NEPONSET AVENUE, Boston, MA",SAM,-71.11570889303972,42.2453115521113
"2 NEPONSET AVENUE, Boston, MA",SAM,-71.12101778016675,42.250727859179115
"201 NEPONSET AVENUE, Boston, MA",SAM,-71.0498682536921,42.291747222794704
"202 NEPONSET AVENUE, Boston, MA",SAM,-71.0498382968966,42.29192684959967
"204 NEPONSET AVENUE, Boston, MA",SAM,-71.04978776860736,42.29186760952265
"206 NEPONSET AVENUE, Boston, MA",SAM,-71.04973724031812,42.291808369445604
"208 NEPONSET AVENUE, Boston, MA",SAM,-71.04965528095603,42.29170930028533
"210 NEPONSET AVENUE, Boston, MA",SAM,-71.04960179008972,42.291642610358394
"212 NEPONSET AVENUE, Boston, MA",SAM,-71.04954829922343,42.29157592043145
"214 NEPONSET AVENUE, Boston, MA",SAM,-71.04949480835712,42.291509230504495
"215 NEPONSET AVENUE, Boston, MA",SAM,-71.04961020306796,42.2914285283185
"217 NEPONSET AVENUE, Boston, MA",SAM,-71.04958048591999,42.291391478359074
"218 NEPONSET AVENUE, Boston, MA",SAM,-71.04938782662451,42.2913758506506
"220 NEPONSET AVENUE, Boston, MA",SAM,-71.0493087516839,42.29127738821096
"222 NEPONSET AVENUE, Boston, MA",SAM,-71.04927597242978,42.29123662425718
"223 NEPONSET AVENUE, Boston, MA",SAM,-71.0494418871435,42.29121880585149
"236 NEPONSET AVENUE, Boston, MA",SAM,-71.04904651765115,42.29095127658072
"240 NEPONSET AVENUE, Boston, MA",SAM,-71.04898095914298,42.29086974867315
"241 NEPONSET AVENUE, Boston, MA",SAM,-71.0489747827727,42.29063791951012
"242 NEPONSET AVENUE, Boston, MA",SAM,-71.04894817988887,42.290828984719376
"243 NEPONSET AVENUE, Boston, MA",SAM,-71.04892288228707,42.290573376583296
"244 NEPONSET AVENUE, Boston, MA",SAM,-71.0489154006348,42.29078822076561
"248 NEPONSET AVENUE, Boston, MA",SAM,-71.04884984212659,42.290706692858045
"265 NEPONSET AVENUE, Boston, MA",SAM,-71.04821858438137,42.289695520316236
"272 NEPONSET AVENUE, Boston, MA",SAM,-71.04802372284317,42.289673715352045
"273 NEPONSET AVENUE, Boston, MA",SAM,-71.04810921827703,42.28955301293432
"278 NEPONSET AVENUE, Boston, MA",SAM,-71.04788428106016,42.28949201844009
"280 NEPONSET AVENUE, Boston, MA",SAM,-71.0478378004658,42.28943145280279
"281 NEPONSET AVENUE, Boston, MA",SAM,-71.04799985217271,42.28941050555241
"285 NEPONSET AVENUE, Boston, MA",SAM,-71.0477702862476,42.28914027851475
"286 NEPONSET AVENUE, Boston, MA",SAM,-71.04774651213873,42.28932517698617
"29 NEPONSET AVENUE, Boston, MA",SAM,-71.12001371142534,42.249557787212005
"296 NEPONSET AVENUE, Boston, MA",SAM,-71.04763539433776,42.28919661363446
"298 NEPONSET AVENUE, Boston, MA",SAM,-71.04758283660954,42.28912774487075
"301 NEPONSET AVENUE, Boston, MA",SAM,-71.04745493987828,42.28872706593253
"321 NEPONSET AVENUE, Boston, MA",SAM,-71.04697892014681,42.28814826613139
"327 NEPONSET AVENUE, Boston, MA",SAM,-71.04681234518229,42.28794044989858
"333 NEPONSET AVENUE, Boston, MA",SAM,-71.04668085744758,42.287774739289745
"337 NEPONSET AVENUE, Boston, MA",SAM,-71.04659091226766,42.28766309951953
"35 NEPONSET AVENUE, Boston, MA",SAM,-71.11977186980421,42.24932291216873
"353 NEPONSET AVENUE, Boston, MA",SAM,-71.04614660789431,42.28725451740747
"357 NEPONSET AVENUE, Boston, MA",SAM,-71.04600231458494,42.28716893370464
"361 NEPONSET AVENUE, Boston, MA",SAM,-71.0458580612142,42.28709807238332
"362 NEPONSET AVENUE, Boston, MA",SAM,-71.04532420922686,42.28700999132482
"364 NEPONSET AVENUE, Boston, MA",SAM,-71.04518760842342,42.28695461477734
"365 NEPONSET AVENUE, Boston, MA",SAM,-71.04570252073654,42.28703104652775
"367 NEPONSET AVENUE, Boston, MA",SAM,-71.04562636128404,42.28700058273944
"372 NEPONSET AVENUE, Boston, MA",SAM,-71.04495524826251,42.286859158688415
"373 NEPONSET AVENUE, Boston, MA",SAM,-71.04539788292652,42.28690919137446
"378 NEPONSET AVENUE, Boston, MA",SAM,-71.04478097814182,42.28678756662171
"38 NEPONSET AVENUE, Boston, MA",SAM,-71.11944721234539,42.24919664551022
"380 NEPONSET AVENUE, Boston, MA",SAM,-71.04472288810162,42.28676370259949
"384 NEPONSET AVENUE, Boston, MA",SAM,-71.04460670802116,42.286715974555015
"389 NEPONSET AVENUE, Boston, MA",SAM,-71.04485617799955,42.28668738556878
"398 NEPONSET AVENUE, Boston, MA",SAM,-71.04417744720891,42.28653376735875
"400 NEPONSET AVENUE, Boston, MA",SAM,-71.04404401774923,42.286476022571335
"413 NEPONSET AVENUE, Boston, MA",SAM,-71.04375286473919,42.286213367867866
"465 NEPONSET AVENUE, Boston, MA",SAM,,
"469 NEPONSET AVENUE, Boston, MA",SAM,,
"475 NEPONSET AVENUE, Boston, MA",SAM,,
"478 NEPONSET AVENUE, Boston, MA",SAM,-71.04124843094009,42.285412589631996
"482 NEPONSET AVENUE, Boston, MA",SAM,-71.04112299797556,42.28534135608045
"77 NEPONSET AVENUE, Boston, MA",SAM,-71.11767172777131,42.247279019204825
"85 NEPONSET AVENUE, Boston, MA",SAM,-71.11753979278285,42.24715163366987
"10 NEPONSET COURT, Boston, MA",SAM,-71.11494484372288,42.28689584591156
"12 NEPONSET COURT, Boston, MA",SAM,-71.11494484372336,42.2868875457339
"14 NEPONSET COURT, Boston, MA",SAM,-71.11494484372385,42.28687924555625
"3 NEPONSET COURT, Boston, MA",SAM,-71.11478994656852,42.28653876887645
"5 NEPONSET COURT, Boston, MA",SAM,-71.11478994656805,42.28654689966271
"9 NEPONSET COURT, Boston, MA",SAM,-71.11478994656711,42.28656316123524
"209 NEPONSET VALLEY PARKWAY, Boston, MA",SAM,-71.13100905608702,42.23690306749893
"131 NEPONSET VALLEY PARKWAY, Boston, MA",SAM,-71.13135350249468,42.236995725622066
"140 NEPONSET VALLEY PARKWAY, Boston, MA",SAM,-71.13274798102944,42.24175412081545
"153 NEPONSET VALLEY PARKWAY, Boston, MA",SAM,-71.13266533973403,42.24224950808269
"157 NEPONSET VALLEY PARKWAY, Boston, MA",SAM,-71.13285897334012,42.24186224086834
"161 NEPONSET VALLEY PARKWAY, Boston, MA",SAM,-71.1330526069462,42.241474973653986
"165 NEPONSET VALLEY PARKWAY, Boston, MA",SAM,-71.13312913535928,42.24131543720589
"169 NEPONSET VALLEY PARKWAY, Boston, MA",SAM,-71.13317661457492,42.24121425199237
"173 NEPONSET VALLEY PARKWAY, Boston, MA",SAM,-71.13322409379053,42.241113066778844
"201 NEPONSET VALLEY PARKWAY, Boston, MA",SAM,-71.13150112238365,42.23703543624625
"202 NEPONSET VALLEY PARKWAY, Boston, MA",SAM,-71.13119105038417,42.23707394579242
"212 NEPONSET VALLEY PARKWAY, Boston, MA",SAM,-71.13073336414902,42.23695295119168
"219 NEPONSET VALLEY PARKWAY, Boston, MA",SAM,-71.13054925776375,42.236784829417324
"222 NEPONSET VALLEY PARKWAY, Boston, MA",SAM,-71.12999961904156,42.236750632485005
"223 NEPONSET VALLEY PARKWAY, Boston, MA",SAM,-71.13005622108426,42.23664397887151
"224 NEPONSET VALLEY PARKWAY, Boston, MA",SAM,-71.12985489432832,42.23670756135031
"225 NEPONSET VALLEY PARKWAY, Boston, MA",SAM,-71.12991374013019,42.23660157546608
"228 NEPONSET VALLEY PARKWAY, Boston, MA",SAM,-71.12964829265853,42.23664525827125
"229 NEPONSET VALLEY PARKWAY, Boston, MA",SAM,-71.12970579894329,42.23653887025766
"232 NEPONSET VALLEY PARKWAY, Boston, MA",SAM,-71.12935564014872,42.23655854639377
"234 NEPONSET VALLEY PARKWAY, Boston, MA",SAM,-71.12920931389382,42.236515190455016
"235 NEPONSET VALLEY PARKWAY, Boston, MA",SAM,-71.12945495393491,42.236464545791236
"236 NEPONSET VALLEY PARKWAY, Boston, MA",SAM,-71.12906298763893,42.23647183451628
"239 NEPONSET VALLEY PARKWAY, Boston, MA",SAM,-71.12928772392931,42.23641499614694
"240 NEPONSET VALLEY PARKWAY, Boston, MA",SAM,-71.12863662161243,42.2363454029185
"244 NEPONSET VALLEY PARKWAY, Boston, MA",SAM,-71.1284885094767,42.23630608789458
"248 NEPONSET VALLEY PARKWAY, Boston, MA",SAM,-71.12826920123479,42.2362512202285
"251 NEPONSET VALLEY PARKWAY, Boston, MA",SAM,-71.12830533787327,42.23613979601927
"252 NEPONSET VALLEY PARKWAY, Boston, MA",SAM,-71.12817939637438,42.23623525491477
"255 NEPONSET VALLEY PARKWAY, Boston, MA",SAM,-71.12827914478899,42.23613513946945
"259 NEPONSET VALLEY PARKWAY, Boston, MA",SAM,-71.12825295170471,42.2361304829196
"264 NEPONSET VALLEY PARKWAY, Boston, MA",SAM,-71.12780925725221,42.23618680599566
"265 NEPONSET VALLEY PARKWAY, Boston, MA",SAM,-71.1282136620783,42.236123498094834
"270 NEPONSET VALLEY PARKWAY, Boston, MA",SAM,-71.12741684055794,42.23614971087453
"273 NEPONSET VALLEY PARKWAY, Boston, MA",SAM,-71.12816127590972,42.23611418499517
"276 NEPONSET VALLEY PARKWAY, Boston, MA",SAM,-71.12705295065183,42.23607339333304
"277 NEPONSET VALLEY PARKWAY, Boston, MA",SAM,-71.12813508282544,42.23610952844531
"280 NEPONSET VALLEY PARKWAY, Boston, MA",SAM,-71.12687167133238,42.23602101090666
"284 NEPONSET VALLEY PARKWAY, Boston, MA",SAM,-71.12670379905398,42.235963997665756
"290 NEPONSET VALLEY PARKWAY, Boston, MA",SAM,-71.12639461053178,42.23587093776479
"294 NEPONSET VALLEY PARKWAY, Boston, MA",SAM,-71.12612039738572,42.23578629547807
"298 NEPONSET VALLEY PARKWAY, Boston, MA",SAM,-71.12593905622391,42.23571959526424
"302 NEPONSET VALLEY PARKWAY, Boston, MA",SAM,-71.12576018977884,42.23565411886803
"312 NEPONSET VALLEY PARKWAY, Boston, MA",SAM,-71.12557826919524,42.235583915547416
"58 NEPONSET VALLEY PARKWAY, Boston, MA",SAM,-71.13261992847647,42.24368196869467
"10 NEPTUNE CIRCLE, Boston, MA",SAM,-71.01931414776618,42.38116149144591
"14 NEPTUNE CIRCLE, Boston, MA",SAM,-71.01926227563605,42.38107273244493
"18 NEPTUNE CIRCLE, Boston, MA",SAM,-71.01921040350591,42.380983973443946
"22 NEPTUNE CIRCLE, Boston, MA",SAM,-71.0191585313758,42.38089521444296
"26 NEPTUNE CIRCLE, Boston, MA",SAM,-71.01910665924565,42.380806455441984
"30 NEPTUNE CIRCLE, Boston, MA",SAM,-71.01905478711551,42.38071769644099
"33 NEPTUNE CIRCLE, Boston, MA",SAM,-71.01887146863257,42.38068478845411
"34 NEPTUNE CIRCLE, Boston, MA",SAM,-71.01897461126279,42.380605979301954
"6 NEPTUNE CIRCLE, Boston, MA",SAM,-71.01936601989632,42.38125025044689
"7 NEPTUNE CIRCLE, Boston, MA",SAM,-71.01919924526581,42.381254005023415
"9 NEPTUNE CIRCLE, Boston, MA",SAM,-71.0191738385082,42.38121053122701
"2 NEPTUNE ROAD, Boston, MA",SAM,-71.02601853075217,42.38041611626315
"53 NEPTUNE ROAD, Boston, MA",SAM,-71.02280296332536,42.378292109446164
"55 NEPTUNE ROAD, Boston, MA",SAM,-71.02279172243813,42.37828400126336
"57 NEPTUNE ROAD, Boston, MA",SAM,-71.0227804815509,42.37827589308059
"63 NEPTUNE ROAD, Boston, MA",SAM,-71.02274675888918,42.378251568532264
"65 NEPTUNE ROAD, Boston, MA",SAM,-71.02273551800194,42.37824346034949
"67 NEPTUNE ROAD, Boston, MA",SAM,-71.0227242771147,42.37823535216669
"69 NEPTUNE ROAD, Boston, MA",SAM,-71.02271303622747,42.378227243983936
"10 NEVADA STREET, Boston, MA",SAM,-71.07255775480665,42.27883258098596
"25 NEVADA STREET, Boston, MA",SAM,-71.0728052243254,42.28004080660302
"29 NEVADA STREET, Boston, MA",SAM,-71.07283093248772,42.280129356970484
"35 NEVADA STREET, Boston, MA",SAM,-71.07287979682857,42.28027470955844
"8 NEVADA STREET, Boston, MA",SAM,-71.0725534129895,42.27882026600982
"11 NEVINS STREET, Boston, MA",SAM,-71.14700228505525,42.34879631515678
"45 NEVINS STREET, Boston, MA",SAM,-71.14704020935429,42.348724573835355
"40 NEW STREET, Boston, MA",SAM,-71.04365545429171,42.37110085573837
"6 NEW STREET, Boston, MA",SAM,-71.04388808434653,42.37081643475464
"14 NEW BEDFORD STREET, Boston, MA",SAM,-71.11102158393163,42.256312129384945
"15 NEW BEDFORD STREET, Boston, MA",SAM,-71.11112625451308,42.25622503843694
"20 NEW BEDFORD STREET, Boston, MA",SAM,-71.11095973279724,42.256253101318016
"26 NEW BEDFORD STREET, Boston, MA",SAM,-71.11089788166284,42.25619407325107
"29 NEW BEDFORD STREET, Boston, MA",SAM,-71.11098488049157,42.25609011714108
"3 NEW BEDFORD STREET, Boston, MA",SAM,-71.11124743224576,42.25634068526191
"32 NEW BEDFORD STREET, Boston, MA",SAM,-71.11083603052845,42.25613504518416
"35 NEW BEDFORD STREET, Boston, MA",SAM,-71.11092429162524,42.25603229372858
"36 NEW BEDFORD STREET, Boston, MA",SAM,-71.11079479643882,42.25609569313955
"39 NEW BEDFORD STREET, Boston, MA",SAM,-71.11088389904766,42.25599374478691
"7 NEW BEDFORD STREET, Boston, MA",SAM,-71.1112070396682,42.25630213632025
"15 NEW CHARDON STREET, Boston, MA",SAM,-71.0624908563043,42.361899262459936
"24 NEW CHARDON STREET, Boston, MA",SAM,-71.06147810740624,42.362615920069935
"31 NEW CHARDON STREET, Boston, MA",SAM,-71.06153136806294,42.36247592665548
"14 NEW ENGLAND AVENUE, Boston, MA",SAM,-71.07724089642748,42.291554785184175
"161 NEW ENGLAND AVENUE, Boston, MA",SAM,-71.0778465317347,42.29104199021629
"180 NEW ENGLAND AVENUE, Boston, MA",SAM,-71.07806413975415,42.28882826741589
"200 NEW ENGLAND AVENUE, Boston, MA",SAM,-71.07802270189184,42.28869566621233
"23 NEW ENGLAND AVENUE, Boston, MA",SAM,-71.07736341631941,42.29162622283579
"9 NEW ENGLAND AVENUE, Boston, MA",SAM,-71.07731440461062,42.291685492811666
"10 NEW HAVEN STREET, Boston, MA",SAM,-71.16567739074321,42.26858418390796
"101 NEW HAVEN STREET, Boston, MA",SAM,-71.16640306861501,42.26542287787031
"105 NEW HAVEN STREET, Boston, MA",SAM,-71.1664260453048,42.26533932627791
"106 NEW HAVEN STREET, Boston, MA",SAM,-71.16621884375846,42.26561497358635
"109 NEW HAVEN STREET, Boston, MA",SAM,-71.16645665253328,42.26526471170584
"11 NEW HAVEN STREET, Boston, MA",SAM,-71.16591063669075,42.268220153096706
"110 NEW HAVEN STREET, Boston, MA",SAM,-71.16622679050327,42.26550403217833
"111 NEW HAVEN STREET, Boston, MA",SAM,-71.16647509116899,42.26522432231351
"113 NEW HAVEN STREET, Boston, MA",SAM,-71.16649352980468,42.26518393292117
"114 NEW HAVEN STREET, Boston, MA",SAM,-71.16625133330867,42.26540002580186
"115 NEW HAVEN STREET, Boston, MA",SAM,-71.1665119684404,42.265143543528836
"118 NEW HAVEN STREET, Boston, MA",SAM,-71.16627813944675,42.265302548944085
"119 NEW HAVEN STREET, Boston, MA",SAM,-71.16654663910379,42.26505961499534
"120 NEW HAVEN STREET, Boston, MA",SAM,-71.16630073393311,42.26524822904147
"122 NEW HAVEN STREET, Boston, MA",SAM,-71.16632224567476,42.26520110808372
"123 NEW HAVEN STREET, Boston, MA",SAM,-71.1665786867047,42.264977715572684
"124 NEW HAVEN STREET, Boston, MA",SAM,-71.16634375741644,42.26515398712603
"126 NEW HAVEN STREET, Boston, MA",SAM,-71.16636526915809,42.265106866168296
"127 NEW HAVEN STREET, Boston, MA",SAM,-71.16661094480207,42.26489003064348
"13 NEW HAVEN STREET, Boston, MA",SAM,-71.16594296897738,42.26808394923387
"135 NEW HAVEN STREET, Boston, MA",SAM,-71.16664680559394,42.264713157626694
"14 NEW HAVEN STREET, Boston, MA",SAM,-71.1657099487884,42.268429313228886
"15 NEW HAVEN STREET, Boston, MA",SAM,-71.16597737038799,42.267946343605495
"17 NEW HAVEN STREET, Boston, MA",SAM,-71.16601177179864,42.26780873797712
"18 NEW HAVEN STREET, Boston, MA",SAM,-71.16574250683365,42.2682744425498
"19 NEW HAVEN STREET, Boston, MA",SAM,-71.16604617320924,42.26767113234874
"2 NEW HAVEN STREET, Boston, MA",SAM,-71.16561227465277,42.268893925266106
"20 NEW HAVEN STREET, Boston, MA",SAM,-71.16575878585624,42.26819700721026
"21 NEW HAVEN STREET, Boston, MA",SAM,-71.16607795892045,42.26752863557361
"24 NEW HAVEN STREET, Boston, MA",SAM,-71.16579620484792,42.268041086517464
"27 NEW HAVEN STREET, Boston, MA",SAM,-71.1661228341826,42.267107623390565
"28 NEW HAVEN STREET, Boston, MA",SAM,-71.16583473442782,42.26788696821368
"3 NEW HAVEN STREET, Boston, MA",SAM,-71.16579435795782,42.26877326266485
"31 NEW HAVEN STREET, Boston, MA",SAM,-71.16614542895742,42.266882112927114
"32 NEW HAVEN STREET, Boston, MA",SAM,-71.16587326400771,42.26773284990992
"35 NEW HAVEN STREET, Boston, MA",SAM,-71.16619747622168,42.26680604384624
"36 NEW HAVEN STREET, Boston, MA",SAM,-71.16591179358761,42.26757873160614
"37 NEW HAVEN STREET, Boston, MA",SAM,-71.16622349985381,42.266768009305814
"39 NEW HAVEN STREET, Boston, MA",SAM,-71.16624871804746,42.266725364190826
"40 NEW HAVEN STREET, Boston, MA",SAM,-71.16593640457305,42.26742774171494
"51 NEW HAVEN STREET, Boston, MA",SAM,-71.1663834861539,42.26648026214407
"53 NEW HAVEN STREET, Boston, MA",SAM,-71.16639728329153,42.26643887073319
"54 NEW HAVEN STREET, Boston, MA",SAM,-71.16600727927867,42.26683034912534
"55 NEW HAVEN STREET, Boston, MA",SAM,-71.16641108042913,42.26639747932229
"56 NEW HAVEN STREET, Boston, MA",SAM,-71.16603764018282,42.266785975494834
"57 NEW HAVEN STREET, Boston, MA",SAM,-71.16642487756674,42.26635608791139
"59 NEW HAVEN STREET, Boston, MA",SAM,-71.16643867470437,42.266314696500494
"6 NEW HAVEN STREET, Boston, MA",SAM,-71.16564483269798,42.26873905458704
"62 NEW HAVEN STREET, Boston, MA",SAM,-71.16612105528569,42.26665455625602
"66 NEW HAVEN STREET, Boston, MA",SAM,-71.16617340954883,42.26656293629388
"67 NEW HAVEN STREET, Boston, MA",SAM,-71.16645059478692,42.2661327345835
"7 NEW HAVEN STREET, Boston, MA",SAM,-71.16585249732428,42.26849670788077
"70 NEW HAVEN STREET, Boston, MA",SAM,-71.166225763812,42.266471316331746
"74 NEW HAVEN STREET, Boston, MA",SAM,-71.16625613983364,42.26638383228523
"75 NEW HAVEN STREET, Boston, MA",SAM,-71.16642836030839,42.26595454141116
"80 NEW HAVEN STREET, Boston, MA",SAM,-71.16629009486586,42.26624941503791
"85 NEW HAVEN STREET, Boston, MA",SAM,-71.16639493082383,42.265742821234326
"86 NEW HAVEN STREET, Boston, MA",SAM,-71.16629684588908,42.26610898733234
"9 NEW HAVEN STREET, Boston, MA",SAM,-71.16588156700752,42.268358430488746
"97 NEW HAVEN STREET, Boston, MA",SAM,-71.16638274686065,42.265500437028855
"10 NEW PARK AVENUE, Boston, MA",SAM,-71.1449594850857,42.28314465655853
"3 NEW PARK AVENUE, Boston, MA",SAM,-71.14502269722838,42.28326606606557
"4 NEW PARK AVENUE, Boston, MA",SAM,-71.14490558023995,42.283191074622465
"6 NEW PARK AVENUE, Boston, MA",SAM,-71.14492354852186,42.28317560193448
"7 NEW PARK AVENUE, Boston, MA",SAM,-71.14505790039294,42.28323575222788
"15 SUDBURY STREET, Boston, MA",SAM,-71.05813256782432,42.36248963082059
"40 SUDBURY STREET, Boston, MA",SAM,-71.05801868043001,42.362651273998495
"50 SUDBURY STREET, Boston, MA",SAM,-71.05795334033901,42.36267410630205
"10 NEWACRE ROAD, Boston, MA",SAM,-71.1190987488687,42.24497747944562
"11 NEWACRE ROAD, Boston, MA",SAM,-71.11915898578623,42.24508767967403
"12 NEWACRE ROAD, Boston, MA",SAM,-71.11906096522746,42.24499891697363
"14 NEWACRE ROAD, Boston, MA",SAM,-71.11902318158623,42.245020354501605
"15 NEWACRE ROAD, Boston, MA",SAM,-71.1190849606932,42.24512967972883
"16 NEWACRE ROAD, Boston, MA",SAM,-71.118985397945,42.24504179202958
"3 NEWACRE ROAD, Boston, MA",SAM,-71.1193070359723,42.245003679564384
"7 NEWACRE ROAD, Boston, MA",SAM,-71.11923301087926,42.24504567961924
"11 NEWBERN STREET, Boston, MA",SAM,-71.11011516715259,42.309424350234764
"12 NEWBERN STREET, Boston, MA",SAM,-71.10995852569823,42.30936479823152
"14 NEWBERN STREET, Boston, MA",SAM,-71.10994538039037,42.30925909182293
"18 NEWBERN STREET, Boston, MA",SAM,-71.10993095165597,42.309194162491735
"24 NEWBERN STREET, Boston, MA",SAM,-71.10990930855436,42.30909676849495
"28 NEWBERN STREET, Boston, MA",SAM,-71.10989487981996,42.30903183916379
"30 NEWBERN STREET, Boston, MA",SAM,-71.10988766545276,42.30899937449819
"32 NEWBERN STREET, Boston, MA",SAM,-71.10988254628823,42.308961761690824
"36 NEWBERN STREET, Boston, MA",SAM,-71.10987571234553,42.308896155795196
"38 NEWBERN STREET, Boston, MA",SAM,-71.1098722953742,42.308863352847396
"40 NEWBERN STREET, Boston, MA",SAM,-71.10986887840286,42.308830549899575
"42 NEWBERN STREET, Boston, MA",SAM,-71.10986546143151,42.30879774695175
"43 NEWBERN STREET, Boston, MA",SAM,-71.1100199562571,42.30878894561177
"44 NEWBERN STREET, Boston, MA",SAM,-71.10986326308749,42.30875609696039
"48 NEWBERN STREET, Boston, MA",SAM,-71.10987016854288,42.308690495161414
"9 NEWBERN STREET, Boston, MA",SAM,-71.1101168867446,42.3094862556852
"10 NEWBURG STREET, Boston, MA",SAM,-71.13837157010823,42.285888241817986
"100 NEWBURG STREET, Boston, MA",SAM,-71.14104560544565,42.28361309731014
"105 NEWBURG STREET, Boston, MA",SAM,-71.14173428353747,42.28320290915051
"106 NEWBURG STREET, Boston, MA",SAM,-71.14120542294084,42.28347477572839
"110 NEWBURG STREET, Boston, MA",SAM,-71.14136130270921,42.28334146216961
"118 NEWBURG STREET, Boston, MA",SAM,-71.14170910547949,42.283051170078835
"122 NEWBURG STREET, Boston, MA",SAM,-71.14188203925005,42.282906797945515
"126 NEWBURG STREET, Boston, MA",SAM,-71.14205230109783,42.282759309968036
"127 NEWBURG STREET, Boston, MA",SAM,-71.14243287507799,42.28260608593625
"130 NEWBURG STREET, Boston, MA",SAM,-71.14222256294559,42.28261182199054
"131 NEWBURG STREET, Boston, MA",SAM,-71.14255872079156,42.282497073083334
"134 NEWBURG STREET, Boston, MA",SAM,-71.14239282479335,42.28246433401306
"135 NEWBURG STREET, Boston, MA",SAM,-71.14268456650511,42.28238806023042
"139 NEWBURG STREET, Boston, MA",SAM,-71.1428136844419,42.28228483980867
"14 NEWBURG STREET, Boston, MA",SAM,-71.13849981549514,42.28578064610655
"140 NEWBURG STREET, Boston, MA",SAM,-71.14265395916635,42.282243283288125
"143 NEWBURG STREET, Boston, MA",SAM,-71.14294632849024,42.28218033237127
"144 NEWBURG STREET, Boston, MA",SAM,-71.14283341876114,42.28210189087283
"15 NEWBURG STREET, Boston, MA",SAM,-71.1387191490442,42.28576988979166
"151 NEWBURG STREET, Boston, MA",SAM,-71.14317222673675,42.2819974468928
"155 NEWBURG STREET, Boston, MA",SAM,-71.14325253891208,42.28193078193874
"156 NEWBURG STREET, Boston, MA",SAM,-71.14314311985328,42.281849237539504
"159 NEWBURG STREET, Boston, MA",SAM,-71.14333063197812,42.28186427205137
"160 NEWBURG STREET, Boston, MA",SAM,-71.14322421649877,42.28178016957955
"163 NEWBURG STREET, Boston, MA",SAM,-71.14340872504415,42.281797762164
"164 NEWBURG STREET, Boston, MA",SAM,-71.14330531314428,42.28171110161959
"167 NEWBURG STREET, Boston, MA",SAM,-71.14348681811018,42.28173125227664
"168 NEWBURG STREET, Boston, MA",SAM,-71.14338640978977,42.28164203365962
"17 NEWBURG STREET, Boston, MA",SAM,-71.13878884762404,42.285711413861534
"171 NEWBURG STREET, Boston, MA",SAM,-71.14356491117621,42.281664742389275
"18 NEWBURG STREET, Boston, MA",SAM,-71.13862806088203,42.285673050395125
"20 NEWBURG STREET, Boston, MA",SAM,-71.13869218357547,42.2856192525394
"21 NEWBURG STREET, Boston, MA",SAM,-71.1389282447837,42.28559446200128
"24 NEWBURG STREET, Boston, MA",SAM,-71.13882042896238,42.28551165682797
"26 NEWBURG STREET, Boston, MA",SAM,-71.1388845516558,42.28545785897226
"27 NEWBURG STREET, Boston, MA",SAM,-71.1391373405232,42.285419034210896
"3 NEWBURG STREET, Boston, MA",SAM,-71.13832963366208,42.28612779165725
"32 NEWBURG STREET, Boston, MA",SAM,-71.13907691973615,42.285296465405104
"33 NEWBURG STREET, Boston, MA",SAM,-71.1393464362627,42.28524360642054
"36 NEWBURG STREET, Boston, MA",SAM,-71.13920516512304,42.28518886969368
"37 NEWBURG STREET, Boston, MA",SAM,-71.13948583342238,42.28512665456028
"39 NEWBURG STREET, Boston, MA",SAM,-71.13955553543056,42.28506843877028
"40 NEWBURG STREET, Boston, MA",SAM,-71.13933341050995,42.285081273982236
"41 NEWBURG STREET, Boston, MA",SAM,-71.13962549837085,42.285010136317055
"43 NEWBURG STREET, Boston, MA",SAM,-71.13969546131113,42.28495183386385
"44 NEWBURG STREET, Boston, MA",SAM,-71.13946209022173,42.284973705390286
"45 NEWBURG STREET, Boston, MA",SAM,-71.13976542425142,42.284893531410646
"48 NEWBURG STREET, Boston, MA",SAM,-71.13959082203185,42.28486642887636
"52 NEWBURG STREET, Boston, MA",SAM,-71.13971955384199,42.28475915236246
"60 NEWBURG STREET, Boston, MA",SAM,-71.13998015547787,42.28453524118849
"61 NEWBURG STREET, Boston, MA",SAM,-71.14031330195698,42.28442326381097
"64 NEWBURG STREET, Boston, MA",SAM,-71.14008670047465,42.284443026800666
"65 NEWBURG STREET, Boston, MA",SAM,-71.14043837651842,42.2843150121383
"66 NEWBURG STREET, Boston, MA",SAM,-71.14013997297305,42.284396919606735
"69 NEWBURG STREET, Boston, MA",SAM,-71.14056345107986,42.284206760465615
"70 NEWBURG STREET, Boston, MA",SAM,-71.14024651796983,42.28430470521891
"71 NEWBURG STREET, Boston, MA",SAM,-71.14062598836057,42.28415263462928
"73 NEWBURG STREET, Boston, MA",SAM,-71.1406885256413,42.28409850879294
"74 NEWBURG STREET, Boston, MA",SAM,-71.1403530629666,42.284212490831074
"76 NEWBURG STREET, Boston, MA",SAM,-71.14040633546499,42.284166383637164
"77 NEWBURG STREET, Boston, MA",SAM,-71.14081360020272,42.28399025712025
"8 NEWBURG STREET, Boston, MA",SAM,-71.13830493754405,42.28594995702378
"82 NEWBURG STREET, Boston, MA",SAM,-71.14056615296016,42.2840280620554
"83 NEWBURG STREET, Boston, MA",SAM,-71.14100121204487,42.283827879611245
"87 NEWBURG STREET, Boston, MA",SAM,-71.14112628660632,42.28371962793857
"91 NEWBURG STREET, Boston, MA",SAM,-71.14125136116775,42.283611376265895
"92 NEWBURG STREET, Boston, MA",SAM,-71.14083251545212,42.28379752608582
"95 NEWBURG STREET, Boston, MA",SAM,-71.1413764357292,42.28350312459322
"96 NEWBURG STREET, Boston, MA",SAM,-71.1409390604489,42.283705311697965
"97 NEWBURG STREET, Boston, MA",SAM,-71.14147721192467,42.28341747286979
"99 NEWBURG STREET, Boston, MA",SAM,-71.14154147982786,42.283363831939965
"10 NEWBURY STREET, Boston, MA",SAM,-71.07148150568565,42.35250944157467
"103 NEWBURY STREET, Boston, MA",SAM,-71.07547918756691,42.35154921042578
"111 NEWBURY STREET, Boston, MA",SAM,-71.07590497669248,42.35144028220456
"112 NEWBURY STREET, Boston, MA",SAM,-71.07615941968726,42.35125733950768
"114 NEWBURY STREET, Boston, MA",SAM,-71.07624084642272,42.351236458362614
"116 NEWBURY STREET, Boston, MA",SAM,-71.07632411441452,42.35121386055943
"117 NEWBURY STREET, Boston, MA",SAM,-71.07620814138497,42.351366126812636
"118 NEWBURY STREET, Boston, MA",SAM,-71.0764073824063,42.351191262756245
"119 NEWBURY STREET, Boston, MA",SAM,-71.07631094997606,42.35133950634429
"11 NEWBURY STREET, Boston, MA",SAM,-71.0716059190031,42.352598196573226
"120 NEWBURY STREET, Boston, MA",SAM,-71.07649065039811,42.351168664953036
"123 NEWBURY STREET, Boston, MA",SAM,-71.0765107931564,42.35128527161662
"125 NEWBURY STREET, Boston, MA",SAM,-71.07661071474655,42.35125815425277
"127 NEWBURY STREET, Boston, MA",SAM,-71.07671063633671,42.35123103688895
"128 NEWBURY STREET, Boston, MA",SAM,-71.07682372236532,42.35107827374025
"130 NEWBURY STREET, Boston, MA",SAM,-71.0769069903571,42.35105567593708
"131 NEWBURY STREET, Boston, MA",SAM,-71.07691047951701,42.35117680216129
"132 NEWBURY STREET, Boston, MA",SAM,-71.07699025834891,42.35103307813389
"134 NEWBURY STREET, Boston, MA",SAM,-71.07707352634071,42.35101048033068
"135 NEWBURY STREET, Boston, MA",SAM,-71.07711032269735,42.35112256743363
"136 NEWBURY STREET, Boston, MA",SAM,-71.07715679433251,42.350987882527484
"137 NEWBURY STREET, Boston, MA",SAM,-71.07721024428751,42.351095450069785
"138 NEWBURY STREET, Boston, MA",SAM,-71.0772400623243,42.350965284724296
"14 NEWBURY STREET, Boston, MA",SAM,-71.07165990965153,42.352462137492694
"140 NEWBURY STREET, Boston, MA",SAM,-71.0773233303161,42.3509426869211
"143 NEWBURY STREET, Boston, MA",SAM,-71.07751000905799,42.35101409797829
"147 NEWBURY STREET, Boston, MA",SAM,-71.0777098522383,42.35095986325063
"15 NEWBURY STREET, Boston, MA",SAM,-71.07177746127796,42.35255271187901
"150 NEWBURY STREET, Boston, MA",SAM,-71.07780119737842,42.3508125383417
"156 NEWBURY STREET, Boston, MA",SAM,-71.07804630463357,42.35074445299255
"157 NEWBURY STREET, Boston, MA",SAM,-71.0781694884186,42.35083265331739
"160 NEWBURY STREET, Boston, MA",SAM,-71.07820970947036,42.35069906275978
"161 NEWBURY STREET, Boston, MA",SAM,-71.0783263570619,42.35078907869394
"162 NEWBURY STREET, Boston, MA",SAM,-71.07829141188876,42.3506763676434
"163 NEWBURY STREET, Boston, MA",SAM,-71.07840479138355,42.3507672913822
"164 NEWBURY STREET, Boston, MA",SAM,-71.07837311430713,42.350653672527024
"165 NEWBURY STREET, Boston, MA",SAM,-71.07848322570518,42.35074550407048
"166 NEWBURY STREET, Boston, MA",SAM,-71.07845481672553,42.35063097741065
"167 NEWBURY STREET, Boston, MA",SAM,-71.07856166002685,42.35072371675875
"168 NEWBURY STREET, Boston, MA",SAM,-71.07853651914392,42.35060828229426
"169 NEWBURY STREET, Boston, MA",SAM,-71.07864009434849,42.35070192944704
"170 NEWBURY STREET, Boston, MA",SAM,-71.07861822156231,42.35058558717788
"171 NEWBURY STREET, Boston, MA",SAM,-71.07871852867015,42.3506801421353
"172 NEWBURY STREET, Boston, MA",SAM,-71.0786999239807,42.350562892061504
"174 NEWBURY STREET, Boston, MA",SAM,-71.07878162639908,42.350540196945126
"175 NEWBURY STREET, Boston, MA",SAM,-71.07887539731347,42.35063656751184
"176 NEWBURY STREET, Boston, MA",SAM,-71.07886332881746,42.35051750182873
"177 NEWBURY STREET, Boston, MA",SAM,-71.07895383163512,42.35061478020011
"179 NEWBURY STREET, Boston, MA",SAM,-71.07903226595677,42.3505929928884
"18 NEWBURY STREET, Boston, MA",SAM,-71.07183831361738,42.35241483341072
"20 NEWBURY STREET, Boston, MA",SAM,-71.07192751560032,42.35239118136973
"205 NEWBURY STREET, Boston, MA",SAM,-71.08020391928213,42.35027111725357
"207 NEWBURY STREET, Boston, MA",SAM,-71.08032531558983,42.350238776152196
"209 NEWBURY STREET, Boston, MA",SAM,-71.08044671189754,42.35020643505082
"213 NEWBURY STREET, Boston, MA",SAM,-71.080689504513,42.35014175284807
"214 NEWBURY STREET, Boston, MA",SAM,-71.08067334169793,42.35002424991357
"216 NEWBURY STREET, Boston, MA",SAM,-71.08078259837487,42.34999514292233
"219 NEWBURY STREET, Boston, MA",SAM,-71.08105369343615,42.35004472954394
"220 NEWBURY STREET, Boston, MA",SAM,-71.08100111172878,42.34993692893983
"222 NEWBURY STREET, Boston, MA",SAM,-71.08111036840572,42.349907821948605
"223 NEWBURY STREET, Boston, MA",SAM,-71.08129648605157,42.34998004734118
"224 NEWBURY STREET, Boston, MA",SAM,-71.08121962508267,42.34987871495736
"229 NEWBURY STREET, Boston, MA",SAM,-71.08166067497474,42.349883024037055
"231 NEWBURY STREET, Boston, MA",SAM,-71.08178207128245,42.34985068293567
"233 NEWBURY STREET, Boston, MA",SAM,-71.08190346759017,42.34981834183428
"236 NEWBURY STREET, Boston, MA",SAM,-71.08187516514434,42.34970407300994
"238 NEWBURY STREET, Boston, MA",SAM,-71.08198442182129,42.34967496601868
"240 NEWBURY STREET, Boston, MA",SAM,-71.08209367849824,42.34964585902745
"244 NEWBURY STREET, Boston, MA",SAM,-71.08233027897822,42.349583994469434
"245 NEWBURY STREET, Boston, MA",SAM,-71.08257556623035,42.34964183882127
"246 NEWBURY STREET, Boston, MA",SAM,-71.08242016340925,42.34956069109841
"247 NEWBURY STREET, Boston, MA",SAM,-71.08267018142091,42.34961730895706
"251 NEWBURY STREET, Boston, MA",SAM,-71.08285941180202,42.349568249228604
"252 NEWBURY STREET, Boston, MA",SAM,-71.08268981670238,42.349490780985384
"254 NEWBURY STREET, Boston, MA",SAM,-71.08277970113343,42.34946747761436
"257 NEWBURY STREET, Boston, MA",SAM,-71.08314325737375,42.349494659635944
"260 NEWBURY STREET, Boston, MA",SAM,-71.08304935442655,42.349397567501335
"262 NEWBURY STREET, Boston, MA",SAM,-71.08313923885757,42.349374264130326
"264 NEWBURY STREET, Boston, MA",SAM,-71.0832291232886,42.34935096075931
"269 NEWBURY STREET, Boston, MA",SAM,-71.08371094851717,42.34934748045062
"270 NEWBURY STREET, Boston, MA",SAM,-71.08349877658173,42.349281050646276
"273 NEWBURY STREET, Boston, MA",SAM,-71.0839001788983,42.349298420722164
"274 NEWBURY STREET, Boston, MA",SAM,-71.08367854544382,42.349234443904265
"275 NEWBURY STREET, Boston, MA",SAM,-71.08399479408887,42.349273890857944
"279 NEWBURY STREET, Boston, MA",SAM,,
"28 NEWBURY STREET, Boston, MA",SAM,-71.07228432353206,42.35229657320578
"281 NEWBURY STREET, Boston, MA",SAM,-71.08423346735859,42.34921470017693
"283 NEWBURY STREET, Boston, MA",SAM,-71.08431453693163,42.34919226378041
"284 NEWBURY STREET, Boston, MA",SAM,-71.08418882030925,42.34910496227122
"285 NEWBURY STREET, Boston, MA",SAM,-71.08438994855031,42.34917084509563
"286 NEWBURY STREET, Boston, MA",SAM,-71.08426335156524,42.34908403962648
"287 NEWBURY STREET, Boston, MA",SAM,-71.08446536016902,42.34914942641081
"288 NEWBURY STREET, Boston, MA",SAM,-71.0843431991615,42.34906136101905
"292 NEWBURY STREET, Boston, MA",SAM,-71.08450289435405,42.34901600380415
"293 NEWBURY STREET, Boston, MA",SAM,-71.08469159502512,42.34908517035641
"294 NEWBURY STREET, Boston, MA",SAM,-71.08458274195031,42.348993325196716
"295 NEWBURY STREET, Boston, MA",SAM,-71.08476700664382,42.349063751671615
"296 NEWBURY STREET, Boston, MA",SAM,-71.08466258954658,42.34897064658929
"297 NEWBURY STREET, Boston, MA",SAM,-71.08484241826251,42.34904233298684
"298 NEWBURY STREET, Boston, MA",SAM,-71.08474243714284,42.348947967981864
"2 NEWBURY STREET, Boston, MA",SAM,-71.07112469775394,42.3526040497386
"30 NEWBURY STREET, Boston, MA",SAM,-71.07237352551498,42.35227292116478
"303 NEWBURY STREET, Boston, MA",SAM,-71.08506782614714,42.348979194284475
"306 NEWBURY STREET, Boston, MA",SAM,-71.08506375253425,42.34885830307524
"314 NEWBURY STREET, Boston, MA",SAM,-71.08538516218405,42.34877157348686
"320 NEWBURY STREET, Boston, MA",SAM,-71.08569790573324,42.34869884601665
"322 NEWBURY STREET, Boston, MA",SAM,-71.08575853543687,42.348683896226795
"324 NEWBURY STREET, Boston, MA",SAM,-71.08581916514049,42.34866894643696
"326 NEWBURY STREET, Boston, MA",SAM,-71.08587979484412,42.348653996647094
"328 NEWBURY STREET, Boston, MA",SAM,-71.08594042454774,42.348639046857244
"329 NEWBURY STREET, Boston, MA",SAM,-71.0860425466131,42.34873466663284
"33 NEWBURY STREET, Boston, MA",SAM,-71.07254940151489,42.35234803075509
"330 NEWBURY STREET, Boston, MA",SAM,-71.08600105425137,42.34862409706741
"331 NEWBURY STREET, Boston, MA",SAM,-71.08610166057413,42.348720090587726
"332 NEWBURY STREET, Boston, MA",SAM,-71.08606168395502,42.34860914727754
"334 NEWBURY STREET, Boston, MA",SAM,-71.08612231365863,42.348594197487685
"335 NEWBURY STREET, Boston, MA",SAM,-71.0862198884962,42.34869093849752
"336 NEWBURY STREET, Boston, MA",SAM,-71.08618294336227,42.34857924769785
"337 NEWBURY STREET, Boston, MA",SAM,-71.08627900245726,42.348676362452416
"338 NEWBURY STREET, Boston, MA",SAM,-71.08624357306589,42.348564297907984
"339 NEWBURY STREET, Boston, MA",SAM,-71.0863381164183,42.34866178640732
"34 NEWBURY STREET, Boston, MA",SAM,-71.07255192948084,42.352225617082816
"341 NEWBURY STREET, Boston, MA",SAM,-71.08639723037932,42.348647210362216
"342 NEWBURY STREET, Boston, MA",SAM,-71.08636483247314,42.3485343983283
"343 NEWBURY STREET, Boston, MA",SAM,-71.08645634434036,42.348632634317106
"344 NEWBURY STREET, Boston, MA",SAM,-71.08642546217678,42.34851944853843
"346 NEWBURY STREET, Boston, MA",SAM,-71.08648609188042,42.348504498748575
"348 NEWBURY STREET, Boston, MA",SAM,-71.08654672158403,42.34848954895873
"349 NEWBURY STREET, Boston, MA",SAM,-71.0866336862235,42.34858890618178
"35 NEWBURY STREET, Boston, MA",SAM,-71.07263517265231,42.352325288407975
"350 NEWBURY STREET, Boston, MA",SAM,-71.08660735128767,42.34847459916888
"351 NEWBURY STREET, Boston, MA",SAM,-71.08669280018452,42.348574330136685
"352 NEWBURY STREET, Boston, MA",SAM,-71.08666798099128,42.34845964937904
"353 NEWBURY STREET, Boston, MA",SAM,-71.08675191414554,42.34855975409158
"355 NEWBURY STREET, Boston, MA",SAM,-71.0868110281066,42.34854517804648
"359 NEWBURY STREET, Boston, MA",SAM,-71.08692925602867,42.34851602595626
"36 NEWBURY STREET, Boston, MA",SAM,-71.07264113146378,42.352201965041836
"37 NEWBURY STREET, Boston, MA",SAM,-71.07272094378975,42.352302546060876
"38 NEWBURY STREET, Boston, MA",SAM,-71.0727303334467,42.352178313000856
"39 NEWBURY STREET, Boston, MA",SAM,-71.07280671492717,42.35227980371377
"4 NEWBURY STREET, Boston, MA",SAM,-71.07121389973686,42.35258039769763
"415 NEWBURY STREET, Boston, MA",SAM,-71.088699107544,42.348156232745254
"425 NEWBURY STREET, Boston, MA",SAM,-71.08903383840054,42.34814673507931
"523 NEWBURY STREET, Boston, MA",SAM,-71.09414015090951,42.34808868521336
"545 NEWBURY STREET, Boston, MA",SAM,-71.09435642434799,42.348086832770875
"595 NEWBURY STREET, Boston, MA",SAM,-71.09484795488997,42.34808262267428
"6 NEWBURY STREET, Boston, MA",SAM,-71.0713031017198,42.35255674565665
"69 NEWBURY STREET, Boston, MA",SAM,-71.07411527713647,42.35192585514967
"7 NEWBURY STREET, Boston, MA",SAM,-71.07143437672823,42.35264368126743
"71 NEWBURY STREET, Boston, MA",SAM,-71.07419550716178,42.351903699577676
"73 NEWBURY STREET, Boston, MA",SAM,-71.0742757371871,42.35188154400569
"75 NEWBURY STREET, Boston, MA",SAM,-71.07435596721241,42.351859388433674
"77 NEWBURY STREET, Boston, MA",SAM,-71.07443619723773,42.3518372328617
"79 NEWBURY STREET, Boston, MA",SAM,-71.07451642726306,42.3518150772897
"8 NEWBURY STREET, Boston, MA",SAM,-71.07139230370272,42.35253309361566
"81 NEWBURY STREET, Boston, MA",SAM,-71.07459665728838,42.3517929217177
"83 NEWBURY STREET, Boston, MA",SAM,-71.0746768873137,42.35177076614572
"85 NEWBURY STREET, Boston, MA",SAM,-71.07475711733902,42.351748610573736
"91 NEWBURY STREET, Boston, MA",SAM,-71.07499780741499,42.35168214385776
"93 NEWBURY STREET, Boston, MA",SAM,-71.0750780374403,42.35165998828576
"11 NEWCASTLE ROAD, Boston, MA",SAM,-71.15936076043103,42.35365387942713
"12 NEWCASTLE ROAD, Boston, MA",SAM,-71.15940345738159,42.35354362063776
"15 NEWCASTLE ROAD, Boston, MA",SAM,-71.15947730426225,42.35367481545156
"16 NEWCASTLE ROAD, Boston, MA",SAM,-71.15952242920932,42.353564992829384
"19 NEWCASTLE ROAD, Boston, MA",SAM,-71.1595938480935,42.353695751476
"2 NEWCASTLE ROAD, Boston, MA",SAM,-71.15910602781226,42.35349019015874
"20 NEWCASTLE ROAD, Boston, MA",SAM,-71.15964140103704,42.353586365020995
"23 NEWCASTLE ROAD, Boston, MA",SAM,-71.15971039192473,42.35371668750045
"24 NEWCASTLE ROAD, Boston, MA",SAM,-71.15976037286477,42.35360773721261
"27 NEWCASTLE ROAD, Boston, MA",SAM,-71.15982693575597,42.35373762352489
"28 NEWCASTLE ROAD, Boston, MA",SAM,-71.15987934469248,42.35362910940424
"3 NEWCASTLE ROAD, Boston, MA",SAM,-71.15912767276855,42.35361200737823
"31 NEWCASTLE ROAD, Boston, MA",SAM,-71.15994347958723,42.353758559549334
"32 NEWCASTLE ROAD, Boston, MA",SAM,-71.1599983165202,42.35365048159585
"35 NEWCASTLE ROAD, Boston, MA",SAM,-71.16006002341847,42.35377949557377
"36 NEWCASTLE ROAD, Boston, MA",SAM,-71.16011728834793,42.35367185378746
"39 NEWCASTLE ROAD, Boston, MA",SAM,-71.1601765672497,42.3538004315982
"40 NEWCASTLE ROAD, Boston, MA",SAM,-71.16023626017567,42.35369322597908
"43 NEWCASTLE ROAD, Boston, MA",SAM,-71.16029311108095,42.35382136762264
"44 NEWCASTLE ROAD, Boston, MA",SAM,-71.16035523200338,42.35371459817069
"47 NEWCASTLE ROAD, Boston, MA",SAM,-71.16040965491219,42.35384230364707
"6 NEWCASTLE ROAD, Boston, MA",SAM,-71.15922499963999,42.35351156235034
"7 NEWCASTLE ROAD, Boston, MA",SAM,-71.15924421659979,42.353632943402694
"8 NEWCASTLE ROAD, Boston, MA",SAM,-71.15928448555387,42.35352224844615
"2 NEWCASTLE STREET, Boston, MA",SAM,-71.10001675782603,42.27248776236359
"5 NEWCASTLE STREET, Boston, MA",SAM,-71.09995433430437,42.27259563498158
"8 NEWCOMB STREET, Boston, MA",SAM,-71.07926540725735,42.334519460544435
"1 NEWCROFT CIRCLE, Boston, MA",SAM,-71.08371247273588,42.27132019596766
"15 NEWCROFT CIRCLE, Boston, MA",SAM,-71.08385330609599,42.27157198901
"16 NEWCROFT CIRCLE, Boston, MA",SAM,-71.08399932879536,42.271533412532484
"19 NEWCROFT CIRCLE, Boston, MA",SAM,-71.08389354419887,42.27164392987924
"2 NEWCROFT CIRCLE, Boston, MA",SAM,-71.08385556140692,42.271276373801754
"23 NEWCROFT CIRCLE, Boston, MA",SAM,-71.08393378230176,42.271715870748494
"27 NEWCROFT CIRCLE, Boston, MA",SAM,-71.08397402040467,42.27178781161772
"28 NEWCROFT CIRCLE, Boston, MA",SAM,-71.08412255798547,42.27175373144453
"31 NEWCROFT CIRCLE, Boston, MA",SAM,-71.08402497987679,42.271861960522784
"35 NEWCROFT CIRCLE, Boston, MA",SAM,-71.08409696782545,42.27194930307935
"39 NEWCROFT CIRCLE, Boston, MA",SAM,-71.0842289034496,42.27200463988041
"40 NEWCROFT CIRCLE, Boston, MA",SAM,-71.08424972834999,42.27189004850573
"43 NEWCROFT CIRCLE, Boston, MA",SAM,-71.08436201424462,42.271989548941804
"47 NEWCROFT CIRCLE, Boston, MA",SAM,-71.08445855481591,42.271958583097586
"48 NEWCROFT CIRCLE, Boston, MA",SAM,-71.08442009331701,42.27184602579593
"5 NEWCROFT CIRCLE, Boston, MA",SAM,-71.08375271083877,42.27139213683691
"51 NEWCROFT CIRCLE, Boston, MA",SAM,-71.0845550953872,42.271927617253354
"52 NEWCROFT CIRCLE, Boston, MA",SAM,-71.0845186451502,42.27181441482995
"6 NEWCROFT CIRCLE, Boston, MA",SAM,-71.08389663780362,42.27134981343912
"9 NEWCROFT CIRCLE, Boston, MA",SAM,-71.08379294894166,42.27146407770614
"12 NEWFIELD STREET, Boston, MA",SAM,-71.16575765592515,42.28940978360613
"131 NEWFIELD STREET, Boston, MA",SAM,-71.17047759591355,42.29452817036552
"135 NEWFIELD STREET, Boston, MA",SAM,-71.17048704160207,42.294522975236575
"139 NEWFIELD STREET, Boston, MA",SAM,-71.17049648729056,42.294517780107654
"14 NEWFIELD STREET, Boston, MA",SAM,-71.16591770901562,42.289533333387865
"140 NEWFIELD STREET, Boston, MA",SAM,-71.17040877400146,42.29442322560958
"145 NEWFIELD STREET, Boston, MA",SAM,-71.17051065582335,42.294509987414266
"17 NEWFIELD STREET, Boston, MA",SAM,-71.1658058689882,42.289612619228706
"35 NEWFIELD STREET, Boston, MA",SAM,-71.1662956928311,42.290057188467635
"38 NEWFIELD STREET, Boston, MA",SAM,-71.1665255471121,42.290093106829964
"4 NEWFIELD STREET, Boston, MA",SAM,-71.16525946002295,42.288848727300625
"40 NEWFIELD STREET, Boston, MA",SAM,-71.16656951469494,42.29013655306796
"43 NEWFIELD STREET, Boston, MA",SAM,-71.16648459059445,42.290243846379035
"44 NEWFIELD STREET, Boston, MA",SAM,-71.16665744986064,42.290223445543965
"47 NEWFIELD STREET, Boston, MA",SAM,-71.16657903947612,42.29033717533474
"48 NEWFIELD STREET, Boston, MA",SAM,-71.16674538502635,42.290310338019964
"51 NEWFIELD STREET, Boston, MA",SAM,-71.1666734883578,42.29043050429044
"52 NEWFIELD STREET, Boston, MA",SAM,-71.16683332019203,42.29039723049595
"55 NEWFIELD STREET, Boston, MA",SAM,-71.16676793723944,42.29052383324615
"56 NEWFIELD STREET, Boston, MA",SAM,-71.16692125535772,42.290484122971954
"59 NEWFIELD STREET, Boston, MA",SAM,-71.16686238612114,42.29061716220185
"60 NEWFIELD STREET, Boston, MA",SAM,-71.16700919052342,42.29057101544796
"64 NEWFIELD STREET, Boston, MA",SAM,-71.16709712568912,42.29065790792396
"65 NEWFIELD STREET, Boston, MA",SAM,-71.16700405944364,42.290757155635376
"68 NEWFIELD STREET, Boston, MA",SAM,-71.1671850608548,42.29074480039995
"7 NEWFIELD STREET, Boston, MA",SAM,-71.16532868664697,42.28908436719843
"8 NEWFIELD STREET, Boston, MA",SAM,-71.16555596316171,42.28912919196997
"81 NEWFIELD STREET, Boston, MA",SAM,-71.16764166199084,42.29138614154845
"85 NEWFIELD STREET, Boston, MA",SAM,-71.16776568197503,42.29151149089271
"86 NEWFIELD STREET, Boston, MA",SAM,-71.16789022052863,42.291443342918136
"89 NEWFIELD STREET, Boston, MA",SAM,-71.16790206024665,42.29166241343183
"90 NEWFIELD STREET, Boston, MA",SAM,-71.16804006453262,42.29161035872896
"91 NEWFIELD STREET, Boston, MA",SAM,-71.16801578621887,42.29182739622053
"93 NEWFIELD STREET, Boston, MA",SAM,-71.16812951219109,42.29199237900922
"94 NEWFIELD STREET, Boston, MA",SAM,-71.16832437946313,42.29202281570071
"12 NEWHALL PLACE, Boston, MA",SAM,-71.05168092931328,42.28812026871416
"3 NEWHALL PLACE, Boston, MA",SAM,-71.05152756823688,42.28814231449747
"8 NEWHALL PLACE, Boston, MA",SAM,-71.05167772448638,42.2881131723098
"9 NEWHALL PLACE, Boston, MA",SAM,-71.05153227737027,42.288152741867144
"10 NEWHALL STREET, Boston, MA",SAM,-71.05119973138464,42.28892867372687
"11 NEWHALL STREET, Boston, MA",SAM,-71.05135572412907,42.28890937325424
"12 NEWHALL STREET, Boston, MA",SAM,-71.05115367133692,42.288840558829676
"13 NEWHALL STREET, Boston, MA",SAM,-71.0513211790933,42.28884328708133
"14 NEWHALL STREET, Boston, MA",SAM,-71.05110761128924,42.28875244393248
"15 NEWHALL STREET, Boston, MA",SAM,-71.05128663405753,42.288777200908434
"17 NEWHALL STREET, Boston, MA",SAM,-71.05125208902176,42.28871111473553
"20 NEWHALL STREET, Boston, MA",SAM,-71.05100160986697,42.28854834829031
"21 NEWHALL STREET, Boston, MA",SAM,-71.05114624954804,42.28850733203798
"25 NEWHALL STREET, Boston, MA",SAM,-71.05104572212716,42.28831333170047
"26 NEWHALL STREET, Boston, MA",SAM,-71.05092621430131,42.28840284803718
"27 NEWHALL STREET, Boston, MA",SAM,-71.05099545841668,42.28821633153172
"30 NEWHALL STREET, Boston, MA",SAM,-71.05087595059085,42.28830584786842
"33 NEWHALL STREET, Boston, MA",SAM,-71.05093225492574,42.288093482371046
"34 NEWHALL STREET, Boston, MA",SAM,-71.0507955640682,42.288150035679415
"41 NEWHALL STREET, Boston, MA",SAM,-71.0509158928894,42.288061502018785
"5 NEWHALL STREET, Boston, MA",SAM,-71.05145752747595,42.289110505203965
"8 NEWHALL STREET, Boston, MA",SAM,-71.05124579143232,42.28901678862408
"5 NEWHILL PLACE, Boston, MA",SAM,-71.03589579457544,42.336404689127136
"10 NEWKIRK STREET, Boston, MA",SAM,-71.05459819765161,42.29678836835478
"14 NEWKIRK STREET, Boston, MA",SAM,-71.0544661805716,42.29683950985246
"6 NEWKIRK STREET, Boston, MA",SAM,-71.0549103584257,42.296681866441006
"10 NEWMARKET SQUARE, Boston, MA",SAM,-71.06517893807326,42.33026415368469
"100 NEWMARKET SQUARE, Boston, MA",SAM,-71.06765639605493,42.33026212199233
"115 NEWMARKET SQUARE, Boston, MA",SAM,-71.06789573451692,42.33036875867709
"117 NEWMARKET SQUARE, Boston, MA",SAM,-71.06790681681359,42.33037077364076
"119 NEWMARKET SQUARE, Boston, MA",SAM,-71.06791789911026,42.33037278860446
"120 NEWMARKET SQUARE, Boston, MA",SAM,-71.06805066915324,42.330278922388004
"121 NEWMARKET SQUARE, Boston, MA",SAM,-71.06792898140694,42.33037480356814
"123 NEWMARKET SQUARE, Boston, MA",SAM,-71.0679400637036,42.33037681853182
"124 NEWMARKET SQUARE, Boston, MA",SAM,-71.06809411175618,42.33028682104566
"125 NEWMARKET SQUARE, Boston, MA",SAM,-71.06795114600027,42.3303788334955
"126 NEWMARKET SQUARE, Boston, MA",SAM,-71.06811583305766,42.33029077037448
"128 NEWMARKET SQUARE, Boston, MA",SAM,-71.06813755435914,42.330294719703296
"131 NEWMARKET SQUARE, Boston, MA",SAM,-71.06798439289028,42.33038487838656
"132 NEWMARKET SQUARE, Boston, MA",SAM,-71.06818099696207,42.33030261836093
"133 NEWMARKET SQUARE, Boston, MA",SAM,-71.06799547518696,42.33038689335024
"135 NEWMARKET SQUARE, Boston, MA",SAM,-71.06800655748361,42.330388908313935
"136 NEWMARKET SQUARE, Boston, MA",SAM,-71.06822443956504,42.33031051701858
"137 NEWMARKET SQUARE, Boston, MA",SAM,-71.0680176397803,42.33039092327762
"138 NEWMARKET SQUARE, Boston, MA",SAM,-71.06824616086651,42.3303144663474
"139 NEWMARKET SQUARE, Boston, MA",SAM,-71.06802872207696,42.33039293824129
"140 NEWMARKET SQUARE, Boston, MA",SAM,-71.06826788216799,42.330318415676224
"141 NEWMARKET SQUARE, Boston, MA",SAM,-71.06803980437364,42.33039495320497
"18 NEWMARKET SQUARE, Boston, MA",SAM,-71.06523752629091,42.330175620375385
"30 NEWMARKET SQUARE, Boston, MA",SAM,-71.06532540861741,42.33004282041145
"40 NEWMARKET SQUARE, Boston, MA",SAM,-71.06539864388951,42.329932153774806
"42 NEWMARKET SQUARE, Boston, MA",SAM,-71.06541329094392,42.32991002044747
"44 NEWMARKET SQUARE, Boston, MA",SAM,-71.06542793799834,42.329887887120144
"48 NEWMARKET SQUARE, Boston, MA",SAM,-71.06545723210716,42.3298436204655
"54 NEWMARKET SQUARE, Boston, MA",SAM,-71.06633277718173,42.32710452555444
"60 NEWMARKET SQUARE, Boston, MA",SAM,-71.06638239807238,42.32847929249908
"70 NEWMARKET SQUARE, Boston, MA",SAM,-71.06662914701089,42.32897139085855
"80 NEWMARKET SQUARE, Boston, MA",SAM,-71.06698143955293,42.32939695097156
"90 NEWMARKET SQUARE, Boston, MA",SAM,-71.06733367574911,42.329824984930696
"11 NEWPORT STREET, Boston, MA",SAM,-71.05396832676995,42.318717319509545
"14 NEWPORT STREET, Boston, MA",SAM,-71.05381974259761,42.318665609381654
"15 NEWPORT STREET, Boston, MA",SAM,-71.05397823679291,42.318646297698216
"18 NEWPORT STREET, Boston, MA",SAM,-71.05382985907939,42.318593107949276
"21 NEWPORT STREET, Boston, MA",SAM,-71.05399310182736,42.31853976498124
"22 NEWPORT STREET, Boston, MA",SAM,-71.05383997556117,42.318520606516884
"26 NEWPORT STREET, Boston, MA",SAM,-71.05385219212675,42.318445374647226
"29 NEWPORT STREET, Boston, MA",SAM,-71.05401826693301,42.3184011613152
"30 NEWPORT STREET, Boston, MA",SAM,-71.05386726792666,42.31837334583597
"31 NEWPORT STREET, Boston, MA",SAM,-71.05402565099827,42.31836588189744
"33 NEWPORT STREET, Boston, MA",SAM,-71.05403303506353,42.318330602479676
"36 NEWPORT STREET, Boston, MA",SAM,-71.05388988162647,42.31826530261908
"39 NEWPORT STREET, Boston, MA",SAM,-71.0540551872593,42.318224764226414
"42 NEWPORT STREET, Boston, MA",SAM,-71.05391249532632,42.318157259402206
"46 NEWPORT STREET, Boston, MA",SAM,-71.05392757112621,42.31808523059095
"48 NEWPORT STREET, Boston, MA",SAM,-71.05393956127146,42.31804539361368
"49 NEWPORT STREET, Boston, MA",SAM,-71.05409618785126,42.318053414704615
"9 NEWPORT STREET, Boston, MA",SAM,-71.05396337175846,42.31875283041521
"1 NEWSOME PARK, Boston, MA",SAM,-71.11765770034361,42.31191038887648
"10 NEWSOME PARK, Boston, MA",SAM,-71.11768687532312,42.31203446150658
"11 NEWSOME PARK, Boston, MA",SAM,-71.11758630958357,42.311946494549844
"2 NEWSOME PARK, Boston, MA",SAM,-71.11774517777715,42.312004975206655
"3 NEWSOME PARK, Boston, MA",SAM,-71.1176434221916,42.31191761001117
"4 NEWSOME PARK, Boston, MA",SAM,-71.11773060216363,42.31201234678166
"7 NEWSOME PARK, Boston, MA",SAM,-71.11761486588759,42.3119320522805
"8 NEWSOME PARK, Boston, MA",SAM,-71.11770145093661,42.312027089931625
"10 NEWTON STREET, Boston, MA",SAM,-71.16286403590279,42.35608734729152
"11 NEWTON STREET, Boston, MA",SAM,-71.16284807815207,42.35621671686103
"12 NEWTON STREET, Boston, MA",SAM,-71.16294110081428,42.356124769767554
"14 NEWTON STREET, Boston, MA",SAM,-71.16301816572579,42.35616219224356
"140 NEWTON STREET, Boston, MA",SAM,-71.1685814434135,42.35587025109569
"145 NEWTON STREET, Boston, MA",SAM,-71.16765544925856,42.35638981568135
"148 NEWTON STREET, Boston, MA",SAM,-71.16905119293584,42.35582778311746
"152 NEWTON STREET, Boston, MA",SAM,-71.1692951066546,42.35583181173785
"156 NEWTON STREET, Boston, MA",SAM,-71.16953588878955,42.355871548457046
"16 NEWTON STREET, Boston, MA",SAM,-71.16309523063728,42.35619961471959
"160 NEWTON STREET, Boston, MA",SAM,-71.16971870276889,42.356015253374935
"164 NEWTON STREET, Boston, MA",SAM,-71.16985798170502,42.35602803394003
"176 NEWTON STREET, Boston, MA",SAM,-71.17055171233504,42.35602620942969
"18 NEWTON STREET, Boston, MA",SAM,-71.16317229554879,42.35623703719561
"184 NEWTON STREET, Boston, MA",SAM,-71.1710509070266,42.35603103527775
"188 NEWTON STREET, Boston, MA",SAM,-71.17105999233243,42.356031035278036
"20 NEWTON STREET, Boston, MA",SAM,-71.1632493604603,42.356274459671624
"21 NEWTON STREET, Boston, MA",SAM,-71.16322553894311,42.356400010621115
"22 NEWTON STREET, Boston, MA",SAM,-71.16332642537179,42.35631188214766
"23 NEWTON STREET, Boston, MA",SAM,-71.16330103110133,42.35643666937314
"24 NEWTON STREET, Boston, MA",SAM,-71.1634034902833,42.35634930462367
"25 NEWTON STREET, Boston, MA",SAM,-71.16337652325952,42.356473328125155
"26 NEWTON STREET, Boston, MA",SAM,-71.16348055519481,42.35638672709969
"27 NEWTON STREET, Boston, MA",SAM,-71.16345201541773,42.35650998687717
"28 NEWTON STREET, Boston, MA",SAM,-71.1635576201063,42.35642414957571
"29 NEWTON STREET, Boston, MA",SAM,-71.16352750757595,42.35654664562918
"30 NEWTON STREET, Boston, MA",SAM,-71.1636346850178,42.356461572051735
"31 NEWTON STREET, Boston, MA",SAM,-71.16360299973415,42.35658330438122
"32 NEWTON STREET, Boston, MA",SAM,-71.16371174992932,42.35649899452775
"33 NEWTON STREET, Boston, MA",SAM,-71.16367849189236,42.356619963133234
"34 NEWTON STREET, Boston, MA",SAM,-71.16378881484081,42.35653641700376
"35 NEWTON STREET, Boston, MA",SAM,-71.16375398405056,42.35665662188525
"36 NEWTON STREET, Boston, MA",SAM,-71.16386466448697,42.35657316029341
"40 NEWTON STREET, Boston, MA",SAM,-71.16402075076266,42.3566457585782
"44 NEWTON STREET, Boston, MA",SAM,-71.16417683703835,42.356718356862984
"46 NEWTON STREET, Boston, MA",SAM,-71.1642548801762,42.35675465600537
"48 NEWTON STREET, Boston, MA",SAM,-71.16433292331405,42.35679095514775
"50 NEWTON STREET, Boston, MA",SAM,-71.1644109664519,42.356827254290145
"52 NEWTON STREET, Boston, MA",SAM,-71.16448541695861,42.356857532849105
"54 NEWTON STREET, Boston, MA",SAM,-71.16456764996326,42.35688837023344
"8 NEWTON STREET, Boston, MA",SAM,-71.16278697099128,42.35604992481551
"9 NEWTON STREET, Boston, MA",SAM,-71.16277258599386,42.356180058109
"45 NEWTON STREET, Boston, MA",SAM,-71.16413723707366,42.35683533893094
"85 NEWTON STREET, Boston, MA",SAM,-71.16591555049862,42.35697580784751
"105 NEWTON STREET, Boston, MA",SAM,-71.16679770282681,42.356865997375465
"115 NEWTON STREET, Boston, MA",SAM,-71.16705762828882,42.35676814883961
"116 NEWTON STREET, Boston, MA",SAM,-71.16737269585262,42.35641155180325
"117 NEWTON STREET, Boston, MA",SAM,-71.16710134394023,42.356746737091036
"118 NEWTON STREET, Boston, MA",SAM,-71.16746853409582,42.35634961986268
"119 NEWTON STREET, Boston, MA",SAM,-71.16714505959165,42.35672532534245
"121 NEWTON STREET, Boston, MA",SAM,-71.16718877524305,42.3567039135939
"122 NEWTON STREET, Boston, MA",SAM,-71.16765343414093,42.35624822305888
"123 NEWTON STREET, Boston, MA",SAM,-71.16724444168501,42.35667386035381
"124 NEWTON STREET, Boston, MA",SAM,-71.16775005805556,42.356197559993646
"125 NEWTON STREET, Boston, MA",SAM,-71.16728095577209,42.35664604009555
"126 NEWTON STREET, Boston, MA",SAM,-71.1678454080348,42.35614988500189
"127 NEWTON STREET, Boston, MA",SAM,-71.16731746985913,42.35661821983731
"128 NEWTON STREET, Boston, MA",SAM,-71.16794075801401,42.35610221001013
"129 NEWTON STREET, Boston, MA",SAM,-71.1673539839462,42.356590399579055
"130 NEWTON STREET, Boston, MA",SAM,-71.16803823207394,42.35605423614078
"131 NEWTON STREET, Boston, MA",SAM,-71.16739049803326,42.35656257932081
"132 NEWTON STREET, Boston, MA",SAM,-71.16813521149685,42.35600839132073
"133 NEWTON STREET, Boston, MA",SAM,-71.16742701212033,42.35653475906257
"134 NEWTON STREET, Boston, MA",SAM,-71.16823219091975,42.35596254650067
"135 NEWTON STREET, Boston, MA",SAM,-71.1674635262074,42.35650693880431
"136 NEWTON STREET, Boston, MA",SAM,-71.16835376533562,42.355923769057625
"137 NEWTON STREET, Boston, MA",SAM,-71.16750004029443,42.35647911854606
"138 NEWTON STREET, Boston, MA",SAM,-71.1684623986246,42.3558956048716
"139 NEWTON STREET, Boston, MA",SAM,-71.1675291008944,42.35645910349726
"141 NEWTON STREET, Boston, MA",SAM,-71.16757121701578,42.35643600755862
"142 NEWTON STREET, Boston, MA",SAM,-71.16869374741744,42.3558515337629
"143 NEWTON STREET, Boston, MA",SAM,-71.16761333313717,42.35641291161998
"146 NEWTON STREET, Boston, MA",SAM,-71.16893611898772,42.35583031221189
"147 NEWTON STREET, Boston, MA",SAM,-71.16769756537992,42.356366719742695
"149 NEWTON STREET, Boston, MA",SAM,-71.16773968150132,42.35634362380406
"150 NEWTON STREET, Boston, MA",SAM,-71.16916626688398,42.35582525402306
"151 NEWTON STREET, Boston, MA",SAM,-71.1677817976227,42.356320527865414
"153 NEWTON STREET, Boston, MA",SAM,-71.16782212538847,42.35629988368077
"154 NEWTON STREET, Boston, MA",SAM,-71.16940879970355,42.35584518739627
"155 NEWTON STREET, Boston, MA",SAM,-71.16786556260124,42.35627816507341
"157 NEWTON STREET, Boston, MA",SAM,-71.16790899981399,42.356256446466055
"158 NEWTON STREET, Boston, MA",SAM,-71.16965028290987,42.35594683350028
"159 NEWTON STREET, Boston, MA",SAM,-71.16795243702676,42.3562347278587
"161 NEWTON STREET, Boston, MA",SAM,-71.16799587423951,42.356213009251356
"162 NEWTON STREET, Boston, MA",SAM,-71.16974289198399,42.35603014567462
"163 NEWTON STREET, Boston, MA",SAM,-71.16803931145228,42.356191290643984
"165 NEWTON STREET, Boston, MA",SAM,-71.16808274866501,42.35616957203664
"167 NEWTON STREET, Boston, MA",SAM,-71.16812502812589,42.35614923767585
"169 NEWTON STREET, Boston, MA",SAM,-71.16816920764077,42.35612835281339
"170 NEWTON STREET, Boston, MA",SAM,-71.17020637805162,42.35602226274055
"171 NEWTON STREET, Boston, MA",SAM,-71.16821338715567,42.35610746795091
"195 NEWTON STREET, Boston, MA",SAM,-71.16877403366345,42.35595562239099
"197 NEWTON STREET, Boston, MA",SAM,-71.16882519437635,42.35594709560605
"199 NEWTON STREET, Boston, MA",SAM,-71.16886273429995,42.355946567096325
"201 NEWTON STREET, Boston, MA",SAM,-71.16891515687631,42.35594541495332
"203 NEWTON STREET, Boston, MA",SAM,-71.16896757945268,42.355944262810304
"205 NEWTON STREET, Boston, MA",SAM,-71.16902000202906,42.355943110667305
"207 NEWTON STREET, Boston, MA",SAM,-71.16907242460542,42.3559419585243
"209 NEWTON STREET, Boston, MA",SAM,-71.16912484718179,42.35594080638128
"211 NEWTON STREET, Boston, MA",SAM,-71.16917726975817,42.35593965423828
"213 NEWTON STREET, Boston, MA",SAM,-71.16921514306614,42.355938438763324
"215 NEWTON STREET, Boston, MA",SAM,-71.16926693656622,42.35594453211882
"217 NEWTON STREET, Boston, MA",SAM,-71.16931873006627,42.35595062547431
"219 NEWTON STREET, Boston, MA",SAM,-71.16937052356633,42.35595671882981
"221 NEWTON STREET, Boston, MA",SAM,-71.16942231706638,42.35596281218528
"223 NEWTON STREET, Boston, MA",SAM,-71.16945504021255,42.35597096822171
"230 NEWTON STREET, Boston, MA",SAM,-71.17115538804353,42.3560310352811
"231 NEWTON STREET, Boston, MA",SAM,-71.16956738343674,42.35605674841336
"233 NEWTON STREET, Boston, MA",SAM,-71.16959855248363,42.35608791746737
"234 NEWTON STREET, Boston, MA",SAM,-71.17116447334934,42.3560310352814
"235 NEWTON STREET, Boston, MA",SAM,-71.16962972153051,42.356119086521375
"236 NEWTON STREET, Boston, MA",SAM,-71.17116901600227,42.35603103528154
"237 NEWTON STREET, Boston, MA",SAM,-71.16974418358615,42.35614474866141
"238 NEWTON STREET, Boston, MA",SAM,-71.17117355865517,42.35603103528168
"239 NEWTON STREET, Boston, MA",SAM,-71.16979661334797,42.35614378664899
"240 NEWTON STREET, Boston, MA",SAM,-71.17117810130809,42.35603103528183
"241 NEWTON STREET, Boston, MA",SAM,-71.16984904310978,42.35614282463656
"242 NEWTON STREET, Boston, MA",SAM,-71.17118264396099,42.356031035281966
"243 NEWTON STREET, Boston, MA",SAM,-71.16990147287157,42.35614186262413
"244 NEWTON STREET, Boston, MA",SAM,-71.1711871866139,42.35603103528213
"245 NEWTON STREET, Boston, MA",SAM,-71.1699539026334,42.35614090061172
"246 NEWTON STREET, Boston, MA",SAM,-71.17119172926681,42.356031035282264
"248 NEWTON STREET, Boston, MA",SAM,-71.17119627191974,42.356031035282406
"249 NEWTON STREET, Boston, MA",SAM,-71.17005876215701,42.356138976586855
"250 NEWTON STREET, Boston, MA",SAM,-71.17120081457263,42.35603103528256
"251 NEWTON STREET, Boston, MA",SAM,-71.17011119191882,42.35613801457441
"252 NEWTON STREET, Boston, MA",SAM,-71.17120535722553,42.35603103528269
"254 NEWTON STREET, Boston, MA",SAM,-71.17120989987845,42.356031035282854
"256 NEWTON STREET, Boston, MA",SAM,-71.17121444253137,42.35603103528299
"257 NEWTON STREET, Boston, MA",SAM,-71.17026537287892,42.35613754205605
"258 NEWTON STREET, Boston, MA",SAM,-71.17121898518428,42.35603103528315
"259 NEWTON STREET, Boston, MA",SAM,-71.17031781252936,42.35613814136813
"261 NEWTON STREET, Boston, MA",SAM,-71.17037025217981,42.356138740680166
"37 NEWTON STREET, Boston, MA",SAM,-71.16383143539065,42.356693105556666
"39 NEWTON STREET, Boston, MA",SAM,-71.16390788581141,42.35672866390024
"41 NEWTON STREET, Boston, MA",SAM,-71.16398433623215,42.3567642222438
"42 NEWTON STREET, Boston, MA",SAM,-71.16409879390051,42.356682057720576
"43 NEWTON STREET, Boston, MA",SAM,-71.16406078665291,42.356799780587366
"75 NEWTON STREET, Boston, MA",SAM,-71.165466153399,42.357021770621124
"10 NIGHTINGALE STREET, Boston, MA",SAM,-71.08117018029542,42.29559207481524
"100 NIGHTINGALE STREET, Boston, MA",SAM,-71.08445079291192,42.29489844985951
"101 NIGHTINGALE STREET, Boston, MA",SAM,-71.08454922352254,42.294989008798375
"102 NIGHTINGALE STREET, Boston, MA",SAM,-71.08447999272033,42.29488634903755
"104 NIGHTINGALE STREET, Boston, MA",SAM,-71.08450919252874,42.294874248215606
"11 NIGHTINGALE STREET, Boston, MA",SAM,-71.08130051545055,42.29568413789786
"12 NIGHTINGALE STREET, Boston, MA",SAM,-71.08125886777707,42.29557376514215
"15 NIGHTINGALE STREET, Boston, MA",SAM,-71.08147789041388,42.295647518551654
"16 NIGHTINGALE STREET, Boston, MA",SAM,-71.08143624274038,42.29553714579592
"19 NIGHTINGALE STREET, Boston, MA",SAM,-71.08165474061971,42.2956116442991
"20 NIGHTINGALE STREET, Boston, MA",SAM,-71.08161458192204,42.295500970154684
"21 NIGHTINGALE STREET, Boston, MA",SAM,-71.08174367007194,42.295593989187864
"22 NIGHTINGALE STREET, Boston, MA",SAM,-71.08170351137429,42.295483315043455
"23 NIGHTINGALE STREET, Boston, MA",SAM,-71.0818325995242,42.29557633407663
"24 NIGHTINGALE STREET, Boston, MA",SAM,-71.08179244082655,42.29546565993219
"28 NIGHTINGALE STREET, Boston, MA",SAM,-71.08197029973104,42.29543034970974
"29 NIGHTINGALE STREET, Boston, MA",SAM,-71.08209938788094,42.295523368742934
"30 NIGHTINGALE STREET, Boston, MA",SAM,-71.08205922918329,42.295412694598504
"35 NIGHTINGALE STREET, Boston, MA",SAM,-71.0823661762377,42.29547040340922
"36 NIGHTINGALE STREET, Boston, MA",SAM,-71.08232601754005,42.29535972926479
"37 NIGHTINGALE STREET, Boston, MA",SAM,-71.08245510568995,42.295452748297976
"38 NIGHTINGALE STREET, Boston, MA",SAM,-71.08241494699229,42.29534207415356
"43 NIGHTINGALE STREET, Boston, MA",SAM,-71.08272189404671,42.29539978296428
"45 NIGHTINGALE STREET, Boston, MA",SAM,-71.08280773902173,42.295383121622706
"46 NIGHTINGALE STREET, Boston, MA",SAM,-71.08277402063692,42.29527127746894
"53 NIGHTINGALE STREET, Boston, MA",SAM,-71.08316721597124,42.29532382645964
"54 NIGHTINGALE STREET, Boston, MA",SAM,-71.08313349758643,42.29521198230585
"55 NIGHTINGALE STREET, Boston, MA",SAM,-71.08325432191249,42.295310197429615
"56 NIGHTINGALE STREET, Boston, MA",SAM,-71.08322654081455,42.29519746368043
"60 NIGHTINGALE STREET, Boston, MA",SAM,-71.08340770870109,42.29517303655228
"65 NIGHTINGALE STREET, Boston, MA",SAM,-71.0837097197286,42.295246269364476
"73 NIGHTINGALE STREET, Boston, MA",SAM,-71.08413697603154,42.29514872957495
"74 NIGHTINGALE STREET, Boston, MA",SAM,-71.08406908169343,42.29504572931964
"77 NIGHTINGALE STREET, Boston, MA",SAM,-71.08419619044548,42.2951273735562
"81 NIGHTINGALE STREET, Boston, MA",SAM,-71.08425540485942,42.29510601753745
"82 NIGHTINGALE STREET, Boston, MA",SAM,-71.08418942066368,42.2950023283783
"84 NIGHTINGALE STREET, Boston, MA",SAM,-71.08421950540624,42.294991478142975
"88 NIGHTINGALE STREET, Boston, MA",SAM,-71.08427559406141,42.29497105479121
"9 NIGHTINGALE STREET, Boston, MA",SAM,-71.08121182796889,42.295702447570974
"90 NIGHTINGALE STREET, Boston, MA",SAM,-71.08430479386982,42.29495895396927
"91 NIGHTINGALE STREET, Boston, MA",SAM,-71.08440554192558,42.29504855252542
"92 NIGHTINGALE STREET, Boston, MA",SAM,-71.08433399367824,42.2949468531473
"93 NIGHTINGALE STREET, Boston, MA",SAM,-71.08443427824498,42.29503664378001
"94 NIGHTINGALE STREET, Boston, MA",SAM,-71.08436319348667,42.294934752325375
"96 NIGHTINGALE STREET, Boston, MA",SAM,-71.08439239329508,42.294922651503406
"98 NIGHTINGALE STREET, Boston, MA",SAM,-71.0844215931035,42.29491055068144
"11 NIKISCH AVENUE, Boston, MA",SAM,-71.13927605021719,42.27914306806106
"19 NIKISCH AVENUE, Boston, MA",SAM,-71.13961863302526,42.27887165863711
"31 NIKISCH AVENUE, Boston, MA",SAM,-71.14000307242135,42.278544173208985
"35 NIKISCH AVENUE, Boston, MA",SAM,-71.14019895982912,42.27838432275627
"37 NIKISCH AVENUE, Boston, MA",SAM,-71.14029311109346,42.27830864977358
"39 NIKISCH AVENUE, Boston, MA",SAM,-71.14038726235778,42.27823297679092
"41 NIKISCH AVENUE, Boston, MA",SAM,-71.1404814136221,42.27815730380823
"45 NIKISCH AVENUE, Boston, MA",SAM,-71.1405954095707,42.27806746314709
"5 NIKISCH AVENUE, Boston, MA",SAM,-71.13902673361646,42.27932356846941
"9 NIKISCH AVENUE, Boston, MA",SAM,-71.1391972701683,42.27920464327487
"10 NILES STREET, Boston, MA",SAM,-71.15562222198783,42.355054305985675
"11 NILES STREET, Boston, MA",SAM,-71.15556961923996,42.354945835438016
"14 NILES STREET, Boston, MA",SAM,-71.1555868741966,42.35506067495674
"5 NILES STREET, Boston, MA",SAM,-71.15562155885156,42.354936476949916
"6 NILES STREET, Boston, MA",SAM,-71.15565756977905,42.3550479370146
"7 NILES STREET, Boston, MA",SAM,-71.15560424564771,42.354939596445945
"22 NINTH STREET, Boston, MA",SAM,-71.05233137375943,42.37595389418282
"27 NINTH STREET, Boston, MA",SAM,-71.0521778236958,42.375996444712655
"28 NINTH STREET, Boston, MA",SAM,-71.05229596071915,42.37592216206072
"33 CONSTELLATION WHARF, Boston, MA",SAM,,
"35 CONSTELLATION WHARF, Boston, MA",SAM,,
"5 NINTH STREET, Boston, MA",SAM,-71.05230635991605,42.3761116205633
"64 CONSTELLATION WHARF, Boston, MA",SAM,,
"66 CONSTELLATION WHARF, Boston, MA",SAM,,
"289 NINTH STREET, Boston, MA",SAM,-71.05181511848953,42.33254246499821
"112 NINTH STREET, Boston, MA",SAM,-71.05180017815533,42.37547791235111
"117 NINTH STREET, Boston, MA",SAM,-71.05165199370389,42.37552527077824
"119 NINTH STREET, Boston, MA",SAM,-71.05164030859295,42.37551480024637
"122 NINTH STREET, Boston, MA",SAM,-71.05174115642157,42.3754250254809
"124 NINTH STREET, Boston, MA",SAM,-71.05172935207479,42.37541444810686
"128 NINTH STREET, Boston, MA",SAM,-71.05170574338129,42.3753932933588
"132 NINTH STREET, Boston, MA",SAM,-71.05168213468778,42.37537213861072
"134 NINTH STREET, Boston, MA",SAM,-71.051670330341,42.37536156123667
"135 NINTH STREET, Boston, MA",SAM,-71.05154682770551,42.37543103599135
"137 NINTH STREET, Boston, MA",SAM,-71.05153514259456,42.37542056545947
"139 NINTH STREET, Boston, MA",SAM,-71.05152345748364,42.3754100949276
"141 NINTH STREET, Boston, MA",SAM,-71.0515117723727,42.37539962439572
"147 NINTH STREET, Boston, MA",SAM,-71.05147671703992,42.3753682128001
"148 NINTH STREET, Boston, MA",SAM,-71.05158769991371,42.375287519618404
"150 NINTH STREET, Boston, MA",SAM,-71.05157589556696,42.375276942244376
"155 NINTH STREET, Boston, MA",SAM,-71.05142997659618,42.37532633067259
"157 NINTH STREET, Boston, MA",SAM,-71.05141829148526,42.37531586014073
"159 NINTH STREET, Boston, MA",SAM,-71.05140660637431,42.37530538960883
"163 NINTH STREET, Boston, MA",SAM,-71.05138323615246,42.37528444854508
"168 NINTH STREET, Boston, MA",SAM,-71.05146965644614,42.375181745878024
"169 NINTH STREET, Boston, MA",SAM,-71.05134818081967,42.37525303694946
"170 NINTH STREET, Boston, MA",SAM,-71.05145785209939,42.37517116850398
"174 NINTH STREET, Boston, MA",SAM,-71.05143424340588,42.37515001375591
"182 NINTH STREET, Boston, MA",SAM,-71.05138702601886,42.37510770425977
"184 NINTH STREET, Boston, MA",SAM,-71.05137522167209,42.37509712688573
"188 NINTH STREET, Boston, MA",SAM,-71.05135161297856,42.37507597213765
"190 NINTH STREET, Boston, MA",SAM,-71.0513398086318,42.37506539476363
"194 NINTH STREET, Boston, MA",SAM,-71.05131619993828,42.37504424001555
"1 NINTH STREET, Boston, MA",SAM,-71.05232973013791,42.376132561627045
"202 NINTH STREET, Boston, MA",SAM,-71.0525083901662,42.333276771810695
"204 NINTH STREET, Boston, MA",SAM,-71.05247942100466,42.33325535981694
"206 NINTH STREET, Boston, MA",SAM,-71.05236999861091,42.333169492002135
"208 NINTH STREET, Boston, MA",SAM,-71.05232297973531,42.33313030959699
"210 NINTH STREET, Boston, MA",SAM,-71.0522759608597,42.33309112719184
"211 NINTH STREET, Boston, MA",SAM,-71.0522391104455,42.33288774031731
"213 NINTH STREET, Boston, MA",SAM,-71.05221853968743,42.33287059801505
"214 NINTH STREET, Boston, MA",SAM,-71.05218192310849,42.33301276238156
"215 NINTH STREET, Boston, MA",SAM,-71.05219796892936,42.332853455712815
"216 NINTH STREET, Boston, MA",SAM,-71.05213490423287,42.33297357997643
"217 NINTH STREET, Boston, MA",SAM,-71.05217739817128,42.33283631341055
"218 NINTH STREET, Boston, MA",SAM,-71.05208788535727,42.3329343975713
"221 NINTH STREET, Boston, MA",SAM,-71.05205211372115,42.33273337786651
"222 MITCHELL STREET, Boston, MA",SAM,,
"223 NINTH STREET, Boston, MA",SAM,-71.05204514327316,42.332727762782135
"224 NINTH STREET, Boston, MA",SAM,-71.05193075064871,42.33280509381474
"227 NINTH STREET, Boston, MA",SAM,-71.0520312023772,42.332716532613425
"231 NINTH STREET, Boston, MA",SAM,-71.05201726148121,42.332705302444694
"12 NIRA AVENUE, Boston, MA",SAM,-71.10809486753702,42.324867650876236
"15 NIRA AVENUE, Boston, MA",SAM,-71.10805170351175,42.324987008161294
"16 NIRA AVENUE, Boston, MA",SAM,-71.10814865312457,42.32489753176502
"18 NIRA AVENUE, Boston, MA",SAM,-71.10817554591836,42.32491247220939
"3 NIRA AVENUE, Boston, MA",SAM,-71.10789363974423,42.32489919493711
"4 NIRA AVENUE, Boston, MA",SAM,-71.1079872963619,42.32480788909865
"9 NIRA AVENUE, Boston, MA",SAM,-71.10797267162799,42.324943101549216
"12 NIXON STREET, Boston, MA",SAM,-71.06496788345491,42.29386196334305
"13 NIXON STREET, Boston, MA",SAM,-71.0651236559041,42.29384750846596
"16 NIXON STREET, Boston, MA",SAM,-71.06492308125803,42.293731682188024
"19 NIXON STREET, Boston, MA",SAM,-71.06507196818582,42.29369967838015
"20 NIXON STREET, Boston, MA",SAM,-71.06488619758218,42.29359995091499
"23 NIXON STREET, Boston, MA",SAM,-71.06504434124678,42.293600955134295
"3 NIXON STREET, Boston, MA",SAM,-71.06524081372443,42.29409371377454
"30 NIXON STREET, Boston, MA",SAM,-71.06480082423874,42.293300070728165
"31 NIXON STREET, Boston, MA",SAM,-71.06497075602167,42.29333452999485
"37 NIXON STREET, Boston, MA",SAM,-71.06492309483971,42.2931833289538
"41 NIXON STREET, Boston, MA",SAM,-71.06489132071843,42.29308252825977
"47 NIXON STREET, Boston, MA",SAM,-71.0648351517098,42.29290138045245
"48 NIXON STREET, Boston, MA",SAM,-71.06468989708554,42.292945953123926
"51 NIXON STREET, Boston, MA",SAM,-71.06482332661297,42.292862330119455
"57 NIXON STREET, Boston, MA",SAM,-71.06480558896772,42.29280375461996
"21 NOAH STREET, Boston, MA",SAM,-71.11068012051486,42.27166480745687
"24 NOAH STREET, Boston, MA",SAM,-71.11124439574274,42.27148997872413
"25 NOAH STREET, Boston, MA",SAM,-71.11072227801182,42.271659943131006
"10 NOBLE COURT, Boston, MA",SAM,-71.03448410524985,42.366482542334616
"4 NOBLE COURT, Boston, MA",SAM,-71.03447113041645,42.36649835541348
"6 NOBLE COURT, Boston, MA",SAM,-71.0344754553609,42.366493084387194
"7 NOBLE COURT, Boston, MA",SAM,-71.03461214096257,42.366547541742804
"100 NONANTUM STREET, Boston, MA",SAM,-71.17166501856047,42.34982189048087
"104 NONANTUM STREET, Boston, MA",SAM,-71.17188594445591,42.34988398998102
"105 NONANTUM STREET, Boston, MA",SAM,-71.17224337581835,42.350045240826894
"106 NONANTUM STREET, Boston, MA",SAM,-71.17199292551985,42.349903409296196
"109 NONANTUM STREET, Boston, MA",SAM,-71.17233946915184,42.350053418987166
"110 NONANTUM STREET, Boston, MA",SAM,-71.1722611141774,42.34993140177349
"111 NONANTUM STREET, Boston, MA",SAM,-71.17238751581857,42.35005750806733
"117 NONANTUM STREET, Boston, MA",SAM,-71.17252791216892,42.350072511743875
"118 NONANTUM STREET, Boston, MA",SAM,-71.17246948842232,42.34994971718043
"12 NONANTUM STREET, Boston, MA",SAM,-71.16829686439638,42.35029452703772
"121 NONANTUM STREET, Boston, MA",SAM,-71.17262346513253,42.350083622558294
"122 NONANTUM STREET, Boston, MA",SAM,-71.17257155636074,42.34996158555036
"125 NONANTUM STREET, Boston, MA",SAM,-71.17271901809616,42.35009473337269
"126 NONANTUM STREET, Boston, MA",SAM,-71.17267362429915,42.3499734539203
"129 NONANTUM STREET, Boston, MA",SAM,-71.1728145710598,42.3501058441871
"130 NONANTUM STREET, Boston, MA",SAM,-71.1727756922376,42.34998532229023
"131 NONANTUM STREET, Boston, MA",SAM,-71.17286343066952,42.35010677421288
"133 NONANTUM STREET, Boston, MA",SAM,-71.17291126302297,42.350112060949
"134 NONANTUM STREET, Boston, MA",SAM,-71.17286618218937,42.34999203648334
"135 NONANTUM STREET, Boston, MA",SAM,-71.17295909537644,42.350117347685085
"138 NONANTUM STREET, Boston, MA",SAM,-71.1729798549715,42.350003776220866
"142 NONANTUM STREET, Boston, MA",SAM,-71.17308204227207,42.350015070611626
"154 NONANTUM STREET, Boston, MA",SAM,-71.1733886041738,42.35004895378393
"158 NONANTUM STREET, Boston, MA",SAM,-71.17349079147438,42.35006024817471
"18 NONANTUM STREET, Boston, MA",SAM,-71.16843310346596,42.35012526030815
"20 NONANTUM STREET, Boston, MA",SAM,-71.16847851648916,42.35006883806494
"30 NONANTUM STREET, Boston, MA",SAM,-71.16870954347334,42.34978746839001
"32 NONANTUM STREET, Boston, MA",SAM,-71.16875612596036,42.34973156940331
"35 NONANTUM STREET, Boston, MA",SAM,-71.16909401081945,42.34966819993144
"36 NONANTUM STREET, Boston, MA",SAM,-71.16889267112992,42.349625304631964
"4 NONANTUM STREET, Boston, MA",SAM,-71.16812347368035,42.35052598647513
"40 NONANTUM STREET, Boston, MA",SAM,-71.16906504129247,42.34955173857091
"43 NONANTUM STREET, Boston, MA",SAM,-71.16944266863642,42.349549722236794
"45 NONANTUM STREET, Boston, MA",SAM,-71.16953240023093,42.34952267983807
"48 NONANTUM STREET, Boston, MA",SAM,-71.16939159957852,42.34944136041537
"49 NONANTUM STREET, Boston, MA",SAM,-71.16971186341993,42.34946859504059
"52 NONANTUM STREET, Boston, MA",SAM,-71.16955610750176,42.34939178268435
"55 NONANTUM STREET, Boston, MA",SAM,-71.16996377566171,42.34944265023675
"56 NONANTUM STREET, Boston, MA",SAM,-71.16974076380762,42.34934737931655
"60 NONANTUM STREET, Boston, MA",SAM,-71.16993369803963,42.349326342309695
"64 NONANTUM STREET, Boston, MA",SAM,-71.17011097187553,42.34933498982079
"68 NONANTUM STREET, Boston, MA",SAM,-71.17029717488855,42.349368188756415
"73 NONANTUM STREET, Boston, MA",SAM,-71.17075600658848,42.34963662620563
"75 NONANTUM STREET, Boston, MA",SAM,-71.17084309552403,42.34966803533771
"77 NONANTUM STREET, Boston, MA",SAM,-71.17093018445962,42.349699444469806
"8 NONANTUM STREET, Boston, MA",SAM,-71.168208973004,42.35041089122761
"80 NONANTUM STREET, Boston, MA",SAM,-71.17080223499674,42.34952579058384
"81 NONANTUM STREET, Boston, MA",SAM,-71.17110698191468,42.3497622224402
"83 NONANTUM STREET, Boston, MA",SAM,-71.1711953182667,42.34979166789833
"84 NONANTUM STREET, Boston, MA",SAM,-71.17096189804525,42.34958337399268
"87 LETITIA WAY, Boston, MA",SAM,-71.17169429396827,42.349393909312184
"88 NONANTUM STREET, Boston, MA",SAM,-71.1711215610938,42.349640957401526
"91 NONANTUM STREET, Boston, MA",SAM,-71.17160271033012,42.34992682245437
"92 NONANTUM STREET, Boston, MA",SAM,-71.17128115185162,42.34969457117356
"95 NONANTUM STREET, Boston, MA",SAM,-71.17175941627269,42.349973328132315
"11 NONQUIT STREET, Boston, MA",SAM,-71.06814404819448,42.31818488256386
"14 NONQUIT STREET, Boston, MA",SAM,-71.06802715765774,42.318106444686876
"15 NONQUIT STREET, Boston, MA",SAM,-71.068171722245,42.31815119241402
"16 NONQUIT STREET, Boston, MA",SAM,-71.06804128295434,42.31808924867287
"17 NONQUIT STREET, Boston, MA",SAM,-71.06818555927025,42.31813434733909
"18 NONQUIT STREET, Boston, MA",SAM,-71.06805540825096,42.31807205265889
"19 NONQUIT STREET, Boston, MA",SAM,-71.06819939629553,42.31811750226417
"20 NONQUIT STREET, Boston, MA",SAM,-71.06806953354759,42.31805485664491
"21 NONQUIT STREET, Boston, MA",SAM,-71.06821323332079,42.31810065718924
"22 NONQUIT STREET, Boston, MA",SAM,-71.0680836588442,42.31803766063092
"23 NONQUIT STREET, Boston, MA",SAM,-71.06822707034603,42.318083812114324
"24 NONQUIT STREET, Boston, MA",SAM,-71.06809778414082,42.31802046461693
"25 NONQUIT STREET, Boston, MA",SAM,-71.06824090737129,42.31806696703938
"27 NONQUIT STREET, Boston, MA",SAM,-71.06825474439655,42.31805012196447
"29 NONQUIT STREET, Boston, MA",SAM,-71.06826858142182,42.31803327688954
"2 NORCROSS PLACE, Boston, MA",SAM,-71.0363650485151,42.331516509514834
"3 NORCROSS PLACE, Boston, MA",SAM,-71.03652018710685,42.331513843046785
"5 NORCROSS PLACE, Boston, MA",SAM,-71.0365206996264,42.33151922450625
"6 NORCROSS PLACE, Boston, MA",SAM,-71.03636609490921,42.33152749666125
"109 NORFOLK AVENUE, Boston, MA",SAM,-71.07257933821914,42.32735448312494
"112 NORFOLK AVENUE, Boston, MA",SAM,-71.07211611520306,42.327184979731925
"124 NORFOLK AVENUE, Boston, MA",SAM,-71.0714887653842,42.32676599893373
"159 NORFOLK AVENUE, Boston, MA",SAM,-71.07011951765064,42.32571057972456
"166 NORFOLK AVENUE, Boston, MA",SAM,-71.0691963405618,42.32517804148607
"173 NORFOLK AVENUE, Boston, MA",SAM,-71.06957220488911,42.32530950378158
"175 NORFOLK AVENUE, Boston, MA",SAM,-71.06951874517281,42.325265590433325
"176 NORFOLK AVENUE, Boston, MA",SAM,-71.06902577458014,42.3250341404934
"179 NORFOLK AVENUE, Boston, MA",SAM,-71.06940960756937,42.32517672752277
"182 NORFOLK AVENUE, Boston, MA",SAM,-71.06868856357873,42.32468628064396
"184 NORFOLK AVENUE, Boston, MA",SAM,-71.06859891772271,42.32459052982943
"196 NORFOLK AVENUE, Boston, MA",SAM,-71.06853465867887,42.324519434700676
"197 NORFOLK AVENUE, Boston, MA",SAM,-71.06910357945475,42.32491769237155
"199 NORFOLK AVENUE, Boston, MA",SAM,-71.0690939448547,42.324907753518715
"20 NORFOLK AVENUE, Boston, MA",SAM,-71.07450350261799,42.32881720686797
"202 NORFOLK AVENUE, Boston, MA",SAM,-71.06850252915694,42.32448388713628
"245 NORFOLK AVENUE, Boston, MA",SAM,-71.06887234905378,42.32467915990335
"262 NORFOLK AVENUE, Boston, MA",SAM,-71.0680951152223,42.32404981651461
"273 NORFOLK AVENUE, Boston, MA",SAM,-71.067835314304,42.323548466985095
"279 NORFOLK AVENUE, Boston, MA",SAM,-71.06768118149238,42.32338299566565
"29 NORFOLK AVENUE, Boston, MA",SAM,-71.07441376661399,42.3285958551563
"299 NORFOLK AVENUE, Boston, MA",SAM,-71.06701314818095,42.322608703412286
"305 NORFOLK AVENUE, Boston, MA",SAM,-71.06685991339107,42.322431383180884
"309 NORFOLK AVENUE, Boston, MA",SAM,-71.06679031972449,42.3223516404194
"311 NORFOLK AVENUE, Boston, MA",SAM,-71.0667555228912,42.32231176903867
"315 NORFOLK AVENUE, Boston, MA",SAM,-71.0666859292246,42.3222320262772
"316 NORFOLK AVENUE, Boston, MA",SAM,-71.06674246790429,42.322508159815605
"317 NORFOLK AVENUE, Boston, MA",SAM,-71.06665113239131,42.32219215489645
"32 NORFOLK AVENUE, Boston, MA",SAM,-71.07425328014588,42.328641124348096
"320 NORFOLK AVENUE, Boston, MA",SAM,-71.0667282651152,42.32249188578265
"321 NORFOLK AVENUE, Boston, MA",SAM,-71.06658153872475,42.32211241213498
"323 NORFOLK AVENUE, Boston, MA",SAM,-71.06649822094974,42.32201624166296
"325 NORFOLK AVENUE, Boston, MA",SAM,-71.06648322039837,42.32199879915732
"327 NORFOLK AVENUE, Boston, MA",SAM,-71.06646821984701,42.32198135665168
"329 NORFOLK AVENUE, Boston, MA",SAM,-71.06645321929564,42.32196391414604
"331 NORFOLK AVENUE, Boston, MA",SAM,-71.0664382187443,42.321946471640395
"333 NORFOLK AVENUE, Boston, MA",SAM,-71.06642321819294,42.32192902913476
"335 NORFOLK AVENUE, Boston, MA",SAM,-71.06640821764157,42.3219115866291
"337 NORFOLK AVENUE, Boston, MA",SAM,-71.06639321709021,42.321894144123455
"341 NORFOLK AVENUE, Boston, MA",SAM,-71.0663632159875,42.32185925911218
"36 NORFOLK AVENUE, Boston, MA",SAM,-71.07417077140538,42.32858494927691
"38 NORFOLK AVENUE, Boston, MA",SAM,-71.074127580691,42.328556802512864
"51 NORFOLK AVENUE, Boston, MA",SAM,-71.07394977732724,42.32828817444709
"86 NORFOLK AVENUE, Boston, MA",SAM,-71.0730959452463,42.32787534648959
"89 NORFOLK AVENUE, Boston, MA",SAM,-71.07315430873767,42.32775928701829
"102 NORFOLK STREET, Boston, MA",SAM,-71.07558068386983,42.28854549939049
"110 NORFOLK STREET, Boston, MA",SAM,-71.0763612367088,42.28826444277844
"115 NORFOLK STREET, Boston, MA",SAM,-71.07702146217422,42.28824443667192
"116 NORFOLK STREET, Boston, MA",SAM,-71.07649067962473,42.288235699841195
"118 NORFOLK STREET, Boston, MA",SAM,-71.07653372241995,42.288226429085505
"125 NORFOLK STREET, Boston, MA",SAM,-71.07756806061445,42.28812614613048
"129 NORFOLK STREET, Boston, MA",SAM,-71.07762577532876,42.28810965621194
"138 NORFOLK STREET, Boston, MA",SAM,-71.07771425395393,42.287961535704596
"140 NORFOLK STREET, Boston, MA",SAM,-71.07782441884181,42.28791365182816
"142 NORFOLK STREET, Boston, MA",SAM,-71.07795956442847,42.28782552121846
"146 NORFOLK STREET, Boston, MA",SAM,-71.07819040444684,42.28763445568374
"15 NORFOLK STREET, Boston, MA",SAM,-71.09131680929512,42.328743881515024
"150 NORFOLK STREET, Boston, MA",SAM,-71.0783068276076,42.28753743637812
"151 NORFOLK STREET, Boston, MA",SAM,-71.07830624478811,42.28771053047972
"156 NORFOLK STREET, Boston, MA",SAM,-71.07848146234875,42.287391907419696
"165 NORFOLK STREET, Boston, MA",SAM,-71.07920776603912,42.2868498865184
"170 NORFOLK STREET, Boston, MA",SAM,-71.07907938154922,42.28678577246658
"172 NORFOLK STREET, Boston, MA",SAM,-71.07916642188354,42.28669074269463
"174 NORFOLK STREET, Boston, MA",SAM,-71.07919047955777,42.2866645746969
"179 NORFOLK STREET, Boston, MA",SAM,-71.07946509423857,42.28656963181481
"180 NORFOLK STREET, Boston, MA",SAM,-71.07926265258044,42.28658607070374
"183 NORFOLK STREET, Boston, MA",SAM,-71.07952314570697,42.28650427589898
"191 NORFOLK STREET, Boston, MA",SAM,-71.07968223043635,42.2863173557848
"193 NORFOLK STREET, Boston, MA",SAM,-71.07970419980516,42.286295386414935
"197 NORFOLK STREET, Boston, MA",SAM,-71.07974813854283,42.28625144767517
"199 NORFOLK STREET, Boston, MA",SAM,-71.07977010791167,42.28622947830528
"200 NORFOLK STREET, Boston, MA",SAM,-71.07973686605816,42.28606929975517
"204 NORFOLK STREET, Boston, MA",SAM,-71.07992021216214,42.28588294796847
"206 NORFOLK STREET, Boston, MA",SAM,-71.08001037923898,42.28579041823863
"207 NORFOLK STREET, Boston, MA",SAM,-71.08013644053871,42.28585700479947
"209 NORFOLK STREET, Boston, MA",SAM,-71.08020731388252,42.28578356976507
"215 NORFOLK STREET, Boston, MA",SAM,-71.08041993391394,42.285563264661924
"217 NORFOLK STREET, Boston, MA",SAM,-71.08050600215003,42.28545814169582
"225 NORFOLK STREET, Boston, MA",SAM,-71.08066569216109,42.28520687001781
"229 NORFOLK STREET, Boston, MA",SAM,-71.08072467327382,42.285079077607236
"234 NORFOLK STREET, Boston, MA",SAM,-71.08063955774342,42.28486708001548
"235 NORFOLK STREET, Boston, MA",SAM,-71.08079063928035,42.284892346144
"238 NORFOLK STREET, Boston, MA",SAM,-71.08064820409953,42.28483878285177
"239 NORFOLK STREET, Boston, MA",SAM,-71.08081225517064,42.2848216032347
"240 NORFOLK STREET, Boston, MA",SAM,-71.08065252727758,42.28482463426988
"241 NORFOLK STREET, Boston, MA",SAM,-71.0808230631158,42.28478623178004
"245 NORFOLK STREET, Boston, MA",SAM,-71.09822835248102,42.36997938477194
"247 NORFOLK STREET, Boston, MA",SAM,-71.08087491122262,42.284648482217094
"251 NORFOLK STREET, Boston, MA",SAM,-71.08100839752926,42.28442193745287
"253 NORFOLK STREET, Boston, MA",SAM,-71.08112346228525,42.28433815322456
"259 NORFOLK STREET, Boston, MA",SAM,-71.08136601311449,42.28423463838388
"26 NORFOLK STREET, Boston, MA",SAM,-71.09138065498144,42.32889220123307
"262 NORFOLK STREET, Boston, MA",SAM,-71.08132488567786,42.284120259239856
"265 NORFOLK STREET, Boston, MA",SAM,-71.08153331072752,42.28417604975849
"270 NORFOLK STREET, Boston, MA",SAM,-71.08153538272396,42.284049673494
"272 NORFOLK STREET, Boston, MA",SAM,-71.0815864826726,42.28403264017739
"274 NORFOLK STREET, Boston, MA",SAM,-71.08172424723473,42.2839846478605
"278 NORFOLK STREET, Boston, MA",SAM,-71.08222874006725,42.28380119591609
"288 NORFOLK STREET, Boston, MA",SAM,-71.08260409888595,42.28365353078362
"295 NORFOLK STREET, Boston, MA",SAM,-71.08310704638978,42.28358637223724
"296 NORFOLK STREET, Boston, MA",SAM,-71.08284449986218,42.28355737038975
"299 NORFOLK STREET, Boston, MA",SAM,-71.08322044156763,42.28354425402704
"300 NORFOLK STREET, Boston, MA",SAM,-71.0829677689247,42.2835098816832
"302 NORFOLK STREET, Boston, MA",SAM,-71.08302882786661,42.28348720264697
"308 NORFOLK STREET, Boston, MA",SAM,-71.08327772259256,42.28338809150344
"32 NORFOLK STREET, Boston, MA",SAM,-71.09129990630551,42.32886444386875
"341 NORFOLK STREET, Boston, MA",SAM,-71.08481162562454,42.28291323376193
"343 NORFOLK STREET, Boston, MA",SAM,-71.08483966687344,42.28290165543938
"345 NORFOLK STREET, Boston, MA",SAM,-71.08486770812229,42.282890077116846
"35 NORFOLK STREET, Boston, MA",SAM,-71.09067378451954,42.328520473361465
"351 NORFOLK STREET, Boston, MA",SAM,-71.08494891782428,42.28285702844664
"352 NORFOLK STREET, Boston, MA",SAM,-71.0847922241281,42.28279001493217
"353 NORFOLK STREET, Boston, MA",SAM,-71.08497766349845,42.282846437934786
"354 NORFOLK STREET, Boston, MA",SAM,-71.08484830662587,42.282766858287076
"355 NORFOLK STREET, Boston, MA",SAM,-71.08500640917262,42.28283584742292
"36 NORFOLK STREET, Boston, MA",SAM,-71.09124607385488,42.32884593895919
"360 NORFOLK STREET, Boston, MA",SAM,-71.08502360247333,42.28270149956779
"368 NORFOLK STREET, Boston, MA",SAM,-71.08525356786676,42.282616775472945
"376 NORFOLK STREET, Boston, MA",SAM,-71.08554817102655,42.282504665505655
"378 NORFOLK STREET, Boston, MA",SAM,-71.0855985852598,42.28248502359595
"382 NORFOLK STREET, Boston, MA",SAM,-71.08569941372627,42.28244573977655
"383 NORFOLK STREET, Boston, MA",SAM,-71.08551951330746,42.2826453406118
"387 NORFOLK STREET, Boston, MA",SAM,-71.0856833595655,42.282581504405236
"392 NORFOLK STREET, Boston, MA",SAM,-71.08595352995069,42.28234908017576
"393 NORFOLK STREET, Boston, MA",SAM,-71.08592912732495,42.28248711045042
"396 NORFOLK STREET, Boston, MA",SAM,-71.08604731488424,42.28230907093916
"400 NORFOLK STREET, Boston, MA",SAM,-71.08620543399559,42.28222534498592
"401 NORFOLK STREET, Boston, MA",SAM,-71.08631188444855,42.28230858339474
"412 NORFOLK STREET, Boston, MA",SAM,-71.0864875969226,42.2819939421372
"420 NORFOLK STREET, Boston, MA",SAM,-71.0866694558025,42.281828615874474
"422 NORFOLK STREET, Boston, MA",SAM,-71.08676997452375,42.28173955449768
"431 NORFOLK STREET, Boston, MA",SAM,-71.0874576339647,42.281247751743216
"434 NORFOLK STREET, Boston, MA",SAM,-71.08736823064216,42.281141873688746
"436 NORFOLK STREET, Boston, MA",SAM,-71.08740627802423,42.28110110863464
"44 NORFOLK STREET, Boston, MA",SAM,-71.09113840895365,42.32880892914012
"440 NORFOLK STREET, Boston, MA",SAM,-71.0874823727884,42.28101957852643
"447 NORFOLK STREET, Boston, MA",SAM,-71.08771154878288,42.28097699089848
"448 NORFOLK STREET, Boston, MA",SAM,-71.08763683936978,42.2808568288881
"449 NORFOLK STREET, Boston, MA",SAM,-71.08774382251968,42.28094331395414
"451 NORFOLK STREET, Boston, MA",SAM,-71.08777609625649,42.28090963700983
"452 NORFOLK STREET, Boston, MA",SAM,-71.08771429633809,42.28077600422173
"462 NORFOLK STREET, Boston, MA",SAM,-71.08790793875892,42.28057394255575
"464 NORFOLK STREET, Boston, MA",SAM,-71.08799614927075,42.28048064355275
"465 NORFOLK STREET, Boston, MA",SAM,-71.08800201241411,42.28067389839953
"466 NORFOLK STREET, Boston, MA",SAM,-71.08804593969131,42.28042726000662
"468 NORFOLK STREET, Boston, MA",SAM,-71.08809573011186,42.28037387646047
"469 NORFOLK STREET, Boston, MA",SAM,-71.08812362629482,42.280545726719915
"47 NORFOLK STREET, Boston, MA",SAM,-71.09030965872468,42.328382908036296
"471 NORFOLK STREET, Boston, MA",SAM,-71.08819333288356,42.280470989755344
"472 NORFOLK STREET, Boston, MA",SAM,-71.08819531095297,42.280267109368204
"475 NORFOLK STREET, Boston, MA",SAM,-71.08833274606113,42.28032151582615
"477 NORFOLK STREET, Boston, MA",SAM,-71.0884024526499,42.28024677886157
"48 NORFOLK STREET, Boston, MA",SAM,-71.09108457650304,42.32879042423057
"480 NORFOLK STREET, Boston, MA",SAM,-71.08857040920364,42.27987729616326
"481 NORFOLK STREET, Boston, MA",SAM,-71.08856071794138,42.28008036104711
"487 NORFOLK STREET, Boston, MA",SAM,-71.08876485255546,42.27987442891803
"494 NORFOLK STREET, Boston, MA",SAM,-71.08894747909063,42.27949433454108
"495 NORFOLK STREET, Boston, MA",SAM,-71.08904188349284,42.279593069358874
"498 NORFOLK STREET, Boston, MA",SAM,-71.08905521334405,42.279384916934745
"50 NORFOLK STREET, Boston, MA",SAM,-71.0910576602777,42.32878117177581
"502 NORFOLK STREET, Boston, MA",SAM,-71.08919681966074,42.27923829088326
"506 NORFOLK STREET, Boston, MA",SAM,-71.08930053770217,42.27912992874536
"507 NORFOLK STREET, Boston, MA",SAM,-71.08943989806096,42.279182608708005
"510 NORFOLK STREET, Boston, MA",SAM,-71.0894035115689,42.279022268573975
"511 NORFOLK STREET, Boston, MA",SAM,-71.08955241374538,42.279064210573345
"515 NORFOLK STREET, Boston, MA",SAM,-71.08966229398978,42.27894553990399
"523 NORFOLK STREET, Boston, MA",SAM,-71.08989075481892,42.278717416695784
"526 NORFOLK STREET, Boston, MA",SAM,-71.08982869409223,42.278590154107455
"529 NORFOLK STREET, Boston, MA",SAM,-71.09010242768026,42.27853482539771
"530 NORFOLK STREET, Boston, MA",SAM,-71.09002891132957,42.27842564117346
"533 NORFOLK STREET, Boston, MA",SAM,-71.0902131375794,42.278449655148385
"537 NORFOLK STREET, Boston, MA",SAM,-71.09032686950971,42.27836483811119
"541 NORFOLK STREET, Boston, MA",SAM,-71.09044060144005,42.27828002107401
"551 NORFOLK STREET, Boston, MA",SAM,-71.09073942415094,42.2780848741521
"555 NORFOLK STREET, Boston, MA",SAM,-71.09086049066633,42.27800581030128
"566 NORFOLK STREET, Boston, MA",SAM,-71.09138304066288,42.277511818803625
"567 NORFOLK STREET, Boston, MA",SAM,-71.09151277873235,42.27757994297076
"568 NORFOLK STREET, Boston, MA",SAM,-71.09142395319817,42.27748511200838
"569 NORFOLK STREET, Boston, MA",SAM,-71.09169006638538,42.27746421352469
"570 NORFOLK STREET, Boston, MA",SAM,-71.09146486573347,42.27745840521312
"571 NORFOLK STREET, Boston, MA",SAM,-71.09180638815657,42.277381508429265
"573 NORFOLK STREET, Boston, MA",SAM,-71.09194988533909,42.27727041383059
"574 NORFOLK STREET, Boston, MA",SAM,-71.0915466908041,42.27740499162264
"578 NORFOLK STREET, Boston, MA",SAM,-71.09169442325812,42.277302335903464
"581 NORFOLK STREET, Boston, MA",SAM,-71.09228043339917,42.276970276540375
"585 NORFOLK STREET, Boston, MA",SAM,-71.09235529520316,42.2768787787762
"586 NORFOLK STREET, Boston, MA",SAM,-71.09180922100411,42.277213460224544
"589 NORFOLK STREET, Boston, MA",SAM,-71.09243015700713,42.27678728101205
"6 NORFOLK STREET, Boston, MA",SAM,-71.09165885508976,42.328981897257584
"60 NORFOLK STREET, Boston, MA",SAM,-71.09092307915117,42.32873490950195
"600 NORFOLK STREET, Boston, MA",SAM,-71.09206372561461,42.27698773830587
"604 NORFOLK STREET, Boston, MA",SAM,-71.09216458140529,42.27689060004464
"608 NORFOLK STREET, Boston, MA",SAM,-71.09225607916571,42.27677876944401
"612 NORFOLK STREET, Boston, MA",SAM,-71.09234778225733,42.276666913181735
"620 NORFOLK STREET, Boston, MA",SAM,-71.09264732216634,42.276421533725006
"64 NORFOLK STREET, Boston, MA",SAM,-71.09086924670055,42.3287164045924
"68 NORFOLK STREET, Boston, MA",SAM,-71.09081541424993,42.32869789968285
"95 NORFOLK STREET, Boston, MA",SAM,-71.08986975095969,42.328180425974566
"19 NORFOLK STREET, Boston, MA",SAM,-71.09118761141362,42.32869946973212
"23 NORFOLK STREET, Boston, MA",SAM,-71.09105841353214,42.32865505794921
"25 NORFOLK STREET, Boston, MA",SAM,-71.09099381459139,42.32863285205776
"27 NORFOLK STREET, Boston, MA",SAM,-71.09092921565065,42.328610646166304
"30 NORFOLK STREET, Boston, MA",SAM,-71.09132682253082,42.328873696323505
"38 NORFOLK STREET, Boston, MA",SAM,-71.09121915762958,42.32883668650443
"40 NORFOLK STREET, Boston, MA",SAM,-71.09119224140426,42.32882743404966
"4 NORFOLK TERRACE, Boston, MA",SAM,-71.08014596598704,42.285860799516925
"5 NORFOLK TERRACE, Boston, MA",SAM,-71.0800673146624,42.285959881684455
"6 NORFOLK TERRACE, Boston, MA",SAM,-71.08015578002741,42.28586581722294
"12 NORMANDY STREET, Boston, MA",SAM,-71.07767095845387,42.31178246789216
"15 NORMANDY STREET, Boston, MA",SAM,-71.07807094257038,42.31157157438381
"16 NORMANDY STREET, Boston, MA",SAM,-71.0778183475966,42.31163933774975
"18 NORMANDY STREET, Boston, MA",SAM,-71.07790525900465,42.31154890518617
"19 NORMANDY STREET, Boston, MA",SAM,-71.07814419024993,42.31149006568409
"190 NORMANDY STREET, Boston, MA",SAM,-71.08251047254895,42.30628078766708
"195 NORMANDY STREET, Boston, MA",SAM,-71.08272568364153,42.306197591540865
"20 NORMANDY STREET, Boston, MA",SAM,-71.07797850668422,42.31146739648645
"22 NORMANDY STREET, Boston, MA",SAM,-71.07805175436377,42.311385887786756
"23 NORMANDY STREET, Boston, MA",SAM,-71.07821743792951,42.31140855698438
"250 NORMANDY STREET, Boston, MA",SAM,-71.08371206715594,42.304157760685484
"251 NORMANDY STREET, Boston, MA",SAM,-71.08385878013596,42.304194609063345
"255 NORMANDY STREET, Boston, MA",SAM,-71.08388158872471,42.30414493702579
"258 NORMANDY STREET, Boston, MA",SAM,-71.08375768433342,42.30405841661035
"259 NORMANDY STREET, Boston, MA",SAM,-71.08390439731342,42.304095264988234
"262 NORMANDY STREET, Boston, MA",SAM,-71.08378049292217,42.30400874457279
"263 NORMANDY STREET, Boston, MA",SAM,-71.08392720590219,42.30404559295065
"266 NORMANDY STREET, Boston, MA",SAM,-71.08380330151093,42.30395907253521
"267 NORMANDY STREET, Boston, MA",SAM,-71.08395001449094,42.30399592091309
"268 NORMANDY STREET, Boston, MA",SAM,-71.08381256870774,42.303936536239554
"271 NORMANDY STREET, Boston, MA",SAM,-71.08397126847983,42.303943092347325
"275 NORMANDY STREET, Boston, MA",SAM,-71.08399092581101,42.303892688935214
"279 NORMANDY STREET, Boston, MA",SAM,-71.08401058314217,42.30384228552312
"3 NORMANDY STREET, Boston, MA",SAM,-71.07752493556735,42.312108670503214
"36 NORMANDY STREET, Boston, MA",SAM,-71.07852850072756,42.310855635375546
"43 NORMANDY STREET, Boston, MA",SAM,-71.07863285224023,42.310946456965354
"5 NORMANDY STREET, Boston, MA",SAM,-71.07762806159043,42.312009634328476
"61 NORMANDY STREET, Boston, MA",SAM,-71.07924483814465,42.310298597868545
"63 NORMANDY STREET, Boston, MA",SAM,-71.07928390366507,42.31025970039651
"93 NORMANDY STREET, Boston, MA",SAM,-71.0799508588752,42.309649641895916
"94 NORMANDY STREET, Boston, MA",SAM,-71.07998545388506,42.30943239153947
"96 NORMANDY STREET, Boston, MA",SAM,-71.08001422539861,42.30940545650415
"12 NORRIS ROAD, Boston, MA",SAM,-71.11179965234084,42.254447898856924
"16 NORRIS ROAD, Boston, MA",SAM,-71.11183768553876,42.2544280554484
"19 NORRIS ROAD, Boston, MA",SAM,-71.11196142387324,42.25450369522173
"23 NORRIS ROAD, Boston, MA",SAM,-71.11199868088346,42.25448425678069
"8 NORRIS ROAD, Boston, MA",SAM,-71.11176161914291,42.254467742265454
"9 NORRIS ROAD, Boston, MA",SAM,-71.1118682813477,42.25455229132422
"10 NORTH AVENUE, Boston, MA",SAM,-71.07265894956689,42.32197002502617
"11 NORTH AVENUE, Boston, MA",SAM,-71.07275054144641,42.32206491079733
"12 NORTH AVENUE, Boston, MA",SAM,,
"13 NORTH AVENUE, Boston, MA",SAM,-71.07277918056391,42.32205506610046
"15 NORTH AVENUE, Boston, MA",SAM,-71.0728078196814,42.32204522140356
"16 NORTH AVENUE, Boston, MA",SAM,-71.07274665686423,42.32193987564197
"2 NORTH AVENUE, Boston, MA",SAM,-71.07254200650375,42.32201022420513
"4 NORTH AVENUE, Boston, MA",SAM,-71.07257124226956,42.32200017441039
"6 NORTH AVENUE, Boston, MA",SAM,-71.07260047803533,42.321990124615645
"8 NORTH AVENUE, Boston, MA",SAM,-71.0726297138011,42.32198007482092
"9 NORTH AVENUE, Boston, MA",SAM,-71.0727219023289,42.32207475549423
"12 NORTH SQUARE, Boston, MA",SAM,-71.05314711498083,42.363841317732785
"14 NORTH SQUARE, Boston, MA",SAM,-71.05315543001207,42.363836586766496
"15 NORTH SQUARE, Boston, MA",SAM,-71.05363037677968,42.36380418813013
"16 NORTH SQUARE, Boston, MA",SAM,-71.0531637450433,42.36383185580021
"19 NORTH SQUARE, Boston, MA",SAM,-71.05366506932717,42.363719800853765
"2 NORTH SQUARE, Boston, MA",SAM,-71.05310553982467,42.36386497256418
"27 NORTH SQUARE, Boston, MA",SAM,-71.05576911247256,42.360728386780075
"29 NORTH SQUARE, Boston, MA",SAM,-71.0557578188223,42.36073707420379
"33 NORTH SQUARE, Boston, MA",SAM,-71.05370999898342,42.36362489674018
"37 NORTH SQUARE, Boston, MA",SAM,-71.05370999898342,42.36362489674018
"5 NORTH SQUARE, Boston, MA",SAM,-71.05354364541095,42.36401515632098
"9 NORTH SQUARE, Boston, MA",SAM,-71.05357833795844,42.36393076904464
"128 NORTH STREET, Boston, MA",SAM,-71.05454797966166,42.362534244942026
"149 NORTH STREET, Boston, MA",SAM,-71.0542717110538,42.36271834497711
"150 NORTH STREET, Boston, MA",SAM,-71.05439081774378,42.36280087525354
"157 NORTH STREET, Boston, MA",SAM,-71.05420425752536,42.36282139559394
"163 NORTH STREET, Boston, MA",SAM,-71.05415160107933,42.36290038026536
"175 NORTH STREET, Boston, MA",SAM,-71.05396740137553,42.36310360622088
"176 NORTH STREET, Boston, MA",SAM,-71.05408270359548,42.36318024115525
"183 NORTH STREET, Boston, MA",SAM,-71.0537213497776,42.363279674234114
"201 NORTH STREET, Boston, MA",SAM,-71.0526438750501,42.36344226848417
"212 NORTH STREET, Boston, MA",SAM,-71.05322650110551,42.36348522835067
"216 NORTH STREET, Boston, MA",SAM,-71.05316796222658,42.363490858578146
"220 NORTH STREET, Boston, MA",SAM,-71.05311636366189,42.363493893786604
"225 WILLIAM F MCCLELLAN HIGHWAY, Boston, MA",SAM,-71.01761890369002,42.387583338147294
"229 NORTH STREET, Boston, MA",SAM,-71.05262582701722,42.36344511817337
"240 NORTH STREET, Boston, MA",SAM,-71.0526633929092,42.36355636530708
"244 NORTH STREET, Boston, MA",SAM,-71.05265694718318,42.36355738305323
"247 NORTH STREET, Boston, MA",SAM,-71.05223317536414,42.363539189195
"248 NORTH STREET, Boston, MA",SAM,-71.05249398715131,42.363588180323795
"256 NORTH STREET, Boston, MA",SAM,-71.05242179593023,42.3636036498708
"258 NORTH STREET, Boston, MA",SAM,-71.05240374812497,42.36360751725755
"261 NORTH STREET, Boston, MA",SAM,-71.05195909118883,42.36372150346757
"263 NORTH STREET, Boston, MA",SAM,-71.05194497534225,42.363739148276515
"267 NORTH STREET, Boston, MA",SAM,-71.05191674364912,42.36377443789434
"270 NORTH STREET, Boston, MA",SAM,-71.05232532849556,42.3636313655435
"271 NORTH STREET, Boston, MA",SAM,-71.05188851195598,42.363809727512184
"275 NORTH STREET, Boston, MA",SAM,-71.05186028026284,42.36384501713003
"278 NORTH STREET, Boston, MA",SAM,-71.0522643811083,42.363663870818264
"279 NORTH STREET, Boston, MA",SAM,-71.05182793457833,42.36388624924135
"292 NORTH STREET, Boston, MA",SAM,-71.051864219076,42.36411798690729
"293 NORTH STREET, Boston, MA",SAM,-71.05171280914988,42.3644801760062
"296 NORTH STREET, Boston, MA",SAM,-71.0518521454276,42.36415420785075
"298 NORTH STREET, Boston, MA",SAM,-71.05184993478352,42.36425152198347
"301 NORTH STREET, Boston, MA",SAM,-71.05171141242279,42.364580739951194
"302 NORTH STREET, Boston, MA",SAM,-71.05186126269929,42.36437554710309
"303 NORTH STREET, Boston, MA",SAM,-71.051711063241,42.364605880937425
"305 NORTH STREET, Boston, MA",SAM,-71.05171071405923,42.36463102192368
"307 NORTH STREET, Boston, MA",SAM,-71.05171036487745,42.36465616290991
"308 NORTH STREET, Boston, MA",SAM,-71.0518680489646,42.36446992418017
"334 NORTH STREET, Boston, MA",SAM,-71.05185649633698,42.36501564765441
"341 NORTH STREET, Boston, MA",SAM,-71.05151296135911,42.365564053446725
"342 NORTH STREET, Boston, MA",SAM,-71.05183944100449,42.36515209026936
"350 NORTH STREET, Boston, MA",SAM,-71.05178126361565,42.36538082590859
"372 NORTH STREET, Boston, MA",SAM,-71.05150502925412,42.365867801244434
"374 NORTH STREET, Boston, MA",SAM,-71.05149197807053,42.36588868313871
"378 NORTH STREET, Boston, MA",SAM,-71.05146587570337,42.36593044692723
"382 NORTH STREET, Boston, MA",SAM,-71.05140286896801,42.36605028012414
"10 NORTHAMPTON STREET, Boston, MA",SAM,-71.07507070159089,42.333412015848545
"155 NORTHAMPTON STREET, Boston, MA",SAM,-71.07833539416532,42.33665995005462
"175 NORTHAMPTON STREET, Boston, MA",SAM,-71.07888457043195,42.33710723988524
"208 NORTHAMPTON STREET, Boston, MA",SAM,-71.08001380466573,42.33785611391447
"210 NORTHAMPTON STREET, Boston, MA",SAM,-71.0800639926098,42.337899796023784
"212 NORTHAMPTON STREET, Boston, MA",SAM,-71.08011418055388,42.337943478133106
"214 NORTHAMPTON STREET, Boston, MA",SAM,-71.08016436849795,42.33798716024243
"216 NORTHAMPTON STREET, Boston, MA",SAM,-71.08021455644204,42.338030842351756
"218 NORTHAMPTON STREET, Boston, MA",SAM,-71.08026474438611,42.33807452446107
"220 NORTHAMPTON STREET, Boston, MA",SAM,-71.08031493233021,42.338118206570385
"222 NORTHAMPTON STREET, Boston, MA",SAM,-71.08036512027428,42.338161888679714
"224 NORTHAMPTON STREET, Boston, MA",SAM,-71.08041530821833,42.338205570789036
"225 NORTHAMPTON STREET, Boston, MA",SAM,-71.08029714728613,42.33827974917685
"229 NORTHAMPTON STREET, Boston, MA",SAM,-71.08043655367713,42.338400593872684
"231 NORTHAMPTON STREET, Boston, MA",SAM,-71.08047526677046,42.33843407547445
"239 NORTHAMPTON STREET, Boston, MA",SAM,-71.08063011914378,42.33856800188155
"241 NORTHAMPTON STREET, Boston, MA",SAM,-71.08073255877008,42.33865520171475
"263 NORTHAMPTON STREET, Boston, MA",SAM,-71.0813293694233,42.33913898310675
"268 NORTHAMPTON STREET, Boston, MA",SAM,-71.08065118348809,42.338409846574585
"277 NORTHAMPTON STREET, Boston, MA",SAM,-71.0815759202293,42.33933735736303
"32 NORTHAMPTON STREET, Boston, MA",SAM,-71.07570927860043,42.3342805363322
"36 NORTHAMPTON STREET, Boston, MA",SAM,-71.07579614158686,42.33441673051971
"62 NORTHAMPTON STREET, Boston, MA",SAM,-71.07615425786895,42.33469926255741
"66 NORTHAMPTON STREET, Boston, MA",SAM,-71.07619755188401,42.33473263503483
"18 NORTHBOURNE ROAD, Boston, MA",SAM,-71.11726776016455,42.291230699216904
"30 NORTHBOURNE ROAD, Boston, MA",SAM,-71.11666130326242,42.29134636771478
"31 NORTHBOURNE ROAD, Boston, MA",SAM,-71.11635177102248,42.291378054761076
"35 NORTHBOURNE ROAD, Boston, MA",SAM,-71.11628706511863,42.291423152817615
"39 NORTHBOURNE ROAD, Boston, MA",SAM,-71.11622235921479,42.29146825087414
"43 NORTHBOURNE ROAD, Boston, MA",SAM,-71.11615765331094,42.29151334893066
"47 NORTHBOURNE ROAD, Boston, MA",SAM,-71.11599231795554,42.291607013259714
"50 NORTHBOURNE ROAD, Boston, MA",SAM,-71.11588099706505,42.29180230978244
"51 NORTHBOURNE ROAD, Boston, MA",SAM,-71.11588350827913,42.29166214349826
"55 NORTHBOURNE ROAD, Boston, MA",SAM,-71.1157746986027,42.29171727373681
"59 NORTHBOURNE ROAD, Boston, MA",SAM,-71.115666190602,42.29175535439416
"63 NORTHBOURNE ROAD, Boston, MA",SAM,-71.11556247133515,42.29178670251632
"64 NORTHBOURNE ROAD, Boston, MA",SAM,-71.11545307955346,42.291920167212744
"101 NORTHDALE ROAD, Boston, MA",SAM,-71.16700910710404,42.26944716178685
"102 NORTHDALE ROAD, Boston, MA",SAM,-71.16716934545455,42.26953064534412
"105 NORTHDALE ROAD, Boston, MA",SAM,-71.16701337525711,42.26951545230902
"106 NORTHDALE ROAD, Boston, MA",SAM,-71.16717180682234,42.26959933646526
"109 NORTHDALE ROAD, Boston, MA",SAM,-71.16701695118907,42.269581106188355
"11 NORTHDALE ROAD, Boston, MA",SAM,-71.16316290805368,42.268021527187734
"110 NORTHDALE ROAD, Boston, MA",SAM,-71.1671718068185,42.2696654212011
"115 NORTHDALE ROAD, Boston, MA",SAM,-71.16701695118311,42.26968365146809
"118 NORTHDALE ROAD, Boston, MA",SAM,-71.16717180681083,42.26979759067274
"119 NORTHDALE ROAD, Boston, MA",SAM,-71.16701695117915,42.26975201498791
"122 NORTHDALE ROAD, Boston, MA",SAM,-71.167171806807,42.26986367540855
"123 NORTHDALE ROAD, Boston, MA",SAM,-71.16701695117517,42.2698203785077
"126 NORTHDALE ROAD, Boston, MA",SAM,-71.16717180680315,42.26992976014438
"127 NORTHDALE ROAD, Boston, MA",SAM,-71.1670169511712,42.269888742027526
"130 NORTHDALE ROAD, Boston, MA",SAM,-71.16717180679932,42.26999584488019
"131 NORTHDALE ROAD, Boston, MA",SAM,-71.16701695116724,42.26995710554735
"135 NORTHDALE ROAD, Boston, MA",SAM,-71.16701695116325,42.27002546906717
"19 NORTHDALE ROAD, Boston, MA",SAM,-71.163548947082,42.26820155757168
"26 NORTHDALE ROAD, Boston, MA",SAM,-71.16394818220898,42.268255850830016
"39 NORTHDALE ROAD, Boston, MA",SAM,-71.16472810940112,42.268717311338214
"4 NORTHDALE ROAD, Boston, MA",SAM,-71.1630458814187,42.26783195454747
"40 NORTHDALE ROAD, Boston, MA",SAM,-71.16479309068733,42.268613297279096
"60 NORTHDALE ROAD, Boston, MA",SAM,-71.16530140259933,42.268790436836134
"61 NORTHDALE ROAD, Boston, MA",SAM,-71.16530687164214,42.26891680801228
"65 NORTHDALE ROAD, Boston, MA",SAM,-71.16539590356766,42.26894327697006
"70 NORTHDALE ROAD, Boston, MA",SAM,-71.16550600392735,42.26885251591927
"8 NORTHDALE ROAD, Boston, MA",SAM,-71.16350142285066,42.26804336609013
"80 NORTHDALE ROAD, Boston, MA",SAM,-71.16701839345227,42.269156970589584
"84 NORTHDALE ROAD, Boston, MA",SAM,-71.16707953212723,42.26920514046549
"89 NORTHDALE ROAD, Boston, MA",SAM,-71.16696981932199,42.26928608233712
"90 NORTHDALE ROAD, Boston, MA",SAM,-71.16714406095015,42.26931659660852
"94 NORTHDALE ROAD, Boston, MA",SAM,-71.16716109369193,42.269398617001244
"97 NORTHDALE ROAD, Boston, MA",SAM,-71.16700483895093,42.269378871264685
"98 NORTHDALE ROAD, Boston, MA",SAM,-71.16716521957323,42.269464631172674
"10 NORTHDALE TERRACE, Boston, MA",SAM,-71.16682974426146,42.26902254120777
"14 NORTHDALE TERRACE, Boston, MA",SAM,-71.16683539576005,42.26900254359893
"15 NORTHDALE TERRACE, Boston, MA",SAM,-71.1669893922741,42.26901743023243
"19 NORTHDALE TERRACE, Boston, MA",SAM,-71.166994928436,42.268997840738045
"5 NORTHDALE TERRACE, Boston, MA",SAM,-71.16697555186941,42.26906640396838
"6 NORTHDALE TERRACE, Boston, MA",SAM,-71.16682409276287,42.26904253881662
"9 NORTHDALE TERRACE, Boston, MA",SAM,-71.16698108803128,42.269046814474
"12 NORTHERN AVENUE, Boston, MA",SAM,-71.0506352527347,42.35502804275646
"130 NORTHERN AVENUE, Boston, MA",SAM,-71.04354858600982,42.35090238876277
"140 NORTHERN AVENUE, Boston, MA",SAM,-71.04346211325758,42.35085796238442
"148 NORTHERN AVENUE, Boston, MA",SAM,-71.0432823568462,42.35076216201947
"295 NORTHERN AVENUE, Boston, MA",SAM,-71.03833601752568,42.348522673836975
"315 NORTHERN AVENUE, Boston, MA",SAM,-71.03742720454481,42.34816768041192
"1 NORTON STREET, Boston, MA",SAM,-71.13459818660147,42.24221511911209
"11 NORTON STREET, Boston, MA",SAM,-71.13562227112457,42.2425414489962
"12 NORTON STREET, Boston, MA",SAM,-71.1355901870222,42.24240702017129
"15 NORTON STREET, Boston, MA",SAM,-71.13602920384791,42.24267654410451
"16 NORTON STREET, Boston, MA",SAM,-71.13596306226243,42.242528999799255
"19 NORTON STREET, Boston, MA",SAM,-71.13643613657125,42.24281163921281
"20 NORTON STREET, Boston, MA",SAM,-71.13633300110185,42.24265181353408
"22 NORTON STREET, Boston, MA",SAM,-71.13651797052155,42.2427132204015
"23 NORTON STREET, Boston, MA",SAM,-71.13677862604793,42.24292667973139
"24 NORTON STREET, Boston, MA",SAM,-71.13670293994126,42.24277462726889
"25 NORTON STREET, Boston, MA",SAM,-71.13693994615532,42.242983359783224
"26 NORTON STREET, Boston, MA",SAM,-71.13684499480655,42.242823156020485
"28 NORTON STREET, Boston, MA",SAM,-71.13748702719165,42.243053325622576
"3 NORTON STREET, Boston, MA",SAM,-71.1348015131604,42.24228289464883
"33 NORTON STREET, Boston, MA",SAM,-71.13752197250591,42.24320022928998
"34 NORTON STREET, Boston, MA",SAM,-71.13774034392307,42.2432360540967
"39 NORTON STREET, Boston, MA",SAM,-71.13779248878107,42.24351213076721
"4 NORTON STREET, Boston, MA",SAM,-71.13484657936306,42.24217224501532
"40 NORTON STREET, Boston, MA",SAM,-71.13790684994501,42.24343274903419
"44 NORTON STREET, Boston, MA",SAM,-71.13793656300561,42.24346530422109
"7 NORTON STREET, Boston, MA",SAM,-71.13521256984049,42.24241532020855
"8 NORTON STREET, Boston, MA",SAM,-71.13521558226708,42.242292221910105
"100 NORTON STREET, Boston, MA",SAM,-71.06698319074587,42.304890542212945
"105 NORTON STREET, Boston, MA",SAM,-71.06709839849817,42.30481205825166
"108 NORTON STREET, Boston, MA",SAM,-71.06694680381301,42.304845152318165
"110 NORTON STREET, Boston, MA",SAM,-71.06693950695085,42.30483493670867
"112 NORTON STREET, Boston, MA",SAM,-71.0669322100887,42.30482472109919
"14 NORTON STREET, Boston, MA",SAM,-71.13577809284274,42.242467592931824
"30 NORTON STREET, Boston, MA",SAM,-71.13764638211863,42.243132047660644
"35 NORTON STREET, Boston, MA",SAM,-71.13769298387868,42.243398363975516
"36 NORTON STREET, Boston, MA",SAM,-71.1377826911657,42.243287316560284
"37 NORTON STREET, Boston, MA",SAM,-71.1377785907366,42.24349690334106
"38 NORTON STREET, Boston, MA",SAM,-71.1378250384083,42.24333857902386
"41 NORTON STREET, Boston, MA",SAM,-71.13780638682555,42.24352735819333
"43 NORTON STREET, Boston, MA",SAM,-71.13782028487,42.24354258561949
"46 NORTON STREET, Boston, MA",SAM,-71.13795141953588,42.24348158181455
"47 NORTON STREET, Boston, MA",SAM,-71.13784808095893,42.24357304047176
"50 NORTON STREET, Boston, MA",SAM,-71.13798113259648,42.24351413700146
"51 NORTON STREET, Boston, MA",SAM,-71.13787587704789,42.243603495324045
"53 NORTON STREET, Boston, MA",SAM,-71.13788977509236,42.243618722750185
"54 NORTON STREET, Boston, MA",SAM,-71.13801084565706,42.2435466921884
"58 NORTON STREET, Boston, MA",SAM,-71.13804055871766,42.243579247375315
"6 NORTON STREET, Boston, MA",SAM,-71.13503142168935,42.242233859139645
"75 NORTON STREET, Boston, MA",SAM,-71.13804265358151,42.243786224437684
"83 NORTON STREET, Boston, MA",SAM,-71.13809824575938,42.24384713414225
"86 NORTON STREET, Boston, MA",SAM,-71.13824855014178,42.24380713368372
"87 NORTON STREET, Boston, MA",SAM,-71.13812604184834,42.24387758899453
"17 NORWAY PARK, Boston, MA",SAM,-71.11418454148794,42.250844281614704
"20 NORWAY PARK, Boston, MA",SAM,-71.11403534450527,42.25088816642226
"21 NORWAY PARK, Boston, MA",SAM,-71.11401614890947,42.250680984317924
"24 NORWAY PARK, Boston, MA",SAM,-71.11388086790157,42.250738877624336
"25 NORWAY PARK, Boston, MA",SAM,-71.11384651431636,42.25051942752606
"27 NORWAY PARK, Boston, MA",SAM,-71.11374986044282,42.25042880629536
"30 NORWAY PARK, Boston, MA",SAM,-71.11362908701977,42.25050049418625
"31 NORWAY PARK, Boston, MA",SAM,-71.11372281209967,42.25040383858835
"34 NORWAY PARK, Boston, MA",SAM,-71.11360044759759,42.25047405779059
"35 NORWAY PARK, Boston, MA",SAM,-71.1136957637565,42.25037887088135
"42 NORWAY PARK, Boston, MA",SAM,-71.11354316875327,42.2504211849993
"48 NORWAY PARK, Boston, MA",SAM,-71.11350020962,42.25038153040582
"5 NORWAY PARK, Boston, MA",SAM,-71.11471579417397,42.25087822831007
"8 NORWAY PARK, Boston, MA",SAM,-71.11473216313617,42.251016712228804
"100 NORWAY STREET, Boston, MA",SAM,-71.08853720478072,42.345188822475784
"10 NORWELL STREET, Boston, MA",SAM,-71.07796476695671,42.301919886640725
"105 NORWELL STREET, Boston, MA",SAM,-71.07882784697478,42.298823934864465
"106 NORWELL STREET, Boston, MA",SAM,-71.07870368405325,42.29906083338012
"11 NORWELL STREET, Boston, MA",SAM,-71.07807149248464,42.30200722009782
"114 NORWELL STREET, Boston, MA",SAM,-71.07866458649349,42.29876692741631
"12 NORWELL STREET, Boston, MA",SAM,-71.07804312450357,42.30188800472289
"123 NORWELL STREET, Boston, MA",SAM,-71.078743294676,42.29820925633838
"126 NORWELL STREET, Boston, MA",SAM,-71.07860540679643,42.29832695964947
"128 NORWELL STREET, Boston, MA",SAM,-71.07859416928075,42.29825359771654
"129 NORWELL STREET, Boston, MA",SAM,-71.07871199016807,42.298004890953834
"134 NORWELL STREET, Boston, MA",SAM,-71.07856045673377,42.298033511917794
"139 NORWELL STREET, Boston, MA",SAM,-71.0786598159882,42.29766428197957
"14 NORWELL STREET, Boston, MA",SAM,-71.07812632563923,42.30185420426033
"142 NORWELL STREET, Boston, MA",SAM,-71.0785155066711,42.29774006418613
"143 NORWELL STREET, Boston, MA",SAM,-71.07863894631625,42.29752803838986
"144 NORWELL STREET, Boston, MA",SAM,-71.07850426915543,42.29766670225322
"147 NORWELL STREET, Boston, MA",SAM,-71.0786180766443,42.297391794800156
"15 NORWELL STREET, Boston, MA",SAM,-71.07821940561472,42.30194713038657
"150 NORWELL STREET, Boston, MA",SAM,-71.07847055660844,42.29744661645445
"153 NORWELL STREET, Boston, MA",SAM,-71.07858677213638,42.2971874294156
"16 NORWELL STREET, Boston, MA",SAM,-71.07820952677487,42.30182040379775
"168 NORWELL STREET, Boston, MA",SAM,-71.0783647015899,42.29674450950236
"171 NORWELL STREET, Boston, MA",SAM,-71.07849420121326,42.296534004846045
"189 NORWELL STREET, Boston, MA",SAM,-71.07841987050008,42.29593385279599
"19 NORWELL STREET, Boston, MA",SAM,-71.07837175905665,42.301880184291996
"193 NORWELL STREET, Boston, MA",SAM,-71.07839740615645,42.295753012061716
"197 NORWELL STREET, Boston, MA",SAM,-71.0783740846675,42.29560221564968
"200 NORWELL STREET, Boston, MA",SAM,-71.07824314398557,42.295763562177626
"202 NORWELL STREET, Boston, MA",SAM,-71.07823303618272,42.295690895462776
"204 NORWELL STREET, Boston, MA",SAM,-71.0782203782479,42.29561653005982
"206 NORWELL STREET, Boston, MA",SAM,-71.07820772031309,42.29554216465685
"208 NORWELL STREET, Boston, MA",SAM,-71.07819506237827,42.2954677992539
"209 NORWELL STREET, Boston, MA",SAM,-71.07829612017875,42.295155549304624
"21 NORWELL STREET, Boston, MA",SAM,-71.07850477910324,42.30180264135837
"210 NORWELL STREET, Boston, MA",SAM,-71.07818240444345,42.29539343385095
"212 NORWELL STREET, Boston, MA",SAM,-71.07816974650866,42.29531906844798
"213 NORWELL STREET, Boston, MA",SAM,-71.07826847325914,42.295007045783336
"214 NORWELL STREET, Boston, MA",SAM,-71.0781564731379,42.29524543363133
"215 NORWELL STREET, Boston, MA",SAM,-71.07825464979935,42.29493279402271
"218 NORWELL STREET, Boston, MA",SAM,-71.0781288262183,42.295096930110034
"220 NORWELL STREET, Boston, MA",SAM,-71.07811500275852,42.295022678349405
"222 NORWELL STREET, Boston, MA",SAM,-71.07810117929874,42.29494842658877
"23 NORWELL STREET, Boston, MA",SAM,-71.07855384079168,42.30176490159607
"233 NORWELL STREET, Boston, MA",SAM,-71.07811603824891,42.294234209896814
"239 NORWELL STREET, Boston, MA",SAM,-71.0780561882596,42.29403311386395
"241 NORWELL STREET, Boston, MA",SAM,-71.07803623826315,42.293966081853
"243 NORWELL STREET, Boston, MA",SAM,-71.07801628826671,42.29389904984203
"247 NORWELL STREET, Boston, MA",SAM,-71.07797014886495,42.29376375355574
"25 NORWELL STREET, Boston, MA",SAM,-71.07860290248016,42.30172716183376
"250 NORWELL STREET, Boston, MA",SAM,-71.07786499483005,42.2939236869756
"251 NORWELL STREET, Boston, MA",SAM,-71.07792307097696,42.293630969727595
"255 NORWELL STREET, Boston, MA",SAM,-71.07787599308897,42.29349818589947
"258 NORWELL STREET, Boston, MA",SAM,-71.07777322315928,42.29366003918585
"259 NORWELL STREET, Boston, MA",SAM,-71.07782787773296,42.293363436253976
"26 NORWELL STREET, Boston, MA",SAM,-71.07853192078032,42.3016026994501
"260 NORWELL STREET, Boston, MA",SAM,-71.07774968421528,42.293593647271784
"261 NORWELL STREET, Boston, MA",SAM,-71.07780106538037,42.29329772708894
"264 NORWELL STREET, Boston, MA",SAM,-71.07770260632729,42.29346086344366
"265 NORWELL STREET, Boston, MA",SAM,-71.07774744067518,42.29316630875886
"269 NORWELL STREET, Boston, MA",SAM,-71.07769381596998,42.2930348904288
"27 NORWELL STREET, Boston, MA",SAM,-71.07865184293546,42.301676253552955
"270 NORWELL STREET, Boston, MA",SAM,-71.0776259473533,42.293265130143816
"274 NORWELL STREET, Boston, MA",SAM,-71.0775723226481,42.29313371181375
"275 NORWELL STREET, Boston, MA",SAM,-71.0776133789122,42.2928377629337
"289 NORWELL STREET, Boston, MA",SAM,-71.07748062970471,42.2924942030735
"29 NORWELL STREET, Boston, MA",SAM,-71.07869106680857,42.30163267146977
"293 NORWELL STREET, Boston, MA",SAM,-71.07747211081306,42.29246824072866
"296 NORWELL STREET, Boston, MA",SAM,-71.07732914189278,42.29251834718972
"297 NORWELL STREET, Boston, MA",SAM,-71.07746359192144,42.2924422783838
"298 NORWELL STREET, Boston, MA",SAM,-71.07732456693245,42.292504404448955
"299 NORWELL STREET, Boston, MA",SAM,-71.0774593324756,42.292429297211385
"302 NORWELL STREET, Boston, MA",SAM,-71.0773154170118,42.29247651896743
"308 NORWELL STREET, Boston, MA",SAM,-71.07730169213082,42.29243469074519
"34 NORWELL STREET, Boston, MA",SAM,-71.07863263655759,42.30141852576488
"36 NORWELL STREET, Boston, MA",SAM,-71.07864416754884,42.3013627926488
"38 NORWELL STREET, Boston, MA",SAM,-71.07865569854008,42.30130705953271
"42 NORWELL STREET, Boston, MA",SAM,-71.07867829210632,42.30119760408704
"44 NORWELL STREET, Boston, MA",SAM,-71.07868713441779,42.30114160279416
"48 NORWELL STREET, Boston, MA",SAM,-71.0787133383095,42.30097214296256
"5 NORWELL STREET, Boston, MA",SAM,-71.07783792450603,42.302089214175
"53 NORWELL STREET, Boston, MA",SAM,-71.07889981276027,42.30073852713046
"6 NORWELL STREET, Boston, MA",SAM,-71.077792306059,42.30197859673499
"60 NORWELL STREET, Boston, MA",SAM,-71.07875860127609,42.300563411830126
"67 NORWELL STREET, Boston, MA",SAM,-71.07893525174718,42.300211267689214
"7 NORWELL STREET, Boston, MA",SAM,-71.07791457379389,42.302063120799794
"70 NORWELL STREET, Boston, MA",SAM,-71.07877587277774,42.300281310865124
"71 NORWELL STREET, Boston, MA",SAM,-71.07893591862081,42.30005551521247
"75 NORWELL STREET, Boston, MA",SAM,-71.07892627510297,42.29990507617725
"8 NORWELL STREET, Boston, MA",SAM,-71.07787853650785,42.30194924168786
"83 NORWELL STREET, Boston, MA",SAM,-71.07890790420099,42.29957890543969
"87 NORWELL STREET, Boston, MA",SAM,-71.07890091350815,42.29944188768531
"9 NORWELL STREET, Boston, MA",SAM,-71.07799122308178,42.30203702742454
"90 NORWELL STREET, Boston, MA",SAM,-71.07875631097731,42.29964646558971
"12 NORWOOD STREET, Boston, MA",SAM,-71.0453072043106,42.29078396719427
"16 NORWOOD STREET, Boston, MA",SAM,-71.04538088211574,42.290849300780756
"20 NORWOOD STREET, Boston, MA",SAM,-71.04545455992088,42.29091463436723
"24 NORWOOD STREET, Boston, MA",SAM,-71.04552823772602,42.290979967953724
"3 NORWOOD STREET, Boston, MA",SAM,-71.04490438663392,42.29061258619878
"32 NORWOOD STREET, Boston, MA",SAM,-71.0456755933363,42.29111063512671
"4 NORWOOD STREET, Boston, MA",SAM,-71.04515984870031,42.290653300021305
"8 NORWOOD STREET, Boston, MA",SAM,-71.04523352650544,42.29071863360777
"10 NOTRE DAME STREET, Boston, MA",SAM,-71.09599007424893,42.319112563339495
"20 NOTRE DAME STREET, Boston, MA",SAM,-71.09613676547188,42.31896023013928
"26 NOTRE DAME STREET, Boston, MA",SAM,-71.09622478020566,42.31886883021914
"31 NOTRE DAME STREET, Boston, MA",SAM,-71.09642935393667,42.31885429510824
"35 NOTRE DAME STREET, Boston, MA",SAM,-71.09648847571748,42.31879548948384
"43 NOTRE DAME STREET, Boston, MA",SAM,-71.09660671927914,42.31867787823503
"45 NOTRE DAME STREET, Boston, MA",SAM,-71.09663628016955,42.31864847542283
"6 NOTRE DAME STREET, Boston, MA",SAM,-71.09593139775974,42.319173496619584
"1 NOTT STREET, Boston, MA",SAM,-71.11902557386821,42.25490158359763
"11 NOTT STREET, Boston, MA",SAM,-71.11908024874857,42.25485399619937
"15 NOTT STREET, Boston, MA",SAM,-71.11910211870074,42.25483496124005
"1 NOTTINGHAM STREET, Boston, MA",SAM,-71.07348600220347,42.30032906385445
"10 NOTTINGHAM STREET, Boston, MA",SAM,-71.0734681019273,42.300491272225706
"11 NOTTINGHAM STREET, Boston, MA",SAM,-71.07330722079497,42.3004966689316
"12 NOTTINGHAM STREET, Boston, MA",SAM,-71.07345688815957,42.30052651549378
"15 NOTTINGHAM STREET, Boston, MA",SAM,-71.07328779394061,42.300570077774196
"16 NOTTINGHAM STREET, Boston, MA",SAM,-71.07343954030067,42.30059376659065
"17 NOTTINGHAM STREET, Boston, MA",SAM,-71.07328001669924,42.30060507535581
"20 NOTTINGHAM STREET, Boston, MA",SAM,-71.07342366176621,42.300665219986456
"23 NOTTINGHAM STREET, Boston, MA",SAM,-71.07325815377243,42.300716031572996
"24 NOTTINGHAM STREET, Boston, MA",SAM,-71.07341211645469,42.3007311935605
"27 NOTTINGHAM STREET, Boston, MA",SAM,-71.07325225377316,42.30078683152432
"28 NOTTINGHAM STREET, Boston, MA",SAM,-71.07340609353881,42.30080346851085
"3 NOTTINGHAM STREET, Boston, MA",SAM,-71.0734432325691,42.30034510246784
"30 NOTTINGHAM STREET, Boston, MA",SAM,-71.07340650212825,42.30083419038465
"31 NOTTINGHAM STREET, Boston, MA",SAM,-71.07325279845847,42.300863149050976
"6 NOTTINGHAM STREET, Boston, MA",SAM,-71.07349207537517,42.300457934810865
"7 NOTTINGHAM STREET, Boston, MA",SAM,-71.07335068131773,42.3004000578303
"8 NOTTINGHAM STREET, Boston, MA",SAM,-71.07347931569501,42.300456028957605
"10 NOTTINGHILL ROAD, Boston, MA",SAM,-71.14991293542676,42.344184717423
"101 NOTTINGHILL ROAD, Boston, MA",SAM,-71.14782015659235,42.34330716876187
"105 NOTTINGHILL ROAD, Boston, MA",SAM,-71.14787950498261,42.343429610825666
"109 NOTTINGHILL ROAD, Boston, MA",SAM,-71.1479747308681,42.343542339771055
"113 NOTTINGHILL ROAD, Boston, MA",SAM,-71.1481412972956,42.343677140378624
"119 NOTTINGHILL ROAD, Boston, MA",SAM,-71.14824764857346,42.34374529097538
"12 NOTTINGHILL ROAD, Boston, MA",SAM,-71.14990638630216,42.34409415633465
"123 NOTTINGHILL ROAD, Boston, MA",SAM,-71.14834183678916,42.34379024259426
"127 NOTTINGHILL ROAD, Boston, MA",SAM,-71.14842255873154,42.34380961586598
"131 NOTTINGHILL ROAD, Boston, MA",SAM,-71.14852289765606,42.34382039641314
"133 NOTTINGHILL ROAD, Boston, MA",SAM,-71.14856513633008,42.34382341346308
"139 NOTTINGHILL ROAD, Boston, MA",SAM,-71.14871212440428,42.34380820449028
"141 NOTTINGHILL ROAD, Boston, MA",SAM,-71.14877313449863,42.34379209315056
"15 NOTTINGHILL ROAD, Boston, MA",SAM,-71.15008915127801,42.34429577414131
"16 NOTTINGHILL ROAD, Boston, MA",SAM,-71.14992179810265,42.34393563503178
"19 NOTTINGHILL ROAD, Boston, MA",SAM,-71.15010724272638,42.344426332460266
"24 NOTTINGHILL ROAD, Boston, MA",SAM,-71.14997214874185,42.343630102340896
"25 NOTTINGHILL ROAD, Boston, MA",SAM,-71.15010932453525,42.34368922599312
"26 NOTTINGHILL ROAD, Boston, MA",SAM,-71.14999309680957,42.34358176064667
"29 NOTTINGHILL ROAD, Boston, MA",SAM,-71.15016962884661,42.3435395977048
"33 NOTTINGHILL ROAD, Boston, MA",SAM,-71.15021891570312,42.34339173714214
"37 NOTTINGHILL ROAD, Boston, MA",SAM,-71.15021669822013,42.34317998463398
"39 NOTTINGHILL ROAD, Boston, MA",SAM,-71.15016027013128,42.34307182815518
"40 NOTTINGHILL ROAD, Boston, MA",SAM,-71.15006346724485,42.34319742431245
"45 NOTTINGHILL ROAD, Boston, MA",SAM,-71.14983398156956,42.34289912778763
"46 NOTTINGHILL ROAD, Boston, MA",SAM,-71.14988985919537,42.34303956176331
"47 NOTTINGHILL ROAD, Boston, MA",SAM,-71.14969106164216,42.342883130215256
"50 NOTTINGHILL ROAD, Boston, MA",SAM,-71.14967531287809,42.34299712882212
"55 NOTTINGHILL ROAD, Boston, MA",SAM,-71.14920522324687,42.34286899826602
"56 NOTTINGHILL ROAD, Boston, MA",SAM,-71.149277132842,42.34298744701183
"57 NOTTINGHILL ROAD, Boston, MA",SAM,-71.1491228497628,42.3428648795886
"58 NOTTINGHILL ROAD, Boston, MA",SAM,-71.14904181848308,42.34296619300344
"60 NOTTINGHILL ROAD, Boston, MA",SAM,-71.14883160459267,42.342906483601766
"63 NOTTINGHILL ROAD, Boston, MA",SAM,-71.14891726981622,42.34280953494992
"72 NOTTINGHILL ROAD, Boston, MA",SAM,-71.14793889935889,42.34311899325294
"74 NOTTINGHILL ROAD, Boston, MA",SAM,-71.14796530544096,42.34326359652106
"78 NOTTINGHILL ROAD, Boston, MA",SAM,-71.1481464020122,42.343515334164344
"80 NOTTINGHILL ROAD, Boston, MA",SAM,-71.14825871080674,42.34360230736265
"83 NOTTINGHILL ROAD, Boston, MA",SAM,-71.1480732750467,42.34276329588368
"84 NOTTINGHILL ROAD, Boston, MA",SAM,-71.14829454653996,42.343625834227346
"87 NOTTINGHILL ROAD, Boston, MA",SAM,-71.14792497788953,42.34285323867603
"88 NOTTINGHILL ROAD, Boston, MA",SAM,-71.14834257001692,42.34365464832005
"97 NOTTINGHILL ROAD, Boston, MA",SAM,-71.14778386272054,42.34317446923787
"10 NOYES PLACE, Boston, MA",SAM,-71.05559564815127,42.36508871422032
"11 NOYES PLACE, Boston, MA",SAM,-71.05561669403339,42.364974913027055
"12 NOYES PLACE, Boston, MA",SAM,-71.05560742446187,42.3650893030363
"13 NOYES PLACE, Boston, MA",SAM,-71.05562823001111,42.36497548982639
"15 NOYES PLACE, Boston, MA",SAM,-71.0556397659888,42.36497606662572
"8 NOYES PLACE, Boston, MA",SAM,-71.05558387184071,42.365088125404306
"1 O STREET, Boston, MA",SAM,-71.02939384285035,42.33818288267681
"10 O STREET, Boston, MA",SAM,-71.02923332089347,42.3379839429093
"107 O STREET, Boston, MA",SAM,-71.02928136318286,42.334638386147624
"109 O STREET, Boston, MA",SAM,-71.02927987721901,42.334584891330536
"11 O STREET, Boston, MA",SAM,-71.02938693124803,42.33793129978746
"111 O STREET, Boston, MA",SAM,-71.02927839125516,42.33453139651344
"113 O STREET, Boston, MA",SAM,-71.02927690529133,42.33447790169635
"114 O STREET, Boston, MA",SAM,-71.02911581271124,42.33426033106965
"115 O STREET, Boston, MA",SAM,-71.02927541932749,42.33442440687927
"117 O STREET, Boston, MA",SAM,-71.02927393336365,42.33437091206217
"12 O STREET, Boston, MA",SAM,-71.029231938573,42.33793362633143
"124 O STREET, Boston, MA",SAM,-71.0291060692358,42.333874814145716
"126 O STREET, Boston, MA",SAM,-71.02910477846599,42.333816729344406
"128 O STREET, Boston, MA",SAM,-71.02910348769616,42.33375864454311
"13 O STREET, Boston, MA",SAM,-71.02938554892758,42.33788098320958
"130 O STREET, Boston, MA",SAM,-71.02910219692635,42.33370055974181
"136 O STREET, Boston, MA",SAM,-71.02909828898984,42.33350624179367
"138 O STREET, Boston, MA",SAM,-71.02909752347844,42.33346643507443
"139 O STREET, Boston, MA",SAM,-71.0292531772632,42.33349892624987
"14 O STREET, Boston, MA",SAM,-71.02923055625256,42.33788330975355
"141 O STREET, Boston, MA",SAM,-71.02925284918688,42.333481866227345
"142 O STREET, Boston, MA",SAM,-71.02909417515369,42.333310293238746
"144 O STREET, Boston, MA",SAM,-71.02909322714761,42.333268580860505
"15 O STREET, Boston, MA",SAM,-71.02938416660712,42.3378306666317
"151 O STREET, Boston, MA",SAM,-71.02922935492056,42.33281095159197
"152 O STREET, Boston, MA",SAM,-71.02908544431247,42.33306243751576
"153 O STREET, Boston, MA",SAM,-71.02922736657375,42.33276654511606
"154 O STREET, Boston, MA",SAM,-71.02908039309175,42.33294796196374
"155 O STREET, Boston, MA",SAM,-71.02922537822693,42.33272213864012
"156 O STREET, Boston, MA",SAM,-71.02907939891834,42.33292575872578
"157 O STREET, Boston, MA",SAM,-71.02922338988012,42.332677732164214
"158 O STREET, Boston, MA",SAM,-71.02907840474492,42.33290355548783
"159 O STREET, Boston, MA",SAM,-71.02922140153328,42.3326333256883
"16 O STREET, Boston, MA",SAM,-71.02922917393208,42.33783299317568
"160 O STREET, Boston, MA",SAM,-71.02907741057153,42.33288135224988
"161 O STREET, Boston, MA",SAM,-71.02921941318647,42.332588919212384
"162 O STREET, Boston, MA",SAM,-71.0290764163981,42.33285914901191
"163 O STREET, Boston, MA",SAM,-71.02921742483966,42.33254451273647
"164 O STREET, Boston, MA",SAM,-71.0290754222247,42.332836945773956
"165 O STREET, Boston, MA",SAM,-71.02921543649283,42.33250010626054
"166 O STREET, Boston, MA",SAM,-71.02907442805127,42.332814742535994
"167 O STREET, Boston, MA",SAM,-71.02921344814601,42.332455699784624
"168 O STREET, Boston, MA",SAM,-71.02907343387787,42.33279253929803
"169 O STREET, Boston, MA",SAM,-71.02920861977223,42.33234137981829
"17 O STREET, Boston, MA",SAM,-71.02938278428664,42.33778035005383
"20 O STREET, Boston, MA",SAM,-71.02922640929116,42.33773236001992
"27 O STREET, Boston, MA",SAM,-71.02937587268431,42.337528767164464
"36 O STREET, Boston, MA",SAM,-71.02920925510692,42.33722421079957
"37 O STREET, Boston, MA",SAM,-71.02936324324745,42.33719857703208
"39 O STREET, Boston, MA",SAM,-71.02936085707168,42.33714369490871
"41 O STREET, Boston, MA",SAM,-71.02935847089593,42.33708881278534
"43 O STREET, Boston, MA",SAM,-71.02935608472015,42.33703393066197
"44 O STREET, Boston, MA",SAM,-71.02919684699292,42.33693882375804
"5 O STREET, Boston, MA",SAM,-71.02939107820944,42.33808224952108
"52 O STREET, Boston, MA",SAM,-71.02918443887893,42.3366534367165
"56 O STREET, Boston, MA",SAM,-71.02917801165081,42.336470242087124
"58 O STREET, Boston, MA",SAM,-71.02917588256692,42.33640211126684
"6 O STREET, Boston, MA",SAM,-71.02923608553441,42.33808457606506
"60 O STREET, Boston, MA",SAM,-71.02917375348304,42.33633398044659
"62 O STREET, Boston, MA",SAM,-71.02917162439913,42.336265849626315
"64 O STREET, Boston, MA",SAM,-71.02916949531524,42.336197718806055
"66 O STREET, Boston, MA",SAM,-71.02916736623133,42.33612958798578
"68 O STREET, Boston, MA",SAM,-71.02916523714745,42.33606145716553
"7 O STREET, Boston, MA",SAM,-71.02938969588897,42.338031932943196
"70 O STREET, Boston, MA",SAM,-71.02916310806356,42.33599332634526
"72 O STREET, Boston, MA",SAM,-71.02916097897966,42.33592519552498
"74 O STREET, Boston, MA",SAM,-71.02915884989577,42.33585706470472
"75 O STREET, Boston, MA",SAM,-71.02930062031136,42.33536858192127
"77 O STREET, Boston, MA",SAM,-71.0292996429564,42.33533066045873
"8 O STREET, Boston, MA",SAM,-71.02923470321394,42.338034259487166
"81 O STREET, Boston, MA",SAM,-71.02929768824649,42.335254817533674
"83 O STREET, Boston, MA",SAM,-71.02929671089154,42.33521689607113
"84 O STREET, Boston, MA",SAM,-71.02914758470739,42.33544660762111
"85 O STREET, Boston, MA",SAM,-71.02929573353659,42.33517897460862
"86 O STREET, Boston, MA",SAM,-71.0291456299975,42.33537076469605
"87 O STREET, Boston, MA",SAM,-71.02929475618164,42.335141053146096
"88 O STREET, Boston, MA",SAM,-71.02914367528759,42.335294921771
"9 O STREET, Boston, MA",SAM,-71.0293883135685,42.33798161636533
"90 O STREET, Boston, MA",SAM,-71.02914172057768,42.33521907884593
"91 O STREET, Boston, MA",SAM,-71.02929280147174,42.335065210221025
"1 O STREET PLACE, Boston, MA",SAM,-71.02962118729018,42.33293834113434
"2 O STREET PLACE, Boston, MA",SAM,-71.02962468122399,42.33305290340554
"10 O'CONNELL ROAD, Boston, MA",SAM,-71.06930827150185,42.27791971575615
"14 O'CONNELL ROAD, Boston, MA",SAM,-71.06921029738633,42.27794825190662
"15 O'CONNELL ROAD, Boston, MA",SAM,-71.06911157807161,42.277853854371266
"18 O'CONNELL ROAD, Boston, MA",SAM,-71.06911232327082,42.27797678805708
"19 O'CONNELL ROAD, Boston, MA",SAM,-71.06901560342786,42.27788180815132
"22 O'CONNELL ROAD, Boston, MA",SAM,-71.06901434915528,42.27800532420757
"23 O'CONNELL ROAD, Boston, MA",SAM,-71.06891962878407,42.27790976193138
"26 O'CONNELL ROAD, Boston, MA",SAM,-71.0689163750398,42.27803386035806
"27 O'CONNELL ROAD, Boston, MA",SAM,-71.06882365414032,42.27793771571143
"30 O'CONNELL ROAD, Boston, MA",SAM,-71.06881840092427,42.27806239650853
"5 O'CONNELL ROAD, Boston, MA",SAM,-71.06935151468105,42.27778396992113
"6 O'CONNELL ROAD, Boston, MA",SAM,-71.06940624561736,42.277891179605675
"9 O'CONNELL ROAD, Boston, MA",SAM,-71.06925554003726,42.27781192370118
"1 O'DONNELL TERRACE, Boston, MA",SAM,-71.06009797660387,42.29421186492265
"10 O'DONNELL TERRACE, Boston, MA",SAM,-71.06026388080396,42.294225565697495
"11 O'DONNELL TERRACE, Boston, MA",SAM,-71.06011833232252,42.29426614685553
"12 O'DONNELL TERRACE, Boston, MA",SAM,-71.06026803676318,42.29423664825878
"2 O'DONNELL TERRACE, Boston, MA",SAM,-71.06024725696706,42.2941812354523
"3 O'DONNELL TERRACE, Boston, MA",SAM,-71.0601020477476,42.294222721309225
"4 O'DONNELL TERRACE, Boston, MA",SAM,-71.06025141292628,42.294192318013586
"5 O'DONNELL TERRACE, Boston, MA",SAM,-71.06010611889134,42.29423357769581
"6 O'DONNELL TERRACE, Boston, MA",SAM,-71.06025556888552,42.294203400574894
"7 O'DONNELL TERRACE, Boston, MA",SAM,-71.06011019003508,42.29424443408238
"8 O'DONNELL TERRACE, Boston, MA",SAM,-71.06025972484473,42.29421448313619
"9 O'DONNELL TERRACE, Boston, MA",SAM,-71.0601142611788,42.29425529046897
"1 MONSIGNOR JOHN J. O'DONNELL SQUARE, Boston, MA",SAM,,
"11 MONSIGNOR JOHN J. O'DONNELL SQUARE, Boston, MA",SAM,,
"3 MONSIGNOR JOHN J. O'DONNELL SQUARE, Boston, MA",SAM,,
"5 MONSIGNOR JOHN J. O'DONNELL SQUARE, Boston, MA",SAM,,
"7 MONSIGNOR JOHN J. O'DONNELL SQUARE, Boston, MA",SAM,,
"9 MONSIGNOR JOHN J. O'DONNELL SQUARE, Boston, MA",SAM,,
"3 O'LEARY WAY, Boston, MA",SAM,-71.1098605686778,42.30050680754383
"1 O'NEIL PLACE, Boston, MA",SAM,-71.1517799155385,42.34701392154537
"2 O'NEIL PLACE, Boston, MA",SAM,-71.15185110907477,42.34691212497359
"3 OAK PLACE, Boston, MA",SAM,-71.12825085687969,42.25368874233928
"4 OAK PLACE, Boston, MA",SAM,-71.12766072688703,42.25327909450089
"5 OAK PLACE, Boston, MA",SAM,-71.12823654268267,42.25368208817048
"6 OAK PLACE, Boston, MA",SAM,-71.12767533929646,42.25328588729822
"7 OAK PLACE, Boston, MA",SAM,-71.12822222848567,42.253675434001664
"8 OAK PLACE, Boston, MA",SAM,-71.12768995170592,42.25329268009555
"9 OAK PLACE, Boston, MA",SAM,-71.12820791428867,42.25366877983285
"36 OAK ROAD, Boston, MA",SAM,-71.15956820489471,42.263369207210054
"58 OAK ROAD, Boston, MA",SAM,-71.15980806026421,42.26307564357322
"0 OAK STREET, Boston, MA",SAM,,
"28 OAK STREET, Boston, MA",SAM,-71.12230923818325,42.25524786366123
"29 OAK STREET, Boston, MA",SAM,-71.12156617401915,42.25484240036489
"31 OAK STREET, Boston, MA",SAM,-71.12151646967727,42.254810674182096
"33 OAK STREET, Boston, MA",SAM,-71.12147707653095,42.254780326680894
"37 OAK STREET, Boston, MA",SAM,-71.12140672068485,42.254714164330075
"39 OAK STREET, Boston, MA",SAM,-71.12137358062918,42.25467223200483
"13 OAK STREET, Boston, MA",SAM,-71.12197115775514,42.25505389309734
"15 OAK STREET, Boston, MA",SAM,-71.1219274153974,42.25503751930818
"16 OAK STREET, Boston, MA",SAM,-71.12319736087673,42.25524408885726
"17 OAK STREET, Boston, MA",SAM,-71.12187210050728,42.25501137044493
"18 OAK STREET, Boston, MA",SAM,-71.12305238291103,42.25525547057655
"20 OAK STREET, Boston, MA",SAM,-71.122909290326,42.25526627001379
"21 OAK STREET, Boston, MA",SAM,-71.12176147072702,42.25495907271848
"22 OAK STREET, Boston, MA",SAM,-71.12276619774099,42.255277069451026
"23 OAK STREET, Boston, MA",SAM,-71.1217152870448,42.25493757891324
"24 OAK STREET, Boston, MA",SAM,-71.12260585859143,42.25527546944274
"25 OAK STREET, Boston, MA",SAM,-71.12166558270292,42.25490585273045
"26 OAK STREET, Boston, MA",SAM,-71.1224631297171,42.25526229446331
"30 OAK STREET, Boston, MA",SAM,-71.12221810137994,42.25523918396153
"32 OAK STREET, Boston, MA",SAM,-71.12211361865198,42.2552156928607
"7 OAK STREET, Boston, MA",SAM,-71.12215557588713,42.255104962747616
"9 OAK STREET, Boston, MA",SAM,-71.12209410317647,42.25508793953087
"12 OAK STREET, Boston, MA",SAM,-71.1234827139731,42.2552171263655
"34 OAK STREET, Boston, MA",SAM,-71.12202755685705,42.25519186035724
"38 OAK STREET, Boston, MA",SAM,-71.12184408094286,42.25513409393661
"40 OAK STREET, Boston, MA",SAM,-71.12176664009671,42.2550974855281
"44 OAK STREET, Boston, MA",SAM,-71.12160423741275,42.255018012973224
"45 OAK STREET, Boston, MA",SAM,-71.12127416046215,42.2545464350291
"48 OAK STREET, Boston, MA",SAM,-71.1214650652555,42.254929179661424
"49 OAK STREET, Boston, MA",SAM,-71.12121021429058,42.25446509338055
"50 OAK STREET, Boston, MA",SAM,-71.12139017917168,42.25487954342163
"53 OAK STREET, Boston, MA",SAM,-71.12115004413327,42.25437874229411
"54 OAK STREET, Boston, MA",SAM,-71.12126645820291,42.254763637602224
"55 OAK STREET, Boston, MA",SAM,-71.1211199590546,42.254335566750875
"58 OAK STREET, Boston, MA",SAM,-71.12117366604701,42.25464622709152
"59 OAK STREET, Boston, MA",SAM,-71.12105978889728,42.254249215664444
"60 OAK STREET, Boston, MA",SAM,-71.12112726996908,42.25458752183617
"61 OAK STREET, Boston, MA",SAM,-71.12102970381859,42.25420604012122
"62 OAK STREET, Boston, MA",SAM,-71.12108087389112,42.25452881658083
"64 OAK STREET, Boston, MA",SAM,-71.12103651631256,42.25446580896648
"65 OAK STREET, Boston, MA",SAM,-71.1209695336613,42.25411968903476
"66 OAK STREET, Boston, MA",SAM,-71.12099439720242,42.25440536320596
"68 OAK STREET, Boston, MA",SAM,-71.12095227809229,42.25434491744543
"70 OAK STREET, Boston, MA",SAM,-71.12091015898217,42.25428447168495
"5 OAK HILL AVENUE, Boston, MA",SAM,-71.08854513315278,42.27459581112866
"11 OAK SQUARE AVENUE, Boston, MA",SAM,-71.16404101903622,42.34994611808385
"12 OAK SQUARE AVENUE, Boston, MA",SAM,-71.16418347820095,42.349991697816876
"16 OAK SQUARE AVENUE, Boston, MA",SAM,-71.16413141963737,42.350093921906144
"17 OAK SQUARE AVENUE, Boston, MA",SAM,-71.16396452482034,42.3500963249089
"20 OAK SQUARE AVENUE, Boston, MA",SAM,-71.16408090940237,42.35019508643265
"21 OAK SQUARE AVENUE, Boston, MA",SAM,-71.16391513464957,42.350198367758395
"25 OAK SQUARE AVENUE, Boston, MA",SAM,-71.16386743065151,42.350299387989544
"28 OAK SQUARE AVENUE, Boston, MA",SAM,-71.16398351373964,42.35040133607123
"29 OAK SQUARE AVENUE, Boston, MA",SAM,-71.16381972665346,42.35040040822067
"32 OAK SQUARE AVENUE, Boston, MA",SAM,-71.1639379895598,42.35050052284119
"33 OAK SQUARE AVENUE, Boston, MA",SAM,-71.16377536833959,42.350506840652436
"36 OAK SQUARE AVENUE, Boston, MA",SAM,-71.16390027249133,42.35060613062907
"40 OAK SQUARE AVENUE, Boston, MA",SAM,-71.16388501236511,42.3507060918776
"41 OAK SQUARE AVENUE, Boston, MA",SAM,-71.16372613962093,42.35072584309164
"45 OAK SQUARE AVENUE, Boston, MA",SAM,-71.16371365545281,42.35083407405431
"48 OAK SQUARE AVENUE, Boston, MA",SAM,-71.16385969077498,42.35092208097978
"49 OAK SQUARE AVENUE, Boston, MA",SAM,-71.1637021251207,42.35094072958312
"5 OAK SQUARE AVENUE, Boston, MA",SAM,-71.16411751325211,42.34979591125878
"56 OAK SQUARE AVENUE, Boston, MA",SAM,-71.16383614968026,42.35113983601777
"57 OAK SQUARE AVENUE, Boston, MA",SAM,-71.16367906445649,42.35115404064074
"60 OAK SQUARE AVENUE, Boston, MA",SAM,-71.16382437913292,42.35124871353677
"61 OAK SQUARE AVENUE, Boston, MA",SAM,-71.1636675341244,42.35126069616956
"65 OAK SQUARE AVENUE, Boston, MA",SAM,-71.16365600379228,42.351367351698386
"68 OAK SQUARE AVENUE, Boston, MA",SAM,-71.16380083803818,42.35146646857477
"8 OAK SQUARE AVENUE, Boston, MA",SAM,-71.16423553676454,42.34988947372761
"9 OAK SQUARE AVENUE, Boston, MA",SAM,-71.16406651710818,42.34989604914217
"14 OAKCREST ROAD, Boston, MA",SAM,-71.10508174489759,42.26385011530682
"19 OAKCREST ROAD, Boston, MA",SAM,-71.10484809577764,42.26388981384447
"20 OAKCREST ROAD, Boston, MA",SAM,-71.10496486762628,42.263965584423794
"25 OAKCREST ROAD, Boston, MA",SAM,-71.10473360375676,42.26400292644888
"26 OAKCREST ROAD, Boston, MA",SAM,-71.10484628222568,42.26408258610714
"29 OAKCREST ROAD, Boston, MA",SAM,-71.10465580823659,42.264074977718735
"32 OAKCREST ROAD, Boston, MA",SAM,-71.10472406709603,42.26419498834875
"33 OAKCREST ROAD, Boston, MA",SAM,-71.10457599427438,42.26414838326426
"36 OAKCREST ROAD, Boston, MA",SAM,-71.10464259034295,42.264269923176464
"37 OAKCREST ROAD, Boston, MA",SAM,-71.10449618031217,42.26422178880979
"4 OAKCREST ROAD, Boston, MA",SAM,-71.1052785300643,42.26366661576106
"40 OAKCREST ROAD, Boston, MA",SAM,-71.10456111358987,42.26434485800418
"41 OAKCREST ROAD, Boston, MA",SAM,-71.10441636634995,42.26429519435531
"44 OAKCREST ROAD, Boston, MA",SAM,-71.10447963683677,42.264419792831916
"45 OAKCREST ROAD, Boston, MA",SAM,-71.10433655238775,42.264368599900855
"50 OAKCREST ROAD, Boston, MA",SAM,-71.10435742170715,42.26453219507351
"54 OAKCREST ROAD, Boston, MA",SAM,-71.10427594495404,42.26460712990124
"55 OAKCREST ROAD, Boston, MA",SAM,-71.10413701748222,42.26455211376468
"59 OAKCREST ROAD, Boston, MA",SAM,-71.1040580160053,42.264628913299234
"67 OAKCREST ROAD, Boston, MA",SAM,-71.10390654501664,42.26478038429513
"7 OAKCREST ROAD, Boston, MA",SAM,-71.10507707981941,42.26366358863573
"8 OAKCREST ROAD, Boston, MA",SAM,-71.10519862216891,42.263734646189846
"11 OAKDALE STREET, Boston, MA",SAM,-71.1066305111585,42.31288680989393
"13 OAKDALE STREET, Boston, MA",SAM,-71.10687070088167,42.312412306271256
"15 OAKDALE STREET, Boston, MA",SAM,-71.10687782124228,42.312397341445596
"17 OAKDALE STREET, Boston, MA",SAM,-71.10688494160286,42.312382376619944
"19 OAKDALE STREET, Boston, MA",SAM,-71.10689206196345,42.31236741179428
"3 OAKDALE STREET, Boston, MA",SAM,-71.10732413565812,42.31306501605666
"4 OAKDALE STREET, Boston, MA",SAM,-71.10609456801058,42.31397621132924
"5 OAKDALE STREET, Boston, MA",SAM,-71.10715233510764,42.31301852522723
"6 OAKDALE STREET, Boston, MA",SAM,-71.10744189035472,42.31321926736327
"9 OAKDALE STREET, Boston, MA",SAM,-71.10680480250376,42.31292722529002
"1 OAKHURST STREET, Boston, MA",SAM,-71.08149684753275,42.288294433031716
"10 OAKHURST STREET, Boston, MA",SAM,-71.08160962665434,42.28815096422619
"11 OAKHURST STREET, Boston, MA",SAM,-71.08168771738907,42.28825353234918
"14 OAKHURST STREET, Boston, MA",SAM,-71.081687565179,42.288134263114166
"16 OAKHURST STREET, Boston, MA",SAM,-71.08172653444132,42.28812591255813
"18 OAKHURST STREET, Boston, MA",SAM,-71.08176550370365,42.288117562002114
"19 OAKHURST STREET, Boston, MA",SAM,-71.08184041327412,42.288220811803164
"2 OAKHURST STREET, Boston, MA",SAM,-71.081453749605,42.28818436645027
"20 OAKHURST STREET, Boston, MA",SAM,-71.081804472966,42.288109211446105
"21 OAKHURST STREET, Boston, MA",SAM,-71.08187858724538,42.28821263166665
"23 OAKHURST STREET, Boston, MA",SAM,-71.08191676121666,42.28820445153015
"3 OAKHURST STREET, Boston, MA",SAM,-71.08153502150404,42.28828625289521
"4 OAKHURST STREET, Boston, MA",SAM,-71.08149271886734,42.28817601589424
"6 OAKHURST STREET, Boston, MA",SAM,-71.08153168812967,42.28816766533823
"9 OAKHURST STREET, Boston, MA",SAM,-71.0816495434178,42.288261712485685
"101 OAKLAND STREET, Boston, MA",SAM,-71.16025802489227,42.35221093432443
"109 OAKLAND STREET, Boston, MA",SAM,-71.16027526835015,42.35224542124949
"11 OAKLAND STREET, Boston, MA",SAM,-71.15775624225145,42.349507902692686
"15 OAKLAND STREET, Boston, MA",SAM,-71.1577657345522,42.3496597796676
"16 OAKLAND STREET, Boston, MA",SAM,-71.15793338619383,42.34984727527348
"19 OAKLAND STREET, Boston, MA",SAM,-71.15777549800926,42.349812135933064
"2 OAKLAND STREET, Boston, MA",SAM,-71.15788739768652,42.34912292281956
"20 OAKLAND STREET, Boston, MA",SAM,-71.15795102350319,42.35004935039948
"31 OAKLAND STREET, Boston, MA",SAM,-71.15783594298281,42.35027044259083
"35 OAKLAND STREET, Boston, MA",SAM,-71.15787165200788,42.350427787852304
"39 OAKLAND STREET, Boston, MA",SAM,-71.15789250417056,42.35051119653465
"47 OAKLAND STREET, Boston, MA",SAM,-71.15793420849593,42.35067801389936
"48 OAKLAND STREET, Boston, MA",SAM,-71.15877196841294,42.35113110967929
"5 OAKLAND STREET, Boston, MA",SAM,-71.15774200380032,42.349280087230355
"52 OAKLAND STREET, Boston, MA",SAM,-71.15891637234824,42.351148351947366
"56 OAKLAND STREET, Boston, MA",SAM,-71.15905292974534,42.351156270368726
"62 OAKLAND STREET, Boston, MA",SAM,-71.15927997522542,42.3511666250206
"63 OAKLAND STREET, Boston, MA",SAM,-71.15852381195323,42.35120659139164
"65 OAKLAND STREET, Boston, MA",SAM,-71.15867503508794,42.351235612964935
"66 OAKLAND STREET, Boston, MA",SAM,-71.15942462613828,42.35118269735123
"67 OAKLAND STREET, Boston, MA",SAM,-71.15881943902323,42.351252855233
"71 OAKLAND STREET, Boston, MA",SAM,-71.1591193461183,42.35127307588749
"75 OAKLAND STREET, Boston, MA",SAM,-71.15940157285809,42.35129601516924
"79 OAKLAND STREET, Boston, MA",SAM,-71.15966540113108,42.35134732541465
"80 OAKLAND STREET, Boston, MA",SAM,-71.15992118382454,42.3513538900771
"81 OAKLAND STREET, Boston, MA",SAM,-71.1597571950266,42.35139083822471
"82 OAKLAND STREET, Boston, MA",SAM,-71.15997647161353,42.35141323311887
"83 OAKLAND STREET, Boston, MA",SAM,-71.15983420496083,42.351458807409166
"86 OAKLAND STREET, Boston, MA",SAM,-71.16003464766722,42.35151241854734
"87 OAKLAND STREET, Boston, MA",SAM,-71.1599505570682,42.35165717826608
"9 OAKLAND STREET, Boston, MA",SAM,-71.15775149610106,42.34943196420524
"90 OAKLAND STREET, Boston, MA",SAM,-71.16009282372092,42.3516116039758
"91 OAKLAND STREET, Boston, MA",SAM,-71.16006690917561,42.351855549123
"94 OAKLAND STREET, Boston, MA",SAM,-71.16015099977461,42.351710789404265
"97 OAKLAND STREET, Boston, MA",SAM,-71.16017727810593,42.352056664699546
"4 OAKLAND STREET, Boston, MA",SAM,-71.15789386970975,42.34922647530244
"6 OAKLAND STREET, Boston, MA",SAM,-71.15790034173298,42.349330027785335
"10 OAKLEY STREET, Boston, MA",SAM,-71.07176891109285,42.30136851141713
"11 OAKLEY STREET, Boston, MA",SAM,-71.07107650247492,42.301388617365646
"12 OAKLEY STREET, Boston, MA",SAM,-71.07171926791334,42.301378081186286
"14 OAKLEY STREET, Boston, MA",SAM,-71.07166962473383,42.30138765095546
"15 OAKLEY STREET, Boston, MA",SAM,-71.07073945074497,42.30146312353611
"16 OAKLEY STREET, Boston, MA",SAM,-71.07161998155432,42.301397220724624
"17 OAKLEY STREET, Boston, MA",SAM,-71.07057092487999,42.30150037662133
"18 OAKLEY STREET, Boston, MA",SAM,-71.07157033837484,42.30140679049383
"19 OAKLEY STREET, Boston, MA",SAM,-71.07040239901502,42.30153762970656
"20 OAKLEY STREET, Boston, MA",SAM,-71.07152069519532,42.30141636026298
"21 OAKLEY STREET, Boston, MA",SAM,-71.07023459435116,42.301571247402144
"22 OAKLEY STREET, Boston, MA",SAM,-71.07147105201582,42.30142593003216
"23 OAKLEY STREET, Boston, MA",SAM,-71.07006480042187,42.301605206186856
"24 OAKLEY STREET, Boston, MA",SAM,-71.07142140883631,42.30143549980133
"25 OAKLEY STREET, Boston, MA",SAM,-71.06989500649262,42.301639164971576
"26 OAKLEY STREET, Boston, MA",SAM,-71.0713717656568,42.3014450695705
"27 OAKLEY STREET, Boston, MA",SAM,-71.06972521256333,42.3016731237563
"28 OAKLEY STREET, Boston, MA",SAM,-71.0713221224773,42.301454639339674
"30 OAKLEY STREET, Boston, MA",SAM,-71.07127535132983,42.30146426141095
"31 OAKLEY STREET, Boston, MA",SAM,-71.06940708699524,42.30174305837276
"33 OAKLEY STREET, Boston, MA",SAM,-71.06939362924896,42.30174591304614
"37 OAKLEY STREET, Boston, MA",SAM,-71.06936671375642,42.3017516223929
"7 OAKLEY STREET, Boston, MA",SAM,-71.07141779229097,42.30131777723222
"8 OAKLEY STREET, Boston, MA",SAM,-71.07181855427234,42.30135894164793
"9 OAKLEY STREET, Boston, MA",SAM,-71.0712450283399,42.301351364280414
"2 OAKMAN STREET, Boston, MA",SAM,-71.04166959260938,42.28639624335999
"4 OAKMAN STREET, Boston, MA",SAM,-71.04164658612454,42.286391524079605
"101 BILLINGS STREET, Boston, MA",SAM,-71.02935358569309,42.28206781230007
"102 OAKMERE STREET, Boston, MA",SAM,-71.16890527549623,42.269398022819836
"105 OAKMERE STREET, Boston, MA",SAM,-71.16877029909085,42.26926231395937
"106 OAKMERE STREET, Boston, MA",SAM,-71.16874858027607,42.269375772804906
"111 OAKMERE STREET, Boston, MA",SAM,-71.16873094683157,42.269258243034166
"30 OAKMERE STREET, Boston, MA",SAM,-71.17115332119349,42.2708250592753
"31 OAKMERE STREET, Boston, MA",SAM,-71.1711566716126,42.270670254955014
"34 OAKMERE STREET, Boston, MA",SAM,-71.17108674879024,42.27077725117744
"35 OAKMERE STREET, Boston, MA",SAM,-71.17107421956356,42.27061685742556
"36 OAKMERE STREET, Boston, MA",SAM,-71.17105010343514,42.27075351894213
"51 OAKMERE STREET, Boston, MA",SAM,-71.1706758839279,42.270354319857844
"71 OAKMERE STREET, Boston, MA",SAM,-71.16995473509074,42.26983261590245
"75 OAKMERE STREET, Boston, MA",SAM,-71.16983550859064,42.26974879604121
"79 OAKMERE STREET, Boston, MA",SAM,-71.16971628209058,42.26966497617995
"82 OAKMERE STREET, Boston, MA",SAM,-71.16944162009568,42.2696299422596
"83 OAKMERE STREET, Boston, MA",SAM,-71.1695970555905,42.2695811563187
"86 OAKMERE STREET, Boston, MA",SAM,-71.16934407114105,42.269561362373125
"87 OAKMERE STREET, Boston, MA",SAM,-71.16947782909043,42.269497336457455
"90 OAKMERE STREET, Boston, MA",SAM,-71.16924379557571,42.26950473038017
"91 OAKMERE STREET, Boston, MA",SAM,-71.16934362125049,42.26941695221937
"94 OAKMERE STREET, Boston, MA",SAM,-71.16914618236017,42.26945666330285
"95 OAKMERE STREET, Boston, MA",SAM,-71.16919126335256,42.26934578632368
"12 OAKRIDGE STREET, Boston, MA",SAM,-71.07446047900758,42.277601415069114
"15 OAKRIDGE STREET, Boston, MA",SAM,-71.0745840881664,42.2775007187724
"16 OAKRIDGE STREET, Boston, MA",SAM,-71.07443260186938,42.27752521753457
"19 OAKRIDGE STREET, Boston, MA",SAM,-71.07455677994938,42.277426076289586
"20 OAKRIDGE STREET, Boston, MA",SAM,-71.07440472473117,42.27744902000004
"24 OAKRIDGE STREET, Boston, MA",SAM,-71.07437684759294,42.277372822465495
"27 OAKRIDGE STREET, Boston, MA",SAM,-71.07450216351533,42.277276791323956
"28 OAKRIDGE STREET, Boston, MA",SAM,-71.07434897045474,42.27729662493097
"3 OAKRIDGE STREET, Boston, MA",SAM,-71.0746635378323,42.27772645461207
"31 OAKRIDGE STREET, Boston, MA",SAM,-71.0744748552983,42.27720214884114
"32 OAKRIDGE STREET, Boston, MA",SAM,-71.07432109331651,42.277220427396415
"35 OAKRIDGE STREET, Boston, MA",SAM,-71.07444754708128,42.277127506358326
"36 OAKRIDGE STREET, Boston, MA",SAM,-71.07429321617832,42.27714422986186
"40 OAKRIDGE STREET, Boston, MA",SAM,-71.0742653390401,42.27706803232734
"43 OAKRIDGE STREET, Boston, MA",SAM,-71.07439293064722,42.27697822139268
"44 OAKRIDGE STREET, Boston, MA",SAM,-71.0742374619019,42.276991834792796
"47 OAKRIDGE STREET, Boston, MA",SAM,-71.07436562243021,42.27690357890988
"48 OAKRIDGE STREET, Boston, MA",SAM,-71.07420958476368,42.27691563725825
"51 OAKRIDGE STREET, Boston, MA",SAM,-71.07433831421318,42.276828936427066
"52 OAKRIDGE STREET, Boston, MA",SAM,-71.07418170762546,42.276839439723716
"56 OAKRIDGE STREET, Boston, MA",SAM,-71.07415383048725,42.27676324218916
"64 OAKRIDGE STREET, Boston, MA",SAM,-71.07409807621082,42.27661084712009
"10 OAKTON AVENUE, Boston, MA",SAM,-71.05406677161253,42.28673753688348
"100 OAKTON AVENUE, Boston, MA",SAM,-71.04996496987299,42.28727116828661
"101 OAKTON AVENUE, Boston, MA",SAM,-71.04992370891553,42.287160716926955
"102 OAKTON AVENUE, Boston, MA",SAM,-71.04994898474294,42.28727443635754
"103 OAKTON AVENUE, Boston, MA",SAM,-71.04990772378548,42.28716398499789
"106 OAKTON AVENUE, Boston, MA",SAM,-71.04991701448279,42.287280972499424
"109 OAKTON AVENUE, Boston, MA",SAM,-71.04985976839525,42.287173789210705
"110 OAKTON AVENUE, Boston, MA",SAM,-71.04988504422266,42.28728750864129
"14 OAKTON AVENUE, Boston, MA",SAM,-71.05385951438853,42.28675517579191
"24 OAKTON AVENUE, Boston, MA",SAM,-71.05334493636538,42.286804109737844
"32 OAKTON AVENUE, Boston, MA",SAM,-71.05294138363143,42.28685221586158
"35 OAKTON AVENUE, Boston, MA",SAM,-71.05270034632295,42.28678041989984
"36 OAKTON AVENUE, Boston, MA",SAM,-71.05273955229627,42.28689127998947
"42 OAKTON AVENUE, Boston, MA",SAM,-71.05241966485679,42.28692431709485
"43 OAKTON AVENUE, Boston, MA",SAM,-71.05229983852067,42.28681743908858
"46 OAKTON AVENUE, Boston, MA",SAM,-71.05220893635044,42.28693812010293
"50 OAKTON AVENUE, Boston, MA",SAM,-71.05200105209889,42.28695111286377
"51 OAKTON AVENUE, Boston, MA",SAM,-71.05188407001759,42.28684342461024
"54 OAKTON AVENUE, Boston, MA",SAM,-71.05173815451013,42.28696421002935
"58 OAKTON AVENUE, Boston, MA",SAM,-71.05157875090114,42.28696749669709
"59 OAKTON AVENUE, Boston, MA",SAM,-71.05151864414822,42.28685410012816
"63 OAKTON AVENUE, Boston, MA",SAM,-71.0513751809001,42.28685705812911
"66 OAKTON AVENUE, Boston, MA",SAM,-71.05128409623703,42.286993969054215
"67 OAKTON AVENUE, Boston, MA",SAM,-71.05121788851139,42.286888872221134
"7 OAKTON AVENUE, Boston, MA",SAM,-71.05415269730045,42.2866148768451
"70 OAKTON AVENUE, Boston, MA",SAM,-71.05113096941618,42.28702689955257
"73 OAKTON AVENUE, Boston, MA",SAM,-71.05101116730323,42.286933328393914
"74 OAKTON AVENUE, Boston, MA",SAM,-71.05090717039513,42.28707595296979
"77 OAKTON AVENUE, Boston, MA",SAM,-71.05076073903793,42.2869893929049
"78 OAKTON AVENUE, Boston, MA",SAM,-71.05070542070324,42.28712187972821
"81 OAKTON AVENUE, Boston, MA",SAM,-71.05055898934603,42.28703531966334
"82 OAKTON AVENUE, Boston, MA",SAM,-71.05050367101134,42.287167806486636
"85 OAKTON AVENUE, Boston, MA",SAM,-71.05036160584685,42.28707907992669
"86 OAKTON AVENUE, Boston, MA",SAM,-71.05029488523856,42.28720866077701
"87 OAKTON AVENUE, Boston, MA",SAM,-71.05025894350679,42.28709719680928
"89 OAKTON AVENUE, Boston, MA",SAM,-71.0501562811667,42.287115313691864
"92 OAKTON AVENUE, Boston, MA",SAM,-71.05002891039327,42.287258096002844
"96 OAKTON AVENUE, Boston, MA",SAM,-71.04999694013314,42.287264632144726
"97 OAKTON AVENUE, Boston, MA",SAM,-71.04995567917568,42.28715418078508
"14 OAKVIEW TERRACE, Boston, MA",SAM,-71.11048151621894,42.31983096532681
"16 OAKVIEW TERRACE, Boston, MA",SAM,-71.11039779448832,42.31975013053405
"2 OAKVIEW TERRACE, Boston, MA",SAM,-71.11094941329253,42.32034149204361
"20 OAKVIEW TERRACE, Boston, MA",SAM,-71.11020160301163,42.31961883098467
"22 OAKVIEW TERRACE, Boston, MA",SAM,-71.11000830946901,42.31955571231279
"24 OAKVIEW TERRACE, Boston, MA",SAM,-71.10978143872117,42.31948571327917
"26 OAKVIEW TERRACE, Boston, MA",SAM,-71.10957519228569,42.31937650715773
"28 OAKVIEW TERRACE, Boston, MA",SAM,-71.10941832401937,42.31925070712779
"31 OAKVIEW TERRACE, Boston, MA",SAM,-71.109847408196,42.319382022004945
"32 OAKVIEW TERRACE, Boston, MA",SAM,-71.10903924500232,42.319206067424794
"33 OAKVIEW TERRACE, Boston, MA",SAM,-71.1097649180703,42.31934450602919
"35 OAKVIEW TERRACE, Boston, MA",SAM,-71.1096746796393,42.31928864413074
"37 OAKVIEW TERRACE, Boston, MA",SAM,-71.10960042545163,42.31923646955923
"38 OAKVIEW TERRACE, Boston, MA",SAM,-71.10891571344808,42.31896092947869
"39 OAKVIEW TERRACE, Boston, MA",SAM,-71.10951309200856,42.319160036857376
"41 OAKVIEW TERRACE, Boston, MA",SAM,-71.10949057902967,42.31910253320887
"43 OAKVIEW TERRACE, Boston, MA",SAM,-71.1093489919604,42.31893443896048
"45 OAKVIEW TERRACE, Boston, MA",SAM,-71.1091073621359,42.318888040354324
"47 OAKVIEW TERRACE, Boston, MA",SAM,-71.10901696607438,42.31887396494591
"49 OAKVIEW TERRACE, Boston, MA",SAM,-71.1090092336457,42.31886954641421
"5 OAKVIEW TERRACE, Boston, MA",SAM,-71.11087368551367,42.320155154108186
"6 OAKVIEW TERRACE, Boston, MA",SAM,-71.11071153421307,42.320186942032095
"9 OAKVIEW TERRACE, Boston, MA",SAM,-71.11078290093411,42.320027963354946
"1 OAKWOOD STREET, Boston, MA",SAM,-71.11091547027927,42.26898304991049
"11 OAKWOOD STREET, Boston, MA",SAM,-71.1099901367044,42.26848181970767
"2 OAKWOOD STREET, Boston, MA",SAM,-71.11091547027263,42.26909764128581
"20 OAKWOOD STREET, Boston, MA",SAM,-71.11013110534442,42.2687099653973
"22 OAKWOOD STREET, Boston, MA",SAM,-71.11005216051059,42.26866391423382
"24 OAKWOOD STREET, Boston, MA",SAM,-71.10997321567675,42.26861786307035
"26 OAKWOOD STREET, Boston, MA",SAM,-71.1098942708429,42.268571811906845
"3 OAKWOOD STREET, Boston, MA",SAM,-71.11074800710927,42.26892391087715
"32 OAKWOOD STREET, Boston, MA",SAM,-71.10964044567831,42.26843625755838
"36 OAKWOOD STREET, Boston, MA",SAM,-71.1095073434048,42.26836716628606
"4 OAKWOOD STREET, Boston, MA",SAM,-71.11078794625493,42.26907322858969
"42 OAKWOOD STREET, Boston, MA",SAM,-71.1093076899945,42.26826352937758
"46 OAKWOOD STREET, Boston, MA",SAM,-71.10917444062663,42.268193327378725
"5 OAKWOOD STREET, Boston, MA",SAM,-71.11055853950806,42.26881338808477
"50 OAKWOOD STREET, Boston, MA",SAM,-71.1090314579635,42.26811515814086
"6 OAKWOOD STREET, Boston, MA",SAM,-71.1106837191813,42.26903232354171
"12 OAKWOOD STREET, Boston, MA",SAM,-71.11044688467977,42.26889417005124
"15 OAKWOOD STREET, Boston, MA",SAM,-71.10913174416392,42.26802759560088
"16 OAKWOOD STREET, Boston, MA",SAM,-71.1102889950121,42.26880206772427
"18 OAKWOOD STREET, Boston, MA",SAM,-71.11021005017825,42.2687560165608
"23 OAKWOOD STREET, Boston, MA",SAM,-71.10909218053573,42.26800554373752
"25 OAKWOOD STREET, Boston, MA",SAM,-71.10908228962867,42.26800003077169
"30 OAKWOOD STREET, Boston, MA",SAM,-71.10970699681506,42.26847080319455
"31 OAKWOOD STREET, Boston, MA",SAM,-71.10905261690753,42.267983491874176
"35 OAKWOOD STREET, Boston, MA",SAM,-71.10903283509344,42.267972465942506
"39 OAKWOOD STREET, Boston, MA",SAM,-71.10901305327934,42.267961440010836
"40 OAKWOOD STREET, Boston, MA",SAM,-71.10937424113126,42.26829807501374
"7 OAKWOOD STREET, Boston, MA",SAM,-71.11036907190683,42.26870286529241
"102 OCEAN STREET, Boston, MA",SAM,-71.06785771774025,42.2874512477067
"103 OCEAN STREET, Boston, MA",SAM,-71.0676859513218,42.287433793218796
"106 OCEAN STREET, Boston, MA",SAM,-71.06788046455628,42.28750047033867
"107 OCEAN STREET, Boston, MA",SAM,-71.06770974799089,42.287485287664566
"11 OCEAN STREET, Boston, MA",SAM,-71.06681358788892,42.28557339357972
"112 OCEAN STREET, Boston, MA",SAM,-71.06791458478034,42.287574304286636
"113 OCEAN STREET, Boston, MA",SAM,-71.06774544299452,42.287562529333215
"14 OCEAN STREET, Boston, MA",SAM,-71.0670911052378,42.28583413292713
"17 OCEAN STREET, Boston, MA",SAM,-71.06691125178043,42.28579553112132
"21 OCEAN STREET, Boston, MA",SAM,-71.06699449375623,42.28597955901442
"29 OCEAN STREET, Boston, MA",SAM,-71.06707074530904,42.28613765860743
"3 OCEAN STREET, Boston, MA",SAM,-71.06668101379861,42.285278783178164
"31 OCEAN STREET, Boston, MA",SAM,-71.06708980819724,42.28617718350569
"32 OCEAN STREET, Boston, MA",SAM,-71.06729981643294,42.286271621997074
"4 OCEAN STREET, Boston, MA",SAM,-71.06684460226336,42.28527837847383
"42 OCEAN STREET, Boston, MA",SAM,-71.06739946334852,42.28647822941974
"47 OCEAN STREET, Boston, MA",SAM,-71.06724231130279,42.28649338269168
"53 OCEAN STREET, Boston, MA",SAM,-71.06729949996739,42.28661195738643
"57 OCEAN STREET, Boston, MA",SAM,-71.06733762574379,42.28669100718294
"60 OCEAN STREET, Boston, MA",SAM,-71.06757882779657,42.286850122780564
"67 OCEAN STREET, Boston, MA",SAM,-71.06743294018479,42.28688863167419
"71 OCEAN STREET, Boston, MA",SAM,-71.06749557796914,42.28702183765272
"75 OCEAN STREET, Boston, MA",SAM,-71.06751937463821,42.28707333209849
"85 OCEAN STREET, Boston, MA",SAM,-71.06757886631092,42.2872020682129
"86 OCEAN STREET, Boston, MA",SAM,-71.06776673047608,42.28725435717879
"94 OCEAN STREET, Boston, MA",SAM,-71.06781222410817,42.28735280244274
"97 OCEAN STREET, Boston, MA",SAM,-71.06765025631817,42.28735655155017
"10 OGDEN STREET, Boston, MA",SAM,-71.071249066739,42.280925906058734
"14 OGDEN STREET, Boston, MA",SAM,-71.07136482103054,42.28078937968394
"15 OGDEN STREET, Boston, MA",SAM,-71.07119315016244,42.28116681111233
"17 OGDEN STREET, Boston, MA",SAM,-71.07121073223904,42.281151522349305
"18 OGDEN STREET, Boston, MA",SAM,-71.07141446826772,42.2806330789814
"2 OGDEN STREET, Boston, MA",SAM,-71.07095211142118,42.28119957560275
"22 OGDEN STREET, Boston, MA",SAM,-71.07140345466536,42.280461778570285
"16 OLD ROAD, Boston, MA",SAM,-71.08490687564233,42.30219148203422
"20 OLD ROAD, Boston, MA",SAM,-71.08501680533547,42.301982739002916
"8 OLD ROAD, Boston, MA",SAM,-71.08468159174559,42.302619305646346
"135 OLD COLONY AVENUE, Boston, MA",SAM,-71.05541256952196,42.335074738175344
"138 OLD COLONY AVENUE, Boston, MA",SAM,-71.05491949130875,42.3345399906113
"151 OLD COLONY AVENUE, Boston, MA",SAM,-71.05518993006233,42.334706861982674
"152 OLD COLONY AVENUE, Boston, MA",SAM,-71.05481336398577,42.334364122431545
"159 OLD COLONY AVENUE, Boston, MA",SAM,-71.0550989637855,42.3345561178286
"163 OLD COLONY AVENUE, Boston, MA",SAM,-71.05505348064709,42.33448074575154
"164 OLD COLONY AVENUE, Boston, MA",SAM,-71.0543204953938,42.33353439462669
"175 OLD COLONY AVENUE, Boston, MA",SAM,-71.05487824667615,42.334188135749365
"185 OLD COLONY AVENUE, Boston, MA",SAM,-71.05467124859527,42.333830184376396
"190 OLD COLONY AVENUE, Boston, MA",SAM,-71.05412884586049,42.333218736491986
"212 OLD COLONY AVENUE, Boston, MA",SAM,-71.05389233318374,42.33282501244066
"215 OLD COLONY AVENUE, Boston, MA",SAM,-71.05353984901765,42.33200567172086
"22 OLD COLONY AVENUE, Boston, MA",SAM,-71.05686139623319,42.33768589592923
"240 OLD COLONY AVENUE, Boston, MA",SAM,-71.05302090805829,42.33143186537004
"267 OLD COLONY AVENUE, Boston, MA",SAM,-71.05283098315324,42.33039622000081
"275 OLD COLONY AVENUE, Boston, MA",SAM,-71.05282112917489,42.33033709610159
"283 OLD COLONY AVENUE, Boston, MA",SAM,-71.05281127519652,42.33027797220237
"287 OLD COLONY AVENUE, Boston, MA",SAM,,
"295 OLD COLONY AVENUE, Boston, MA",SAM,-71.05277800620306,42.32997328550135
"309 OLD COLONY AVENUE, Boston, MA",SAM,-71.0527655496063,42.32978643636169
"333 OLD COLONY AVENUE, Boston, MA",SAM,-71.05274419544047,42.32946612355085
"345 OLD COLONY AVENUE, Boston, MA",SAM,-71.05270363531832,42.32864854319734
"505 OLD COLONY AVENUE, Boston, MA",SAM,-71.05231171915457,42.32219787923098
"54 OLD COLONY AVENUE, Boston, MA",SAM,-71.0560050962975,42.33632000722927
"58 OLD COLONY AVENUE, Boston, MA",SAM,-71.05593970353,42.336210622935795
"6 OLD COLONY AVENUE, Boston, MA",SAM,-71.05699624699105,42.33786510856233
"75 OLD COLONY AVENUE, Boston, MA",SAM,-71.05624497761403,42.33643776529493
"10 OLD COLONY TERRACE, Boston, MA",SAM,-71.04704190142404,42.312240268206104
"2 OLD COLONY TERRACE, Boston, MA",SAM,-71.04709106311223,42.31221950426249
"100 OLD HARBOR STREET, Boston, MA",SAM,-71.04732958145472,42.33160158517345
"101 OLD HARBOR STREET, Boston, MA",SAM,-71.0474871836703,42.33150939130864
"102 OLD HARBOR STREET, Boston, MA",SAM,-71.04733164497367,42.33152729863643
"104 OLD HARBOR STREET, Boston, MA",SAM,-71.0473337084926,42.33145301209939
"106 OLD HARBOR STREET, Boston, MA",SAM,-71.04733577201154,42.331378725562374
"114 OLD HARBOR STREET, Boston, MA",SAM,-71.04733602904209,42.331160239729144
"116 OLD HARBOR STREET, Boston, MA",SAM,-71.04733541217348,42.331144024870966
"120 OLD HARBOR STREET, Boston, MA",SAM,-71.04733417843632,42.33111159515454
"17 OLD HARBOR STREET, Boston, MA",SAM,-71.0475476711043,42.334119851373515
"19 OLD HARBOR STREET, Boston, MA",SAM,-71.04754529701077,42.334067621242376
"23 OLD HARBOR STREET, Boston, MA",SAM,-71.04754054882375,42.33396316098014
"25 OLD HARBOR STREET, Boston, MA",SAM,-71.04753817473022,42.33391093084902
"27 OLD HARBOR STREET, Boston, MA",SAM,-71.04753580063672,42.3338587007179
"37 OLD HARBOR STREET, Boston, MA",SAM,-71.04752648916255,42.33360001678804
"39 OLD HARBOR STREET, Boston, MA",SAM,-71.04752718592641,42.33354775971827
"40 OLD HARBOR STREET, Boston, MA",SAM,-71.04737292930508,42.33245811785861
"41 OLD HARBOR STREET, Boston, MA",SAM,-71.04752788269028,42.33349550264849
"43 OLD HARBOR STREET, Boston, MA",SAM,-71.04752857945412,42.3334432455787
"45 OLD HARBOR STREET, Boston, MA",SAM,-71.047529276218,42.33339098850891
"47 OLD HARBOR STREET, Boston, MA",SAM,-71.04752997298186,42.333338731439135
"49 OLD HARBOR STREET, Boston, MA",SAM,-71.04753066974571,42.33328647436933
"51 OLD HARBOR STREET, Boston, MA",SAM,-71.04753136650957,42.333234217299534
"53 OLD HARBOR STREET, Boston, MA",SAM,-71.04753206327342,42.333181960229766
"61 OLD HARBOR STREET, Boston, MA",SAM,-71.04753413160395,42.33290945847731
"63 OLD HARBOR STREET, Boston, MA",SAM,-71.04753303635968,42.332829505296935
"65 OLD HARBOR STREET, Boston, MA",SAM,-71.04753194111544,42.3327495521166
"67 OLD HARBOR STREET, Boston, MA",SAM,-71.04753084587117,42.33266959893625
"71 OLD HARBOR STREET, Boston, MA",SAM,-71.04752865538264,42.332509692575535
"73 OLD HARBOR STREET, Boston, MA",SAM,-71.04752756013839,42.33242973939518
"75 OLD HARBOR STREET, Boston, MA",SAM,-71.04752646489412,42.33234978621483
"79 OLD HARBOR STREET, Boston, MA",SAM,-71.04751644084716,42.33218734976959
"80 OLD HARBOR STREET, Boston, MA",SAM,-71.04734536827543,42.331985055075116
"82 OLD HARBOR STREET, Boston, MA",SAM,-71.0473435106646,42.33196127763547
"83 OLD HARBOR STREET, Boston, MA",SAM,-71.04750396831726,42.332027701246275
"85 OLD HARBOR STREET, Boston, MA",SAM,-71.04749773205232,42.331947876984614
"86 OLD HARBOR STREET, Boston, MA",SAM,-71.04733979544294,42.331913722756184
"87 OLD HARBOR STREET, Boston, MA",SAM,-71.0474914957874,42.33186805272293
"89 OLD HARBOR STREET, Boston, MA",SAM,-71.04748525952243,42.331788228461285
"91 OLD HARBOR STREET, Boston, MA",SAM,-71.04748249385453,42.33167822434735
"93 OLD HARBOR STREET, Boston, MA",SAM,-71.0474834318177,42.33164445773959
"99 OLD HARBOR STREET, Boston, MA",SAM,-71.04748624570715,42.33154315791638
"10 OLD MORTON STREET, Boston, MA",SAM,-71.07193514264367,42.274486883769534
"11 OLD MORTON STREET, Boston, MA",SAM,-71.07213308639217,42.274593913340105
"14 OLD MORTON STREET, Boston, MA",SAM,-71.07186609828378,42.2742501601682
"15 OLD MORTON STREET, Boston, MA",SAM,-71.07208652510182,42.27446271000304
"20 OLD MORTON STREET, Boston, MA",SAM,-71.07176320638902,42.27390280589307
"21 OLD MORTON STREET, Boston, MA",SAM,-71.07202734422192,42.274259804059035
"24 OLD MORTON STREET, Boston, MA",SAM,-71.07173210472847,42.27380570799409
"25 OLD MORTON STREET, Boston, MA",SAM,-71.07198789030198,42.2741245334297
"28 OLD MORTON STREET, Boston, MA",SAM,-71.07170100306793,42.273708610095156
"3 OLD MORTON STREET, Boston, MA",SAM,-71.07222927864713,42.27486137481486
"31 OLD MORTON STREET, Boston, MA",SAM,-71.0719138980283,42.2738763786131
"32 OLD MORTON STREET, Boston, MA",SAM,-71.07166990140736,42.27361151219617
"36 OLD MORTON STREET, Boston, MA",SAM,-71.07163879974682,42.27351441429721
"37 OLD MORTON STREET, Boston, MA",SAM,-71.07186038487706,42.27370931311048
"4 OLD MORTON STREET, Boston, MA",SAM,-71.07206158222853,42.27484069447215
"40 OLD MORTON STREET, Boston, MA",SAM,-71.07160769808627,42.27341731639824
"41 OLD MORTON STREET, Boston, MA",SAM,-71.07182470944291,42.27359793610872
"43 OLD MORTON STREET, Boston, MA",SAM,-71.07180687172581,42.27354224760786
"44 OLD MORTON STREET, Boston, MA",SAM,-71.07157659642571,42.27332021849926
"45 OLD MORTON STREET, Boston, MA",SAM,-71.07178903400875,42.27348655910696
"49 OLD MORTON STREET, Boston, MA",SAM,-71.07175335857457,42.273375182105205
"50 OLD MORTON STREET, Boston, MA",SAM,-71.07152994393489,42.27317457165082
"52 OLD MORTON STREET, Boston, MA",SAM,-71.07151439310461,42.27312602270135
"53 OLD MORTON STREET, Boston, MA",SAM,-71.07171768314042,42.273263805103454
"56 OLD MORTON STREET, Boston, MA",SAM,-71.07148329144408,42.27302892480236
"59 OLD MORTON STREET, Boston, MA",SAM,-71.07166416998916,42.273096739600824
"60 OLD MORTON STREET, Boston, MA",SAM,-71.07145218978351,42.27293182690341
"61 OLD MORTON STREET, Boston, MA",SAM,-71.0716463322721,42.273041051099945
"62 OLD MORTON STREET, Boston, MA",SAM,-71.07143663895324,42.27288327795392
"64 OLD MORTON STREET, Boston, MA",SAM,-71.07142108812296,42.27283472900446
"7 OLD MORTON STREET, Boston, MA",SAM,-71.07218118251964,42.27472764407749
"8 OLD MORTON STREET, Boston, MA",SAM,-71.07197741400543,42.274606665681745
"14 OLDFIELDS ROAD, Boston, MA",SAM,-71.07787954536882,42.30657536757602
"17 OLDFIELDS ROAD, Boston, MA",SAM,-71.07780138718586,42.306686771108225
"18 OLDFIELDS ROAD, Boston, MA",SAM,-71.07792647158821,42.30661898914194
"21 OLDFIELDS ROAD, Boston, MA",SAM,-71.0778473557273,42.30672950243811
"22 OLDFIELDS ROAD, Boston, MA",SAM,-71.0779733978076,42.306662610707875
"25 OLDFIELDS ROAD, Boston, MA",SAM,-71.0778983414228,42.306775762679436
"26 OLDFIELDS ROAD, Boston, MA",SAM,-71.07801690588373,42.306701673439
"29 OLDFIELDS ROAD, Boston, MA",SAM,-71.07794926438115,42.30681530286773
"30 OLDFIELDS ROAD, Boston, MA",SAM,-71.07806888973705,42.30674203738122
"34 OLDFIELDS ROAD, Boston, MA",SAM,-71.07812087359038,42.30678240132345
"59 OLDFIELDS ROAD, Boston, MA",SAM,-71.07833405115744,42.30711184080429
"61 OLDFIELDS ROAD, Boston, MA",SAM,-71.07836019065029,42.3071311210019
"63 OLDFIELDS ROAD, Boston, MA",SAM,-71.07838633014313,42.307150401199536
"65 OLDFIELDS ROAD, Boston, MA",SAM,-71.07841246963599,42.307169681397156
"10 OLIVA ROAD, Boston, MA",SAM,-71.16213181113888,42.35635080283255
"15 OLIVA ROAD, Boston, MA",SAM,-71.1620877937516,42.35622709329744
"19 OLIVA ROAD, Boston, MA",SAM,-71.16203613555204,42.35621922156897
"5 OLIVA ROAD, Boston, MA",SAM,-71.16221693925047,42.35624677261857
"6 OLIVA ROAD, Boston, MA",SAM,-71.16218454555093,42.35635883855535
"9 OLIVA ROAD, Boston, MA",SAM,-71.1621652810509,42.35623890089012
"1 OLIVE STREET, Boston, MA",SAM,-71.16031790788357,42.34957690763523
"6 OLIVE STREET, Boston, MA",SAM,-71.16029578244282,42.34969119631147
"7 OLIVE STREET, Boston, MA",SAM,-71.1602899296528,42.34957649618972
"9 OLIVE STREET, Boston, MA",SAM,-71.16028060357587,42.34957635904121
"27 OLIVER STREET, Boston, MA",SAM,-71.05410737250473,42.35666967916245
"10 OLMSTEAD STREET, Boston, MA",SAM,-71.10123426917677,42.311672285995485
"11 OLMSTEAD STREET, Boston, MA",SAM,-71.1012615184536,42.311556145587176
"12 OLMSTEAD STREET, Boston, MA",SAM,-71.1011960813656,42.311660065892795
"14 OLMSTEAD STREET, Boston, MA",SAM,-71.10115789355442,42.311647845790084
"15 OLMSTEAD STREET, Boston, MA",SAM,-71.10118670151742,42.31153220416146
"19 OLMSTEAD STREET, Boston, MA",SAM,-71.10111736610854,42.31150680849588
"20 OLMSTEAD STREET, Boston, MA",SAM,-71.10104147253908,42.31160687528003
"23 OLMSTEAD STREET, Boston, MA",SAM,-71.10104438634107,42.311479944771186
"24 OLMSTEAD STREET, Boston, MA",SAM,-71.1009669723598,42.311579451894396
"25 OLMSTEAD STREET, Boston, MA",SAM,-71.10100789645735,42.31146651290882
"28 OLMSTEAD STREET, Boston, MA",SAM,-71.1008924721805,42.311552028508764
"34 OLMSTEAD STREET, Boston, MA",SAM,-71.10078072191159,42.311510893430324
"38 OLMSTEAD STREET, Boston, MA",SAM,-71.1007062217323,42.3114834700447
"100 OLNEY STREET, Boston, MA",SAM,-71.07376728074475,42.30502534467345
"11 OLNEY STREET, Boston, MA",SAM,-71.0688621455933,42.30541391731433
"112 OLNEY STREET, Boston, MA",SAM,-71.07423655404664,42.3047984197141
"120 OLNEY STREET, Boston, MA",SAM,-71.0743066118769,42.304761817785085
"128 OLNEY STREET, Boston, MA",SAM,-71.07437303940219,42.30473072404852
"133 OLNEY STREET, Boston, MA",SAM,-71.07507669445428,42.304338865434005
"15 OLNEY STREET, Boston, MA",SAM,-71.0690601798332,42.305444646776174
"16 OLNEY STREET, Boston, MA",SAM,-71.06958536319829,42.305406295830046
"17 OLNEY STREET, Boston, MA",SAM,-71.06921260506289,42.305467795473405
"22 OLNEY STREET, Boston, MA",SAM,-71.0697320380009,42.305428087522905
"23 OLNEY STREET, Boston, MA",SAM,-71.06959395954976,42.305524453874774
"25 OLNEY STREET, Boston, MA",SAM,-71.06972107771206,42.305543340008576
"26 OLNEY STREET, Boston, MA",SAM,-71.06982982120269,42.30544261531812
"27 OLNEY STREET, Boston, MA",SAM,-71.06984819587434,42.30556222614237
"28 OLNEY STREET, Boston, MA",SAM,-71.06987871280354,42.30544987921573
"34 OLNEY STREET, Boston, MA",SAM,-71.07031450239194,42.30547804166684
"35 OLNEY STREET, Boston, MA",SAM,-71.07037428921141,42.30559263304411
"36 OLNEY STREET, Boston, MA",SAM,-71.07046396945721,42.30547804167159
"38 OLNEY STREET, Boston, MA",SAM,-71.0706134365225,42.30547804167638
"39 OLNEY STREET, Boston, MA",SAM,-71.07061343651586,42.305592633051724
"41 OLNEY STREET, Boston, MA",SAM,-71.07081788056703,42.30559263305825
"42 OLNEY STREET, Boston, MA",SAM,-71.07071565854811,42.30547804167963
"43 OLNEY STREET, Boston, MA",SAM,-71.07089255652281,42.30559263306064
"45 OLNEY STREET, Boston, MA",SAM,-71.0709672324786,42.30559263306302
"49 OLNEY STREET, Boston, MA",SAM,-71.07111658439015,42.305592633067775
"53 OLNEY STREET, Boston, MA",SAM,-71.07126593630171,42.30559263307254
"55 OLNEY STREET, Boston, MA",SAM,-71.07141702996724,42.30559534574823
"57 OLNEY STREET, Boston, MA",SAM,-71.07145965412182,42.30559687715654
"58 OLNEY STREET, Boston, MA",SAM,-71.07150979660702,42.3054839521454
"59 OLNEY STREET, Boston, MA",SAM,-71.07150227827638,42.30559840856487
"60 OLNEY STREET, Boston, MA",SAM,-71.07159504491621,42.30548701496205
"61 OLNEY STREET, Boston, MA",SAM,-71.07154490243099,42.3055999399732
"68 OLNEY STREET, Boston, MA",SAM,-71.07193603815287,42.305499266228665
"7 OLNEY STREET, Boston, MA",SAM,-71.0686641113534,42.30538318785248
"72 OLNEY STREET, Boston, MA",SAM,-71.07217238016078,42.305505041721
"76 OLNEY STREET, Boston, MA",SAM,-71.07225949976792,42.305505041723784
"80 OLNEY STREET, Boston, MA",SAM,-71.07233774854204,42.3055028174399
"84 OLNEY STREET, Boston, MA",SAM,-71.07259741384898,42.3054744117172
"92 OLNEY STREET, Boston, MA",SAM,-71.07300727629246,42.305371851144976
"96 OLNEY STREET, Boston, MA",SAM,-71.0732445909159,42.305305233464544
"1 ONSLOW TERRACE, Boston, MA",SAM,-71.03189092651013,42.33393459359862
"2 ONSLOW TERRACE, Boston, MA",SAM,-71.03173596268935,42.33393751366451
"3 ONSLOW TERRACE, Boston, MA",SAM,-71.03189082345206,42.3339316049091
"4 ONSLOW TERRACE, Boston, MA",SAM,-71.03173585748425,42.333934462710616
"10 OPHIR STREET, Boston, MA",SAM,-71.1038576618914,42.31063467091282
"12 OPHIR STREET, Boston, MA",SAM,-71.10393836342345,42.310659743239945
"34 OPHIR STREET, Boston, MA",SAM,-71.10501724215668,42.31100743301226
"36 OPHIR STREET, Boston, MA",SAM,-71.10502855647111,42.311011547309434
"10 ORANGE STREET, Boston, MA",SAM,-71.13837062809003,42.28528455283423
"102 ORANGE STREET, Boston, MA",SAM,-71.138221528597,42.28190528228812
"105 ORANGE STREET, Boston, MA",SAM,-71.1384324638075,42.281879442479145
"106 ORANGE STREET, Boston, MA",SAM,-71.13831343614046,42.281805831505956
"109 ORANGE STREET, Boston, MA",SAM,-71.13852625427006,42.281805397373304
"11 ORANGE STREET, Boston, MA",SAM,-71.1386022903011,42.285250774464664
"110 ORANGE STREET, Boston, MA",SAM,-71.13840963148671,42.281729887807636
"116 ORANGE STREET, Boston, MA",SAM,-71.13855392450607,42.2816159722602
"12 ORANGE STREET, Boston, MA",SAM,-71.13843986610146,42.28527038646499
"130 ORANGE STREET, Boston, MA",SAM,-71.13905478085435,42.2811921078096
"131 ORANGE STREET, Boston, MA",SAM,-71.13923830141896,42.28121046264499
"135 ORANGE STREET, Boston, MA",SAM,-71.13937134956343,42.28109699214967
"136 ORANGE STREET, Boston, MA",SAM,-71.13925435307108,42.28102190206658
"139 ORANGE STREET, Boston, MA",SAM,-71.13950439770792,42.28098352165432
"142 ORANGE STREET, Boston, MA",SAM,-71.13945392528784,42.280851696323545
"143 ORANGE STREET, Boston, MA",SAM,-71.13963744585243,42.28087005115896
"148 ORANGE STREET, Boston, MA",SAM,-71.13965349750455,42.280681490580534
"149 ORANGE STREET, Boston, MA",SAM,-71.13983701806916,42.28069984541594
"15 ORANGE STREET, Boston, MA",SAM,-71.13860035675442,42.284957975620564
"153 ORANGE STREET, Boston, MA",SAM,-71.13997006621365,42.2805863749206
"156 ORANGE STREET, Boston, MA",SAM,-71.13991959379352,42.28045454958985
"157 ORANGE STREET, Boston, MA",SAM,-71.14010311435814,42.280472904425245
"158 ORANGE STREET, Boston, MA",SAM,-71.13998611786577,42.28039781434217
"159 ORANGE STREET, Boston, MA",SAM,-71.14016963843038,42.280416169177585
"16 ORANGE STREET, Boston, MA",SAM,-71.13845021307218,42.28502208546314
"160 ORANGE STREET, Boston, MA",SAM,-71.14005264193803,42.28034107909449
"163 ORANGE STREET, Boston, MA",SAM,-71.14034749982622,42.28027740949713
"167 ORANGE STREET, Boston, MA",SAM,-71.14049969701432,42.280162899225886
"168 ORANGE STREET, Boston, MA",SAM,-71.14040194734638,42.280073011190225
"17 ORANGE STREET, Boston, MA",SAM,-71.13858944758249,42.284818338096336
"171 ORANGE STREET, Boston, MA",SAM,-71.14065189420245,42.280048388954626
"172 ORANGE STREET, Boston, MA",SAM,-71.14056259993384,42.279952139237224
"175 ORANGE STREET, Boston, MA",SAM,-71.14080409139055,42.2799338786834
"176 ORANGE STREET, Boston, MA",SAM,-71.1407232525213,42.27983126728425
"179 ORANGE STREET, Boston, MA",SAM,-71.14095628857868,42.27981936841215
"180 ORANGE STREET, Boston, MA",SAM,-71.14088390510874,42.27971039533128
"183 ORANGE STREET, Boston, MA",SAM,-71.14110848576678,42.27970485814091
"184 ORANGE STREET, Boston, MA",SAM,-71.1410445576962,42.2795895233783
"187 ORANGE STREET, Boston, MA",SAM,-71.14126151755812,42.279592491788016
"188 ORANGE STREET, Boston, MA",SAM,-71.14120914571751,42.27947004557382
"191 ORANGE STREET, Boston, MA",SAM,-71.1414165942803,42.27948011734586
"20 ORANGE STREET, Boston, MA",SAM,-71.13842967816028,42.284759238358674
"23 ORANGE STREET, Boston, MA",SAM,-71.13855672006663,42.2843994255236
"24 ORANGE STREET, Boston, MA",SAM,-71.13840914324838,42.28449639125425
"28 ORANGE STREET, Boston, MA",SAM,-71.13838860833647,42.28423354414978
"29 ORANGE STREET, Boston, MA",SAM,-71.13852399255077,42.28398051295088
"32 ORANGE STREET, Boston, MA",SAM,-71.13836807342457,42.28397069704534
"33 ORANGE STREET, Boston, MA",SAM,-71.13850217420688,42.283701237902406
"36 ORANGE STREET, Boston, MA",SAM,-71.13834753851266,42.283707849940875
"4 ORANGE STREET, Boston, MA",SAM,-71.13784129824764,42.28530442290197
"5 ORANGE STREET, Boston, MA",SAM,-71.13804522949194,42.28541534103602
"6 ORANGE STREET, Boston, MA",SAM,-71.13801918769269,42.285301188553674
"72 ORANGE STREET, Boston, MA",SAM,-71.13826283366129,42.28271018560001
"75 ORANGE STREET, Boston, MA",SAM,-71.13840883654858,42.28257457809768
"76 ORANGE STREET, Boston, MA",SAM,-71.1382558762328,42.28260623332847
"79 ORANGE STREET, Boston, MA",SAM,-71.1384020530558,42.28247322463296
"82 ORANGE STREET, Boston, MA",SAM,-71.13824544009005,42.28245030492121
"83 ORANGE STREET, Boston, MA",SAM,-71.13839526956303,42.28237187116822
"86 ORANGE STREET, Boston, MA",SAM,-71.13823848266156,42.2823463526497
"87 ORANGE STREET, Boston, MA",SAM,-71.13838848607026,42.28227051770349
"9 ORANGE STREET, Boston, MA",SAM,-71.1384468195942,42.285393199036044
"90 ORANGE STREET, Boston, MA",SAM,-71.13823152523308,42.28224240037817
"91 ORANGE STREET, Boston, MA",SAM,-71.13838170257746,42.28216916423876
"94 ORANGE STREET, Boston, MA",SAM,-71.13822456780458,42.28213844810667
"95 ORANGE STREET, Boston, MA",SAM,-71.13837354687145,42.28206542782955
"96 ORANGE STREET, Boston, MA",SAM,-71.13822093792703,42.2820889348989
"99 ORANGE STREET, Boston, MA",SAM,-71.13836091607196,42.28196438137232
"36 ORCHARD ROAD, Boston, MA",SAM,-71.13991211735483,42.34101721871487
"40 ORCHARD ROAD, Boston, MA",SAM,-71.13996280353098,42.341046616703736
"18 ORCHARD STREET, Boston, MA",SAM,-71.1202146349026,42.30969132172803
"26 ORCHARD STREET, Boston, MA",SAM,-71.12023288952092,42.310027778753216
"27 ORCHARD STREET, Boston, MA",SAM,-71.12008797708926,42.31012199606774
"30 ORCHARD STREET, Boston, MA",SAM,-71.12025191234014,42.31019725489073
"31 ORCHARD STREET, Boston, MA",SAM,-71.12010699990849,42.31029147220524
"10 ORCHARD STREET, Boston, MA",SAM,-71.12020536834932,42.30935275195538
"101 ORCHARD STREET, Boston, MA",SAM,-71.12038684236694,42.31170188133051
"11 ORCHARD STREET, Boston, MA",SAM,-71.12005093834223,42.309439237354596
"13 ORCHARD STREET, Boston, MA",SAM,-71.1200538694355,42.309524239214284
"14 ORCHARD STREET, Boston, MA",SAM,-71.12020877271604,42.30952131800862
"15 ORCHARD STREET, Boston, MA",SAM,-71.12005680052876,42.30960924107399
"20 ORCHARD STREET, Boston, MA",SAM,-71.12021756599586,42.30977632358773
"22 ORCHARD STREET, Boston, MA",SAM,-71.12022049708911,42.30986132544742
"25 ORCHARD STREET, Boston, MA",SAM,-71.12007846567964,42.31003725799898
"32 ORCHARD STREET, Boston, MA",SAM,-71.12026142374977,42.310281992959496
"35 ORCHARD STREET, Boston, MA",SAM,-71.12012333843929,42.31045954411794
"36 ORCHARD STREET, Boston, MA",SAM,-71.1202780518457,42.31045313437452
"38 ORCHARD STREET, Boston, MA",SAM,-71.12028448338297,42.310538030743544
"40 ORCHARD STREET, Boston, MA",SAM,-71.12029091492023,42.31062292711258
"41 ORCHARD STREET, Boston, MA",SAM,-71.1201543903203,42.31074937103332
"42 ORCHARD STREET, Boston, MA",SAM,-71.12030718552931,42.31073029781606
"45 ORCHARD STREET, Boston, MA",SAM,-71.12016897499073,42.31081326580551
"46 ORCHARD STREET, Boston, MA",SAM,-71.1203219571827,42.310795011751985
"47 ORCHARD STREET, Boston, MA",SAM,-71.12017626732595,42.310845213191584
"5 ORCHARD STREET, Boston, MA",SAM,-71.12005041587376,42.309182692965166
"50 ORCHARD STREET, Boston, MA",SAM,-71.1203367288361,42.310859725687926
"51 ORCHARD STREET, Boston, MA",SAM,-71.12019085199638,42.31090910796378
"53 ORCHARD STREET, Boston, MA",SAM,-71.1201981443316,42.310941055349886
"57 ORCHARD STREET, Boston, MA",SAM,-71.12021272900203,42.311004950122076
"58 ORCHARD STREET, Boston, MA",SAM,-71.12036627214287,42.310989153559795
"60 ORCHARD STREET, Boston, MA",SAM,-71.12037365796958,42.31102151052777
"62 ORCHARD STREET, Boston, MA",SAM,-71.12038104379627,42.31105386749574
"74 ORCHARD STREET, Boston, MA",SAM,-71.12043108464678,42.311245582882165
"78 ORCHARD STREET, Boston, MA",SAM,-71.12044832890781,42.31130996148007
"82 ORCHARD STREET, Boston, MA",SAM,-71.12046513587347,42.31137514518145
"85 ORCHARD STREET, Boston, MA",SAM,-71.12032664705164,42.31145152699792
"86 ORCHARD STREET, Boston, MA",SAM,-71.12048126982206,42.311439681000216
"89 ORCHARD STREET, Boston, MA",SAM,-71.12034257677303,42.31151524590761
"94 ORCHARD STREET, Boston, MA",SAM,-71.12051353771923,42.31156875263775
"99 ORCHARD STREET, Boston, MA",SAM,-71.12038240107651,42.31167454318176
"13 ORCHARDFIELD STREET, Boston, MA",SAM,-71.05872455998606,42.303894228551044
"17 ORCHARDFIELD STREET, Boston, MA",SAM,-71.05857168790168,42.303955913780264
"19 ORCHARDFIELD STREET, Boston, MA",SAM,-71.05849525185951,42.30398675639486
"23 ORCHARDFIELD STREET, Boston, MA",SAM,-71.05828310250705,42.3040717385187
"27 ORCHARDFIELD STREET, Boston, MA",SAM,-71.05819247734584,42.3041074780201
"31 ORCHARDFIELD STREET, Boston, MA",SAM,-71.05810185218466,42.30414321752153
"35 ORCHARDFIELD STREET, Boston, MA",SAM,-71.0580109724014,42.30417914550348
"37 ORCHARDFIELD STREET, Boston, MA",SAM,-71.0579657675661,42.304197164214685
"40 ORCHARDFIELD STREET, Boston, MA",SAM,-71.05767575521106,42.30444293859594
"47 ORCHARDFIELD STREET, Boston, MA",SAM,-71.05773974338953,42.304287257770746
"51 ORCHARDFIELD STREET, Boston, MA",SAM,-71.0576493337189,42.30432329519314
"53 ORCHARDFIELD STREET, Boston, MA",SAM,-71.05760412888358,42.304341313904345
"56 ORCHARDFIELD STREET, Boston, MA",SAM,-71.05738945792073,42.30455705710026
"57 ORCHARDFIELD STREET, Boston, MA",SAM,-71.05751371921296,42.304377351326764
"58 ORCHARDFIELD STREET, Boston, MA",SAM,-71.05735367075945,42.30457132191331
"9 ORCHARDFIELD STREET, Boston, MA",SAM,-71.05888065732674,42.30383185613683
"24 ORCHARDHILL ROAD, Boston, MA",SAM,-71.11147476612433,42.30036774077177
"29 ORCHARDHILL ROAD, Boston, MA",SAM,-71.1116722085966,42.30020820320341
"33 ORCHARDHILL ROAD, Boston, MA",SAM,-71.11170662187558,42.30007055010149
"37 ORCHARDHILL ROAD, Boston, MA",SAM,-71.11174765893949,42.29993740368677
"40 ORCHARDHILL ROAD, Boston, MA",SAM,-71.11162503284186,42.299803674419614
"44 ORCHARDHILL ROAD, Boston, MA",SAM,-71.11160063438878,42.29970993014288
"45 ORCHARDHILL ROAD, Boston, MA",SAM,-71.1117096714143,42.2996262643443
"49 ORCHARDHILL ROAD, Boston, MA",SAM,-71.11151474775752,42.299537251421604
"50 ORCHARDHILL ROAD, Boston, MA",SAM,-71.11137511352045,42.29961546943077
"55 ORCHARDHILL ROAD, Boston, MA",SAM,-71.1112983910754,42.29943752947964
"59 ORCHARDHILL ROAD, Boston, MA",SAM,-71.11116133781705,42.29934588510829
"62 ORCHARDHILL ROAD, Boston, MA",SAM,-71.1108746694249,42.29930457413826
"63 ORCHARDHILL ROAD, Boston, MA",SAM,-71.110975466855,42.2992175517971
"66 ORCHARDHILL ROAD, Boston, MA",SAM,-71.11082486915052,42.29927301752165
"67 ORCHARDHILL ROAD, Boston, MA",SAM,-71.11092566658061,42.299185995180466
"71 ORCHARDHILL ROAD, Boston, MA",SAM,-71.11087586630617,42.29915443856387
"72 ORCHARDHILL ROAD, Boston, MA",SAM,-71.11075016873892,42.29922568259673
"74 ORCHARDHILL ROAD, Boston, MA",SAM,-71.11072526860171,42.29920990428842
"75 ORCHARDHILL ROAD, Boston, MA",SAM,-71.1108260660318,42.29912288194724
"1 ORGAN PARK STREET, Boston, MA",SAM,-71.1132314517913,42.288209000345205
"3 ORGAN PARK STREET, Boston, MA",SAM,-71.11331833363674,42.288253089650055
"6 ORGAN PARK STREET, Boston, MA",SAM,-71.11363919955764,42.28828806733083
"9 ORGAN PARK STREET, Boston, MA",SAM,-71.11352894166305,42.28836895200365
"1 ORIENT AVENUE, Boston, MA",SAM,-70.99940589785155,42.389835953464264
"10 ORIENT AVENUE, Boston, MA",SAM,-70.99935867628008,42.389677753344124
"11 ORIENT AVENUE, Boston, MA",SAM,-70.99956042095342,42.38990061827739
"111 ORIENT AVENUE, Boston, MA",SAM,-71.00593626091587,42.39053495057415
"12 ORIENT AVENUE, Boston, MA",SAM,-70.99948589466665,42.38973776841876
"120 ORIENT AVENUE, Boston, MA",SAM,-71.00401667170837,42.390122680897456
"147 ORIENT AVENUE, Boston, MA",SAM,-71.0074738270723,42.39082336721274
"15 ORIENT AVENUE, Boston, MA",SAM,-70.99962154720109,42.389926021399404
"16 ORIENT AVENUE, Boston, MA",SAM,-70.99966706798925,42.38981345256045
"162 ORIENT AVENUE, Boston, MA",SAM,-71.00651222153412,42.39051753073951
"165 ORIENT AVENUE, Boston, MA",SAM,-71.00804144854968,42.390927447344914
"166 ORIENT AVENUE, Boston, MA",SAM,-71.00669825083466,42.39055377022499
"169 ORIENT AVENUE, Boston, MA",SAM,-71.00815195735208,42.39095847649928
"170 ORIENT AVENUE, Boston, MA",SAM,-71.00688428013518,42.39059000971047
"173 ORIENT AVENUE, Boston, MA",SAM,-71.00827266725656,42.39099296505262
"176 ORIENT AVENUE, Boston, MA",SAM,-71.00716332408598,42.3906443689387
"177 ORIENT AVENUE, Boston, MA",SAM,-71.00839897732308,42.39102560266126
"182 ORIENT AVENUE, Boston, MA",SAM,-71.00744236803679,42.390698728166925
"183 ORIENT AVENUE, Boston, MA",SAM,-71.00857481461414,42.39107217692543
"186 ORIENT AVENUE, Boston, MA",SAM,-71.0076283973373,42.39073496765245
"187 ORIENT AVENUE, Boston, MA",SAM,-71.00870028733483,42.391110710337905
"19 ORIENT AVENUE, Boston, MA",SAM,-70.9996826734488,42.38995142452139
"190 ORIENT AVENUE, Boston, MA",SAM,-71.00781442663782,42.3907712071379
"191 ORIENT AVENUE, Boston, MA",SAM,-71.00882313753311,42.39114079610926
"194 ORIENT AVENUE, Boston, MA",SAM,-71.0079994408186,42.39080275721956
"195 ORIENT AVENUE, Boston, MA",SAM,-71.00893070055844,42.39117158903296
"198 ORIENT AVENUE, Boston, MA",SAM,-71.00819325550502,42.390847408814736
"20 ORIENT AVENUE, Boston, MA",SAM,-70.9998523111282,42.389890620154496
"202 ORIENT AVENUE, Boston, MA",SAM,-71.00837268914684,42.39089867558322
"205 ORIENT AVENUE, Boston, MA",SAM,-71.00922391185223,42.39128119807773
"206 ORIENT AVENUE, Boston, MA",SAM,-71.00855145651632,42.39094150842094
"208 ORIENT AVENUE, Boston, MA",SAM,-71.0086470701962,42.39097036771775
"212 ORIENT AVENUE, Boston, MA",SAM,-71.00882050624126,42.39101942483614
"215 ORIENT AVENUE, Boston, MA",SAM,-71.00951309409257,42.39138179761509
"216 ORIENT AVENUE, Boston, MA",SAM,-71.00901228052685,42.391073902569374
"220 ORIENT AVENUE, Boston, MA",SAM,-71.00917707803778,42.39113938432367
"223 ORIENT AVENUE, Boston, MA",SAM,-71.00974289254798,42.39146980555568
"225 ORIENT AVENUE, Boston, MA",SAM,-71.00980034216184,42.391491807540824
"226 ORIENT AVENUE, Boston, MA",SAM,-71.00943953837425,42.39122800731678
"232 ORIENT AVENUE, Boston, MA",SAM,-71.00970097026233,42.391324668411706
"236 ORIENT AVENUE, Boston, MA",SAM,-71.00987176641164,42.391390079718896
"24 ORIENT AVENUE, Boston, MA",SAM,-71.00005107896379,42.38995561517898
"240 ORIENT AVENUE, Boston, MA",SAM,-71.01004134509843,42.391453386833355
"244 ORIENT AVENUE, Boston, MA",SAM,-71.01010621037405,42.39147718021544
"248 ORIENT AVENUE, Boston, MA",SAM,-71.0101710756497,42.39150097359751
"251 ORIENT AVENUE, Boston, MA",SAM,-71.01026422215605,42.39166308762254
"252 ORIENT AVENUE, Boston, MA",SAM,-71.01023594092531,42.39152476697962
"255 ORIENT AVENUE, Boston, MA",SAM,-71.01031827655241,42.39168291544096
"27 ORIENT AVENUE, Boston, MA",SAM,-70.99980236224856,42.39000215997123
"28 ORIENT AVENUE, Boston, MA",SAM,-71.0002227675343,42.38996334393147
"29 ORIENT AVENUE, Boston, MA",SAM,-70.99983241059869,42.39001551479665
"3 ORIENT AVENUE, Boston, MA",SAM,-70.99943816845806,42.38984981203338
"32 ORIENT AVENUE, Boston, MA",SAM,-71.00039445610476,42.389971072683984
"33 ORIENT AVENUE, Boston, MA",SAM,-71.00004163991511,42.39006999435396
"37 ORIENT AVENUE, Boston, MA",SAM,-71.00021332848559,42.39007772310646
"40 ORIENT AVENUE, Boston, MA",SAM,-71.00073783324576,42.389986530188985
"41 ORIENT AVENUE, Boston, MA",SAM,-71.0003850170561,42.39008545185896
"42 ORIENT AVENUE, Boston, MA",SAM,-71.000823677531,42.38999039456522
"48 ORIENT AVENUE, Boston, MA",SAM,-71.00108121038674,42.39000198769397
"49 ORIENT AVENUE, Boston, MA",SAM,-71.00072839419708,42.39010090936396
"5 ORIENT AVENUE, Boston, MA",SAM,-70.99946873158189,42.38986251359439
"54 ORIENT AVENUE, Boston, MA",SAM,-71.00133874324248,42.39001358082271
"57 ORIENT AVENUE, Boston, MA",SAM,-71.00107177133805,42.39011636686895
"60 ORIENT AVENUE, Boston, MA",SAM,-71.00159567006058,42.390023604133596
"63 ORIENT AVENUE, Boston, MA",SAM,-71.0013293041938,42.390127959997685
"68 ORIENT AVENUE, Boston, MA",SAM,-71.00199642868512,42.39003835340259
"7 ORIENT AVENUE, Boston, MA",SAM,-70.99949929470573,42.3898752151554
"72 ORIENT AVENUE, Boston, MA",SAM,-71.00214517392381,42.39004351220247
"75 ORIENT AVENUE, Boston, MA",SAM,-71.00191477837171,42.39015023929382
"76 ORIENT AVENUE, Boston, MA",SAM,-71.00229391916247,42.39004867100234
"8 ORIENT AVENUE, Boston, MA",SAM,-70.99926737281419,42.38960876805388
"80 ORIENT AVENUE, Boston, MA",SAM,-71.00244266440114,42.390053829802206
"81 ORIENT AVENUE, Boston, MA",SAM,-71.0023982003974,42.39016700539337
"82 ORIENT AVENUE, Boston, MA",SAM,-71.00251703702048,42.39005640920214
"84 ORIENT AVENUE, Boston, MA",SAM,-71.00259140963982,42.390058988602085
"87 ORIENT AVENUE, Boston, MA",SAM,-71.00288162242308,42.390183771492964
"88 ORIENT AVENUE, Boston, MA",SAM,-71.0027401548785,42.39006414740195
"90 ORIENT AVENUE, Boston, MA",SAM,-71.00281452749782,42.39006672680186
"94 ORIENT AVENUE, Boston, MA",SAM,-71.00296327273651,42.39007188560173
"99 ORIENT AVENUE, Boston, MA",SAM,-71.00384620418146,42.39022454429599
"12 ORIOLE STREET, Boston, MA",SAM,-71.14954719900622,42.28082139937274
"16 ORIOLE STREET, Boston, MA",SAM,-71.14969247531836,42.28069269820388
"20 ORIOLE STREET, Boston, MA",SAM,-71.14983775163047,42.280563997035
"21 ORIOLE STREET, Boston, MA",SAM,-71.14997738424007,42.28061906435204
"24 ORIOLE STREET, Boston, MA",SAM,-71.14998302794258,42.28043529586613
"25 ORIOLE STREET, Boston, MA",SAM,-71.15011228367277,42.280499556123814
"28 ORIOLE STREET, Boston, MA",SAM,-71.15012830425471,42.28030659469727
"29 ORIOLE STREET, Boston, MA",SAM,-71.15024718310544,42.28038004789558
"37 ORIOLE STREET, Boston, MA",SAM,-71.15059526006681,42.28008229994203
"40 ORIOLE STREET, Boston, MA",SAM,-71.15058496416913,42.27991647376436
"41 ORIOLE STREET, Boston, MA",SAM,-71.15076100794033,42.27994134898732
"44 ORIOLE STREET, Boston, MA",SAM,-71.15072703377503,42.27979565866031
"45 ORIOLE STREET, Boston, MA",SAM,-71.15092609742811,42.27979746303694
"48 ORIOLE STREET, Boston, MA",SAM,-71.15086275276423,42.27967341915584
"5 ORIOLE STREET, Boston, MA",SAM,-71.14941497196743,42.28108829586133
"52 ORIOLE STREET, Boston, MA",SAM,-71.15099923105791,42.27954912641791
"53 ORIOLE STREET, Boston, MA",SAM,-71.15124454678003,42.27950744664845
"56 ORIOLE STREET, Boston, MA",SAM,-71.1511357093516,42.279424833680004
"61 ORIOLE STREET, Boston, MA",SAM,-71.15155098770047,42.27930496674422
"63 ORIOLE STREET, Boston, MA",SAM,-71.15159933116384,42.279264509091966
"64 ORIOLE STREET, Boston, MA",SAM,-71.15144513074412,42.27922054970556
"65 ORIOLE STREET, Boston, MA",SAM,-71.15164767462717,42.279224051439726
"66 ORIOLE STREET, Boston, MA",SAM,-71.1514985629931,42.279175833353065
"7 ORIOLE STREET, Boston, MA",SAM,-71.14948900674997,42.281032973163825
"70 ORIOLE STREET, Boston, MA",SAM,-71.15160542749102,42.27908640064812
"72 ORIOLE STREET, Boston, MA",SAM,-71.15165885974,42.279041684295635
"76 ORIOLE STREET, Boston, MA",SAM,-71.15176572423795,42.27895225159069
"77 ORIOLE STREET, Boston, MA",SAM,-71.1519377354073,42.27898130552629
"78 ORIOLE STREET, Boston, MA",SAM,-71.15181915648692,42.27890753523822
"8 ORIOLE STREET, Boston, MA",SAM,-71.14939602847261,42.280939582398986
"11 ORKNEY ROAD, Boston, MA",SAM,-71.14796816543353,42.33747281109528
"15 ORKNEY ROAD, Boston, MA",SAM,-71.14817723507684,42.33743177873689
"19 ORKNEY ROAD, Boston, MA",SAM,-71.14838630472016,42.33739074637846
"23 ORKNEY ROAD, Boston, MA",SAM,-71.14859537436347,42.337349714020064
"10 ORLANDO STREET, Boston, MA",SAM,-71.09733447323478,42.27618760549004
"14 ORLANDO STREET, Boston, MA",SAM,-71.0973687561252,42.27615654577578
"15 ORLANDO STREET, Boston, MA",SAM,-71.0990093736319,42.27474136082722
"31 ORLANDO STREET, Boston, MA",SAM,-71.09916928864654,42.2745854436804
"35 ORLANDO STREET, Boston, MA",SAM,-71.09920926740018,42.27454646439369
"10 ORLEANS STREET, Boston, MA",SAM,-71.03903024527068,42.36693047423461
"102 ORLEANS STREET, Boston, MA",SAM,-71.03693292635947,42.36942735294386
"104 ORLEANS STREET, Boston, MA",SAM,-71.03686787738275,42.36948254601785
"105 ORLEANS STREET, Boston, MA",SAM,-71.03653961268874,42.36958681959229
"106 ORLEANS STREET, Boston, MA",SAM,-71.03680282840605,42.36953773909183
"108 ORLEANS STREET, Boston, MA",SAM,-71.03670114008226,42.36962415139659
"109 ORLEANS STREET, Boston, MA",SAM,-71.03645080894687,42.36966239724886
"111 ORLEANS STREET, Boston, MA",SAM,-71.03640640707592,42.36970018607714
"113 ORLEANS STREET, Boston, MA",SAM,-71.03636200520498,42.36973797490541
"114 ORLEANS STREET, Boston, MA",SAM,-71.03662121671456,42.369692171287504
"115 ORLEANS STREET, Boston, MA",SAM,-71.03631760333403,42.3697757637337
"117 ORLEANS STREET, Boston, MA",SAM,-71.03627320146309,42.36981355256199
"119 ORLEANS STREET, Boston, MA",SAM,-71.03622879959215,42.36985134139029
"120 ORLEANS STREET, Boston, MA",SAM,-71.03654129334687,42.36976019117843
"121 ORLEANS STREET, Boston, MA",SAM,-71.0361843977212,42.36988913021857
"129 ORLEANS STREET, Boston, MA",SAM,-71.03594951887328,42.37008908313364
"131 ORLEANS STREET, Boston, MA",SAM,-71.03593352280649,42.3701027145652
"133 ORLEANS STREET, Boston, MA",SAM,-71.03591752673965,42.37011634599674
"137 ORLEANS STREET, Boston, MA",SAM,-71.03588553460602,42.370143608859856
"141 ORLEANS STREET, Boston, MA",SAM,-71.0358535424724,42.37017087172298
"147 ORLEANS STREET, Boston, MA",SAM,-71.03580555427196,42.37021176601765
"155 ORLEANS STREET, Boston, MA",SAM,-71.03574157000469,42.37026629174387
"161 ORLEANS STREET, Boston, MA",SAM,-71.03569358180422,42.370307186038524
"164 ORLEANS STREET, Boston, MA",SAM,-71.03577558295999,42.37041223957712
"172 ORLEANS STREET, Boston, MA",SAM,-71.0355491914921,42.37060514852843
"19 ORLEANS STREET, Boston, MA",SAM,-71.03834526394729,42.36758821805768
"30 ORLEANS STREET, Boston, MA",SAM,-71.0385427383848,42.36756269825048
"32 ORLEANS STREET, Boston, MA",SAM,-71.03851439934164,42.36759986421016
"41 ORLEANS STREET, Boston, MA",SAM,-71.03815196650429,42.36783922759119
"43 ORLEANS STREET, Boston, MA",SAM,-71.03814259006661,42.36785121713494
"60 ORLEANS STREET, Boston, MA",SAM,-71.03779659683107,42.36846090747697
"78 ORLEANS STREET, Boston, MA",SAM,-71.03749788266896,42.368785048792596
"81 ORLEANS STREET, Boston, MA",SAM,-71.03729246868838,42.368814071127666
"83 ORLEANS STREET, Boston, MA",SAM,-71.03725602206241,42.368858352076984
"87 ORLEANS STREET, Boston, MA",SAM,-71.03718312881043,42.3689469139756
"89 ORLEANS STREET, Boston, MA",SAM,-71.03714668218444,42.36899119492491
"100 ORMOND STREET, Boston, MA",SAM,-71.09358234641932,42.282632419437846
"101 ORMOND STREET, Boston, MA",SAM,-71.09373028331646,42.28300213048419
"103 ORMOND STREET, Boston, MA",SAM,-71.09377164108336,42.28304496532401
"104 ORMOND STREET, Boston, MA",SAM,-71.0936260498036,42.282685716260424
"107 ORMOND STREET, Boston, MA",SAM,-71.09388044391153,42.28313200872279
"11 ORMOND STREET, Boston, MA",SAM,-71.09359581752453,42.280278428014526
"111 ORMOND STREET, Boston, MA",SAM,-71.09398889228991,42.28320017629025
"115 ORMOND STREET, Boston, MA",SAM,-71.09409734066828,42.283268343857706
"119 ORMOND STREET, Boston, MA",SAM,-71.09421457215146,42.2833353590206
"125 ORMOND STREET, Boston, MA",SAM,-71.09438736688439,42.283428078166736
"129 ORMOND STREET, Boston, MA",SAM,-71.094502563373,42.28348989093083
"133 ORMOND STREET, Boston, MA",SAM,-71.09461959143495,42.283551116713454
"137 ORMOND STREET, Boston, MA",SAM,-71.09473588721696,42.28361179278753
"141 ORMOND STREET, Boston, MA",SAM,-71.09485218299896,42.283672468861624
"145 ORMOND STREET, Boston, MA",SAM,-71.09496847878098,42.28373314493572
"149 ORMOND STREET, Boston, MA",SAM,-71.09512230084694,42.283810100078604
"15 ORMOND STREET, Boston, MA",SAM,-71.09359973645658,42.280427347780396
"153 ORMOND STREET, Boston, MA",SAM,-71.09516945090132,42.28383296071634
"16 ORMOND STREET, Boston, MA",SAM,-71.093755242128,42.280449937065974
"18 ORMOND STREET, Boston, MA",SAM,-71.09375729490195,42.28052794265763
"23 ORMOND STREET, Boston, MA",SAM,-71.09359014765388,42.2807193518202
"27 ORMOND STREET, Boston, MA",SAM,-71.09357485904364,42.28086786968454
"28 ORMOND STREET, Boston, MA",SAM,-71.09371992647658,42.280928267852815
"31 ORMOND STREET, Boston, MA",SAM,-71.09354234389312,42.281008555791395
"34 ORMOND STREET, Boston, MA",SAM,-71.0936623871645,42.28115842507773
"35 ORMOND STREET, Boston, MA",SAM,-71.09350572796725,42.28115501947997
"36 ORMOND STREET, Boston, MA",SAM,-71.09364122405121,42.28123642682376
"39 ORMOND STREET, Boston, MA",SAM,-71.09346477449331,42.28129927019204
"43 ORMOND STREET, Boston, MA",SAM,-71.0934228362087,42.281444950538564
"45 ORMOND STREET, Boston, MA",SAM,-71.09340333667781,42.28151958180182
"51 ORMOND STREET, Boston, MA",SAM,-71.09334426851302,42.28169269801468
"52 ORMOND STREET, Boston, MA",SAM,-71.09343709384046,42.28195139079548
"55 ORMOND STREET, Boston, MA",SAM,-71.0933045242037,42.28184068944178
"56 ORMOND STREET, Boston, MA",SAM,-71.09342355767185,42.28201291882647
"59 ORMOND STREET, Boston, MA",SAM,-71.09328166311894,42.28194460344967
"60 ORMOND STREET, Boston, MA",SAM,-71.09341582334504,42.28207039379252
"61 ORMOND STREET, Boston, MA",SAM,-71.09327023257657,42.28199656045362
"64 ORMOND STREET, Boston, MA",SAM,-71.09340892021365,42.282132521950786
"68 ORMOND STREET, Boston, MA",SAM,-71.09340421733658,42.28218467121776
"72 ORMOND STREET, Boston, MA",SAM,-71.09341197643798,42.28224674406644
"82 ORMOND STREET, Boston, MA",SAM,-71.0934494259587,42.28238846968447
"86 ORMOND STREET, Boston, MA",SAM,-71.0934727232975,42.28244837714496
"90 ORMOND STREET, Boston, MA",SAM,-71.09349602063628,42.28250828460548
"93 ORMOND STREET, Boston, MA",SAM,-71.09356485224885,42.282830791125036
"96 ORMOND STREET, Boston, MA",SAM,-71.09353864303503,42.28257912261525
"97 ORMOND STREET, Boston, MA",SAM,-71.09364756778263,42.28291646080462
"50 ORTON-MAROTTA WAY, Boston, MA",SAM,-71.05559401765964,42.33854356250839
"6 OSCAR STREET, Boston, MA",SAM,-71.09735451209808,42.33017669551996
"10 OSCEOLA STREET, Boston, MA",SAM,-71.10291261017737,42.26272487425557
"11 OSCEOLA STREET, Boston, MA",SAM,-71.10321886995392,42.262915197041906
"12 OSCEOLA STREET, Boston, MA",SAM,-71.10287047432904,42.26266419861919
"15 OSCEOLA STREET, Boston, MA",SAM,-71.10311052062963,42.262759173976974
"16 OSCEOLA STREET, Boston, MA",SAM,-71.10278620263236,42.2625428473465
"19 OSCEOLA STREET, Boston, MA",SAM,-71.10300217130532,42.26260315091206
"20 OSCEOLA STREET, Boston, MA",SAM,-71.10270193093567,42.262421496073785
"22 OSCEOLA STREET, Boston, MA",SAM,-71.10262876940759,42.2623259612764
"23 OSCEOLA STREET, Boston, MA",SAM,-71.102893821981,42.26244712784716
"26 OSCEOLA STREET, Boston, MA",SAM,-71.10254072715708,42.26222122133327
"27 OSCEOLA STREET, Boston, MA",SAM,-71.10276024312685,42.26226543176568
"3 OSCEOLA STREET, Boston, MA",SAM,-71.10348996269641,42.263262367869274
"31 OSCEOLA STREET, Boston, MA",SAM,-71.10263446848327,42.26211580327548
"34 OSCEOLA STREET, Boston, MA",SAM,-71.10236464265604,42.26201174144699
"35 OSCEOLA STREET, Boston, MA",SAM,-71.10250869383968,42.261966174785265
"38 OSCEOLA STREET, Boston, MA",SAM,-71.10227660040555,42.261907001503836
"39 OSCEOLA STREET, Boston, MA",SAM,-71.1023829191961,42.26181654629507
"42 OSCEOLA STREET, Boston, MA",SAM,-71.10218855815502,42.261802261560696
"43 OSCEOLA STREET, Boston, MA",SAM,-71.1022432897854,42.26164539628341
"44 OSCEOLA STREET, Boston, MA",SAM,-71.10210807378817,42.26170122641652
"47 OSCEOLA STREET, Boston, MA",SAM,-71.10221717822068,42.261610758485254
"50 OSCEOLA STREET, Boston, MA",SAM,-71.10199840521638,42.261555747664154
"51 OSCEOLA STREET, Boston, MA",SAM,-71.10219106665596,42.26157612068707
"54 OSCEOLA STREET, Boston, MA",SAM,-71.10192529283516,42.26145876182924
"55 OSCEOLA STREET, Boston, MA",SAM,-71.10216495509127,42.26154148288888
"58 OSCEOLA STREET, Boston, MA",SAM,-71.10185218045396,42.26136177599432
"62 OSCEOLA STREET, Boston, MA",SAM,-71.10177906807276,42.26126479015941
"66 OSCEOLA STREET, Boston, MA",SAM,-71.10166652587482,42.26111771195465
"7 OSCEOLA STREET, Boston, MA",SAM,-71.1033638478129,42.26309421465113
"70 OSCEOLA STREET, Boston, MA",SAM,-71.10164702506157,42.26109296091659
"7 OSWALD STREET, Boston, MA",SAM,-71.10403584046972,42.33158199575291
"1 OTIS PLACE, Boston, MA",SAM,-71.13202232908375,42.28179400649847
"10 OTIS PLACE, Boston, MA",SAM,-71.13194010660156,42.28168715700235
"12 OTIS PLACE, Boston, MA",SAM,-71.13194960305243,42.28167850982715
"14 OTIS PLACE, Boston, MA",SAM,-71.13195909950329,42.28166986265195
"2 OTIS PLACE, Boston, MA",SAM,-71.1319021207981,42.281721745703166
"4 OTIS PLACE, Boston, MA",SAM,-71.13191161724895,42.281713098527966
"5 OTIS PLACE, Boston, MA",SAM,-71.13204093437527,42.281777065094005
"7 OTIS PLACE, Boston, MA",SAM,-71.13205023702099,42.28176859439177
"8 OTIS PLACE, Boston, MA",SAM,-71.13193061015069,42.28169580417757
"3 OTIS PLACE, Boston, MA",SAM,-71.1320316317295,42.281785535796246
"1 OTISFIELD STREET, Boston, MA",SAM,-71.08086724491518,42.3134686324328
"15 OTISFIELD STREET, Boston, MA",SAM,-71.08095810803036,42.31330014581996
"2 OTISFIELD STREET, Boston, MA",SAM,-71.08072353133099,42.313425767669436
"3 OTISFIELD STREET, Boston, MA",SAM,-71.08088023265748,42.313444821571586
"4 OTISFIELD STREET, Boston, MA",SAM,-71.08073678965125,42.31340146074858
"5 OTISFIELD STREET, Boston, MA",SAM,-71.08089322039977,42.31342101071033
"6 OTISFIELD STREET, Boston, MA",SAM,-71.08075004797153,42.31337715382772
"7 OTISFIELD STREET, Boston, MA",SAM,-71.08090620814208,42.313397199849106
"9 OTISFIELD STREET, Boston, MA",SAM,-71.08091919588439,42.31337338898786
"15 OUTLOOK ROAD, Boston, MA",SAM,-71.09378120879977,42.2819775577288
"19 OUTLOOK ROAD, Boston, MA",SAM,-71.09384562228327,42.282025640839905
"25 OUTLOOK ROAD, Boston, MA",SAM,-71.09394433901758,42.282112113332346
"3 OUTLOOK ROAD, Boston, MA",SAM,-71.09349721566944,42.28187731772657
"33 OUTLOOK ROAD, Boston, MA",SAM,-71.09408511421917,42.28224531934117
"37 OUTLOOK ROAD, Boston, MA",SAM,-71.09415875429593,42.2823066860856
"41 OUTLOOK ROAD, Boston, MA",SAM,-71.0942362541243,42.28236898988748
"7 OUTLOOK ROAD, Boston, MA",SAM,-71.0936031019888,42.28190175303809
"19 OVERLOOK ROAD, Boston, MA",SAM,-71.15812366805942,42.2629462662905
"30 OVERLOOK ROAD, Boston, MA",SAM,-71.15782059918041,42.26255072066317
"35 OVERLOOK ROAD, Boston, MA",SAM,-71.15796824033168,42.26249805374986
"37 OVERLOOK ROAD, Boston, MA",SAM,-71.15796713269735,42.262448225580016
"47 OVERLOOK ROAD, Boston, MA",SAM,-71.15799536433695,42.262152030189334
"54 OVERLOOK ROAD, Boston, MA",SAM,-71.15789546425583,42.26167264420199
"58 OVERLOOK ROAD, Boston, MA",SAM,-71.1578826325019,42.26153740617054
"59 OVERLOOK ROAD, Boston, MA",SAM,-71.15804087854607,42.26179888521107
"64 OVERLOOK ROAD, Boston, MA",SAM,-71.15786495682686,42.26144902775703
"65 OVERLOOK ROAD, Boston, MA",SAM,-71.1580416916663,42.26155008705067
"67 OVERLOOK ROAD, Boston, MA",SAM,-71.15803441344717,42.26151369593921
"85 OVERLOOK ROAD, Boston, MA",SAM,-71.15799947788672,42.26120012477442
"10 OWEN STREET, Boston, MA",SAM,-71.08115571853082,42.27926370983155
"11 OWEN STREET, Boston, MA",SAM,-71.0812826041393,42.27933087619973
"15 OWEN STREET, Boston, MA",SAM,-71.081310318174,42.279308501565055
"18 OWEN STREET, Boston, MA",SAM,-71.08121230135167,42.27921802828575
"19 OWEN STREET, Boston, MA",SAM,-71.08133803220869,42.27928612693038
"22 OWEN STREET, Boston, MA",SAM,-71.0812405927621,42.279195187512855
"23 OWEN STREET, Boston, MA",SAM,-71.0813657462434,42.2792637522957
"10 OWENCROFT ROAD, Boston, MA",SAM,-71.06888918695749,42.27926675725789
"14 OWENCROFT ROAD, Boston, MA",SAM,-71.06892581690602,42.279340017174704
"15 OWENCROFT ROAD, Boston, MA",SAM,-71.06879625703067,42.27941117260785
"18 OWENCROFT ROAD, Boston, MA",SAM,-71.06896244685456,42.27941327709149
"19 OWENCROFT ROAD, Boston, MA",SAM,-71.06883213942922,42.279482937424305
"22 OWENCROFT ROAD, Boston, MA",SAM,-71.06899907680308,42.27948653700828
"23 OWENCROFT ROAD, Boston, MA",SAM,-71.06886821733542,42.27955507953303
"26 OWENCROFT ROAD, Boston, MA",SAM,-71.06903594758441,42.27955929896645
"27 OWENCROFT ROAD, Boston, MA",SAM,-71.06890478322485,42.279626655335676
"30 OWENCROFT ROAD, Boston, MA",SAM,-71.0690732752632,42.27963236593167
"31 OWENCROFT ROAD, Boston, MA",SAM,-71.06894134911427,42.27969823113834
"34 OWENCROFT ROAD, Boston, MA",SAM,-71.06911060294198,42.27970543289686
"35 OWENCROFT ROAD, Boston, MA",SAM,-71.0689779150037,42.279769806941005
"38 OWENCROFT ROAD, Boston, MA",SAM,-71.06914793062073,42.279778499862076
"39 OWENCROFT ROAD, Boston, MA",SAM,-71.06901448089309,42.27984138274366
"42 OWENCROFT ROAD, Boston, MA",SAM,-71.06918525829951,42.27985156682729
"43 OWENCROFT ROAD, Boston, MA",SAM,-71.0690510467825,42.27991295854632
"47 OWENCROFT ROAD, Boston, MA",SAM,-71.06908761267194,42.279984534348976
"5 OWENCROFT ROAD, Boston, MA",SAM,-71.068705885967,42.279229259742664
"6 OWENCROFT ROAD, Boston, MA",SAM,-71.06885402802399,42.279195792395356
"9 OWENCROFT ROAD, Boston, MA",SAM,-71.06874243343282,42.279303525383185
"10 OXFORD PLACE, Boston, MA",SAM,-71.06113371827405,42.35206344108594
"11 OXFORD PLACE, Boston, MA",SAM,-71.06110020261892,42.351951468308236
"4 OXFORD PLACE, Boston, MA",SAM,-71.06115371233047,42.35206077521205
"5 OXFORD PLACE, Boston, MA",SAM,-71.06111978863338,42.35194885683994
"6 OXFORD PLACE, Boston, MA",SAM,-71.061147047645,42.352061663836686
"7 OXFORD PLACE, Boston, MA",SAM,-71.0611132599619,42.35194972732937
"8 OXFORD PLACE, Boston, MA",SAM,-71.06114038295952,42.35206255246131
"9 OXFORD PLACE, Boston, MA",SAM,-71.06110673129042,42.3519505978188
"13 OXFORD STREET, Boston, MA",SAM,-71.12859354197985,42.360345928165145
"16 OXFORD STREET, Boston, MA",SAM,-71.1284827906079,42.36026444747997
"18 OXFORD STREET, Boston, MA",SAM,-71.128469182671,42.36027230360887
"22 OXFORD STREET, Boston, MA",SAM,-71.12844196679717,42.36028801586669
"24 OXFORD STREET, Boston, MA",SAM,-71.12842835886026,42.360295871995596
"26 OXFORD STREET, Boston, MA",SAM,-71.12841475092337,42.360303728124514
"32 OXFORD STREET, Boston, MA",SAM,-71.12837392711265,42.360327296511244
"101 P STREET, Boston, MA",SAM,-71.02722531329059,42.33443258376524
"104 P STREET, Boston, MA",SAM,-71.02707474073794,42.33463570911946
"105 P STREET, Boston, MA",SAM,-71.02722088992081,42.33423131988241
"108 P STREET, Boston, MA",SAM,-71.02707031736816,42.33443444523662
"11 P STREET, Boston, MA",SAM,-71.02731967739454,42.33780512096223
"110 P STREET, Boston, MA",SAM,-71.02706810568327,42.334333813295196
"112 P STREET, Boston, MA",SAM,-71.02706589399838,42.33423318135379
"114 P STREET, Boston, MA",SAM,-71.0270636823135,42.33413254941236
"115 P STREET, Boston, MA",SAM,-71.0272094243799,42.33388931782663
"116 P STREET, Boston, MA",SAM,-71.02705996419405,42.3340189049894
"123 P STREET, Boston, MA",SAM,-71.02720212548923,42.333721443094866
"127 P STREET, Boston, MA",SAM,-71.02719847604392,42.333637505728966
"128 P STREET, Boston, MA",SAM,-71.02705542464011,42.333914495095236
"130 P STREET, Boston, MA",SAM,-71.0270546680478,42.333897093446204
"131 P STREET, Boston, MA",SAM,-71.02719482659857,42.33355356836308
"132 P STREET, Boston, MA",SAM,-71.02705391145545,42.33387969179718
"134 P STREET, Boston, MA",SAM,-71.02705315486314,42.333862290148154
"135 P STREET, Boston, MA",SAM,-71.02719117715326,42.33346963099717
"137 P STREET, Boston, MA",SAM,-71.02718935243058,42.333427662314236
"139 P STREET, Boston, MA",SAM,-71.02718752770792,42.33338569363128
"142 P STREET, Boston, MA",SAM,-71.02705012849384,42.333792683552055
"151 P STREET, Boston, MA",SAM,-71.02718142742381,42.33312776740947
"153 P STREET, Boston, MA",SAM,-71.02718142742499,42.33310734487251
"157 P STREET, Boston, MA",SAM,-71.02718142742737,42.33306649979859
"24 P STREET, Boston, MA",SAM,-71.02713550296497,42.33695789626867
"28 P STREET, Boston, MA",SAM,-71.02713205626664,42.33687862209047
"32 P STREET, Boston, MA",SAM,-71.02712860956831,42.336799347912276
"34 P STREET, Boston, MA",SAM,-71.02712688621916,42.33675971082318
"37 P STREET, Boston, MA",SAM,-71.02728458625525,42.33681944924916
"50 P STREET, Boston, MA",SAM,-71.02711416601956,42.33619449883155
"54 P STREET, Boston, MA",SAM,-71.02711182787182,42.33604641557818
"56 P STREET, Boston, MA",SAM,-71.02711065879792,42.3359723739515
"57 P STREET, Boston, MA",SAM,-71.0272675819065,42.336092195609496
"58 P STREET, Boston, MA",SAM,-71.02710948972408,42.33589833232482
"59 P STREET, Boston, MA",SAM,-71.02726651911208,42.336024885039784
"61 P STREET, Boston, MA",SAM,-71.02726545631765,42.33595757447006
"63 P STREET, Boston, MA",SAM,-71.02726439352323,42.335890263900346
"65 P STREET, Boston, MA",SAM,-71.02726333072881,42.33582295333062
"81 P STREET, Boston, MA",SAM,-71.02724695539722,42.33526531755177
"83 P STREET, Boston, MA",SAM,-71.027245000663,42.335202114352164
"84 P STREET, Boston, MA",SAM,-71.0270913257873,42.33524686893874
"85 P STREET, Boston, MA",SAM,-71.02724304592881,42.33513891115255
"86 P STREET, Boston, MA",SAM,-71.02709002263116,42.33520473347232
"87 P STREET, Boston, MA",SAM,-71.0272410911946,42.33507570795294
"88 P STREET, Boston, MA",SAM,-71.02708871947503,42.33516259800591
"89 P STREET, Boston, MA",SAM,-71.0272391364604,42.33501250475332
"9 P STREET, Boston, MA",SAM,-71.0273228190486,42.33791919683618
"90 P STREET, Boston, MA",SAM,-71.02708741631888,42.335120462539514
"93 P STREET, Boston, MA",SAM,-71.02723416003016,42.33483511153091
"95 P STREET, Boston, MA",SAM,-71.02723194834526,42.33473447958949
"97 P STREET, Boston, MA",SAM,-71.02722973666037,42.33463384764808
"99 P STREET, Boston, MA",SAM,-71.02722752497549,42.33453321570667
"1 PACIFIC STREET, Boston, MA",SAM,-71.04565842285453,42.334467035365996
"10 PACIFIC STREET, Boston, MA",SAM,-71.04550340739084,42.33440158465661
"11 PACIFIC STREET, Boston, MA",SAM,-71.04565842285918,42.33438689164627
"12 PACIFIC STREET, Boston, MA",SAM,-71.04550340739179,42.3343852219805
"13 PACIFIC STREET, Boston, MA",SAM,-71.04565842286009,42.334370862902325
"14 PACIFIC STREET, Boston, MA",SAM,-71.04550340739273,42.33436885930438
"16 PACIFIC STREET, Boston, MA",SAM,-71.04550340739368,42.33435249662826
"2 PACIFIC STREET, Boston, MA",SAM,-71.04550340738706,42.33446703536106
"3 PACIFIC STREET, Boston, MA",SAM,-71.04565842285545,42.334451006622054
"4 PACIFIC STREET, Boston, MA",SAM,-71.045503407388,42.33445067268495
"5 PACIFIC STREET, Boston, MA",SAM,-71.04565842285639,42.334434977878104
"7 PACIFIC STREET, Boston, MA",SAM,-71.04565842285731,42.334418949134154
"8 PACIFIC STREET, Boston, MA",SAM,-71.04550340738989,42.334417947332724
"9 PACIFIC STREET, Boston, MA",SAM,-71.04565842285824,42.334402920390204
"11 PACKARD AVENUE, Boston, MA",SAM,-71.07152904212965,42.275200956367605
"12 PACKARD AVENUE, Boston, MA",SAM,-71.07150588658276,42.27531425958506
"15 PACKARD AVENUE, Boston, MA",SAM,-71.07131216993912,42.27517669093727
"16 PACKARD AVENUE, Boston, MA",SAM,-71.07128901439222,42.27528999415472
"19 PACKARD AVENUE, Boston, MA",SAM,-71.07109529774858,42.27515242550694
"2 PACKARD AVENUE, Boston, MA",SAM,-71.07205567812268,42.275356123524325
"23 PACKARD AVENUE, Boston, MA",SAM,-71.07077671086566,42.27521799469948
"24 PACKARD AVENUE, Boston, MA",SAM,-71.07092584576715,42.27524888896069
"27 PACKARD AVENUE, Boston, MA",SAM,-71.07076453531047,42.275250172951615
"28 PACKARD AVENUE, Boston, MA",SAM,-71.0709133411429,42.27528193689534
"31 PACKARD AVENUE, Boston, MA",SAM,-71.07075235975528,42.27528235120377
"35 PACKARD AVENUE, Boston, MA",SAM,-71.07074018420006,42.275314529455926
"7 PACKARD AVENUE, Boston, MA",SAM,-71.07174231792233,42.27521961758752
"8 PACKARD AVENUE, Boston, MA",SAM,-71.07172806713422,42.27533372275938
"1 PAGE STREET, Boston, MA",SAM,-71.08218065833827,42.29999732034828
"11 PAGE STREET, Boston, MA",SAM,-71.08277742287848,42.29961012034765
"18 PAGE STREET, Boston, MA",SAM,-71.08266246632111,42.29953243450669
"19 PAGE STREET, Boston, MA",SAM,-71.08282396111053,42.29957931334737
"2 PAGE STREET, Boston, MA",SAM,-71.08207949233785,42.299910531455865
"20 PAGE STREET, Boston, MA",SAM,-71.08267555519888,42.29952377003787
"23 PAGE STREET, Boston, MA",SAM,-71.08284723022655,42.29956390984725
"27 PAGE STREET, Boston, MA",SAM,-71.08287049934259,42.29954850634712
"3 PAGE STREET, Boston, MA",SAM,-71.08233765855094,42.299897204265505
"5 PAGE STREET, Boston, MA",SAM,-71.08249471776665,42.2997959341285
"9 PAGE STREET, Boston, MA",SAM,-71.08276578832047,42.29961782209771
"2 PAIGE AVENUE, Boston, MA",SAM,-71.03801541426968,42.33103803577457
"3 PAIGE AVENUE, Boston, MA",SAM,-71.03817042128647,42.331030272340115
"27 PAINE STREET, Boston, MA",SAM,-71.10653971568892,42.28595142146776
"35 PAINE STREET, Boston, MA",SAM,-71.10689704855244,42.28575100075275
"41 PAINE STREET, Boston, MA",SAM,-71.10718014425838,42.285611699684914
"45 PAINE STREET, Boston, MA",SAM,-71.107368874729,42.28551883230638
"51 PAINE STREET, Boston, MA",SAM,-71.10765632161495,42.28539297870273
"55 PAINE STREET, Boston, MA",SAM,-71.10785389243765,42.28531078923746
"59 PAINE STREET, Boston, MA",SAM,-71.10805000141691,42.28523041056031
"65 PAINE STREET, Boston, MA",SAM,-71.10835148112686,42.28511412552555
"67 PAINE STREET, Boston, MA",SAM,-71.1084519743635,42.285075363847284
"69 PAINE STREET, Boston, MA",SAM,-71.10855246760015,42.28503660216902
"71 PAINE STREET, Boston, MA",SAM,-71.10864807262547,42.28500053162727
"89 PAINE STREET, Boston, MA",SAM,-71.10913805820351,42.28484834745635
"93 PAINE STREET, Boston, MA",SAM,-71.10922334109547,42.284819550635014
"97 PAINE STREET, Boston, MA",SAM,-71.10930862398742,42.284790753813674
"10 PAISLEY PARK, Boston, MA",SAM,-71.06463360598994,42.29689477101624
"12 PAISLEY PARK, Boston, MA",SAM,-71.06459339835575,42.296905535264784
"14 PAISLEY PARK, Boston, MA",SAM,-71.06455319072158,42.29691629951335
"15 PAISLEY PARK, Boston, MA",SAM,-71.06446600146533,42.2968177751274
"16 PAISLEY PARK, Boston, MA",SAM,-71.0645129830874,42.2969270637619
"18 PAISLEY PARK, Boston, MA",SAM,-71.06447277545323,42.29693782801046
"19 PAISLEY PARK, Boston, MA",SAM,-71.06438722732491,42.29683886426744
"21 PAISLEY PARK, Boston, MA",SAM,-71.0643478402547,42.29684940883745
"27 PAISLEY PARK, Boston, MA",SAM,-71.06422927319515,42.29688121910028
"31 PAISLEY PARK, Boston, MA",SAM,-71.06415067067601,42.29690265615108
"35 PAISLEY PARK, Boston, MA",SAM,-71.06407206815686,42.296924093201866
"4 PAISLEY PARK, Boston, MA",SAM,-71.06475422889245,42.29686247827058
"6 PAISLEY PARK, Boston, MA",SAM,-71.06471402125828,42.29687324251913
"7 PAISLEY PARK, Boston, MA",SAM,-71.0646235497462,42.29677559684737
"8 PAISLEY PARK, Boston, MA",SAM,-71.0646738136241,42.29688400676768
"115 PALACE ROAD, Boston, MA",SAM,-71.10073534650998,42.33653286309656
"10 PALERMO STREET, Boston, MA",SAM,-70.99861357150914,42.388240642745835
"20 PALERMO STREET, Boston, MA",SAM,-70.9976310739411,42.38833479895097
"10 PALFREY STREET, Boston, MA",SAM,-71.12038783728899,42.285006953487
"12 PALFREY STREET, Boston, MA",SAM,-71.12037646440459,42.285003385522366
"4 PALFREY STREET, Boston, MA",SAM,-71.12042195594219,42.28501765738097
"8 PALFREY STREET, Boston, MA",SAM,-71.12039921017339,42.28501052145166
"14 PALMER STREET, Boston, MA",SAM,-71.08285585027112,42.33062340361566
"10 PARAGON ROAD, Boston, MA",SAM,-71.1637062125853,42.27078286789763
"15 PARAGON ROAD, Boston, MA",SAM,-71.16386678096163,42.27063276459946
"19 PARAGON ROAD, Boston, MA",SAM,-71.16387073692201,42.270527649228704
"20 PARAGON ROAD, Boston, MA",SAM,-71.16371630852585,42.27051460471187
"25 PARAGON ROAD, Boston, MA",SAM,-71.16387667086256,42.27036997617258
"26 PARAGON ROAD, Boston, MA",SAM,-71.16372236609016,42.27035364680041
"29 PARAGON ROAD, Boston, MA",SAM,-71.16388062682296,42.270264860801824
"3 PARAGON ROAD, Boston, MA",SAM,-71.1638549130805,42.27094811071171
"32 PARAGON ROAD, Boston, MA",SAM,-71.16372926107748,42.27019141308628
"33 PARAGON ROAD, Boston, MA",SAM,-71.16388638731445,42.27016109786902
"38 PARAGON ROAD, Boston, MA",SAM,-71.1637402484396,42.270030598173705
"39 PARAGON ROAD, Boston, MA",SAM,-71.16389715044471,42.270003564893436
"4 PARAGON ROAD, Boston, MA",SAM,-71.16370015502098,42.27094382580911
"42 PARAGON ROAD, Boston, MA",SAM,-71.16374757334768,42.26992338823198
"43 PARAGON ROAD, Boston, MA",SAM,-71.16390432586486,42.26989854290971
"46 PARAGON ROAD, Boston, MA",SAM,-71.16375489825576,42.26981617829028
"50 PARAGON ROAD, Boston, MA",SAM,-71.16376222316386,42.269708968348546
"51 PARAGON ROAD, Boston, MA",SAM,-71.1639186767052,42.26968849894226
"54 PARAGON ROAD, Boston, MA",SAM,-71.16376954807194,42.26960175840682
"55 PARAGON ROAD, Boston, MA",SAM,-71.16392585212536,42.269583476958545
"62 PARAGON ROAD, Boston, MA",SAM,-71.16378419788809,42.26938733852339
"65 PARAGON ROAD, Boston, MA",SAM,-71.16394379067577,42.26932092199923
"66 PARAGON ROAD, Boston, MA",SAM,-71.16379152279617,42.26928012858166
"70 PARAGON ROAD, Boston, MA",SAM,-71.16379884770424,42.269172918639946
"8 PARAGON ROAD, Boston, MA",SAM,-71.1637041933972,42.2708365205348
"9 PARAGON ROAD, Boston, MA",SAM,-71.16386084702107,42.27079043765558
"100 PARIS STREET, Boston, MA",SAM,-71.03786869464156,42.372285365860314
"102 PARIS STREET, Boston, MA",SAM,-71.03776075442808,42.372380474025306
"104 PARIS STREET, Boston, MA",SAM,-71.0376528142146,42.3724755821903
"106 PARIS STREET, Boston, MA",SAM,-71.03754487400114,42.3725706903553
"112 PARIS STREET, Boston, MA",SAM,-71.03722105336068,42.37285601485029
"12 PARIS STREET, Boston, MA",SAM,-71.04041366957932,42.369576104382766
"127 PARIS STREET, Boston, MA",SAM,-71.03716569050468,42.372726443483785
"135 PARIS STREET, Boston, MA",SAM,-71.03688631583448,42.37297260579319
"141 PARIS STREET, Boston, MA",SAM,-71.03674620025201,42.37309723484221
"143 PARIS STREET, Boston, MA",SAM,-71.03672593592543,42.373115353535155
"147 PARIS STREET, Boston, MA",SAM,-71.03668540727223,42.373151590921026
"153 PARIS STREET, Boston, MA",SAM,-71.03662461429244,42.37320594699983
"16 PARIS STREET, Boston, MA",SAM,-71.04033228286805,42.36967658180823
"166 PARIS STREET, Boston, MA",SAM,,
"170 PARIS STREET, Boston, MA",SAM,-71.03608117707165,42.37381417511827
"172 PARIS STREET, Boston, MA",SAM,-71.0360328538899,42.37385519214468
"173 PARIS STREET, Boston, MA",SAM,-71.03586752758017,42.373820977398225
"174 PARIS STREET, Boston, MA",SAM,-71.03598453070818,42.37389620917108
"175 PARIS STREET, Boston, MA",SAM,-71.03581920439844,42.37386199442462
"176 PARIS STREET, Boston, MA",SAM,-71.03593620752645,42.37393722619749
"178 PARIS STREET, Boston, MA",SAM,-71.0358878843447,42.3739782432239
"179 PARIS STREET, Boston, MA",SAM,-71.03572255803496,42.373944028477425
"18 PARIS STREET, Boston, MA",SAM,-71.04025193198417,42.3697750396723
"180 PARIS STREET, Boston, MA",SAM,-71.03583956116296,42.37401926025029
"181 PARIS STREET, Boston, MA",SAM,-71.03567423485322,42.373985045503844
"182 PARIS STREET, Boston, MA",SAM,-71.03579123798123,42.374060277276726
"183 PARIS STREET, Boston, MA",SAM,-71.03562591167149,42.374026062530255
"184 PARIS STREET, Boston, MA",SAM,-71.03574291479948,42.37410129430311
"185 PARIS STREET, Boston, MA",SAM,-71.03557758848974,42.374067079556646
"192 PARIS STREET, Boston, MA",SAM,-71.03554962207254,42.37426536240873
"194 PARIS STREET, Boston, MA",SAM,-71.0355012988908,42.37430637943514
"20 PARIS STREET, Boston, MA",SAM,-71.04018881355148,42.36985180533689
"202 PARIS STREET, Boston, MA",SAM,-71.03530800616386,42.37447044754076
"207 PARIS STREET, Boston, MA",SAM,-71.03504603349064,42.37451826684712
"209 PARIS STREET, Boston, MA",SAM,-71.03499771030891,42.37455928387353
"210 PARIS STREET, Boston, MA",SAM,-71.03511471343691,42.374634515646385
"216 PARIS STREET, Boston, MA",SAM,-71.03496974389171,42.374757566725606
"217 PARIS STREET, Boston, MA",SAM,-71.03480441758195,42.37472335197914
"219 PARIS STREET, Boston, MA",SAM,-71.03475609440022,42.374764369005554
"220 PARIS STREET, Boston, MA",SAM,-71.03487309752822,42.37483960077841
"222 PARIS STREET, Boston, MA",SAM,-71.03482477434649,42.37488061780485
"223 PARIS STREET, Boston, MA",SAM,-71.03465944803675,42.37484640305836
"224 PARIS STREET, Boston, MA",SAM,-71.03477645116475,42.37492163483122
"225 PARIS STREET, Boston, MA",SAM,-71.034611124855,42.37488742008478
"226 PARIS STREET, Boston, MA",SAM,-71.03472812798302,42.374962651857636
"234 PARIS STREET, Boston, MA",SAM,-71.03453483525607,42.375126719963255
"240 PARIS STREET, Boston, MA",SAM,-71.03429790779876,42.37532954255942
"252 PARIS STREET, Boston, MA",SAM,-71.0338908704988,42.37567879063111
"253 PARIS STREET, Boston, MA",SAM,-71.03393443989395,42.375465778963196
"254 PARIS STREET, Boston, MA",SAM,-71.0338230309488,42.37573699864305
"256 PARIS STREET, Boston, MA",SAM,-71.0337551913988,42.37579520665502
"257 PARIS STREET, Boston, MA",SAM,-71.03384964045645,42.37553853897812
"258 PARIS STREET, Boston, MA",SAM,-71.0336873518488,42.375853414666956
"259 PARIS STREET, Boston, MA",SAM,-71.03380724073772,42.37557491898559
"260 PARIS STREET, Boston, MA",SAM,-71.0336195122988,42.37591162267892
"261 PARIS STREET, Boston, MA",SAM,-71.03376484101895,42.37561129899306
"262 PARIS STREET, Boston, MA",SAM,-71.0335516727488,42.37596983069085
"263 PARIS STREET, Boston, MA",SAM,-71.03372244130023,42.37564767900052
"264 PARIS STREET, Boston, MA",SAM,-71.03348383319879,42.37602803870281
"265 PARIS STREET, Boston, MA",SAM,-71.03368004158148,42.37568405900801
"266 PARIS STREET, Boston, MA",SAM,-71.0334159936488,42.376086246714756
"267 PARIS STREET, Boston, MA",SAM,-71.0336376418627,42.37572043901547
"268 PARIS STREET, Boston, MA",SAM,-71.03334815409882,42.376144454726706
"269 PARIS STREET, Boston, MA",SAM,-71.03359524214397,42.37575681902292
"270 PARIS STREET, Boston, MA",SAM,-71.03328031454883,42.37620266273866
"271 PARIS STREET, Boston, MA",SAM,-71.03355284242524,42.3757931990304
"273 PARIS STREET, Boston, MA",SAM,-71.03351044270649,42.37582957903787
"275 PARIS STREET, Boston, MA",SAM,-71.03346804298774,42.375865959045335
"277 PARIS STREET, Boston, MA",SAM,-71.033425643269,42.375902339052814
"279 PARIS STREET, Boston, MA",SAM,-71.03338324355023,42.37593871906028
"292 PARIS STREET, Boston, MA",SAM,-71.03282098820874,42.376598810013526
"294 PARIS STREET, Boston, MA",SAM,-71.03279881390891,42.37661805563324
"296 PARIS STREET, Boston, MA",SAM,-71.03277663960908,42.37663730125294
"298 PARIS STREET, Boston, MA",SAM,-71.03275446530924,42.37665654687265
"300 PARIS STREET, Boston, MA",SAM,-71.03273229100942,42.37667579249237
"304 PARIS STREET, Boston, MA",SAM,-71.03268794240977,42.376714283731765
"306 PARIS STREET, Boston, MA",SAM,-71.03266576810994,42.3767335293515
"308 PARIS STREET, Boston, MA",SAM,-71.0326435938101,42.37675277497119
"310 PARIS STREET, Boston, MA",SAM,-71.03262141951028,42.3767720205909
"312 PARIS STREET, Boston, MA",SAM,-71.03259924521045,42.3767912662106
"315 PARIS STREET, Boston, MA",SAM,-71.03266801832089,42.37655477970136
"317 PARIS STREET, Boston, MA",SAM,-71.03264086611702,42.37657834576631
"319 PARIS STREET, Boston, MA",SAM,-71.03261371391315,42.376601911831266
"32 PARIS STREET, Boston, MA",SAM,-71.03987035589073,42.37023884376469
"321 PARIS STREET, Boston, MA",SAM,-71.0325865617093,42.37662547789619
"331 PARIS STREET, Boston, MA",SAM,-71.03245080068994,42.376743308220945
"333 PARIS STREET, Boston, MA",SAM,-71.03242364848606,42.37676687428589
"335 PARIS STREET, Boston, MA",SAM,-71.0323964962822,42.37679044035083
"34 PARIS STREET, Boston, MA",SAM,-71.03984612796675,42.37026823501795
"36 PARIS STREET, Boston, MA",SAM,-71.03982190004278,42.370297626271224
"38 PARIS STREET, Boston, MA",SAM,-71.03979767211881,42.370327017524474
"46 PARIS STREET, Boston, MA",SAM,-71.0396442561285,42.370513071270096
"48 PARIS STREET, Boston, MA",SAM,-71.03962096250203,42.37054129566538
"6 PARIS STREET, Boston, MA",SAM,-71.04053574964627,42.36942538824459
"60 PARIS STREET, Boston, MA",SAM,-71.03948120074332,42.37071064203703
"64 PARIS STREET, Boston, MA",SAM,-71.03943461349041,42.3707670908276
"75 PARIS STREET, Boston, MA",SAM,-71.03863099844108,42.37142776331744
"8 PARIS STREET, Boston, MA",SAM,-71.04049505629061,42.36947562695732
"87 PARIS STREET, Boston, MA",SAM,-71.03857581363198,42.3714756595693
"9 PARIS STREET, Boston, MA",SAM,-71.04044951901801,42.36930869346547
"98 PARIS STREET, Boston, MA",SAM,-71.03797663485504,42.37219025769532
"10 PARISH STREET, Boston, MA",SAM,-71.06244337603742,42.30803556702134
"19 PARISH STREET, Boston, MA",SAM,-71.06236480576514,42.30791820826091
"21 PARISH STREET, Boston, MA",SAM,-71.06234739040366,42.307917621225606
"107 PARK DRIVE, Boston, MA",SAM,-71.09680152665224,42.34182299959893
"15 PETERBOROUGH STREET, Boston, MA",SAM,-71.09558748478284,42.344251600247375
"165 PARK DRIVE, Boston, MA",SAM,-71.09983223289338,42.340883035013775
"199 PARK DRIVE, Boston, MA",SAM,-71.10040806083998,42.341206559560554
"456 PARK DRIVE, Boston, MA",SAM,-71.10459999671957,42.34543532514265
"458 PARK DRIVE, Boston, MA",SAM,-71.1048059821466,42.34588921352132
"459 PARK DRIVE, Boston, MA",SAM,-71.10460600174096,42.34582277409004
"460 PARK DRIVE, Boston, MA",SAM,-71.10481339495915,42.34590403915041
"464 PARK DRIVE, Boston, MA",SAM,-71.10482822058421,42.34593369040857
"466 PARK DRIVE, Boston, MA",SAM,-71.10483563339675,42.345948516037666
"500 PARK DRIVE, Boston, MA",SAM,-71.10544427497278,42.34718632908591
"504 PARK DRIVE, Boston, MA",SAM,-71.10557724905269,42.34746525040344
"506 PARK DRIVE, Boston, MA",SAM,-71.10563019447484,42.34757104922606
"509 PARK DRIVE, Boston, MA",SAM,-71.10575650533687,42.34812735502061
"514 PARK DRIVE, Boston, MA",SAM,-71.10589554752022,42.348075295223204
"515 PARK DRIVE, Boston, MA",SAM,-71.10576507647437,42.34814386240094
"1 HARBORVIEW LANE, Boston, MA",SAM,-71.05664661253506,42.31748393207438
"1 PARK STREET, Boston, MA",SAM,-71.12070821121313,42.262505378334126
"10 PARK STREET, Boston, MA",SAM,-71.12054846871405,42.26302004638052
"2 PARK STREET, Boston, MA",SAM,-71.12084706845032,42.26255608030036
"3 PARK STREET, Boston, MA",SAM,-71.12064832326202,42.26259521026344
"4 PARK STREET, Boston, MA",SAM,-71.12077006965602,42.26267157849519
"9 PARK STREET, Boston, MA",SAM,-71.12047361980191,42.262867833967164
"14 PARK STREET, Boston, MA",SAM,-71.12042134669319,42.26325454340394
"15 PARK STREET, Boston, MA",SAM,-71.12030968183815,42.26314767237461
"16 PARK STREET, Boston, MA",SAM,-71.12038195095761,42.26336669582436
"18 PARK STREET, Boston, MA",SAM,-71.12037005971114,42.263473912851445
"19 PARK STREET, Boston, MA",SAM,-71.12022865543737,42.263350549916666
"20 PARK STREET, Boston, MA",SAM,-71.12036969604846,42.2634859136986
"21 PARK STREET, Boston, MA",SAM,-71.12021525811997,42.263471343657336
"22 PARK STREET, Boston, MA",SAM,-71.12036933238579,42.26349791454577
"23 PARK STREET, Boston, MA",SAM,-71.1202148851326,42.263483652218525
"43 PARK STREET, Boston, MA",SAM,-71.12021115525894,42.263606737830486
"45 PARK STREET, Boston, MA",SAM,-71.12021078227157,42.263619046391675
"51 PARK STREET, Boston, MA",SAM,-71.1202096633095,42.26365597207524
"52 PARK STREET, Boston, MA",SAM,-71.12036387744557,42.26367792725325
"53 PARK STREET, Boston, MA",SAM,-71.12020929032211,42.26366828063646
"54 PARK STREET, Boston, MA",SAM,-71.12036351378288,42.263689928100405
"55 PARK STREET, Boston, MA",SAM,-71.12020891733475,42.26368058919765
"56 PARK STREET, Boston, MA",SAM,-71.12036315012021,42.26370192894756
"11 PARK STREET, Boston, MA",SAM,-71.12041635256178,42.26295859714255
"12 PARK STREET, Boston, MA",SAM,-71.12048174005734,42.26313375667496
"17 PARK STREET, Boston, MA",SAM,-71.1202627092216,42.26324161760825
"8 PARK STREET, Boston, MA",SAM,-71.1206220980228,42.26290335086928
"101 PARK STREET, Boston, MA",SAM,-71.05820546254293,42.2993386349569
"106 PARK STREET, Boston, MA",SAM,-71.05861988078271,42.29911177357544
"108 PARK STREET, Boston, MA",SAM,-71.05871465427906,42.29909182126092
"109 PARK STREET, Boston, MA",SAM,-71.05879497684417,42.29919405399835
"110 PARK STREET, Boston, MA",SAM,-71.0588094277754,42.29907186894644
"112 PARK STREET, Boston, MA",SAM,-71.05890420127172,42.29905191663193
"114 PARK STREET, Boston, MA",SAM,-71.05904608608058,42.299016930722715
"117 PARK STREET, Boston, MA",SAM,-71.05911825173133,42.299119521217285
"118 PARK STREET, Boston, MA",SAM,-71.05925920951832,42.298960349278936
"119 PARK STREET, Boston, MA",SAM,-71.05912816444938,42.29911688952223
"120 PARK STREET, Boston, MA",SAM,-71.05936577123717,42.29893205855703
"124 PARK STREET, Boston, MA",SAM,-71.15531166823543,42.28458031835726
"126 PARK STREET, Boston, MA",SAM,-71.05904608608058,42.299016930722715
"128 PARK STREET, Boston, MA",SAM,-71.05911712722649,42.298998070241446
"213 PARK STREET, Boston, MA",SAM,-71.15111287988285,42.28239158947245
"228 PARK STREET, Boston, MA",SAM,-71.15053397706741,42.28217387530084
"229 PARK STREET, Boston, MA",SAM,-71.15054254417949,42.282035477111876
"230 PARK STREET, Boston, MA",SAM,-71.15049185016925,42.28215054347502
"231 PARK STREET, Boston, MA",SAM,-71.15050041728135,42.28201214528606
"232 PARK STREET, Boston, MA",SAM,-71.15044972327112,42.2821272116492
"233 PARK STREET, Boston, MA",SAM,-71.1504582903832,42.281988813460224
"236 PARK STREET, Boston, MA",SAM,-71.15036546947482,42.28208054799756
"237 PARK STREET, Boston, MA",SAM,-71.15029139487895,42.28187828327548
"238 PARK STREET, Boston, MA",SAM,-71.15024037303766,42.282001445739624
"239 PARK STREET, Boston, MA",SAM,-71.15023439460154,42.28183724306655
"24 PARK STREET, Boston, MA",SAM,-71.1203689687231,42.26350991539294
"240 PARK STREET, Boston, MA",SAM,-71.15012637248286,42.281919365321784
"244 PARK STREET, Boston, MA",SAM,-71.14993702960784,42.28180339472552
"245 PARK STREET, Boston, MA",SAM,-71.14995991946883,42.28166876151923
"246 PARK STREET, Boston, MA",SAM,-71.14985479528748,42.281752916662406
"247 PARK STREET, Boston, MA",SAM,-71.14988640283387,42.28161849372337
"248 PARK STREET, Boston, MA",SAM,-71.14978127865251,42.28170264886655
"25 PARK STREET, Boston, MA",SAM,-71.12021451214522,42.263495960779736
"250 PARK STREET, Boston, MA",SAM,-71.14970776201756,42.281652381070685
"251 PARK STREET, Boston, MA",SAM,-71.14973936956397,42.281517958131666
"252 PARK STREET, Boston, MA",SAM,-71.14963424538261,42.281602113274836
"253 PARK STREET, Boston, MA",SAM,-71.14966585292902,42.28146769033583
"255 PARK STREET, Boston, MA",SAM,-71.14959233629406,42.281417422539946
"257 PARK STREET, Boston, MA",SAM,-71.14951881965911,42.28136715474411
"261 PARK STREET, Boston, MA",SAM,-71.1490955525505,42.2810786212369
"263 PARK STREET, Boston, MA",SAM,-71.14903773508998,42.28103887172387
"265 PARK STREET, Boston, MA",SAM,-71.14897991762943,42.28099912221084
"284 PARK STREET, Boston, MA",SAM,-71.14858539863224,42.28088431831815
"31 PARK STREET, Boston, MA",SAM,-71.12021339318312,42.263532886463295
"333 PARK STREET, Boston, MA",SAM,-71.14717793768794,42.27977342342014
"335 PARK STREET, Boston, MA",SAM,-71.14712803417999,42.27973948094556
"336 PARK STREET, Boston, MA",SAM,-71.14676075804104,42.27964532883515
"337 PARK STREET, Boston, MA",SAM,-71.14707813067203,42.27970553847099
"339 PARK STREET, Boston, MA",SAM,-71.14702822716406,42.27967159599642
"340 PARK STREET, Boston, MA",SAM,-71.14662398546363,42.27955230131227
"341 PARK STREET, Boston, MA",SAM,-71.14697832365609,42.27963765352186
"342 PARK STREET, Boston, MA",SAM,-71.14650998818497,42.279467557972715
"343 PARK STREET, Boston, MA",SAM,-71.14692842014813,42.27960371104729
"344 PARK STREET, Boston, MA",SAM,-71.14644584599529,42.27941544243192
"345 PARK STREET, Boston, MA",SAM,-71.14687851664017,42.27956976857273
"348 PARK STREET, Boston, MA",SAM,-71.14632940863149,42.27929245257149
"349 PARK STREET, Boston, MA",SAM,-71.14677870962423,42.279501883623595
"35 PARK STREET, Boston, MA",SAM,-71.12021264720842,42.2635575035857
"352 PARK STREET, Boston, MA",SAM,-71.14622625064882,42.27917393060646
"356 PARK STREET, Boston, MA",SAM,-71.14612006280115,42.2790598015217
"359 PARK STREET, Boston, MA",SAM,-71.1460170044761,42.278797576022846
"36 PARK STREET, Boston, MA",SAM,-71.12036678674701,42.26358192047592
"364 PARK STREET, Boston, MA",SAM,-71.14583462474594,42.278828246424034
"365 PARK STREET, Boston, MA",SAM,-71.1458211962252,42.27866713112447
"369 PARK STREET, Boston, MA",SAM,-71.14568917789809,42.2785841481573
"372 PARK STREET, Boston, MA",SAM,-71.1455472119131,42.278645273402
"373 PARK STREET, Boston, MA",SAM,-71.14555715957096,42.278501165190164
"376 PARK STREET, Boston, MA",SAM,-71.14540129691996,42.27855355538569
"377 PARK STREET, Boston, MA",SAM,-71.14542514124385,42.278418182223014
"380 PARK STREET, Boston, MA",SAM,-71.14525538192683,42.27846183736935
"385 PARK STREET, Boston, MA",SAM,-71.1451611045896,42.27825221628871
"388 PARK STREET, Boston, MA",SAM,-71.14496355194056,42.2782784013367
"50 PARK STREET, Boston, MA",SAM,-71.12036424110825,42.263665926406084
"504 PARK STREET, Boston, MA",SAM,-71.07249208790083,42.295403062363604
"508 PARK STREET, Boston, MA",SAM,-71.07280111189439,42.295359793994436
"512 PARK STREET, Boston, MA",SAM,-71.0731114256376,42.29531458272464
"516 PARK STREET, Boston, MA",SAM,-71.07341655004635,42.295264713576
"518 PARK STREET, Boston, MA",SAM,-71.07357006942985,42.2952366508943
"521 PARK STREET, Boston, MA",SAM,-71.07364266338868,42.295341419543355
"522 PARK STREET, Boston, MA",SAM,-71.0738771081969,42.295180525530945
"523 PARK STREET, Boston, MA",SAM,-71.07378437358884,42.29531551552951
"525 PARK STREET, Boston, MA",SAM,-71.073926083789,42.29528961151564
"533 PARK STREET, Boston, MA",SAM,-71.07448333122184,42.29518338142188
"536 PARK STREET, Boston, MA",SAM,-71.0745948527691,42.295043896062204
"537 PARK STREET, Boston, MA",SAM,-71.07472812638466,42.295137437002055
"540 PARK STREET, Boston, MA",SAM,-71.07478652581787,42.29500858787065
"541 PARK STREET, Boston, MA",SAM,-71.0749764455865,42.29508931590492
"542 PARK STREET, Boston, MA",SAM,-71.07493310073673,42.294979301367846
"545 PARK STREET, Boston, MA",SAM,-71.07521755319011,42.29503734061429
"546 PARK STREET, Boston, MA",SAM,-71.07517420834036,42.29492732607721
"548 PARK STREET, Boston, MA",SAM,-71.07529476214216,42.29490133843189
"551 PARK STREET, Boston, MA",SAM,-71.07557921459556,42.29495937767834
"552 PARK STREET, Boston, MA",SAM,-71.07553586974579,42.294849363141275
"554 PARK STREET, Boston, MA",SAM,-71.07569066400197,42.294819953403575
"556 PARK STREET, Boston, MA",SAM,-71.07576486300024,42.294807722800265
"558 PARK STREET, Boston, MA",SAM,-71.07583906199851,42.294795492196954
"560 PARK STREET, Boston, MA",SAM,-71.07591326099677,42.29478326159365
"571 PARK STREET, Boston, MA",SAM,-71.07609999227643,42.29486988374975
"575 PARK STREET, Boston, MA",SAM,-71.07618346614947,42.29485612432103
"586 PARK STREET, Boston, MA",SAM,-71.07682968774388,42.29462138344464
"588 PARK STREET, Boston, MA",SAM,-71.07688356740252,42.29461103368013
"589 PARK STREET, Boston, MA",SAM,-71.07665310794215,42.29477369487262
"590 PARK STREET, Boston, MA",SAM,-71.07693744706114,42.29460068391559
"591 PARK STREET, Boston, MA",SAM,-71.07676086725941,42.29475299534358
"592 PARK STREET, Boston, MA",SAM,-71.07699132671978,42.294590334151074
"593 PARK STREET, Boston, MA",SAM,-71.07686862657667,42.294732295814526
"6 PARK STREET, Boston, MA",SAM,-71.1206957273316,42.26278665535806
"601 PARK STREET, Boston, MA",SAM,-71.07734195038147,42.29464126549183
"602 PARK STREET, Boston, MA",SAM,-71.07731675808441,42.294527692326724
"605 PARK STREET, Boston, MA",SAM,-71.07736999643717,42.29463583722318
"606 PARK STREET, Boston, MA",SAM,-71.07734480414011,42.294522264058095
"608 PARK STREET, Boston, MA",SAM,-71.07735882716797,42.29451954992376
"609 PARK STREET, Boston, MA",SAM,-71.07739804249287,42.294630408954546
"610 PARK STREET, Boston, MA",SAM,-71.07737285019581,42.29451683578945
"611 PARK STREET, Boston, MA",SAM,-71.07741206552072,42.29462769482024
"75 PARK STREET, Boston, MA",SAM,-71.12021655113463,42.26380861979095
"77 PARK STREET, Boston, MA",SAM,-71.1202176678508,42.26382090367808
"79 PARK STREET, Boston, MA",SAM,-71.12021878456693,42.26383318756522
"84 PARK STREET, Boston, MA",SAM,-71.12037682214034,42.2638644968314
"87 PARK STREET, Boston, MA",SAM,-71.12022325143151,42.26388232311374
"88 PARK STREET, Boston, MA",SAM,-71.12037899973681,42.26388845041131
"90 PARK STREET, Boston, MA",SAM,-71.12038008853506,42.263900427201264
"92 PARK STREET, Boston, MA",SAM,-71.1203811773333,42.26391240399121
"98 PARK STREET, Boston, MA",SAM,-71.12038444372801,42.26394833436107
"115 PARK STREET, Boston, MA",SAM,-71.05910833901332,42.29912215291234
"140 PARK STREET, Boston, MA",SAM,-71.05982051186106,42.298811006158395
"151 PARK STREET, Boston, MA",SAM,-71.05928676793793,42.29907478240127
"152 PARK STREET, Boston, MA",SAM,-71.05997190949857,42.298770633454936
"155 PARK STREET, Boston, MA",SAM,-71.05930659337399,42.29906951901116
"160 PARK STREET, Boston, MA",SAM,-71.0600728412569,42.2987437183193
"161 PARK STREET, Boston, MA",SAM,-71.0593363315281,42.29906162392597
"164 PARK STREET, Boston, MA",SAM,-71.06012330713607,42.2987302607515
"167 PARK STREET, Boston, MA",SAM,-71.0593660696822,42.299053728840796
"176 PARK STREET, Boston, MA",SAM,-71.06027470477359,42.29868988804803
"181 PARK STREET, Boston, MA",SAM,-71.05943545870844,42.29903530697538
"182 PARK STREET, Boston, MA",SAM,-71.06035040359232,42.29866970169631
"185 PARK STREET, Boston, MA",SAM,-71.05945528414452,42.29903004358527
"186 PARK STREET, Boston, MA",SAM,-71.0604008694715,42.2986562441285
"187 PARK STREET, Boston, MA",SAM,-71.05946519686255,42.2990274118902
"191 PARK STREET, Boston, MA",SAM,-71.05948502229862,42.29902214850007
"192 PARK STREET, Boston, MA",SAM,-71.06047656829026,42.29863605777677
"195 PARK STREET, Boston, MA",SAM,-71.05950484773469,42.299016885109964
"198 PARK STREET, Boston, MA",SAM,-71.060552267109,42.29861587142505
"199 PARK STREET, Boston, MA",SAM,-71.05952467317074,42.299011621719835
"200 PARK STREET, Boston, MA",SAM,-71.15180166993188,42.282913981187434
"201 PARK STREET, Boston, MA",SAM,-71.15164900448461,42.28269603618374
"205 PARK STREET, Boston, MA",SAM,-71.15138613718922,42.28255267517006
"206 PARK STREET, Boston, MA",SAM,-71.15149179705071,42.28275478040455
"209 PARK STREET, Boston, MA",SAM,-71.15121310064788,42.28244916311649
"210 PARK STREET, Boston, MA",SAM,-71.15128454615655,42.28263917405948
"214 PARK STREET, Boston, MA",SAM,-71.15112526654408,42.28254378523689
"215 PARK STREET, Boston, MA",SAM,-71.15106276950033,42.28236280265043
"217 PARK STREET, Boston, MA",SAM,-71.15101265911781,42.28233401582842
"218 PARK STREET, Boston, MA",SAM,-71.15103936303119,42.28249443639915
"221 PARK STREET, Boston, MA",SAM,-71.150852653584,42.282234321169405
"227 PARK STREET, Boston, MA",SAM,-71.15058467107762,42.282058808937684
"241 PARK STREET, Boston, MA",SAM,-71.1501109319766,42.281757976285
"254 PARK STREET, Boston, MA",SAM,-71.14956072874766,42.281551845478994
"258 PARK STREET, Boston, MA",SAM,-71.14941369547773,42.28145130988729
"26 PARK STREET, Boston, MA",SAM,-71.1203686050604,42.263521916240094
"266 PARK STREET, Boston, MA",SAM,-71.14919657501714,42.28130368340193
"267 PARK STREET, Boston, MA",SAM,-71.14892210016887,42.28095937269781
"270 PARK STREET, Boston, MA",SAM,-71.14904793831661,42.28120231442244
"271 PARK STREET, Boston, MA",SAM,-71.14880646524779,42.28087987367173
"272 PARK STREET, Boston, MA",SAM,-71.14898186121884,42.28115688640753
"275 PARK STREET, Boston, MA",SAM,-71.14869083032669,42.280800374645686
"276 PARK STREET, Boston, MA",SAM,-71.1488497070233,42.28106603037774
"281 PARK STREET, Boston, MA",SAM,-71.14846965065766,42.28065744306919
"286 PARK STREET, Boston, MA",SAM,-71.14847220524597,42.28080972205505
"29 PARK STREET, Boston, MA",SAM,-71.1202137661705,42.26352057790212
"291 PARK STREET, Boston, MA",SAM,-71.14822371831674,42.2804885006022
"296 PARK STREET, Boston, MA",SAM,-71.14812553642876,42.28057743695452
"300 PARK STREET, Boston, MA",SAM,-71.147989551493,42.2804837784347
"301 PARK STREET, Boston, MA",SAM,-71.14797563769064,42.28031763708633
"307 PARK STREET, Boston, MA",SAM,-71.14782678931498,42.28021511897681
"308 PARK STREET, Boston, MA",SAM,-71.14771758162141,42.2802964613951
"311 PARK STREET, Boston, MA",SAM,-71.14772687627558,42.28014679064036
"315 PARK STREET, Boston, MA",SAM,-71.14762706925967,42.28007890569124
"316 PARK STREET, Boston, MA",SAM,-71.14744462092797,42.28011046644959
"319 PARK STREET, Boston, MA",SAM,-71.14752726224373,42.28001102074209
"32 PARK STREET, Boston, MA",SAM,-71.12036751407238,42.263557918781586
"320 PARK STREET, Boston, MA",SAM,-71.14730784835058,42.2800174389267
"324 PARK STREET, Boston, MA",SAM,-71.14717107577319,42.27992441140382
"325 PARK STREET, Boston, MA",SAM,-71.14737755171983,42.27990919331839
"329 PARK STREET, Boston, MA",SAM,-71.1472777447039,42.27984130836925
"330 PARK STREET, Boston, MA",SAM,-71.14696591690712,42.27978487011948
"334 PARK STREET, Boston, MA",SAM,-71.14682914432973,42.27969184259659
"353 PARK STREET, Boston, MA",SAM,-71.14662450330368,42.27939040498302
"354 PARK STREET, Boston, MA",SAM,-71.14617493701465,42.27911741945909
"355 PARK STREET, Boston, MA",SAM,-71.14619179357233,42.27893617813867
"360 PARK STREET, Boston, MA",SAM,-71.14597443007685,42.27892503475173
"370 PARK STREET, Boston, MA",SAM,-71.14562016940965,42.27869113241016
"381 PARK STREET, Boston, MA",SAM,-71.14529312291674,42.27833519925586
"389 PARK STREET, Boston, MA",SAM,-71.1450290862625,42.27816923332156
"390 PARK STREET, Boston, MA",SAM,-71.144890594444,42.27823254232855
"392 PARK STREET, Boston, MA",SAM,-71.14481763694744,42.27818668332038
"393 PARK STREET, Boston, MA",SAM,-71.14489706793539,42.27808625035441
"40 PARK STREET, Boston, MA",SAM,-71.12036605942166,42.263605922170264
"41 PARK STREET, Boston, MA",SAM,-71.12021152824632,42.26359442926928
"46 PARK STREET, Boston, MA",SAM,-71.1203649684336,42.26364192471175
"60 PARK STREET, Boston, MA",SAM,-71.12036375656146,42.263720775351956
"61 PARK STREET, Boston, MA",SAM,-71.12020873412163,42.263722632581015
"65 PARK STREET, Boston, MA",SAM,-71.12021096755393,42.26374720035529
"66 PARK STREET, Boston, MA",SAM,-71.12036702295617,42.26375670572182
"70 PARK STREET, Boston, MA",SAM,-71.12036920055264,42.26378065930171
"71 PARK STREET, Boston, MA",SAM,-71.12021431770235,42.263784052016696
"74 PARK STREET, Boston, MA",SAM,-71.12037137814914,42.263804612881636
"78 PARK STREET, Boston, MA",SAM,-71.12037355574562,42.26382856646154
"4 PARK TERRACE, Boston, MA",SAM,-71.15035607812023,42.28208371802082
"5 PARK TERRACE, Boston, MA",SAM,-71.15022260401877,42.282023045595196
"6 PARK TERRACE, Boston, MA",SAM,-71.15035307431144,42.28208634945672
"7 PARK TERRACE, Boston, MA",SAM,-71.15021353129023,42.282030993605716
"1 PARK PLACE, Boston, MA",SAM,-71.11478970854067,42.31342299771841
"2 PARK PLACE, Boston, MA",SAM,-71.11492698105614,42.31347616755286
"4 PARK PLACE, Boston, MA",SAM,-71.11493345183784,42.3134670323313
"7 PARK PLACE, Boston, MA",SAM,-71.11480872471556,42.31339615135298
"9 PARK PLACE, Boston, MA",SAM,-71.11481506344052,42.31338720256449
"620 PARK STREET, Boston, MA",SAM,-71.07744296533505,42.29450326511786
"623 PARK STREET, Boston, MA",SAM,-71.07749620368783,42.29461141001432
"628 PARK STREET, Boston, MA",SAM,-71.07749905744647,42.29449240858058
"632 PARK STREET, Boston, MA",SAM,-71.07752710350218,42.29448698031192
"636 PARK STREET, Boston, MA",SAM,-71.07755514955787,42.29448155204328
"29 PARK VALE AVENUE, Boston, MA",SAM,-71.13287603037503,42.351349472330135
"4 PARK VALE AVENUE, Boston, MA",SAM,-71.13265929855162,42.35073060722549
"51 PARK VALE AVENUE, Boston, MA",SAM,-71.13306954561793,42.35186684609182
"10 PARK VIEW STREET, Boston, MA",SAM,-71.09197556502362,42.31142118665678
"14 PARK VIEW STREET, Boston, MA",SAM,-71.09200994243284,42.31138447291705
"15 PARK VIEW STREET, Boston, MA",SAM,-71.09215207279948,42.31143397363251
"18 PARK VIEW STREET, Boston, MA",SAM,-71.09204431984209,42.31134775917733
"20 PARK VIEW STREET, Boston, MA",SAM,-71.0920615085467,42.31132940230747
"21 PARK VIEW STREET, Boston, MA",SAM,-71.09220258654368,42.31138002691291
"26 PARK VIEW STREET, Boston, MA",SAM,-71.09211307466059,42.3112743316979
"28 PARK VIEW STREET, Boston, MA",SAM,-71.0921302633652,42.31125597482804
"6 PARK VIEW STREET, Boston, MA",SAM,-71.09194118761437,42.311457900396505
"10 PARKER STREET, Boston, MA",SAM,-71.11138045993826,42.267484680246554
"11 PARKER STREET, Boston, MA",SAM,-71.11128267274705,42.267389248450634
"15 PARKER STREET, Boston, MA",SAM,-71.11118636428836,42.267415568774865
"16 PARKER STREET, Boston, MA",SAM,-71.11123298761088,42.26752498324307
"18 PARKER STREET, Boston, MA",SAM,-71.11118383016841,42.26753841757523
"19 PARKER STREET, Boston, MA",SAM,-71.11109005582964,42.26744188909911
"2 PARKER STREET, Boston, MA",SAM,-71.11157708970809,42.26743094291788
"20 PARKER STREET, Boston, MA",SAM,-71.11113467272595,42.26755185190741
"21 PARKER STREET, Boston, MA",SAM,-71.11104190160029,42.26745504926123
"22 PARKER STREET, Boston, MA",SAM,-71.11108551528348,42.26756528623957
"23 PARKER STREET, Boston, MA",SAM,-71.11099374737096,42.26746820942337
"24 PARKER STREET, Boston, MA",SAM,-71.11103635784103,42.26757872057173
"26 PARKER STREET, Boston, MA",SAM,-71.11098720039855,42.26759215490388
"27 PARKER STREET, Boston, MA",SAM,-71.11089743891223,42.26749452974761
"28 PARKER STREET, Boston, MA",SAM,-71.11093804295609,42.26760558923606
"29 PARKER STREET, Boston, MA",SAM,-71.1108451623794,42.26751017887129
"3 PARKER STREET, Boston, MA",SAM,-71.11147528966444,42.26733660780212
"30 PARKER STREET, Boston, MA",SAM,-71.11089455555097,42.267619348361094
"31 PARKER STREET, Boston, MA",SAM,-71.11079827945125,42.267525650237914
"32 PARKER STREET, Boston, MA",SAM,-71.11084669589515,42.26763514204787
"33 PARKER STREET, Boston, MA",SAM,-71.1107513965231,42.267541121604545
"35 PARKER STREET, Boston, MA",SAM,-71.11070451359495,42.267556592971175
"37 PARKER STREET, Boston, MA",SAM,-71.1106576306668,42.26757206433781
"5 PARKER STREET, Boston, MA",SAM,-71.11142713543511,42.267349767964255
"6 PARKER STREET, Boston, MA",SAM,-71.11147877482318,42.26745781158224
"8 PARKER STREET, Boston, MA",SAM,-71.11142961738072,42.26747124591439
"9 PARKER STREET, Boston, MA",SAM,-71.11133082697638,42.267376088288515
"520 PARKER STREET, Boston, MA",SAM,-71.09311195359136,42.33774978163143
"660 PARKER STREET, Boston, MA",SAM,-71.09679953341907,42.33214551824005
"676 PARKER STREET, Boston, MA",SAM,-71.09691310415207,42.331998136367176
"695 PARKER STREET, Boston, MA",SAM,-71.09708701997815,42.332005025508806
"738 PARKER STREET, Boston, MA",SAM,-71.09751428779369,42.33078054494817
"785 PARKER STREET, Boston, MA",SAM,-71.09889544985835,42.329574913923615
"789 PARKER STREET, Boston, MA",SAM,-71.09891598808521,42.32951221828687
"805 PARKER STREET, Boston, MA",SAM,-71.09907186553579,42.32881833454375
"807 PARKER STREET, Boston, MA",SAM,-71.09909872031506,42.328685474077496
"824 PARKER STREET, Boston, MA",SAM,-71.0993303552376,42.327870953734944
"921 PARKER STREET, Boston, MA",SAM,-71.1004045071477,42.32594534038251
"34 PARKER STREET, Boston, MA",SAM,-71.11079883623931,42.26765093573464
"125 PARKER HILL AVENUE, Boston, MA",SAM,-71.10669912682862,42.33007121407436
"184 PARKER HILL AVENUE, Boston, MA",SAM,-71.10356277840562,42.329288436427625
"18 PARKER HILL AVENUE, Boston, MA",SAM,-71.10948888891141,42.332529237303234
"194 PARKER HILL AVENUE, Boston, MA",SAM,-71.10329071705364,42.32920974097436
"210 PARKER HILL AVENUE, Boston, MA",SAM,-71.10276509755332,42.32905715188108
"214 PARKER HILL AVENUE, Boston, MA",SAM,-71.10259223267468,42.32900583260675
"218 PARKER HILL AVENUE, Boston, MA",SAM,-71.10241936779605,42.32895451333243
"220 PARKER HILL AVENUE, Boston, MA",SAM,-71.10233293535674,42.328928853695245
"232 PARKER HILL AVENUE, Boston, MA",SAM,-71.10170355525437,42.328739501525014
"242 PARKER HILL AVENUE, Boston, MA",SAM,-71.10121727330157,42.328596810436395
"260 PARKER HILL AVENUE, Boston, MA",SAM,-71.10033961998904,42.32834107033064
"277 PARKER HILL AVENUE, Boston, MA",SAM,-71.09960170167722,42.32799786924728
"33 PARKER HILL AVENUE, Boston, MA",SAM,-71.10965828676149,42.33183528791383
"37 PARKER HILL AVENUE, Boston, MA",SAM,-71.1096618775617,42.33172217789878
"48 PARKER HILL AVENUE, Boston, MA",SAM,-71.10952337369007,42.3312494035393
"49 PARKER HILL AVENUE, Boston, MA",SAM,-71.10967831382283,42.33125279058391
"63 PARKER HILL AVENUE, Boston, MA",SAM,-71.1094472471275,42.330806777557775
"80 PARKER HILL AVENUE, Boston, MA",SAM,-71.10872095774731,42.330726521023976
"1 PARKLAWN ROAD, Boston, MA",SAM,-71.14854431142578,42.29184922160655
"102 PARKLAWN ROAD, Boston, MA",SAM,-71.14622208189355,42.29551866611479
"11 PARKLAWN ROAD, Boston, MA",SAM,-71.14803380244656,42.29207797649695
"15 PARKLAWN ROAD, Boston, MA",SAM,-71.14780739044694,42.292192779577135
"19 PARKLAWN ROAD, Boston, MA",SAM,-71.14770480283518,42.292246638075795
"2 PARKLAWN ROAD, Boston, MA",SAM,-71.14861627596846,42.29195069739125
"23 PARKLAWN ROAD, Boston, MA",SAM,-71.14760221522344,42.292300496574455
"26 PARKLAWN ROAD, Boston, MA",SAM,-71.1473781180338,42.292545002029655
"27 PARKLAWN ROAD, Boston, MA",SAM,-71.14750293336745,42.29235203298297
"32 PARKLAWN ROAD, Boston, MA",SAM,-71.1470250521717,42.292719576391406
"38 PARKLAWN ROAD, Boston, MA",SAM,-71.14684229632469,42.29303012518687
"40 PARKLAWN ROAD, Boston, MA",SAM,-71.14678568225956,42.29313717723844
"42 PARKLAWN ROAD, Boston, MA",SAM,-71.14672906819445,42.29324422929004
"44 PARKLAWN ROAD, Boston, MA",SAM,-71.14667646575428,42.293349900681314
"46 PARKLAWN ROAD, Boston, MA",SAM,-71.14662575777314,42.29345856064075
"48 PARKLAWN ROAD, Boston, MA",SAM,-71.14657687446037,42.29356309835595
"54 PARKLAWN ROAD, Boston, MA",SAM,-71.14647107760315,42.29389004676731
"58 PARKLAWN ROAD, Boston, MA",SAM,-71.14644814808825,42.29403161156652
"62 PARKLAWN ROAD, Boston, MA",SAM,-71.14642521857334,42.29417317636573
"66 PARKLAWN ROAD, Boston, MA",SAM,-71.14640228905844,42.29431474116494
"70 PARKLAWN ROAD, Boston, MA",SAM,-71.14637935954352,42.294456305964175
"74 PARKLAWN ROAD, Boston, MA",SAM,-71.14636963296097,42.29459438291945
"78 PARKLAWN ROAD, Boston, MA",SAM,-71.14636103771397,42.29473681832347
"8 PARKLAWN ROAD, Boston, MA",SAM,-71.14835763525413,42.29205437336581
"82 PARKLAWN ROAD, Boston, MA",SAM,-71.14635244246698,42.294879253727494
"86 PARKLAWN ROAD, Boston, MA",SAM,-71.14633925473356,42.295026679928
"90 PARKLAWN ROAD, Boston, MA",SAM,-71.14631297639835,42.29516792595428
"98 PARKLAWN ROAD, Boston, MA",SAM,-71.14623028775428,42.29550139061852
"1 PARKMAN PLACE, Boston, MA",SAM,-71.05784587531885,42.29749730991598
"2 PARKMAN PLACE, Boston, MA",SAM,-71.05769968059577,42.2975352326914
"24 PARKMAN STREET, Boston, MA",SAM,-71.05894594859724,42.29673311527079
"38 PARKMAN STREET, Boston, MA",SAM,-71.05750563000798,42.29712212010169
"10 PARKMAN STREET, Boston, MA",SAM,-71.06047894255993,42.29640093300028
"11 PARKMAN STREET, Boston, MA",SAM,-71.06039108812469,42.29629740522411
"12 PARKMAN STREET, Boston, MA",SAM,-71.0602537138276,42.29643558357179
"14 PARKMAN STREET, Boston, MA",SAM,-71.06003111198504,42.29647056633707
"15 PARKMAN STREET, Boston, MA",SAM,-71.06000593662067,42.29635717843056
"16 PARKMAN STREET, Boston, MA",SAM,-71.05981487821998,42.2965090943526
"17 PARKMAN STREET, Boston, MA",SAM,-71.0598158556882,42.296391121452466
"18 PARKMAN STREET, Boston, MA",SAM,-71.05959764581428,42.296565099582146
"19 PARKMAN STREET, Boston, MA",SAM,-71.05962268768327,42.296437290645635
"21 PARKMAN STREET, Boston, MA",SAM,-71.05943804013843,42.296484895090764
"22 PARKMAN STREET, Boston, MA",SAM,-71.05916318100292,42.29667711004125
"25 PARKMAN STREET, Boston, MA",SAM,-71.05906874504876,42.29658010398099
"26 PARKMAN STREET, Boston, MA",SAM,-71.05872871619154,42.29678912050035
"27 PARKMAN STREET, Boston, MA",SAM,-71.05888409750393,42.296627708426115
"28 PARKMAN STREET, Boston, MA",SAM,-71.05851404305871,42.29684700549188
"3 PARKMAN STREET, Boston, MA",SAM,-71.06112758928974,42.29613472385599
"30 PARKMAN STREET, Boston, MA",SAM,-71.058298366449,42.296906210836084
"31 PARKMAN STREET, Boston, MA",SAM,-71.05851405896743,42.29672477252442
"33 PARKMAN STREET, Boston, MA",SAM,-71.0583307338492,42.296775097066984
"34 PARKMAN STREET, Boston, MA",SAM,-71.05786635686694,42.29702425981583
"36 PARKMAN STREET, Boston, MA",SAM,-71.05765022141163,42.29708254353434
"37 PARKMAN STREET, Boston, MA",SAM,-71.05796408361269,42.296875746152104
"39 PARKMAN STREET, Boston, MA",SAM,-71.0577808722357,42.296925342507684
"4 PARKMAN STREET, Boston, MA",SAM,-71.0611512215934,42.296250814845216
"40 PARKMAN STREET, Boston, MA",SAM,-71.05741355607054,42.297147696195616
"41 PARKMAN STREET, Boston, MA",SAM,-71.0575971570987,42.29697488366842
"43 PARKMAN STREET, Boston, MA",SAM,-71.05745116352058,42.29701484402005
"44 PARKMAN STREET, Boston, MA",SAM,-71.05722549430023,42.2971988674326
"45 PARKMAN STREET, Boston, MA",SAM,-71.0574248566813,42.297022151475446
"48 PARKMAN STREET, Boston, MA",SAM,-71.05703825044925,42.29724344930143
"49 PARKMAN STREET, Boston, MA",SAM,-71.05737224300276,42.29703676638625
"5 PARKMAN STREET, Boston, MA",SAM,-71.06095025141614,42.29618286937335
"54 PARKMAN STREET, Boston, MA",SAM,-71.05675738467284,42.29731032210471
"6 PARKMAN STREET, Boston, MA",SAM,-71.06092747536526,42.29630718077166
"7 PARKMAN STREET, Boston, MA",SAM,-71.06076256438227,42.29622345035272
"80 PARKMAN STREET, Boston, MA",SAM,-71.0556882405145,42.297601340937355
"82 PARKMAN STREET, Boston, MA",SAM,-71.05563030374657,42.29761759149436
"9 PARKMAN STREET, Boston, MA",SAM,-71.06057487734843,42.29626403133213
"90 PARKMAN STREET, Boston, MA",SAM,-71.0553985566748,42.29768259372233
"91 PARKMAN STREET, Boston, MA",SAM,-71.05681691063295,42.29717576725206
"10 PARKSIDE DRIVE, Boston, MA",SAM,-71.13213691292033,42.3114396788656
"11 PARKSIDE DRIVE, Boston, MA",SAM,-71.13187284965194,42.31178704243313
"12 PARKSIDE DRIVE, Boston, MA",SAM,-71.13214735780392,42.31168260141151
"14 PARKSIDE DRIVE, Boston, MA",SAM,-71.1319075026992,42.31190163380962
"15 PARKSIDE DRIVE, Boston, MA",SAM,-71.13132754434992,42.31146311787843
"16 PARKSIDE DRIVE, Boston, MA",SAM,-71.13158893634784,42.31178590269173
"17 PARKSIDE DRIVE, Boston, MA",SAM,-71.13104518744466,42.31127375272578
"18 PARKSIDE DRIVE, Boston, MA",SAM,-71.13135178877607,42.31163407539346
"19 PARKSIDE DRIVE, Boston, MA",SAM,-71.13076283053941,42.31108438757312
"20 PARKSIDE DRIVE, Boston, MA",SAM,-71.13112076948994,42.31147914026858
"21 PARKSIDE DRIVE, Boston, MA",SAM,-71.1305450898785,42.31107602236657
"22 PARKSIDE DRIVE, Boston, MA",SAM,-71.1308897502038,42.31132420514369
"23 PARKSIDE DRIVE, Boston, MA",SAM,-71.13052268942293,42.31108817176677
"24 FURNIVAL ROAD, Boston, MA",SAM,-71.12919197956515,42.31110436879297
"25 PARKSIDE DRIVE, Boston, MA",SAM,-71.13050028896737,42.311100321166975
"26 PARKSIDE DRIVE, Boston, MA",SAM,-71.12974344093263,42.311781147372194
"27 PARKSIDE DRIVE, Boston, MA",SAM,-71.1304778885118,42.31111247056719
"28 PARKSIDE DRIVE, Boston, MA",SAM,-71.1297249038453,42.31179703630499
"3 PARKSIDE DRIVE, Boston, MA",SAM,-71.13219668213918,42.310796159597096
"5 PARKSIDE DRIVE, Boston, MA",SAM,-71.1319825305687,42.31107785399589
"6 PARKSIDE DRIVE, Boston, MA",SAM,-71.13216425263941,42.31101042644558
"7 PARKSIDE DRIVE, Boston, MA",SAM,-71.13197524148588,42.31136802750357
"9 PARKSIDE DRIVE, Boston, MA",SAM,-71.13199340860972,42.31164860255442
"14 PARKSON STREET, Boston, MA",SAM,-71.13201692768834,42.23435247967459
"18 PARKSON STREET, Boston, MA",SAM,-71.13218146519765,42.23439672437794
"22 PARKSON STREET, Boston, MA",SAM,-71.13222329336857,42.23440760345678
"30 PARKSON STREET, Boston, MA",SAM,-71.13230694971038,42.23442936161446
"31 PARKSON STREET, Boston, MA",SAM,-71.13165527062063,42.234373612919455
"6 PARKSON STREET, Boston, MA",SAM,-71.13147142058334,42.23419953371639
"12 PARKTON ROAD, Boston, MA",SAM,-71.11406114304869,42.321731040141294
"15 PARKTON ROAD, Boston, MA",SAM,-71.11392819208972,42.32182666945183
"16 PARKTON ROAD, Boston, MA",SAM,-71.11410163766314,42.321872997128175
"19 PARKTON ROAD, Boston, MA",SAM,-71.11396660052772,42.321950125186675
"20 PARKTON ROAD, Boston, MA",SAM,-71.11414644750748,42.322017028818834
"23 PARKTON ROAD, Boston, MA",SAM,-71.11400500896569,42.32207358092153
"24 PARKTON ROAD, Boston, MA",SAM,-71.1141912573518,42.32216106050947
"27 PARKTON ROAD, Boston, MA",SAM,-71.11404341740366,42.32219703665636
"28 PARKTON ROAD, Boston, MA",SAM,-71.11424282764742,42.32234755966677
"31 PARKTON ROAD, Boston, MA",SAM,-71.11409072721689,42.32236956926975
"47 PARKTON ROAD, Boston, MA",SAM,-71.11425739166253,42.3227328225075
"48 PARKTON ROAD, Boston, MA",SAM,-71.11475256957435,42.32261527480304
"51 PARKTON ROAD, Boston, MA",SAM,-71.11437203661107,42.32278313597633
"52 PARKTON ROAD, Boston, MA",SAM,-71.11476740018976,42.32251554464989
"55 PARKTON ROAD, Boston, MA",SAM,-71.11452146978002,42.322809631178714
"56 PARKTON ROAD, Boston, MA",SAM,-71.11475637058474,42.32241455546118
"60 PARKTON ROAD, Boston, MA",SAM,-71.11473585486043,42.32231243963045
"64 PARKTON ROAD, Boston, MA",SAM,-71.11470249805772,42.322206304313795
"68 PARKTON ROAD, Boston, MA",SAM,-71.11466914125502,42.32210016899715
"69 PARKTON ROAD, Boston, MA",SAM,-71.11491393242983,42.32259181698455
"71 PARKTON ROAD, Boston, MA",SAM,-71.11491795448447,42.322571706714626
"72 PARKTON ROAD, Boston, MA",SAM,-71.11463578445233,42.321994033680504
"75 PARKTON ROAD, Boston, MA",SAM,-71.11492238596236,42.32252286307725
"76 PARKTON ROAD, Boston, MA",SAM,-71.11460242764963,42.32188789836386
"79 PARKTON ROAD, Boston, MA",SAM,-71.11492238596472,42.32248220517501
"95 PARKTON ROAD, Boston, MA",SAM,-71.11489482806401,42.32231345299498
"99 PARKTON ROAD, Boston, MA",SAM,-71.11488109107293,42.32226828523443
"1 PARKWAY STREET, Boston, MA",SAM,-71.09062826015128,42.296388404016824
"3 PARKWAY STREET, Boston, MA",SAM,-71.09064573959924,42.29639570556012
"5 PARKWAY STREET, Boston, MA",SAM,-71.09066321904716,42.29640300710343
"5 PARKWOOD TERRACE, Boston, MA",SAM,-71.11553193209491,42.32311922224187
"6 PARKWOOD TERRACE, Boston, MA",SAM,-71.11485747070311,42.32276058520432
"9 PARKWOOD TERRACE, Boston, MA",SAM,-71.11550842362671,42.323098890589094
"10 PARLEY AVENUE, Boston, MA",SAM,-71.11371185565983,42.31522512816935
"11 PARLEY AVENUE, Boston, MA",SAM,-71.11344293645286,42.31498154744015
"13 PARLEY AVENUE, Boston, MA",SAM,-71.11330840103024,42.31492519636855
"19 PARLEY AVENUE, Boston, MA",SAM,-71.11298954881914,42.314790942773996
"25 PARLEY AVENUE, Boston, MA",SAM,-71.11253764180358,42.31483251167686
"27 PARLEY AVENUE, Boston, MA",SAM,-71.11241934660698,42.31475662417516
"31 PARLEY AVENUE, Boston, MA",SAM,-71.1121459213673,42.31462456533332
"34 PARLEY AVENUE, Boston, MA",SAM,-71.11172645472632,42.3145862068334
"35 PARLEY AVENUE, Boston, MA",SAM,-71.111864787705,42.31451589181796
"41 PARLEY AVENUE, Boston, MA",SAM,-71.11146382759041,42.314343085167856
"45 PARLEY AVENUE, Boston, MA",SAM,-71.11121749495253,42.314220607380285
"46 PARLEY AVENUE, Boston, MA",SAM,-71.11108876217227,42.31429026867465
"48 PARLEY AVENUE, Boston, MA",SAM,-71.1110598028873,42.31427224955991
"49 PARLEY AVENUE, Boston, MA",SAM,-71.11115957638256,42.31418456915086
"50 PARLEY AVENUE, Boston, MA",SAM,-71.1110308436023,42.31425423044519
"52 PARLEY AVENUE, Boston, MA",SAM,-71.11100188431733,42.31423621133049
"53 PARLEY AVENUE, Boston, MA",SAM,-71.1111016578126,42.31414853092143
"54 PARLEY AVENUE, Boston, MA",SAM,-71.1109869239053,42.314225510480284
"10 PARLEY VALE NAN, Boston, MA",SAM,-71.11099912660306,42.31502736878629
"2 PARLEY VALE NAN, Boston, MA",SAM,-71.11251410853306,42.31499099253776
"3 PARLEY VALE NAN, Boston, MA",SAM,-71.11173601361064,42.31496447267743
"4 PARLEY VALE NAN, Boston, MA",SAM,-71.11207576300163,42.315110572024885
"6 PARLEY VALE NAN, Boston, MA",SAM,-71.11104174401353,42.31504652259274
"8 PARLEY VALE NAN, Boston, MA",SAM,-71.11101737405379,42.315035790688604
"6 PARMELEE STREET, Boston, MA",SAM,-71.07662132369543,42.33590124671203
"12 PARMENTER STREET, Boston, MA",SAM,-71.05494177307732,42.363781730537816
"14 PARMENTER STREET, Boston, MA",SAM,-71.05498065717896,42.36380765327807
"25 PARMENTER STREET, Boston, MA",SAM,-71.05513084880889,42.364043873382755
"26 PARMENTER STREET, Boston, MA",SAM,-71.05521416125734,42.36394722026696
"28 PARMENTER STREET, Boston, MA",SAM,-71.05533961954943,42.36399602801182
"32 PARMENTER STREET, Boston, MA",SAM,-71.05534946443773,42.363999122120354
"1 PARROTT STREET, Boston, MA",SAM,-71.12522585259883,42.25910545467494
"2 PARROTT STREET, Boston, MA",SAM,-71.12524551095984,42.258991790629764
"3 PARROTT STREET, Boston, MA",SAM,-71.12524016735192,42.25910681081009
"10 PARSONS STREET, Boston, MA",SAM,-71.15569680493515,42.34952250777823
"100 PARSONS STREET, Boston, MA",SAM,-71.15444650775106,42.35362648762027
"101 PARSONS STREET, Boston, MA",SAM,-71.15443346549893,42.3537990189667
"103 PARSONS STREET, Boston, MA",SAM,-71.15451371702049,42.35387399850752
"104 PARSONS STREET, Boston, MA",SAM,-71.15456924537229,42.3537411622121
"109 PARSONS STREET, Boston, MA",SAM,-71.1547544715852,42.35409893712998
"110 PARSONS STREET, Boston, MA",SAM,-71.15475335180412,42.35391317409987
"116 PARSONS STREET, Boston, MA",SAM,-71.15497200296,42.354119368501465
"12 PARSONS STREET, Boston, MA",SAM,-71.15567014992996,42.34960761673728
"120 PARSONS STREET, Boston, MA",SAM,-71.15513056513295,42.35427390628904
"121 PARSONS STREET, Boston, MA",SAM,-71.1550816217055,42.35441586552206
"124 PARSONS STREET, Boston, MA",SAM,-71.1552891273059,42.35442844407658
"125 PARSONS STREET, Boston, MA",SAM,-71.15517489357194,42.35450677010298
"126 PARSONS STREET, Boston, MA",SAM,-71.15536840839238,42.35450571297038
"128 PARSONS STREET, Boston, MA",SAM,-71.15544768947886,42.35458298186414
"129 PARSONS STREET, Boston, MA",SAM,-71.15526816543841,42.354597674683895
"130 PARSONS STREET, Boston, MA",SAM,-71.15552697056533,42.35466025075794
"135 PARSONS STREET, Boston, MA",SAM,-71.15540807323806,42.354734031555274
"138 PARSONS STREET, Boston, MA",SAM,-71.15585848814277,42.354983453017965
"139 PARSONS STREET, Boston, MA",SAM,-71.15550134510453,42.35482493613618
"142 PARSONS STREET, Boston, MA",SAM,-71.15588400468977,42.355008376162544
"143 PARSONS STREET, Boston, MA",SAM,-71.15559461697097,42.35491584071711
"149 PARSONS STREET, Boston, MA",SAM,-71.15578373365571,42.35510036149353
"15 PARSONS STREET, Boston, MA",SAM,-71.15546578207106,42.349751994266654
"159 PARSONS STREET, Boston, MA",SAM,-71.15602826723098,42.35533920829591
"17 PARSONS STREET, Boston, MA",SAM,-71.15543912706586,42.34983710322571
"181 PARSONS STREET, Boston, MA",SAM,-71.15644788119454,42.35579335224219
"187 PARSONS STREET, Boston, MA",SAM,-71.15656174744566,42.35595212510726
"190 PARSONS STREET, Boston, MA",SAM,-71.15671597953012,42.35592487022456
"191 PARSONS STREET, Boston, MA",SAM,-71.15660466413816,42.35601852453484
"195 PARSONS STREET, Boston, MA",SAM,-71.15664758083065,42.35608492396241
"201 PARSONS STREET, Boston, MA",SAM,-71.15676452034087,42.35625640076104
"205 PARSONS STREET, Boston, MA",SAM,-71.1568757731743,42.356408094217706
"209 PARSONS STREET, Boston, MA",SAM,-71.15693548972203,42.35649727095097
"213 PARSONS STREET, Boston, MA",SAM,-71.15699520626974,42.35658644768422
"217 PARSONS STREET, Boston, MA",SAM,-71.15705492281745,42.35667562441748
"221 PARSONS STREET, Boston, MA",SAM,-71.15711463936518,42.35676480115074
"225 PARSONS STREET, Boston, MA",SAM,-71.15720453740349,42.356909600799916
"228 PARSONS STREET, Boston, MA",SAM,-71.15749873267373,42.357085052551184
"23 PARSONS STREET, Boston, MA",SAM,-71.15536307473225,42.350094127217595
"230 PARSONS STREET, Boston, MA",SAM,-71.15750357138745,42.357091145747695
"231 PARSONS STREET, Boston, MA",SAM,-71.15730334040397,42.35706541709412
"232 PARSONS STREET, Boston, MA",SAM,-71.15750841010117,42.357097238944206
"234 PARSONS STREET, Boston, MA",SAM,-71.15751324881491,42.35710333214071
"24 PARSONS STREET, Boston, MA",SAM,-71.15551473854144,42.35011795696092
"25 PARSONS STREET, Boston, MA",SAM,-71.15533849343767,42.350179576473444
"270 PARSONS STREET, Boston, MA",SAM,,
"28 PARSONS STREET, Boston, MA",SAM,-71.15546557595225,42.35028885547263
"29 PARSONS STREET, Boston, MA",SAM,-71.15528933084849,42.35035047498516
"36 PARSONS STREET, Boston, MA",SAM,-71.15535601875094,42.35065893165735
"39 PARSONS STREET, Boston, MA",SAM,-71.15513660241365,42.35083263404201
"42 PARSONS STREET, Boston, MA",SAM,-71.15523941439245,42.35099949040403
"45 PARSONS STREET, Boston, MA",SAM,-71.15503295409499,42.351135352927926
"46 PARSONS STREET, Boston, MA",SAM,-71.15516167815346,42.351226529568464
"48 PARSONS STREET, Boston, MA",SAM,-71.15512281003394,42.35134004915072
"49 PARSONS STREET, Boston, MA",SAM,-71.15496385521588,42.35133716551855
"52 PARSONS STREET, Boston, MA",SAM,-71.15503637326375,42.35156785882397
"53 PARSONS STREET, Boston, MA",SAM,-71.15488781992941,42.351535018875985
"56 PARSONS STREET, Boston, MA",SAM,-71.15491745561539,42.35179872518532
"59 PARSONS STREET, Boston, MA",SAM,-71.15474140377621,42.351814313333875
"60 PARSONS STREET, Boston, MA",SAM,-71.1547690439716,42.35203306870725
"63 PARSONS STREET, Boston, MA",SAM,-71.15463076137605,42.35198122635257
"64 PARSONS STREET, Boston, MA",SAM,-71.15461341108218,42.352259793170504
"65 PARSONS STREET, Boston, MA",SAM,-71.15457239904254,42.352066248026304
"66 PARSONS STREET, Boston, MA",SAM,-71.15453559463748,42.352373155402155
"72 PARSONS STREET, Boston, MA",SAM,-71.15435719195544,42.35264085113295
"73 PARSONS STREET, Boston, MA",SAM,-71.15432767015017,42.35242462962242
"76 PARSONS STREET, Boston, MA",SAM,-71.15426844054019,42.35280341853763
"78 PARSONS STREET, Boston, MA",SAM,-71.15423140643404,42.35289159497958
"79 PARSONS STREET, Boston, MA",SAM,-71.15412960819383,42.35274740562589
"81 PARSONS STREET, Boston, MA",SAM,-71.15408331556115,42.35285762617834
"83 PARSONS STREET, Boston, MA",SAM,-71.15404898683202,42.35298015751166
"84 PARSONS STREET, Boston, MA",SAM,-71.15418195545607,42.35313780412327
"85 PARSONS STREET, Boston, MA",SAM,-71.15403512562156,42.35307520578677
"87 PARSONS STREET, Boston, MA",SAM,-71.15402980319458,42.35318197174719
"91 PARSONS STREET, Boston, MA",SAM,-71.15408008597434,42.35338507820368
"96 PARSONS STREET, Boston, MA",SAM,-71.15432377012984,42.353511813028426
"97 PARSONS STREET, Boston, MA",SAM,-71.15427296245579,42.35364905988506
"14 PARTRIDGE PLACE, Boston, MA",SAM,-71.07511283407948,42.324421948487064
"10 PARTRIDGE STREET, Boston, MA",SAM,-71.14572837679573,42.27457216973728
"101 PARTRIDGE STREET, Boston, MA",SAM,-71.1484349446112,42.27247020980301
"102 PARTRIDGE STREET, Boston, MA",SAM,-71.14833780405506,42.27237934436194
"11 PARTRIDGE STREET, Boston, MA",SAM,-71.14595924660581,42.2745514555992
"16 PARTRIDGE STREET, Boston, MA",SAM,-71.1459158733176,42.27441443456007
"19 PARTRIDGE STREET, Boston, MA",SAM,-71.14625209703198,42.27430772382683
"23 PARTRIDGE STREET, Boston, MA",SAM,-71.14639975639977,42.2741862451918
"30 PARTRIDGE STREET, Boston, MA",SAM,-71.1463584398656,42.274048876678805
"31 PARTRIDGE STREET, Boston, MA",SAM,-71.14669507513541,42.27394328792174
"38 PARTRIDGE STREET, Boston, MA",SAM,-71.14661157021042,42.273840627590175
"39 PARTRIDGE STREET, Boston, MA",SAM,-71.14698607925354,42.27369604879111
"41 PARTRIDGE STREET, Boston, MA",SAM,-71.14705831854758,42.27363427173652
"42 PARTRIDGE STREET, Boston, MA",SAM,-71.1467348080323,42.273735798485355
"44 PARTRIDGE STREET, Boston, MA",SAM,-71.14679672742722,42.273682846724284
"45 PARTRIDGE STREET, Boston, MA",SAM,-71.14720279713568,42.27351071762735
"47 PARTRIDGE STREET, Boston, MA",SAM,-71.1472750364297,42.27344894057275
"48 PARTRIDGE STREET, Boston, MA",SAM,-71.146920566217,42.2735769432021
"49 PARTRIDGE STREET, Boston, MA",SAM,-71.14734727572377,42.27338716351817
"52 PARTRIDGE STREET, Boston, MA",SAM,-71.14704440500678,42.273471039679976
"60 PARTRIDGE STREET, Boston, MA",SAM,-71.1473273989062,42.27322580452262
"62 PARTRIDGE STREET, Boston, MA",SAM,-71.14742260969511,42.27313791763622
"64 PARTRIDGE STREET, Boston, MA",SAM,-71.14752369044238,42.27305023112264
"65 PARTRIDGE STREET, Boston, MA",SAM,-71.14784947884219,42.2729498067379
"66 PARTRIDGE STREET, Boston, MA",SAM,-71.1476242725265,42.272965683859205
"67 PARTRIDGE STREET, Boston, MA",SAM,-71.14790815172458,42.27290048750089
"69 PARTRIDGE STREET, Boston, MA",SAM,-71.147966824607,42.2728511682639
"70 PARTRIDGE STREET, Boston, MA",SAM,-71.14782543669475,42.2727965893324
"77 PARTRIDGE STREET, Boston, MA",SAM,-71.14824533400778,42.2726197618359
"78 PARTRIDGE STREET, Boston, MA",SAM,-71.14814819345165,42.272528896394824
"81 PARTRIDGE STREET, Boston, MA",SAM,-71.14827693577503,42.2725948364971
"82 PARTRIDGE STREET, Boston, MA",SAM,-71.1481797952189,42.27250397105601
"85 PARTRIDGE STREET, Boston, MA",SAM,-71.14830853754226,42.27256991115827
"86 PARTRIDGE STREET, Boston, MA",SAM,-71.14821139698613,42.2724790457172
"89 PARTRIDGE STREET, Boston, MA",SAM,-71.1483401393095,42.272544985819465
"90 PARTRIDGE STREET, Boston, MA",SAM,-71.14824299875335,42.27245412037839
"93 PARTRIDGE STREET, Boston, MA",SAM,-71.14837174107672,42.27252006048066
"94 PARTRIDGE STREET, Boston, MA",SAM,-71.1482746005206,42.27242919503958
"97 PARTRIDGE STREET, Boston, MA",SAM,-71.14840334284396,42.27249513514183
"98 PARTRIDGE STREET, Boston, MA",SAM,-71.14830620228783,42.27240426970075
"10 PASADENA ROAD, Boston, MA",SAM,-71.08224445055305,42.304892062040174
"11 PASADENA ROAD, Boston, MA",SAM,-71.08217484874515,42.305007545462395
"14 PASADENA ROAD, Boston, MA",SAM,-71.08238445070984,42.30500853952692
"15 PASADENA ROAD, Boston, MA",SAM,-71.08231672341945,42.30512011664752
"19 PASADENA ROAD, Boston, MA",SAM,-71.08246067838998,42.30522522664955
"2 PASADENA ROAD, Boston, MA",SAM,-71.08196019553216,42.30465002305712
"20 PASADENA ROAD, Boston, MA",SAM,-71.08261580691247,42.30517746631591
"23 PASADENA ROAD, Boston, MA",SAM,-71.0826222638028,42.30532772695433
"24 PASADENA ROAD, Boston, MA",SAM,-71.08277819001702,42.30527039112765
"27 PASADENA ROAD, Boston, MA",SAM,-71.08279467220281,42.3054163063839
"28 PASADENA ROAD, Boston, MA",SAM,-71.08295439756112,42.30535304571326
"31 PASADENA ROAD, Boston, MA",SAM,-71.08296878153112,42.30549247923303
"36 PASADENA ROAD, Boston, MA",SAM,-71.08325537784512,42.30548284894288
"39 PASADENA ROAD, Boston, MA",SAM,-71.08321564250039,42.305598098123575
"40 PASADENA ROAD, Boston, MA",SAM,-71.08333010193986,42.3055145500815
"44 PASADENA ROAD, Boston, MA",SAM,-71.08340482603458,42.305546251220115
"47 PASADENA ROAD, Boston, MA",SAM,-71.08336509068982,42.305661500400824
"48 PASADENA ROAD, Boston, MA",SAM,-71.0834795501293,42.305577952358746
"51 PASADENA ROAD, Boston, MA",SAM,-71.08343981478457,42.30569320153946
"55 PASADENA ROAD, Boston, MA",SAM,-71.08351354885515,42.30572484847449
"7 PASADENA ROAD, Boston, MA",SAM,-71.08204219640207,42.304894593936964
"11 PATTEN STREET, Boston, MA",SAM,-71.11637017976172,42.294440882737014
"15 PATTEN STREET, Boston, MA",SAM,-71.1161955815257,42.29421444617801
"42 PATTEN STREET, Boston, MA",SAM,-71.1152518308634,42.29368553021534
"43 PATTEN STREET, Boston, MA",SAM,-71.11545974920784,42.293654688248346
"46 PATTEN STREET, Boston, MA",SAM,-71.11513182900569,42.29362230955954
"47 PATTEN STREET, Boston, MA",SAM,-71.11534865748145,42.29359587496798
"48 PATTEN STREET, Boston, MA",SAM,-71.115071720746,42.293590673626134
"51 PATTEN STREET, Boston, MA",SAM,-71.11523722365166,42.29353714275995
"52 PATTEN STREET, Boston, MA",SAM,-71.11495150422661,42.293527401759334
"55 PATTEN STREET, Boston, MA",SAM,-71.11512591205963,42.29347855769808
"56 PATTEN STREET, Boston, MA",SAM,-71.11482952221692,42.29345522432337
"59 PATTEN STREET, Boston, MA",SAM,-71.11501460046762,42.29341997263623
"60 PATTEN STREET, Boston, MA",SAM,-71.1147199242369,42.293382158986944
"62 PATTEN STREET, Boston, MA",SAM,-71.11465908551729,42.29333737747339
"63 PATTEN STREET, Boston, MA",SAM,-71.11491699751093,42.293359277991236
"64 PATTEN STREET, Boston, MA",SAM,-71.11461275840098,42.29329491094054
"65 PATTEN STREET, Boston, MA",SAM,-71.11486625770536,42.29332545144659
"66 PATTEN STREET, Boston, MA",SAM,-71.11451540194301,42.29320624917791
"7 PATTEN STREET, Boston, MA",SAM,-71.11651337016518,42.29464442789358
"70 PATTEN STREET, Boston, MA",SAM,-71.1144244555966,42.29312396436976
"74 PATTEN STREET, Boston, MA",SAM,-71.11429390504327,42.29299275620002
"76 PATTEN STREET, Boston, MA",SAM,-71.11426018125049,42.292956695106376
"80 PATTEN STREET, Boston, MA",SAM,-71.11419273366494,42.29288457291911
"81 PATTEN STREET, Boston, MA",SAM,-71.11432013419001,42.29281938081334
"85 PATTEN STREET, Boston, MA",SAM,-71.11425268660444,42.29274725862608
"10 PATTERSON STREET, Boston, MA",SAM,-71.06537795213818,42.279584116624925
"11 PATTERSON STREET, Boston, MA",SAM,-71.06537925398436,42.27922364575248
"13 PATTERSON STREET, Boston, MA",SAM,-71.06531682174506,42.27908464563355
"14 PATTERSON STREET, Boston, MA",SAM,-71.06529470915247,42.279398783133
"16 PATTERSON STREET, Boston, MA",SAM,-71.0652530876596,42.27930611638704
"2 PATTERSON STREET, Boston, MA",SAM,-71.06553584494277,42.279955818825336
"22 PATTERSON STREET, Boston, MA",SAM,-71.06512198048496,42.27901062996969
"25 PATTERSON STREET, Boston, MA",SAM,-71.06524552950937,42.278918640719
"26 PATTERSON STREET, Boston, MA",SAM,-71.06511121373946,42.278984994853936
"29 PATTERSON STREET, Boston, MA",SAM,-71.06523578816821,42.27889544704283
"30 PATTERSON STREET, Boston, MA",SAM,-71.06510044699395,42.27895935973819
"31 PATTERSON STREET, Boston, MA",SAM,-71.06523091749763,42.27888385020476
"5 PATTERSON STREET, Boston, MA",SAM,-71.06556513462763,42.2796420028762
"6 PATTERSON STREET, Boston, MA",SAM,-71.06545684939162,42.27976947029212
"7 PATTERSON STREET, Boston, MA",SAM,-71.06550411846291,42.279501645990386
"9 PATTERSON STREET, Boston, MA",SAM,-71.06544168622364,42.27936264587144
"1 PAUL GORE STREET, Boston, MA",SAM,-71.11066552148095,42.320675598188465
"100 PAUL GORE STREET, Boston, MA",SAM,-71.1066278967294,42.318899263538306
"102 PAUL GORE STREET, Boston, MA",SAM,-71.10650186016805,42.318832912243934
"106 PAUL GORE STREET, Boston, MA",SAM,-71.10627514796232,42.31871398122353
"110 PAUL GORE STREET, Boston, MA",SAM,-71.10604843575665,42.31859505020309
"113 PAUL GORE STREET, Boston, MA",SAM,-71.10607961981329,42.31847153216531
"12 PAUL GORE STREET, Boston, MA",SAM,-71.1101289572456,42.32056813878096
"120 PAUL GORE STREET, Boston, MA",SAM,-71.10565438723452,42.318416483555595
"122 PAUL GORE STREET, Boston, MA",SAM,-71.10563599854738,42.318409550114474
"133 PAUL GORE STREET, Boston, MA",SAM,-71.10571848422587,42.31831202152622
"135 PAUL GORE STREET, Boston, MA",SAM,-71.10569694319238,42.31830389949519
"137 PAUL GORE STREET, Boston, MA",SAM,-71.1056754021589,42.31829577746418
"15 PAUL GORE STREET, Boston, MA",SAM,-71.11011838506758,42.32042920557351
"16 PAUL GORE STREET, Boston, MA",SAM,-71.10990594152133,42.32046903060311
"19 PAUL GORE STREET, Boston, MA",SAM,-71.10991978827502,42.32034240003361
"20 PAUL GORE STREET, Boston, MA",SAM,-71.10971358902879,42.32038624596642
"23 PAUL GORE STREET, Boston, MA",SAM,-71.10979155327999,42.32028721027583
"27 PAUL GORE STREET, Boston, MA",SAM,-71.10966331828497,42.32023202051804
"3 PAUL GORE STREET, Boston, MA",SAM,-71.11058735913619,42.32064039924348
"31 PAUL GORE STREET, Boston, MA",SAM,-71.10953508328993,42.32017683076025
"35 PAUL GORE STREET, Boston, MA",SAM,-71.10940684829492,42.32012164100245
"38 PAUL GORE STREET, Boston, MA",SAM,-71.10892597498447,42.3200455957092
"39 PAUL GORE STREET, Boston, MA",SAM,-71.10918500905359,42.3200253916236
"40 PAUL GORE STREET, Boston, MA",SAM,-71.10885876801157,42.32001633552358
"41 PAUL GORE STREET, Boston, MA",SAM,-71.10909657882607,42.31998689137937
"42 PAUL GORE STREET, Boston, MA",SAM,-71.10879156103866,42.319987075338
"43 PAUL GORE STREET, Boston, MA",SAM,-71.10900814859855,42.31994839113516
"45 PAUL GORE STREET, Boston, MA",SAM,-71.10891971837106,42.31990989089093
"47 PAUL GORE STREET, Boston, MA",SAM,-71.10883128814353,42.3198713906467
"49 PAUL GORE STREET, Boston, MA",SAM,-71.10874285791601,42.3198328904025
"5 PAUL GORE STREET, Boston, MA",SAM,-71.11050919679143,42.32060520029849
"55 PAUL GORE STREET, Boston, MA",SAM,-71.10848267497148,42.31971417992967
"59 PAUL GORE STREET, Boston, MA",SAM,-71.10830871867913,42.319633644590304
"6 PAUL GORE STREET, Boston, MA",SAM,-71.1104025254523,42.320691335088426
"68 PAUL GORE STREET, Boston, MA",SAM,-71.10793016172718,42.31958366020188
"69 PAUL GORE STREET, Boston, MA",SAM,-71.10788796706599,42.3194218915728
"7 PAUL GORE STREET, Boston, MA",SAM,-71.11043103444666,42.3205700013535
"70 PAUL GORE STREET, Boston, MA",SAM,-71.10786628484972,42.31955057289085
"71 PAUL GORE STREET, Boston, MA",SAM,-71.10780391854303,42.319378355637234
"79 PAUL GORE STREET, Boston, MA",SAM,-71.10743357287242,42.31918438518346
"80 PAUL GORE STREET, Boston, MA",SAM,-71.10754690046248,42.31938513633569
"87 PAUL GORE STREET, Boston, MA",SAM,-71.10711092767879,42.31901361430402
"91 PAUL GORE STREET, Boston, MA",SAM,-71.10697994946383,42.31894441825006
"92 PAUL GORE STREET, Boston, MA",SAM,-71.10709941830324,42.31914836933252
"95 PAUL GORE STREET, Boston, MA",SAM,-71.10684897124888,42.31887522219612
"96 PAUL GORE STREET, Boston, MA",SAM,-71.10686365751634,42.31902381643541
"98 PAUL GORE STREET, Boston, MA",SAM,-71.10674577712287,42.31896153998686
"32 PAUL SULLIVAN WAY, Boston, MA",SAM,-71.06466070678717,42.34287443372246
"10 PAULA ROAD, Boston, MA",SAM,-71.07613132099482,42.27490989476433
"3 PAULA ROAD, Boston, MA",SAM,-71.0762677741677,42.27484791629845
"6 PAULA ROAD, Boston, MA",SAM,-71.07612352505852,42.27489083802557
"7 PAULA ROAD, Boston, MA",SAM,-71.07627541100324,42.274866584124176
"12 PAULMAN CIRCLE, Boston, MA",SAM,-71.14478181616579,42.28920091352468
"16 PAULMAN CIRCLE, Boston, MA",SAM,-71.14481856393537,42.289190948027816
"2 PAULMAN CIRCLE, Boston, MA",SAM,-71.14468994674182,42.28922582726689
"20 PAULMAN CIRCLE, Boston, MA",SAM,-71.14485531170496,42.289180982530944
"24 PAULMAN CIRCLE, Boston, MA",SAM,-71.14488289143294,42.289173003615055
"28 PAULMAN CIRCLE, Boston, MA",SAM,-71.14491771909152,42.28915979312346
"8 PAULMAN CIRCLE, Boston, MA",SAM,-71.14474506839619,42.28921087902156
"10 PAXTON STREET, Boston, MA",SAM,-71.08908005945773,42.2921231665928
"12 PAXTON STREET, Boston, MA",SAM,-71.08910005848556,42.29212551942059
"8 PAXTON STREET, Boston, MA",SAM,-71.0890600604299,42.29212081376503
"4 PAYNE STREET, Boston, MA",SAM,-71.05120745413039,42.29479738670147
"10 PAYSON AVENUE, Boston, MA",SAM,-71.06595563207186,42.31433491338629
"11 PAYSON AVENUE, Boston, MA",SAM,-71.06606336295805,42.31442469905733
"14 PAYSON AVENUE, Boston, MA",SAM,-71.06605373715864,42.31430221168993
"15 PAYSON AVENUE, Boston, MA",SAM,-71.06615946590023,42.314392664742556
"17 PAYSON AVENUE, Boston, MA",SAM,-71.06620751737131,42.31437664758515
"19 PAYSON AVENUE, Boston, MA",SAM,-71.0662555688424,42.31436063042776
"22 PAYSON AVENUE, Boston, MA",SAM,-71.06624994733224,42.31423680829726
"23 PAYSON AVENUE, Boston, MA",SAM,-71.06635167178456,42.314328596112965
"24 PAYSON AVENUE, Boston, MA",SAM,-71.06629899987563,42.31422045744908
"26 PAYSON AVENUE, Boston, MA",SAM,-71.06634805241903,42.314204106600904
"27 PAYSON AVENUE, Boston, MA",SAM,-71.06644777472673,42.31429656179818
"28 PAYSON AVENUE, Boston, MA",SAM,-71.06639710496245,42.314187755752734
"32 PAYSON AVENUE, Boston, MA",SAM,-71.06649358140002,42.31415465373874
"33 PAYSON AVENUE, Boston, MA",SAM,-71.06659233101004,42.31424694140261
"38 PAYSON AVENUE, Boston, MA",SAM,-71.06662882719564,42.314107712490134
"41 PAYSON AVENUE, Boston, MA",SAM,-71.06680888858153,42.314147594481824
"46 PAYSON AVENUE, Boston, MA",SAM,-71.06673212209401,42.31401188479429
"5 PAYSON AVENUE, Boston, MA",SAM,-71.06591704352488,42.31447269849572
"7 PAYSON AVENUE, Boston, MA",SAM,-71.0659672600159,42.314456733372126
"8 PAYSON AVENUE, Boston, MA",SAM,-71.06590657952846,42.31435126423447
"9 PAYSON AVENUE, Boston, MA",SAM,-71.06601531148696,42.31444071621472
"2 PAYSON PLACE, Boston, MA",SAM,-71.06378106557746,42.37701856689083
"5 PAYSON PLACE, Boston, MA",SAM,-71.06371256815535,42.37712158868367
"166 PAYSON ROAD, Boston, MA",SAM,-71.14540342013215,42.298932915736415
"170 PAYSON ROAD, Boston, MA",SAM,-71.1454034201396,42.298804752126365
"174 PAYSON ROAD, Boston, MA",SAM,-71.14539749290958,42.29868157971812
"3 PAYSON ROAD, Boston, MA",SAM,-71.06586846030586,42.31448781327522
"4 PAYSON ROAD, Boston, MA",SAM,-71.06580937640555,42.314381874554634
"1 PEABODY SQUARE, Boston, MA",SAM,-71.064047287252,42.286166458506585
"15 PEACEABLE STREET, Boston, MA",SAM,-71.15173802965434,42.34779488317765
"21 PEACEABLE STREET, Boston, MA",SAM,-71.15182873310964,42.347829340364626
"24 PEACEABLE STREET, Boston, MA",SAM,-71.15193677695494,42.347741541811686
"25 PEACEABLE STREET, Boston, MA",SAM,-71.15188920207981,42.3478523118226
"6 PEACEABLE STREET, Boston, MA",SAM,-71.1516589976231,42.34763601667657
"8 PEACEABLE STREET, Boston, MA",SAM,-71.1516898619933,42.347647741691596
"9 PEACEABLE STREET, Boston, MA",SAM,-71.15164732619905,42.34776042599066
"11 PEACEVALE ROAD, Boston, MA",SAM,-71.07675602820625,42.28794638361733
"12 PEACEVALE ROAD, Boston, MA",SAM,-71.07660716038235,42.287978386713945
"16 PEACEVALE ROAD, Boston, MA",SAM,-71.0765684721329,42.287892865296456
"17 PEACEVALE ROAD, Boston, MA",SAM,-71.07669918016624,42.28782071949368
"20 PEACEVALE ROAD, Boston, MA",SAM,-71.07652978388342,42.28780734387898
"21 PEACEVALE ROAD, Boston, MA",SAM,-71.0766612814729,42.287736943411254
"24 PEACEVALE ROAD, Boston, MA",SAM,-71.07649109563398,42.28772182246147
"25 PEACEVALE ROAD, Boston, MA",SAM,-71.07662338277956,42.28765316732882
"29 PEACEVALE ROAD, Boston, MA",SAM,-71.07658663092283,42.287569669257394
"30 PEACEVALE ROAD, Boston, MA",SAM,-71.0764339162913,42.28759277503107
"33 PEACEVALE ROAD, Boston, MA",SAM,-71.07654978099798,42.28748563762925
"34 PEACEVALE ROAD, Boston, MA",SAM,-71.07639629865967,42.28750699274403
"37 PEACEVALE ROAD, Boston, MA",SAM,-71.07651293107314,42.28740160600112
"38 PEACEVALE ROAD, Boston, MA",SAM,-71.07635868102805,42.28742121045697
"41 PEACEVALE ROAD, Boston, MA",SAM,-71.0764760811483,42.28731757437297
"42 PEACEVALE ROAD, Boston, MA",SAM,-71.07632106339646,42.28733542816991
"45 PEACEVALE ROAD, Boston, MA",SAM,-71.07643923122347,42.28723354274484
"49 PEACEVALE ROAD, Boston, MA",SAM,-71.07640238129862,42.287149511116695
"5 PEACEVALE ROAD, Boston, MA",SAM,-71.07681287624625,42.288072047740975
"50 PEACEVALE ROAD, Boston, MA",SAM,-71.07624582813327,42.287163863595794
"7 PEACEVALE ROAD, Boston, MA",SAM,-71.07679392689961,42.28803015969976
"8 PEACEVALE ROAD, Boston, MA",SAM,-71.0766458486318,42.28806390813144
"10 PEAK HILL ROAD, Boston, MA",SAM,-71.14410967831188,42.29093701160423
"11 PEAK HILL ROAD, Boston, MA",SAM,-71.14410448970648,42.29108161915115
"14 PEAK HILL ROAD, Boston, MA",SAM,-71.1443884238415,42.291104287680504
"15 PEAK HILL ROAD, Boston, MA",SAM,-71.14436548852343,42.29123801536475
"16 PEAK HILL ROAD, Boston, MA",SAM,-71.1445282446363,42.29118807136636
"17 PEAK HILL ROAD, Boston, MA",SAM,-71.14449598793192,42.291316213471546
"18 PEAK HILL ROAD, Boston, MA",SAM,-71.14466806543112,42.291271855052216
"19 PEAK HILL ROAD, Boston, MA",SAM,-71.14462648734042,42.291394411578345
"2 PEAK HILL ROAD, Boston, MA",SAM,-71.14355595460604,42.29059686696537
"20 PEAK HILL ROAD, Boston, MA",SAM,-71.14480788622592,42.291355638738075
"21 PEAK HILL ROAD, Boston, MA",SAM,-71.14475698674889,42.291472609685144
"22 PEAK HILL ROAD, Boston, MA",SAM,-71.14494770702073,42.291439422423935
"23 PEAK HILL ROAD, Boston, MA",SAM,-71.14488748615736,42.29155080779194
"24 PEAK HILL ROAD, Boston, MA",SAM,-71.14508752781552,42.291523206109794
"25 PEAK HILL ROAD, Boston, MA",SAM,-71.14501798556584,42.29162900589875
"26 PEAK HILL ROAD, Boston, MA",SAM,-71.14522734861033,42.29160698979565
"27 PEAK HILL ROAD, Boston, MA",SAM,-71.14514848497436,42.291707204005526
"28 PEAK HILL ROAD, Boston, MA",SAM,-71.14536665215599,42.29169516415561
"3 PEAK HILL ROAD, Boston, MA",SAM,-71.14358619339004,42.290764392521645
"30 PEAK HILL ROAD, Boston, MA",SAM,-71.1455013037861,42.29178346032636
"32 PEAK HILL ROAD, Boston, MA",SAM,-71.145616677435,42.29185490309468
"33 PEAK HILL ROAD, Boston, MA",SAM,-71.1455206452698,42.291944819174915
"34 PEAK HILL ROAD, Boston, MA",SAM,-71.14563399399962,42.29186502316719
"7 PEAK HILL ROAD, Boston, MA",SAM,-71.1438445977861,42.29092312668646
"8 PEAK HILL ROAD, Boston, MA",SAM,-71.14397124738544,42.2908519754445
"133 PEARL STREET, Boston, MA",SAM,-71.06257512608384,42.380697464719866
"141 PEARL STREET, Boston, MA",SAM,-71.06254511334684,42.38073671214665
"145 PEARL STREET, Boston, MA",SAM,-71.06253010697837,42.380756335860035
"149 PEARL STREET, Boston, MA",SAM,-71.06251510060989,42.38077595957343
"6 PEARL STREET, Boston, MA",SAM,-71.05702773916418,42.31462439183493
"100 PEARL STREET, Boston, MA",SAM,-71.06285067168145,42.38057012477872
"14 PEARL STREET, Boston, MA",SAM,-71.05726917406736,42.31466951986864
"16 PEARL STREET, Boston, MA",SAM,-71.05732953279316,42.31468080187707
"18 PEARL STREET, Boston, MA",SAM,-71.05738989151894,42.31469208388549
"24 PEARL STREET, Boston, MA",SAM,-71.05757096769634,42.31472592991076
"26 PEARL STREET, Boston, MA",SAM,-71.05763132642213,42.314737211919194
"30 PEARL STREET, Boston, MA",SAM,-71.05775204387372,42.31475977593603
"31 PEARL STREET, Boston, MA",SAM,-71.05775594838342,42.31487870149182
"32 PEARL STREET, Boston, MA",SAM,-71.0578137052557,42.3147715664146
"33 PEARL STREET, Boston, MA",SAM,-71.05781340589894,42.3148902780174
"35 PEARL STREET, Boston, MA",SAM,-71.0578722461857,42.31490213730364
"37 PEARL STREET, Boston, MA",SAM,-71.05793108647244,42.31491399658992
"39 PEARL STREET, Boston, MA",SAM,-71.0579899267592,42.31492585587617
"40 PEARL STREET, Boston, MA",SAM,-71.05805396975992,42.31481999183346
"41 PEARL STREET, Boston, MA",SAM,-71.05804876704595,42.31493771516243
"43 PEARL STREET, Boston, MA",SAM,-71.0581076073327,42.314949574448676
"46 PEARL STREET, Boston, MA",SAM,-71.05823416813809,42.314856310897625
"48 PEARL STREET, Boston, MA",SAM,-71.05829423426414,42.314868417252335
"49 PEARL STREET, Boston, MA",SAM,-71.05828412819295,42.314985152307415
"58 PEARL STREET, Boston, MA",SAM,-71.05859456489443,42.314928949025905
"59 PEARL STREET, Boston, MA",SAM,-71.05857832962667,42.31504444873869
"60 PEARL STREET, Boston, MA",SAM,-71.05865463102049,42.314941055380636
"61 PEARL STREET, Boston, MA",SAM,-71.05863716991344,42.31505630802494
"62 PEARL STREET, Boston, MA",SAM,-71.05871469714654,42.314953161735346
"63 PEARL STREET, Boston, MA",SAM,-71.05869601020018,42.315068167311196
"64 PEARL STREET, Boston, MA",SAM,-71.0587747632726,42.31496526809005
"65 PEARL STREET, Boston, MA",SAM,-71.05875485048692,42.315080026597435
"66 PEARL STREET, Boston, MA",SAM,-71.05883482939865,42.314977374444794
"67 PEARL STREET, Boston, MA",SAM,-71.05881369077366,42.315091885883696
"68 PEARL STREET, Boston, MA",SAM,-71.0588948955247,42.31498948079949
"69 PEARL STREET, Boston, MA",SAM,-71.05887253106042,42.315103745169935
"70 PEARL STREET, Boston, MA",SAM,-71.05895496165077,42.3150015871542
"71 PEARL STREET, Boston, MA",SAM,-71.05893289529594,42.315115672726556
"72 PEARL STREET, Boston, MA",SAM,-71.05901387281845,42.3150125853189
"74 PEARL STREET, Boston, MA",SAM,-71.05907424433482,42.31502383099712
"75 PEARL STREET, Boston, MA",SAM,-71.05905117418514,42.31513770507571
"76 PEARL STREET, Boston, MA",SAM,-71.05913461585119,42.31503507667533
"78 PEARL STREET, Boston, MA",SAM,-71.05919498736755,42.31504632235356
"79 PEARL STREET, Boston, MA",SAM,-71.05916945307436,42.31515973742487
"8 PEARL STREET, Boston, MA",SAM,-71.05708809788999,42.314635673843355
"80 PEARL STREET, Boston, MA",SAM,-71.05925535888392,42.31505756803176
"81 PEARL STREET, Boston, MA",SAM,-71.05922859251898,42.31517075359944
"83 PEARL STREET, Boston, MA",SAM,-71.05928773196356,42.315181769774014
"85 PEARL STREET, Boston, MA",SAM,-71.05934687140817,42.315192785948604
"86 PEARL STREET, Boston, MA",SAM,-71.05943647343304,42.31509130506641
"89 PEARL STREET, Boston, MA",SAM,-71.05946515029738,42.31521481829777
"90 PEARL STREET, Boston, MA",SAM,-71.05955721646575,42.31511379642282
"91 PEARL STREET, Boston, MA",SAM,-71.05952428974199,42.31522583447234
"92 PEARL STREET, Boston, MA",SAM,-71.05961758798212,42.31512504210107
"93 PEARL STREET, Boston, MA",SAM,-71.05958342918659,42.31523685064692
"97 PEARL STREET, Boston, MA",SAM,-71.05970170807578,42.31525888299608
"99 PEARL STREET, Boston, MA",SAM,-71.0597608475204,42.315269899170644
"10 PEARL STREET, Boston, MA",SAM,-71.05714845661578,42.31464695585179
"11 PEARL STREET, Boston, MA",SAM,-71.05716467923278,42.31476818385827
"17 PEARL STREET, Boston, MA",SAM,-71.05734205997797,42.31480133914834
"2 PEARL STREET, Boston, MA",SAM,-71.05690702171259,42.31460182781808
"20 PEARL STREET, Boston, MA",SAM,-71.05745025024474,42.314703365893926
"21 PEARL STREET, Boston, MA",SAM,-71.05746031380812,42.314823442675035
"29 PEARL STREET, Boston, MA",SAM,-71.05769682146835,42.31486764972846
"3 PEARL STREET, Boston, MA",SAM,-71.05692817157254,42.314723976804835
"44 PEARL STREET, Boston, MA",SAM,-71.05817410201203,42.314844204542894
"5 PEARL STREET, Boston, MA",SAM,-71.05698729848758,42.3147350285682
"1 PEARL STREET PLACE, Boston, MA",SAM,-71.06317228936192,42.380149633643505
"2 PEARL STREET PLACE, Boston, MA",SAM,-71.06323871216831,42.3800460781165
"3 PEARL STREET PLACE, Boston, MA",SAM,-71.06317677531632,42.38015120372795
"4 PEARL STREET PLACE, Boston, MA",SAM,-71.06324329158011,42.38004768091103
"1 PELHAM TERRACE, Boston, MA",SAM,-71.07124592579467,42.34136432886282
"2 PELHAM TERRACE, Boston, MA",SAM,-71.07113932214818,42.34128112756861
"3 PELHAM TERRACE, Boston, MA",SAM,-71.07123903936166,42.34136914936616
"4 PELHAM TERRACE, Boston, MA",SAM,-71.07113229224782,42.34128604849911
"10 PELTON STREET, Boston, MA",SAM,-71.14903041583811,42.281747854418505
"11 PELTON STREET, Boston, MA",SAM,-71.1488221649771,42.28174991990698
