FULL_ADDRESS,Source,Longitude,Latitude
"152 CALLENDER STREET, Boston, MA",SAM,-71.08515552929394,42.28784042105289
"156 CALLENDER STREET, Boston, MA",SAM,-71.0853116943581,42.287804065165396
"159 CALLENDER STREET, Boston, MA",SAM,-71.0859537056689,42.287798354005915
"160 CALLENDER STREET, Boston, MA",SAM,-71.08554115464229,42.28775294978872
"162 CALLENDER STREET, Boston, MA",SAM,-71.08568203448908,42.2877244171624
"164 CALLENDER STREET, Boston, MA",SAM,-71.0858333465169,42.28769443398515
"166 CALLENDER STREET, Boston, MA",SAM,-71.08597817655682,42.287680418177615
"168 CALLENDER STREET, Boston, MA",SAM,-71.08614109915482,42.28766825161235
"169 CALLENDER STREET, Boston, MA",SAM,-71.08621448223863,42.28778910568675
"170 CALLENDER STREET, Boston, MA",SAM,-71.08628637985609,42.28767942705715
"171 CALLENDER STREET, Boston, MA",SAM,-71.08627035943144,42.28779340393474
"175 CALLENDER STREET, Boston, MA",SAM,-71.08648023248806,42.287831166466596
"179 CALLENDER STREET, Boston, MA",SAM,-71.08662814409459,42.28786529992413
"182 CALLENDER STREET, Boston, MA",SAM,-71.08682603063092,42.28779857503532
"183 CALLENDER STREET, Boston, MA",SAM,-71.08676566496382,42.28790410686976
"186 CALLENDER STREET, Boston, MA",SAM,-71.08696872234245,42.28784324375654
"187 CALLENDER STREET, Boston, MA",SAM,-71.08690835667538,42.28794877559098
"191 CALLENDER STREET, Boston, MA",SAM,-71.08705104838693,42.2879934443122
"194 CALLENDER STREET, Boston, MA",SAM,-71.08733082354522,42.28796775030475
"195 CALLENDER STREET, Boston, MA",SAM,-71.08724768298934,42.28806443723654
"198 CALLENDER STREET, Boston, MA",SAM,-71.08764797428495,42.288116997746435
"199 CALLENDER STREET, Boston, MA",SAM,-71.08742891198347,42.288149721488956
"207 CALLENDER STREET, Boston, MA",SAM,-71.08779136997173,42.28832028999371
"210 CALLENDER STREET, Boston, MA",SAM,-71.08832256087156,42.2884531051672
"214 CALLENDER STREET, Boston, MA",SAM,-71.0884749827559,42.28854089305999
"218 CALLENDER STREET, Boston, MA",SAM,-71.08861352892761,42.2886321705583
"219 CALLENDER STREET, Boston, MA",SAM,-71.08830697054107,42.2885861736749
"220 CALLENDER STREET, Boston, MA",SAM,-71.08868280201348,42.288677809307465
"223 CALLENDER STREET, Boston, MA",SAM,-71.0884412347289,42.28867210648082
"224 CALLENDER STREET, Boston, MA",SAM,-71.08886772495957,42.28879930697476
"226 CALLENDER STREET, Boston, MA",SAM,-71.08888985442572,42.288813758874255
"227 CALLENDER STREET, Boston, MA",SAM,-71.0885797809006,42.28876338397914
"230 CALLENDER STREET, Boston, MA",SAM,-71.08893411335802,42.28884266267328
"231 CALLENDER STREET, Boston, MA",SAM,-71.08876520868435,42.28888521298532
"234 CALLENDER STREET, Boston, MA",SAM,-71.08897837229033,42.28887156647228
"235 CALLENDER STREET, Boston, MA",SAM,-71.08881337281656,42.28891666711955
"239 CALLENDER STREET, Boston, MA",SAM,-71.08886153694878,42.28894812125377
"243 CALLENDER STREET, Boston, MA",SAM,-71.08890970108101,42.28897957538797
"247 CALLENDER STREET, Boston, MA",SAM,-71.08895056377249,42.289009435640025
"36 CALLENDER STREET, Boston, MA",SAM,-71.08021540010662,42.28896139047742
"37 CALLENDER STREET, Boston, MA",SAM,-71.08034822286874,42.28904798279202
"45 CALLENDER STREET, Boston, MA",SAM,-71.08053725318817,42.288998050254705
"49 CALLENDER STREET, Boston, MA",SAM,-71.08072709983949,42.288951765506305
"57 CALLENDER STREET, Boston, MA",SAM,-71.0811184286584,42.288862581313175
"59 CALLENDER STREET, Boston, MA",SAM,-71.08121495216005,42.28883910262374
"63 CALLENDER STREET, Boston, MA",SAM,-71.08140799916339,42.28879214524491
"64 CALLENDER STREET, Boston, MA",SAM,-71.08126309016069,42.28870676641236
"67 CALLENDER STREET, Boston, MA",SAM,-71.08165303279632,42.288730811682335
"68 CALLENDER STREET, Boston, MA",SAM,-71.08145613716403,42.288659809033504
"72 CALLENDER STREET, Boston, MA",SAM,-71.08169752496951,42.28859966670431
"74 CALLENDER STREET, Boston, MA",SAM,-71.08178906654719,42.28858266612637
"75 CALLENDER STREET, Boston, MA",SAM,-71.08199322291102,42.28866289846372
"78 CALLENDER STREET, Boston, MA",SAM,-71.08197214970248,42.28854866497048
"82 CALLENDER STREET, Boston, MA",SAM,-71.08215523285777,42.28851466381458
"83 CALLENDER STREET, Boston, MA",SAM,-71.08234694504159,42.28859688499603
"86 CALLENDER STREET, Boston, MA",SAM,-71.08233342178008,42.28847994201704
"90 CALLENDER STREET, Boston, MA",SAM,-71.08251356505654,42.28843822462726
"91 CALLENDER STREET, Boston, MA",SAM,-71.08269085493302,42.288517242706455
"93 CALLENDER STREET, Boston, MA",SAM,-71.08277683240587,42.28849733213406
"94 CALLENDER STREET, Boston, MA",SAM,-71.08269370833301,42.28839650723749
"97 CALLENDER STREET, Boston, MA",SAM,-71.08294878735157,42.28845751098926
"10 CALTHA ROAD, Boston, MA",SAM,-71.16683915104414,42.34191662240312
"11 CALTHA ROAD, Boston, MA",SAM,-71.16699524904327,42.3419080653564
"14 CALTHA ROAD, Boston, MA",SAM,-71.16684223184649,42.34188119319504
"17 CALTHA ROAD, Boston, MA",SAM,-71.16699977593652,42.34185600611188
"2 CALTHA ROAD, Boston, MA",SAM,-71.16683298943944,42.34198748081928
"21 CALTHA ROAD, Boston, MA",SAM,-71.16700351994747,42.341822948053085
"3 CALTHA ROAD, Boston, MA",SAM,-71.1669892131856,42.34197747768245
"6 CALTHA ROAD, Boston, MA",SAM,-71.1668360702418,42.34195205161121
"7 CALTHA ROAD, Boston, MA",SAM,-71.16699223111442,42.34194277151944
"102 CALUMET STREET, Boston, MA",SAM,-71.10284310668811,42.33121936948816
"104 CALUMET STREET, Boston, MA",SAM,-71.10275340114696,42.331158293361305
"137 CALUMET STREET, Boston, MA",SAM,-71.10317740045998,42.33022680281266
"144 CALUMET STREET, Boston, MA",SAM,-71.10301379599944,42.330226926754584
"158 CALUMET STREET, Boston, MA",SAM,-71.10233089890643,42.32972484879709
"159 CALUMET STREET, Boston, MA",SAM,-71.10223293468731,42.32958318594674
"164 CALUMET STREET, Boston, MA",SAM,-71.10205810911998,42.329663776438885
"166 CALUMET STREET, Boston, MA",SAM,-71.10190747644046,42.32962722717404
"169 CALUMET STREET, Boston, MA",SAM,-71.10188623836663,42.329500111319035
"170 CALUMET STREET, Boston, MA",SAM,-71.10183341140754,42.32960784566477
"173 CALUMET STREET, Boston, MA",SAM,-71.10181327878198,42.32948101908602
"175 CALUMET STREET, Boston, MA",SAM,-71.10177679898963,42.329471472969495
"178 CALUMET STREET, Boston, MA",SAM,-71.10168528134172,42.32956908264621
"183 CALUMET STREET, Boston, MA",SAM,-71.10163087982032,42.32943328850345
"191 CALUMET STREET, Boston, MA",SAM,-71.1015018442584,42.32939113458842
"40 CALUMET STREET, Boston, MA",SAM,-71.1054999277655,42.3324285918486
"64 CALUMET STREET, Boston, MA",SAM,-71.1045603667238,42.331999152299616
"66 CALUMET STREET, Boston, MA",SAM,-71.10448958961857,42.33196659482356
"84 CALUMET STREET, Boston, MA",SAM,-71.10378575521615,42.33165554989948
"88 CALUMET STREET, Boston, MA",SAM,-71.10357570896478,42.33156389333172
"11 CALVIN ROAD, Boston, MA",SAM,-71.13042497144765,42.30459761346301
"15 CALVIN ROAD, Boston, MA",SAM,-71.13044578270495,42.30465311016607
"19 CALVIN ROAD, Boston, MA",SAM,-71.13046659396227,42.30470860686911
"2 CALVIN ROAD, Boston, MA",SAM,-71.13054828350518,42.30443545304321
"20 CALVIN ROAD, Boston, MA",SAM,-71.13061785125689,42.30468318480824
"24 CALVIN ROAD, Boston, MA",SAM,-71.13064167260892,42.30473357722554
"4 CALVIN ROAD, Boston, MA",SAM,-71.13055172880031,42.304464738070465
"5 CALVIN ROAD, Boston, MA",SAM,-71.13040067505372,42.30450276075439
"6 CALVIN ROAD, Boston, MA",SAM,-71.13055517409545,42.30449402309775
"7 CALVIN ROAD, Boston, MA",SAM,-71.1304040500367,42.30453144812803
"9 CALVIN ROAD, Boston, MA",SAM,-71.13041456581901,42.30456986511149
"108 CAMBRIDGE STREET, Boston, MA",SAM,-71.07892134094534,42.38233559994696
"111 CAMBRIDGE STREET, Boston, MA",SAM,-71.12096947566074,42.36033365996088
"116 CAMBRIDGE STREET, Boston, MA",SAM,-71.0791531672765,42.38228368366792
"128 CAMBRIDGE STREET, Boston, MA",SAM,-71.07957886974931,42.38223150491662
"142 CAMBRIDGE STREET, Boston, MA",SAM,-71.0799251078159,42.3821990052055
"159 CAMBRIDGE STREET, Boston, MA",SAM,-71.12384752562987,42.35891051608241
"163 CAMBRIDGE STREET, Boston, MA",SAM,-71.12389620250775,42.35889231911816
"173 CAMBRIDGE STREET, Boston, MA",SAM,-71.1242639601671,42.35876990386209
"183 CAMBRIDGE STREET, Boston, MA",SAM,-71.12455325823046,42.35867625824427
"191 CAMBRIDGE STREET, Boston, MA",SAM,-71.12508186162268,42.35849601077099
"193 CAMBRIDGE STREET, Boston, MA",SAM,-71.12535182504509,42.3584063295678
"195 CAMBRIDGE STREET, Boston, MA",SAM,-71.12562544299828,42.35831818418512
"201 CAMBRIDGE STREET, Boston, MA",SAM,-71.12644629685792,42.358053748037094
"219 CAMBRIDGE STREET, Boston, MA",SAM,-71.12684050234807,42.357910225662614
"223 CAMBRIDGE STREET, Boston, MA",SAM,-71.12690298612476,42.357886880075
"237 CAMBRIDGE STREET, Boston, MA",SAM,-71.12712167934309,42.357805170518375
"24 CAMBRIDGE STREET, Boston, MA",SAM,-71.07401721809497,42.38387452443551
"241 CAMBRIDGE STREET, Boston, MA",SAM,-71.12718416311976,42.357781824930754
"243 CAMBRIDGE STREET, Boston, MA",SAM,-71.12721540500812,42.35777015213696
"245 CAMBRIDGE STREET, Boston, MA",SAM,-71.12724664689645,42.35775847934315
"247 CAMBRIDGE STREET, Boston, MA",SAM,-71.12727788878479,42.35774680654935
"251 CAMBRIDGE STREET, Boston, MA",SAM,-71.12734037256146,42.357723460961736
"253 CAMBRIDGE STREET, Boston, MA",SAM,-71.12737161444979,42.35771178816794
"255 CAMBRIDGE STREET, Boston, MA",SAM,-71.12740285633814,42.35770011537412
"257 CAMBRIDGE STREET, Boston, MA",SAM,-71.12743409822646,42.35768844258031
"31 CAMBRIDGE STREET, Boston, MA",SAM,-71.12087464404232,42.36036786152914
"33 CAMBRIDGE STREET, Boston, MA",SAM,-71.12087701483279,42.36036700648996
"373 CAMBRIDGE STREET, Boston, MA",SAM,-71.13305995760804,42.35547610080611
"386 CAMBRIDGE STREET, Boston, MA",SAM,-71.13357588313666,42.35511149041502
"390 CAMBRIDGE STREET, Boston, MA",SAM,-71.13363151165598,42.355089002289375
"410 CAMBRIDGE STREET, Boston, MA",SAM,-71.1339096542526,42.354976561661225
"414 CAMBRIDGE STREET, Boston, MA",SAM,-71.13428691786933,42.35481651062678
"417 CAMBRIDGE STREET, Boston, MA",SAM,-71.13373930904913,42.355176041362526
"420 CAMBRIDGE STREET, Boston, MA",SAM,-71.13454272145827,42.354705764762045
"424 CAMBRIDGE STREET, Boston, MA",SAM,-71.13466501884461,42.3546526744217
"428 CAMBRIDGE STREET, Boston, MA",SAM,-71.134787316231,42.35459958408133
"434 CAMBRIDGE STREET, Boston, MA",SAM,-71.13497076231054,42.3545199485708
"442 CAMBRIDGE STREET, Boston, MA",SAM,-71.13561468069014,42.35424879470816
"445 CAMBRIDGE STREET, Boston, MA",SAM,-71.13518258826028,42.3545618655761
"449 CAMBRIDGE STREET, Boston, MA",SAM,-71.135691242621,42.35434844415802
"451 CAMBRIDGE STREET, Boston, MA",SAM,-71.1358260376448,42.354291999397816
"453 CAMBRIDGE STREET, Boston, MA",SAM,-71.13590929965508,42.35425720333253
"455 CRAFTSMAN STREET, Boston, MA",SAM,,
"457 CAMBRIDGE STREET, Boston, MA",SAM,-71.1361262647776,42.3541691399399
"459 CAMBRIDGE STREET, Boston, MA",SAM,-71.13616728049873,42.35415358225207
"460 CAMBRIDGE STREET, Boston, MA",SAM,-71.08395308565407,42.371488054936435
"461 CAMBRIDGE STREET, Boston, MA",SAM,-71.13620829621988,42.35413802456428
"465 CAMBRIDGE STREET, Boston, MA",SAM,-71.1363895434008,42.35406411516545
"477 CAMBRIDGE STREET, Boston, MA",SAM,-71.13685091539297,42.35386278951596
"491 CAMBRIDGE STREET, Boston, MA",SAM,-71.13715469590178,42.353742546271356
"496 CAMBRIDGE STREET, Boston, MA",SAM,-71.13767606440041,42.35342211143783
"50 CAMBRIDGE STREET, Boston, MA",SAM,-71.07538824241608,42.38350262221541
"501 CAMBRIDGE STREET, Boston, MA",SAM,-71.13758719260629,42.353556278534825
"509 CAMBRIDGE STREET, Boston, MA",SAM,-71.13817592048025,42.35337928265248
"515 CAMBRIDGE STREET, Boston, MA",SAM,-71.1385145495996,42.353253117383
"52 CAMBRIDGE STREET, Boston, MA",SAM,-71.07543730569351,42.3834856387728
"541 CAMBRIDGE STREET, Boston, MA",SAM,-71.13968076871839,42.35282024491929
"542 CAMBRIDGE STREET, Boston, MA",SAM,-71.13937643229703,42.352802462243936
"548 CAMBRIDGE STREET, Boston, MA",SAM,-71.13961194945435,42.35271755807633
"550 CAMBRIDGE STREET, Boston, MA",SAM,-71.13970354078947,42.3526840344494
"556 CAMBRIDGE STREET, Boston, MA",SAM,-71.13997831479479,42.35258346356869
"562 CAMBRIDGE STREET, Boston, MA",SAM,-71.14030281116975,42.35246616965708
"575 CAMBRIDGE STREET, Boston, MA",SAM,-71.14117173769746,42.35228953300446
"590 CAMBRIDGE STREET, Boston, MA",SAM,-71.14141861665927,42.352069374450174
"598 CAMBRIDGE STREET, Boston, MA",SAM,-71.14183999252887,42.351915576689194
"60 CAMBRIDGE STREET, Boston, MA",SAM,-71.07563355880312,42.383417705002316
"60 NAN NAN, Boston, MA",SAM,,
"602 CAMBRIDGE STREET, Boston, MA",SAM,-71.1420489300229,42.35184651926736
"606 CAMBRIDGE STREET, Boston, MA",SAM,-71.08642867975583,42.37180187459271
"610 CAMBRIDGE STREET, Boston, MA",SAM,-71.0864980748291,42.371811127272714
"612 CAMBRIDGE STREET, Boston, MA",SAM,-71.08653277236574,42.37181575361271
"614 CAMBRIDGE STREET, Boston, MA",SAM,-71.08656746990235,42.371820379952716
"625 CAMBRIDGE STREET, Boston, MA",SAM,-71.14512260915961,42.351071421767756
"630 CAMBRIDGE STREET, Boston, MA",SAM,-71.08696275592803,42.37187286385654
"669 CAMBRIDGE STREET, Boston, MA",SAM,-71.14541319069673,42.35094227441274
"677 CAMBRIDGE STREET, Boston, MA",SAM,-71.14546602370346,42.350918793075465
"697 CAMBRIDGE STREET, Boston, MA",SAM,-71.14571678547564,42.350809637600726
"705 CAMBRIDGE STREET, Boston, MA",SAM,-71.14622639370842,42.35060069821772
"709 CAMBRIDGE STREET, Boston, MA",SAM,-71.14648119782481,42.350496228526225
"715 CAMBRIDGE STREET, Boston, MA",SAM,-71.08875419910814,42.37221605018059
"731 CAMBRIDGE STREET, Boston, MA",SAM,-71.14838541249752,42.34973788803433
"737 CAMBRIDGE STREET, Boston, MA",SAM,-71.14850775368097,42.34969037689357
"743 CAMBRIDGE STREET, Boston, MA",SAM,-71.08923910441257,42.37228305784867
"747 CAMBRIDGE STREET, Boston, MA",SAM,-71.08928688632852,42.37228916949149
"83 CAMBRIDGE STREET, Boston, MA",SAM,-71.1209362845943,42.36034563050977
"87 CAMBRIDGE STREET, Boston, MA",SAM,-71.12094102617522,42.36034392043136
"89 CAMBRIDGE STREET, Boston, MA",SAM,-71.12094339696569,42.360343065392144
"90 CAMBRIDGE STREET, Boston, MA",SAM,-71.07782355277092,42.38264608828126
"99 CAMBRIDGE STREET, Boston, MA",SAM,-71.12095525091797,42.36033879019612
"1 CAMBRIDGE STREET, Boston, MA",SAM,-71.1208390821854,42.360380687117264
"100 CAMBRIDGE STREET, Boston, MA",SAM,-71.07870214409245,42.38238648493004
"131 CAMBRIDGE STREET, Boston, MA",SAM,-71.12350678748476,42.3590378948322
"132 CAMBRIDGE STREET, Boston, MA",SAM,-71.07976807466851,42.38221224896166
"144 CAMBRIDGE STREET, Boston, MA",SAM,-71.07995651444537,42.38219635645426
"151 CAMBRIDGE STREET, Boston, MA",SAM,-71.12375017187414,42.35894691001092
"176 CAMBRIDGE STREET, Boston, MA",SAM,-71.08045123582282,42.38215128486174
"180 CAMBRIDGE STREET, Boston, MA",SAM,-71.08051312893062,42.3821417628459
"204 CAMBRIDGE STREET, Boston, MA",SAM,-71.06581360051058,42.36113592481452
"210 CAMBRIDGE STREET, Boston, MA",SAM,-71.06605831523734,42.36112889877893
"214 CAMBRIDGE STREET, Boston, MA",SAM,-71.06617461791244,42.361120784641436
"228 CAMBRIDGE STREET, Boston, MA",SAM,-71.06659980005857,42.361095583775345
"236 CAMBRIDGE STREET, Boston, MA",SAM,-71.06675211144449,42.36108790421349
"242 CAMBRIDGE STREET, Boston, MA",SAM,-71.06698533284734,42.36107781872494
"272 CAMBRIDGE STREET, Boston, MA",SAM,-71.06791059610131,42.361049658167445
"276 CAMBRIDGE STREET, Boston, MA",SAM,-71.06795526972387,42.361047650365336
"282 CAMBRIDGE STREET, Boston, MA",SAM,-71.06802228015773,42.361044638662165
"286 CAMBRIDGE STREET, Boston, MA",SAM,-71.0680669537803,42.36104263086007
"296 CAMBRIDGE STREET, Boston, MA",SAM,-71.06831408427838,42.36103368720041
"309 CAMBRIDGE STREET, Boston, MA",SAM,-71.13238572100109,42.35578171049068
"310 CAMBRIDGE STREET, Boston, MA",SAM,-71.13153425504692,42.35598660087564
"313 CAMBRIDGE STREET, Boston, MA",SAM,-71.13241891757458,42.35576906417657
"317 CAMBRIDGE STREET, Boston, MA",SAM,-71.13245782995213,42.355752817296654
"326 CAMBRIDGE STREET, Boston, MA",SAM,-71.13170482730638,42.355919121737706
"65 CAMBRIDGE STREET, Boston, MA",SAM,-71.12091494748016,42.36035332586263
"19 CAMBRIDGE TERRACE, Boston, MA",SAM,-71.1395419649447,42.35249141969953
"2 CAMBRIDGE TERRACE, Boston, MA",SAM,-71.13948123523697,42.352754717009624
"21 CAMBRIDGE TERRACE, Boston, MA",SAM,-71.13953212919209,42.35246561680824
"4 CAMBRIDGE TERRACE, Boston, MA",SAM,-71.13947119457286,42.35272837655807
"6 CAMBRIDGE TERRACE, Boston, MA",SAM,-71.1394611539087,42.35270203610652
"8 CAMBRIDGE TERRACE, Boston, MA",SAM,-71.13945111324459,42.352675695654995
"9 CAMBRIDGE TERRACE, Boston, MA",SAM,-71.13959114370779,42.35262043415608
"112 CAMDEN STREET, Boston, MA",SAM,-71.08167248648274,42.338099392377984
"134 CAMDEN STREET, Boston, MA",SAM,-71.08185472255556,42.338241131577526
"168 CAMDEN STREET, Boston, MA",SAM,-71.08253293148495,42.33872142194577
"179 CAMDEN STREET, Boston, MA",SAM,-71.08125869302435,42.33796203117859
"4 CAMELIA ROAD, Boston, MA",SAM,-71.10837427376138,42.26595022331824
"5 CAMELIA ROAD, Boston, MA",SAM,-71.10830334517081,42.2658483131486
"10 CAMERON STREET, Boston, MA",SAM,-71.06296645937762,42.31093456360082
"11 CAMERON STREET, Boston, MA",SAM,-71.06304987812038,42.311033087043626
"14 CAMERON STREET, Boston, MA",SAM,-71.0631291529116,42.310832262651445
"15 CAMERON STREET, Boston, MA",SAM,-71.06316797960976,42.31095770973355
"18 CAMERON STREET, Boston, MA",SAM,-71.06329102651436,42.31073194661085
"19 CAMERON STREET, Boston, MA",SAM,-71.06328938481184,42.31088247270311
"22 CAMERON STREET, Boston, MA",SAM,-71.06345290011714,42.310631630570256
"23 CAMERON STREET, Boston, MA",SAM,-71.0634107900139,42.310807235672655
"26 CAMERON STREET, Boston, MA",SAM,-71.06361477371992,42.31053131452966
"27 CAMERON STREET, Boston, MA",SAM,-71.063532195216,42.31073199864221
"34 CAMERON STREET, Boston, MA",SAM,-71.06376920595787,42.31043947932378
"35 CAMERON STREET, Boston, MA",SAM,-71.06383384037169,42.31054808616239
"38 CAMERON STREET, Boston, MA",SAM,-71.06379084812181,42.31042661100945
"42 CAMERON STREET, Boston, MA",SAM,-71.06381249028576,42.31041374269512
"46 CAMERON STREET, Boston, MA",SAM,-71.0638341324497,42.31040087438079
"47 CAMERON STREET, Boston, MA",SAM,-71.06390485372212,42.310505862005975
"6 CAMERON STREET, Boston, MA",SAM,-71.06280881940737,42.311038502048106
"7 CAMERON STREET, Boston, MA",SAM,-71.0629316481427,42.31111104087908
"15 CAMP ROAD, Boston, MA",SAM,-71.15909371011858,42.26240348338769
"16 CAMP ROAD, Boston, MA",SAM,-71.15894143234543,42.26242439823785
"24 CAMP ROAD, Boston, MA",SAM,-71.15892129833396,42.26235315478763
"25 CAMP ROAD, Boston, MA",SAM,-71.15906905622703,42.26231624650989
"3 CAMP ROAD, Boston, MA",SAM,-71.15911002257245,42.26251765395442
"1 CANAAN STREET, Boston, MA",SAM,-71.10170629152127,42.272495092547544
"15 CANAAN STREET, Boston, MA",SAM,-71.10294534854765,42.273176608287216
"19 CANAAN STREET, Boston, MA",SAM,-71.10297478291463,42.27319200999438
"2 CANAAN STREET, Boston, MA",SAM,-71.10179467426319,42.27240099602803
"6 CANAAN STREET, Boston, MA",SAM,-71.1018090632067,42.27240839605779
"104 CANAL STREET, Boston, MA",SAM,-71.06062640994942,42.36489356203015
"110 CANAL STREET, Boston, MA",SAM,-71.06066378572466,42.3649265170222
"126 CANAL STREET, Boston, MA",SAM,-71.06076345445858,42.365014397001
"144 CANAL STREET, Boston, MA",SAM,-71.06087558178426,42.36511326197714
"150 CANAL STREET, Boston, MA",SAM,-71.06091295755948,42.3651462169692
"152 CANAL STREET, Boston, MA",SAM,-71.060927281421,42.36515959304925
"162 CANAL STREET, Boston, MA",SAM,-71.06098596529554,42.36521664682915
"168 CANAL STREET, Boston, MA",SAM,-71.06102117562027,42.365250879097104
"183 CANAL STREET, Boston, MA",SAM,-71.06090644558675,42.365328721247984
"48 CANAL STREET, Boston, MA",SAM,-71.06026322644497,42.36459176719407
"53 CANAL STREET, Boston, MA",SAM,-71.05943381075004,42.3640394696993
"74 CANAL STREET, Boston, MA",SAM,-71.06043393699858,42.364728895374505
"89 CANAL STREET, Boston, MA",SAM,-71.05984705495227,42.36442673267962
"90 CANAL STREET, Boston, MA",SAM,-71.06053919980722,42.3648166670487
"1017 CANTERBURY STREET, Boston, MA",SAM,-71.12067724853256,42.27874462467639
"1022 CANTERBURY STREET, Boston, MA",SAM,-71.12094841187142,42.27851636657478
"1025 CANTERBURY STREET, Boston, MA",SAM,-71.12077367312425,42.278712030447444
"1048 CANTERBURY STREET, Boston, MA",SAM,-71.12142257127793,42.278162148856595
"1058 CANTERBURY STREET, Boston, MA",SAM,-71.12188992168988,42.2780055367204
"1062 CANTERBURY STREET, Boston, MA",SAM,-71.12206580474259,42.278001048549434
"1065 CANTERBURY STREET, Boston, MA",SAM,-71.12123925423809,42.27848750739151
"1066 CANTERBURY STREET, Boston, MA",SAM,-71.1222269359937,42.27800104855458
"1070 CANTERBURY STREET, Boston, MA",SAM,-71.12239038190627,42.27800220653088
"1074 CANTERBURY STREET, Boston, MA",SAM,-71.12255143973992,42.278005805594276
"1078 CANTERBURY STREET, Boston, MA",SAM,-71.12271249757359,42.27800940465766
"1082 CANTERBURY STREET, Boston, MA",SAM,-71.12287355540722,42.27801300372104
"1084 CANTERBURY STREET, Boston, MA",SAM,-71.12295408432404,42.27801480325274
"300 CANTERBURY STREET, Boston, MA",SAM,-71.0989352518698,42.29289073312916
"450 CANTERBURY STREET, Boston, MA",SAM,-71.10293380512381,42.291956479924934
"578 CANTERBURY STREET, Boston, MA",SAM,-71.10887453092728,42.28803973302966
"586 CANTERBURY STREET, Boston, MA",SAM,-71.10896954315382,42.28799069445889
"602 CANTERBURY STREET, Boston, MA",SAM,-71.10933259328921,42.28780129992323
"620 CANTERBURY STREET, Boston, MA",SAM,-71.1100876448464,42.28729886843284
"660 CANTERBURY STREET, Boston, MA",SAM,-71.10997810261175,42.285989461008995
"676 CANTERBURY STREET, Boston, MA",SAM,-71.10965645620458,42.28536134742222
"679 CANTERBURY STREET, Boston, MA",SAM,-71.10970807952107,42.28483688262738
"683 CANTERBURY STREET, Boston, MA",SAM,-71.10969167342517,42.28479586737552
"688 CANTERBURY STREET, Boston, MA",SAM,-71.10958688553579,42.284971751494695
"698 CANTERBURY STREET, Boston, MA",SAM,-71.10940629590894,42.28475951161078
"760 CANTERBURY STREET, Boston, MA",SAM,-71.11236597180381,42.28267256705487
"764 CANTERBURY STREET, Boston, MA",SAM,-71.11244706880858,42.282623713435115
"772 CANTERBURY STREET, Boston, MA",SAM,-71.11260191743484,42.28252322866888
"776 CANTERBURY STREET, Boston, MA",SAM,-71.11268024379363,42.28247196050417
"778 CANTERBURY STREET, Boston, MA",SAM,-71.11271566246165,42.282448196152224
"782 CANTERBURY STREET, Boston, MA",SAM,-71.11278986925616,42.28239367687179
"784 CANTERBURY STREET, Boston, MA",SAM,-71.11282697265342,42.28236641723158
"788 CANTERBURY STREET, Boston, MA",SAM,-71.11290117944796,42.28231189795114
"794 CANTERBURY STREET, Boston, MA",SAM,-71.11299803843009,42.28222834360142
"796 CANTERBURY STREET, Boston, MA",SAM,-71.11303117281552,42.28219841576791
"798 CANTERBURY STREET, Boston, MA",SAM,-71.11306008610008,42.28217218402558
"800 CANTERBURY STREET, Boston, MA",SAM,-71.11308969500651,42.28214029750949
"804 CANTERBURY STREET, Boston, MA",SAM,-71.11314891281936,42.28207652447736
"812 CANTERBURY STREET, Boston, MA",SAM,-71.11325280468397,42.281947680878694
"813 CANTERBURY STREET, Boston, MA",SAM,-71.11340956073875,42.28197582183581
"817 CANTERBURY STREET, Boston, MA",SAM,-71.1134624243937,42.28190768645572
"818 CANTERBURY STREET, Boston, MA",SAM,-71.1133308987197,42.2818470263399
"821 CANTERBURY STREET, Boston, MA",SAM,-71.11351618625204,42.28183752826936
"822 CANTERBURY STREET, Boston, MA",SAM,-71.1133810051,42.281781515599754
"824 CANTERBURY STREET, Boston, MA",SAM,-71.11340536282113,42.28174728312567
"825 CANTERBURY STREET, Boston, MA",SAM,-71.11356565116266,42.2817680100143
"836 CANTERBURY STREET, Boston, MA",SAM,-71.11360971230289,42.28146516682691
"840 CANTERBURY STREET, Boston, MA",SAM,-71.11367462813898,42.281378612375654
"841 CANTERBURY STREET, Boston, MA",SAM,-71.11389615936022,42.281290958683265
"843 CANTERBURY STREET, Boston, MA",SAM,-71.11395777676225,42.28120140838243
"845 CANTERBURY STREET, Boston, MA",SAM,-71.1140129744676,42.28113803667118
"850 CANTERBURY STREET, Boston, MA",SAM,-71.11388267011343,42.28107597493591
"859 CANTERBURY STREET, Boston, MA",SAM,-71.11442860156228,42.28074924283021
"861 CANTERBURY STREET, Boston, MA",SAM,-71.11449436176572,42.28069534102135
"863 CANTERBURY STREET, Boston, MA",SAM,-71.11456049863622,42.28063898913703
"864 CANTERBURY STREET, Boston, MA",SAM,-71.11434131640219,42.28064976655801
"865 CANTERBURY STREET, Boston, MA",SAM,-71.11462363535657,42.28058339705344
"866 CANTERBURY STREET, Boston, MA",SAM,-71.1144086901493,42.28059453023678
"867 CANTERBURY STREET, Boston, MA",SAM,-71.11468677207691,42.28052780496983
"868 CANTERBURY STREET, Boston, MA",SAM,-71.11447514985491,42.28053601225406
"869 CANTERBURY STREET, Boston, MA",SAM,-71.11474990879724,42.28047221288622
"870 CANTERBURY STREET, Boston, MA",SAM,-71.11454160956052,42.28047749427132
"871 CANTERBURY STREET, Boston, MA",SAM,-71.11481304551756,42.28041662080261
"875 CANTERBURY STREET, Boston, MA",SAM,-71.11493931895825,42.2803054366354
"880 CANTERBURY STREET, Boston, MA",SAM,-71.11487390808861,42.28018490435763
"886 CANTERBURY STREET, Boston, MA",SAM,-71.11507328720548,42.28000935040942
"890 CANTERBURY STREET, Boston, MA",SAM,-71.11525092013865,42.2798509871755
"894 CANTERBURY STREET, Boston, MA",SAM,-71.1154032510453,42.27969865626155
"895 CANTERBURY STREET, Boston, MA",SAM,-71.11557128175987,42.279723289054395
"898 CANTERBURY STREET, Boston, MA",SAM,-71.11555558195194,42.27954632534764
"907 CANTERBURY STREET, Boston, MA",SAM,-71.11596454961042,42.27933192075893
"909 CANTERBURY STREET, Boston, MA",SAM,-71.11598933358187,42.279311134201194
"914 CANTERBURY STREET, Boston, MA",SAM,-71.11590416758256,42.279209344435785
"915 CANTERBURY STREET, Boston, MA",SAM,-71.11606368549613,42.27924877452799
"918 CANTERBURY STREET, Boston, MA",SAM,-71.11594134353972,42.27917816459916
"922 CANTERBURY STREET, Boston, MA",SAM,-71.11597851949685,42.27914698476257
"945 CANTERBURY STREET, Boston, MA",SAM,-71.11688576330155,42.27907260559579
"951 CANTERBURY STREET, Boston, MA",SAM,-71.11709870418478,42.27887874199604
"961 CANTERBURY STREET, Boston, MA",SAM,-71.11761674959119,42.27864426576449
"965 CANTERBURY STREET, Boston, MA",SAM,-71.11783714347767,42.278587699852324
"969 CANTERBURY STREET, Boston, MA",SAM,-71.11808860860135,42.27854550997825
"973 CANTERBURY STREET, Boston, MA",SAM,-71.11822712637682,42.278541766258506
"977 CANTERBURY STREET, Boston, MA",SAM,-71.11834906160266,42.27854052331683
"100 CANTON STREET, Boston, MA",SAM,-71.06976857867043,42.338412296201724
"79 CANTON STREET, Boston, MA",SAM,-71.0691472888261,42.337741009300885
"134 CANTON STREET, Boston, MA",SAM,-71.06993524989481,42.338544624583584
"136 CANTON STREET, Boston, MA",SAM,-71.0699453135627,42.33855202774321
"137 CANTON STREET, Boston, MA",SAM,-71.0689181620675,42.337557707852866
"138 CANTON STREET, Boston, MA",SAM,-71.06995537723056,42.33855943090287
"139 CANTON STREET, Boston, MA",SAM,-71.0689268579639,42.337564664571545
"140 CANTON STREET, Boston, MA",SAM,-71.06996544089843,42.338566834062505
"141 CANTON STREET, Boston, MA",SAM,-71.06893555386029,42.33757162129022
"142 CANTON STREET, Boston, MA",SAM,-71.06997550456632,42.33857423722213
"143 CANTON STREET, Boston, MA",SAM,-71.0689442497567,42.33757857800891
"144 CANTON STREET, Boston, MA",SAM,-71.06998556823419,42.33858164038176
"145 CANTON STREET, Boston, MA",SAM,-71.06895294565308,42.33758553472758
"146 CANTON STREET, Boston, MA",SAM,-71.06999563190207,42.33858904354142
"147 CANTON STREET, Boston, MA",SAM,-71.0689616415495,42.33759249144628
"148 CANTON STREET, Boston, MA",SAM,-71.07000569556995,42.338596446701054
"149 CANTON STREET, Boston, MA",SAM,-71.06897033744589,42.33759944816495
"150 CANTON STREET, Boston, MA",SAM,-71.07001575923782,42.33860384986068
"151 CANTON STREET, Boston, MA",SAM,-71.06897903334227,42.33760640488364
"152 CANTON STREET, Boston, MA",SAM,-71.07002582290569,42.33861125302033
"153 CANTON STREET, Boston, MA",SAM,-71.06898772923869,42.33761336160231
"154 CANTON STREET, Boston, MA",SAM,-71.07003588657356,42.33861865617996
"155 CANTON STREET, Boston, MA",SAM,-71.06899642513508,42.33762031832099
"156 CANTON STREET, Boston, MA",SAM,-71.07004595024145,42.33862605933961
"157 CANTON STREET, Boston, MA",SAM,-71.0690051210315,42.337627275039665
"158 CANTON STREET, Boston, MA",SAM,-71.07005601390932,42.338633462499246
"159 CANTON STREET, Boston, MA",SAM,-71.06901381692788,42.33763423175836
"160 CANTON STREET, Boston, MA",SAM,-71.0700660775772,42.33864086565889
"161 CANTON STREET, Boston, MA",SAM,-71.06902251282429,42.33764118847703
"162 CANTON STREET, Boston, MA",SAM,-71.07007614124508,42.33864826881851
"163 CANTON STREET, Boston, MA",SAM,-71.06903120872069,42.33764814519571
"164 CANTON STREET, Boston, MA",SAM,-71.07008620491295,42.33865567197817
"165 CANTON STREET, Boston, MA",SAM,-71.06903990461709,42.33765510191439
"166 CANTON STREET, Boston, MA",SAM,-71.07009626858084,42.33866307513779
"168 CANTON STREET, Boston, MA",SAM,-71.07010633224871,42.33867047829743
"170 CANTON STREET, Boston, MA",SAM,-71.07011639591657,42.33867788145709
"172 CANTON STREET, Boston, MA",SAM,-71.07012645958446,42.3386852846167
"174 CANTON STREET, Boston, MA",SAM,-71.07013652325234,42.33869268777633
"176 CANTON STREET, Boston, MA",SAM,-71.0701465869202,42.338700090935994
"178 CANTON STREET, Boston, MA",SAM,-71.07015665058809,42.33870749409563
"180 CANTON STREET, Boston, MA",SAM,-71.07016671425598,42.33871489725526
"182 CANTON STREET, Boston, MA",SAM,-71.07017677792385,42.33872230041488
"183 CANTON STREET, Boston, MA",SAM,-71.06911816768469,42.337717712382506
"184 CANTON STREET, Boston, MA",SAM,-71.07018684159172,42.338729703574536
"185 CANTON STREET, Boston, MA",SAM,-71.06912686358106,42.337724669101206
"187 CANTON STREET, Boston, MA",SAM,-71.06913555947749,42.33773162581988
"188 CANTON STREET, Boston, MA",SAM,-71.07020696892747,42.33874450989381
"189 CANTON STREET, Boston, MA",SAM,-71.06914425537387,42.33773858253857
"190 CANTON STREET, Boston, MA",SAM,-71.07021703259535,42.33875191305346
"191 CANTON STREET, Boston, MA",SAM,-71.06915295127028,42.337745539257234
"192 CANTON STREET, Boston, MA",SAM,-71.07022709626322,42.3387593162131
"193 CANTON STREET, Boston, MA",SAM,-71.06916164716667,42.33775249597592
"194 CANTON STREET, Boston, MA",SAM,-71.0702371599311,42.33876671937272
"195 CANTON STREET, Boston, MA",SAM,-71.06917034306306,42.337759452694584
"196 CANTON STREET, Boston, MA",SAM,-71.07024722359898,42.33877412253237
"197 CANTON STREET, Boston, MA",SAM,-71.06917903895948,42.33776640941329
"207 CANTON STREET, Boston, MA",SAM,-71.0767735019723,42.345077557019785
"208 CANTON STREET, Boston, MA",SAM,-71.07707131903665,42.34511891871201
"209 CANTON STREET, Boston, MA",SAM,-71.0768896668735,42.345153204231785
"210 CANTON STREET, Boston, MA",SAM,-71.07709106716075,42.345131815449015
"211 CANTON STREET, Boston, MA",SAM,-71.0769111703864,42.345167247345415
"212 CANTON STREET, Boston, MA",SAM,-71.07711081528485,42.34514471218604
"213 CANTON STREET, Boston, MA",SAM,-71.07693267389932,42.34518129045906
"214 CANTON STREET, Boston, MA",SAM,-71.07713056340894,42.34515760892305
"215 CANTON STREET, Boston, MA",SAM,-71.07695417741223,42.34519533357269
"216 CANTON STREET, Boston, MA",SAM,-71.07715031153306,42.34517050566006
"217 CANTON STREET, Boston, MA",SAM,-71.07697568092516,42.34520937668631
"218 CANTON STREET, Boston, MA",SAM,-71.07717005965715,42.34518340239709
"219 CANTON STREET, Boston, MA",SAM,-71.07699718443808,42.34522341979996
"220 CANTON STREET, Boston, MA",SAM,-71.07718980778128,42.345196299134074
"221 CANTON STREET, Boston, MA",SAM,-71.07701868795098,42.34523746291359
"222 CANTON STREET, Boston, MA",SAM,-71.07720955590538,42.34520919587109
"223 CANTON STREET, Boston, MA",SAM,-71.0770401914639,42.34525150602723
"224 CANTON STREET, Boston, MA",SAM,-71.0772293040295,42.34522209260812
"225 CANTON STREET, Boston, MA",SAM,-71.07706169497682,42.34526554914087
"226 CANTON STREET, Boston, MA",SAM,-71.07724905215359,42.34523498934512
"227 CANTON STREET, Boston, MA",SAM,-71.07708319848973,42.3452795922545
"228 CANTON STREET, Boston, MA",SAM,-71.0772688002777,42.34524788608214
"229 CANTON STREET, Boston, MA",SAM,-71.07710470200264,42.345293635368144
"230 CANTON STREET, Boston, MA",SAM,-71.07728854840181,42.345260782819146
"231 CANTON STREET, Boston, MA",SAM,-71.07712620551557,42.34530767848175
"232 CANTON STREET, Boston, MA",SAM,-71.07730829652591,42.34527367955614
"233 CANTON STREET, Boston, MA",SAM,-71.07714770902848,42.345321721595404
"234 CANTON STREET, Boston, MA",SAM,-71.07732804465002,42.34528657629316
"235 CANTON STREET, Boston, MA",SAM,-71.0771692125414,42.34533576470904
"236 CANTON STREET, Boston, MA",SAM,-71.07734779277412,42.34529947303019
"237 CANTON STREET, Boston, MA",SAM,-71.07719071605429,42.345349807822686
"238 CANTON STREET, Boston, MA",SAM,-71.07736754089822,42.34531236976719
"239 CANTON STREET, Boston, MA",SAM,-71.07721221956722,42.345363850936316
"241 CANTON STREET, Boston, MA",SAM,-71.07723372308014,42.345377894049946
"243 CANTON STREET, Boston, MA",SAM,-71.07725522659305,42.34539193716358
"245 CANTON STREET, Boston, MA",SAM,-71.07727673010596,42.34540598027721
"12 CAPEN PLACE, Boston, MA",SAM,-71.08071201351783,42.282909366364805
"2 CAPEN PLACE, Boston, MA",SAM,-71.08063649856543,42.28292728516686
"4 CAPEN PLACE, Boston, MA",SAM,-71.08065160155589,42.28292370140645
"9 CAPEN PLACE, Boston, MA",SAM,-71.08134389877458,42.28285618833679
"100 CAPEN STREET, Boston, MA",SAM,-71.07886097820344,42.28096970816574
"101 CAPEN STREET, Boston, MA",SAM,-71.07907815291625,42.281013590970204
"103 CAPEN STREET, Boston, MA",SAM,-71.07901987478887,42.28094254714113
"108 CAPEN STREET, Boston, MA",SAM,-71.07867024978654,42.28073720108873
"109 CAPEN STREET, Boston, MA",SAM,-71.07884504040672,42.280729415653894
"11 CAPEN STREET, Boston, MA",SAM,-71.08103556345891,42.28381528109519
"115 CAPEN STREET, Boston, MA",SAM,-71.0786804027046,42.280519285035226
"12 CAPEN STREET, Boston, MA",SAM,-71.08085458220091,42.28376193048477
"120 CAPEN STREET, Boston, MA",SAM,-71.07842433642132,42.28036197056899
"123 CAPEN STREET, Boston, MA",SAM,-71.07856365253205,42.28030852663328
"124 CAPEN STREET, Boston, MA",SAM,-71.07840860243674,42.2803264422067
"127 CAPEN STREET, Boston, MA",SAM,-71.07854791854747,42.280272998271016
"132 CAPEN STREET, Boston, MA",SAM,-71.07837713446762,42.28025538548216
"136 CAPEN STREET, Boston, MA",SAM,-71.07836140048305,42.28021985711988
"140 CAPEN STREET, Boston, MA",SAM,-71.07834566649849,42.2801843287576
"15 CAPEN STREET, Boston, MA",SAM,-71.08097831059104,42.28366372934017
"17 CAPEN STREET, Boston, MA",SAM,-71.0809496841571,42.283587953462686
"2 CAPEN STREET, Boston, MA",SAM,-71.08105096260591,42.28422307763463
"21 CAPEN STREET, Boston, MA",SAM,-71.08088867930597,42.28343442769123
"25 CAPEN STREET, Boston, MA",SAM,-71.08079858246163,42.2832482580186
"28 CAPEN STREET, Boston, MA",SAM,-71.08058440601846,42.28316048750567
"31 CAPEN STREET, Boston, MA",SAM,-71.08072967464705,42.2831207314071
"32 CAPEN STREET, Boston, MA",SAM,-71.08054064075347,42.28307295695206
"37 CAPEN STREET, Boston, MA",SAM,-71.08061360718274,42.28292085237127
"39 CAPEN STREET, Boston, MA",SAM,-71.08057886020963,42.282877418644645
"4 CAPEN STREET, Boston, MA",SAM,-71.0810099042857,42.28413183689737
"41 CAPEN STREET, Boston, MA",SAM,-71.0805441132365,42.28283398491801
"43 CAPEN STREET, Boston, MA",SAM,-71.0805093662634,42.28279055119139
"44 CAPEN STREET, Boston, MA",SAM,-71.08032203909085,42.28277929749705
"6 CAPEN STREET, Boston, MA",SAM,-71.08096884596546,42.284040596160125
"61 CAPEN STREET, Boston, MA",SAM,-71.08012755754709,42.282295067034376
"62 CAPEN STREET, Boston, MA",SAM,-71.07994456735085,42.28229568096963
"64 CAPEN STREET, Boston, MA",SAM,-71.07988184720226,42.282222663466214
"65 CAPEN STREET, Boston, MA",SAM,-71.07998121053367,42.282124692859746
"7 CAPEN STREET, Boston, MA",SAM,-71.08109714459071,42.283962926866366
"74 CAPEN STREET, Boston, MA",SAM,-71.07955744264609,42.28182833334281
"78 CAPEN STREET, Boston, MA",SAM,-71.07945051088714,42.28169888960431
"81 CAPEN STREET, Boston, MA",SAM,-71.07952920234021,42.281574409525966
"85 CAPEN STREET, Boston, MA",SAM,-71.079449003521,42.28147732672209
"90 CAPEN STREET, Boston, MA",SAM,-71.07913364405809,42.28130727186052
"94 CAPEN STREET, Boston, MA",SAM,-71.0790040245161,42.28114408847347
"96 CAPEN STREET, Boston, MA",SAM,-71.07895634241186,42.281085961704214
"99 CAPEN STREET, Boston, MA",SAM,-71.07913643104364,42.28108463479928
"12 CAPITAL STREET, Boston, MA",SAM,-71.17081665059814,42.28593167633662
"15 CAPITAL STREET, Boston, MA",SAM,-71.17096108561654,42.28598420305964
"18 CAPITAL STREET, Boston, MA",SAM,-71.17086382959822,42.28589282304045
"19 CAPITAL STREET, Boston, MA",SAM,-71.1709918963921,42.28595882947846
"22 CAPITAL STREET, Boston, MA",SAM,-71.17089528226494,42.28586692084299
"3 CAPITAL STREET, Boston, MA",SAM,-71.17086865328984,42.28606032380315
"5 CAPITAL STREET, Boston, MA",SAM,-71.17088405867761,42.28604763701256
"8 CAPITAL STREET, Boston, MA",SAM,-71.17078519793142,42.28595757853406
"9 CAPITAL STREET, Boston, MA",SAM,-71.17091486945318,42.28602226343139
"2 CARDINGTON STREET, Boston, MA",SAM,-71.09429599130549,42.316978173407755
"3 CARDINGTON STREET, Boston, MA",SAM,-71.0941489560919,42.31694046906262
"4 CARDINGTON STREET, Boston, MA",SAM,-71.09428998638197,42.316987970914795
"5 CARDINGTON STREET, Boston, MA",SAM,-71.09414307371783,42.31695006662052
"7 CARDINGTON STREET, Boston, MA",SAM,-71.09413719134378,42.316959664178434
"9 CARDINGTON STREET, Boston, MA",SAM,-71.0941313089697,42.31696926173635
"5 CARLFORD ROAD, Boston, MA",SAM,-71.11817456067436,42.290714951354445
"6 CARLFORD ROAD, Boston, MA",SAM,-71.11819200916513,42.29060108821019
"7 CARLFORD ROAD, Boston, MA",SAM,-71.11818960165886,42.29071616678817
"8 CARLFORD ROAD, Boston, MA",SAM,-71.11820736350346,42.290602328965484
"9 CARLFORD ROAD, Boston, MA",SAM,-71.11820464264333,42.29071738222193
"11 CARLISLE STREET, Boston, MA",SAM,-71.08349465849345,42.314167538972015
"2 CARLISLE STREET, Boston, MA",SAM,-71.08364322195789,42.314273253727606
"3 CARLISLE STREET, Boston, MA",SAM,-71.08360306827042,42.31416076336349
"4 CARLISLE STREET, Boston, MA",SAM,-71.08361555487937,42.314274982919365
"5 CARLISLE STREET, Boston, MA",SAM,-71.08357596582618,42.31416245726563
"6 CARLISLE STREET, Boston, MA",SAM,-71.08358788780089,42.314276712111116
"7 CARLISLE STREET, Boston, MA",SAM,-71.08354886338192,42.31416415116777
"8 CARLISLE STREET, Boston, MA",SAM,-71.08356022072239,42.314278441302875
"9 CARLISLE STREET, Boston, MA",SAM,-71.08352176093769,42.314165845069894
"1 CARLOS STREET, Boston, MA",SAM,-71.08506626985572,42.286994800801004
"2 CARLOS STREET, Boston, MA",SAM,-71.08521449980175,42.286961540180705
"3 CARLOS STREET, Boston, MA",SAM,-71.08507288291611,42.28701093022137
"4 CARLOS STREET, Boston, MA",SAM,-71.08522125063426,42.28697800563066
"5 CARLOS STREET, Boston, MA",SAM,-71.08507949597653,42.287027059641716
"6 CARLOS STREET, Boston, MA",SAM,-71.08522800146677,42.28699447108059
"10 CARLOTTA STREET, Boston, MA",SAM,-71.05820128480049,42.29456389752553
"15 CARLOTTA STREET, Boston, MA",SAM,-71.05832854288802,42.29449128269389
"5 CARLOTTA STREET, Boston, MA",SAM,-71.05835627054343,42.29454153908241
"6 CARLOTTA STREET, Boston, MA",SAM,-71.05821260692645,42.294584418884185
"9 CARLOTTA STREET, Boston, MA",SAM,-71.05834517948128,42.29452143652701
"11 CARLSON CIRCLE, Boston, MA",SAM,-71.14947038166764,42.29431455176305
"12 CARLSON CIRCLE, Boston, MA",SAM,-71.14952258549425,42.294422532113316
"15 CARLSON CIRCLE, Boston, MA",SAM,-71.14936346816783,42.294346336858
"16 CARLSON CIRCLE, Boston, MA",SAM,-71.14941344462987,42.294454979397734
"19 CARLSON CIRCLE, Boston, MA",SAM,-71.14925655466803,42.29437812195295
"2 CARLSON CIRCLE, Boston, MA",SAM,-71.1497922577695,42.294325965477235
"20 CARLSON CIRCLE, Boston, MA",SAM,-71.14930430376548,42.29448742668217
"23 CARLSON CIRCLE, Boston, MA",SAM,-71.14914964116821,42.294409907047886
"24 CARLSON CIRCLE, Boston, MA",SAM,-71.14918475457354,42.294521830946024
"28 CARLSON CIRCLE, Boston, MA",SAM,-71.14907060344386,42.29454282425624
"3 CARLSON CIRCLE, Boston, MA",SAM,-71.1496725229723,42.29424168568175
"32 CARLSON CIRCLE, Boston, MA",SAM,-71.14895645231421,42.294563817566484
"36 CARLSON CIRCLE, Boston, MA",SAM,-71.14884230118453,42.29458481087669
"40 CARLSON CIRCLE, Boston, MA",SAM,-71.14872790376747,42.29460570304674
"41 CARLSON CIRCLE, Boston, MA",SAM,-71.14865712387193,42.294500569859714
"44 CARLSON CIRCLE, Boston, MA",SAM,-71.14861367734498,42.2946264714862
"45 CARLSON CIRCLE, Boston, MA",SAM,-71.14854522860095,42.29452091445343
"48 CARLSON CIRCLE, Boston, MA",SAM,-71.14849945092251,42.29464723992562
"49 CARLSON CIRCLE, Boston, MA",SAM,-71.14843333332996,42.29454125904717
"7 CARLSON CIRCLE, Boston, MA",SAM,-71.14956897755854,42.294279077082194
"8 CARLSON CIRCLE, Boston, MA",SAM,-71.14963370385469,42.29438322105921
"28 CARLSON ROAD, Boston, MA",SAM,-71.1106318259475,42.25753367715632
"30 CARLSON ROAD, Boston, MA",SAM,-71.11064803709134,42.257524274692415
"12 CARMEL STREET, Boston, MA",SAM,-71.10003456521078,42.332339825921444
"15 CARMEL STREET, Boston, MA",SAM,-71.10019174777436,42.332358470507145
"2 CARMELA LANE, Boston, MA",SAM,-71.06741615264613,42.28491214091289
"1 CARMEN STREET, Boston, MA",SAM,-71.07702558085755,42.30007011070329
"10 CARMEN STREET, Boston, MA",SAM,-71.07801946756584,42.300385323037034
"11 CARMEN STREET, Boston, MA",SAM,-71.07784081204208,42.30043883726196
"12 CARMEN STREET, Boston, MA",SAM,-71.07824773229751,42.30048856647347
"17 RADCLIFFE STREET, Boston, MA",SAM,-71.07842070425261,42.30029199166023
"19 CARMEN STREET, Boston, MA",SAM,-71.07831323228606,42.30064942705448
"3 CARMEN STREET, Boston, MA",SAM,-71.07718862709446,42.300143856015026
"5 CARMEN STREET, Boston, MA",SAM,-71.07735167333136,42.300217601326764
"7 CARMEN STREET, Boston, MA",SAM,-71.07751471956828,42.30029134663849
"8 CARMEN STREET, Boston, MA",SAM,-71.07779120283418,42.3002820796006
"9 CARMEN STREET, Boston, MA",SAM,-71.07767776580518,42.30036509195021
"12 CAROL CIRCLE, Boston, MA",SAM,-71.15011866753728,42.26802668649354
"15 CAROL CIRCLE, Boston, MA",SAM,-71.15006807678373,42.268144941412096
"16 CAROL CIRCLE, Boston, MA",SAM,-71.15017154362478,42.268059605465915
"19 CAROL CIRCLE, Boston, MA",SAM,-71.1501198737674,42.26817718856873
"8 CAROL CIRCLE, Boston, MA",SAM,-71.1500657914498,42.26799376752115
"9 CAROL CIRCLE, Boston, MA",SAM,-71.14999038130824,42.268096570677166
"107 CAROLINA AVENUE, Boston, MA",SAM,-71.11130344658372,42.30792108513273
"109 CAROLINA AVENUE, Boston, MA",SAM,-71.11114687156324,42.307912878641496
"113 CAROLINA AVENUE, Boston, MA",SAM,-71.1108304976809,42.30788374367336
"127 CAROLINA AVENUE, Boston, MA",SAM,-71.11054768987523,42.307859151677725
"131 CAROLINA AVENUE, Boston, MA",SAM,-71.11046688764505,42.30785212539324
"135 CAROLINA AVENUE, Boston, MA",SAM,-71.11031383082542,42.30782999602137
"137 CAROLINA AVENUE, Boston, MA",SAM,-71.11030191279723,42.30782767055174
"140 CAROLINA AVENUE, Boston, MA",SAM,-71.1101177109232,42.307903950241815
"142 CAROLINA AVENUE, Boston, MA",SAM,-71.11011006447144,42.30790156072503
"28 CAROLINA AVENUE, Boston, MA",SAM,-71.11387239046273,42.30784903351204
"34 CAROLINA AVENUE, Boston, MA",SAM,-71.1136764056007,42.30786377845035
"36 CAROLINA AVENUE, Boston, MA",SAM,-71.1136110773134,42.30786869342976
"38 CAROLINA AVENUE, Boston, MA",SAM,-71.11354574902603,42.307873608409196
"42 CAROLINA AVENUE, Boston, MA",SAM,-71.11341509245135,42.307883438368066
"46 CAROLINA AVENUE, Boston, MA",SAM,-71.11328592417824,42.307894170095295
"50 CAROLINA AVENUE, Boston, MA",SAM,-71.11315551795947,42.30790567652372
"58 CAROLINA AVENUE, Boston, MA",SAM,-71.1128947055219,42.30792868938058
"60 CAROLINA AVENUE, Boston, MA",SAM,-71.11282950241252,42.30793444259479
"74 CAROLINA AVENUE, Boston, MA",SAM,-71.11243486437526,42.307970558289675
"76 CAROLINA AVENUE, Boston, MA",SAM,-71.11239465643807,42.307974269790776
"78 CAROLINA AVENUE, Boston, MA",SAM,-71.1123544485009,42.30797798129187
"79 CAROLINA AVENUE, Boston, MA",SAM,-71.11218274402201,42.30787835029482
"82 CAROLINA AVENUE, Boston, MA",SAM,-71.11227403262653,42.30798540429407
"89 CAROLINA AVENUE, Boston, MA",SAM,-71.11205796076865,42.30788986874653
"1 CAROLINA PLACE, Boston, MA",SAM,-71.11085355535494,42.307657517865714
"2 CAROLINA PLACE, Boston, MA",SAM,-71.1110081215893,42.30764946685284
"4 CAROLINA PLACE, Boston, MA",SAM,-71.11100860515505,42.30765454429697
"11 CARPENTER STREET, Boston, MA",SAM,-71.05639354941293,42.32928740516697
"16 CARPENTER STREET, Boston, MA",SAM,-71.05623711207946,42.329259424861284
"18 CARPENTER STREET, Boston, MA",SAM,-71.05623638254572,42.3292441856912
"20 CARPENTER STREET, Boston, MA",SAM,-71.05623565301197,42.32922894652111
"10 CARROLL STREET, Boston, MA",SAM,-71.16728555102095,42.28641866499044
"11 CARROLL STREET, Boston, MA",SAM,-71.16719962591309,42.28651819549396
"14 CARROLL STREET, Boston, MA",SAM,-71.16736694506845,42.28648459008292
"15 CARROLL STREET, Boston, MA",SAM,-71.16726895485826,42.28657539188657
"17 CARROLL STREET, Boston, MA",SAM,-71.16730361933085,42.28660399008286
"18 CARROLL STREET, Boston, MA",SAM,-71.16744205142572,42.286546552841564
"19 CARROLL STREET, Boston, MA",SAM,-71.16733828380345,42.28663258827917
"22 CARROLL STREET, Boston, MA",SAM,-71.16751715778298,42.28660851560021
"56 CARROLL STREET, Boston, MA",SAM,-71.16888060960034,42.28769010574508
"6 CARROLL STREET, Boston, MA",SAM,-71.16720197868746,42.286362950088915
"60 CARROLL STREET, Boston, MA",SAM,-71.16897781424515,42.28776320365433
"61 CARROLL STREET, Boston, MA",SAM,-71.16882541452793,42.28781200060748
"65 CARROLL STREET, Boston, MA",SAM,-71.16892703756571,42.287888421148985
"68 CARROLL STREET, Boston, MA",SAM,-71.16917222353479,42.287909399472895
"69 CARROLL STREET, Boston, MA",SAM,-71.16902866060346,42.28796484169052
"73 CARROLL STREET, Boston, MA",SAM,-71.16913028364122,42.288041262232035
"74 CARROLL STREET, Boston, MA",SAM,-71.16931803050198,42.288019046336814
"78 CARROLL STREET, Boston, MA",SAM,-71.1694152351468,42.28809214424609
"81 CARROLL STREET, Boston, MA",SAM,-71.16933352971675,42.28819410331508
"9 CARROLL STREET, Boston, MA",SAM,-71.1671689997157,42.28649521969095
"16 CARROLTON ROAD, Boston, MA",SAM,-71.15940594149387,42.256511214831576
"22 CARROLTON ROAD, Boston, MA",SAM,-71.15919139449916,42.256335094124815
"23 CARROLTON ROAD, Boston, MA",SAM,-71.15935140994884,42.25629532422051
"27 CARROLTON ROAD, Boston, MA",SAM,-71.15922956844571,42.2561953050537
"28 CARROLTON ROAD, Boston, MA",SAM,-71.15897684750448,42.25615897341807
"31 CARROLTON ROAD, Boston, MA",SAM,-71.15910772694254,42.2560952858869
"35 CARROLTON ROAD, Boston, MA",SAM,-71.15898588543938,42.25599526672009
"36 CARROLTON ROAD, Boston, MA",SAM,-71.1586906152362,42.25592509921161
"40 CARROLTON ROAD, Boston, MA",SAM,-71.15854587969385,42.25580883620896
"44 CARROLTON ROAD, Boston, MA",SAM,-71.15840114415154,42.255692573206304
"48 CARROLTON ROAD, Boston, MA",SAM,-71.15825640860922,42.255576310203644
"5 CARROLTON ROAD, Boston, MA",SAM,-71.15989969671307,42.25674541047109
"51 CARROLTON ROAD, Boston, MA",SAM,-71.15849356011283,42.255597700052675
"56 CARROLTON ROAD, Boston, MA",SAM,-71.15814849889365,42.2554879825354
"57 CARROLTON ROAD, Boston, MA",SAM,-71.15826735435228,42.25541446307065
"8 CARROLTON ROAD, Boston, MA",SAM,-71.15969200415346,42.256746042440575
"10 CARRUTH STREET, Boston, MA",SAM,-71.06164559986959,42.285712774314156
"13 CARRUTH STREET, Boston, MA",SAM,-71.0617767254285,42.28563190740814
"15 CARRUTH STREET, Boston, MA",SAM,-71.0617439835584,42.28552458057163
"16 CARRUTH STREET, Boston, MA",SAM,-71.06156139343048,42.285424307740534
"19 CARRUTH STREET, Boston, MA",SAM,-71.0616765960171,42.28527958381191
"20 CARRUTH STREET, Boston, MA",SAM,-71.06148240307446,42.28519547296671
"21 CARRUTH STREET, Boston, MA",SAM,-71.06162767690985,42.28515571798749
"22 CARRUTH STREET, Boston, MA",SAM,-71.0614246444103,42.285079955607266
"24 CARRUTH STREET, Boston, MA",SAM,-71.06136861813195,42.284976437287256
"25 CARRUTH STREET, Boston, MA",SAM,-71.06151083369438,42.28493103257777
"26 CARRUTH STREET, Boston, MA",SAM,-71.06109901728614,42.2845242272726
"27 CARRUTH STREET, Boston, MA",SAM,-71.06123998802154,42.28447674657917
"29 CARRUTH STREET, Boston, MA",SAM,-71.06118712312251,42.28437613932756
"30 CARRUTH STREET, Boston, MA",SAM,-71.06099851058347,42.284317553826384
"33 CARRUTH STREET, Boston, MA",SAM,-71.06105355610094,42.28407802791347
"34 CARRUTH STREET, Boston, MA",SAM,-71.0609078165806,42.284116833734934
"35 CARRUTH STREET, Boston, MA",SAM,-71.06099878276446,42.28396543824669
"39 CARRUTH STREET, Boston, MA",SAM,-71.06089270853492,42.28374543543281
"40 CARRUTH STREET, Boston, MA",SAM,-71.06074636793304,42.28378298106932
"41 CARRUTH STREET, Boston, MA",SAM,-71.06074095823935,42.283421701379574
"43 CARRUTH STREET, Boston, MA",SAM,-71.06069516592655,42.28331533130796
"48 CARRUTH STREET, Boston, MA",SAM,-71.06051915845416,42.2832778200388
"5 CARRUTH STREET, Boston, MA",SAM,-71.06183415102069,42.285795251970384
"52 CARRUTH STREET, Boston, MA",SAM,-71.06045666042913,42.283136620757155
"58 CARRUTH STREET, Boston, MA",SAM,-71.06036291339157,42.28292482183472
"62 CARRUTH STREET, Boston, MA",SAM,-71.06030041536653,42.28278362255309
"66 CARRUTH STREET, Boston, MA",SAM,-71.06022115413734,42.282606122220564
"74 CARRUTH STREET, Boston, MA",SAM,-71.06009765888876,42.28233063274253
"76 CARRUTH STREET, Boston, MA",SAM,-71.06006678507664,42.28226176037301
"78 CARRUTH STREET, Boston, MA",SAM,-71.06001699520945,42.282154560144896
"8 CARRUTH STREET, Boston, MA",SAM,-71.06168376037861,42.28582268814818
"80 CARRUTH STREET, Boston, MA",SAM,-71.05999968584167,42.2821185566501
"84 CARRUTH STREET, Boston, MA",SAM,-71.05996506710612,42.28204654966047
"1 CARSON STREET, Boston, MA",SAM,-71.05437996756926,42.319011175464595
"10 CARSON STREET, Boston, MA",SAM,-71.05450703213762,42.31915312713931
"11 CARSON STREET, Boston, MA",SAM,-71.05434802929014,42.31916349646605
"14 CARSON STREET, Boston, MA",SAM,-71.05449399067365,42.319215324881576
"17 CARSON STREET, Boston, MA",SAM,-71.05433242419504,42.319263922020895
"18 CARSON STREET, Boston, MA",SAM,-71.05448740200946,42.319269060051155
"20 CARSON STREET, Boston, MA",SAM,-71.05448740200764,42.31930053045604
"21 CARSON STREET, Boston, MA",SAM,-71.05433242419147,42.3193255783244
"22 CARSON STREET, Boston, MA",SAM,-71.0544874020058,42.319332000860946
"24 CARSON STREET, Boston, MA",SAM,-71.05448740200399,42.31936347126585
"28 CARSON STREET, Boston, MA",SAM,-71.05448740200035,42.31942641207564
"3 CARSON STREET, Boston, MA",SAM,-71.05437357991345,42.31904163966487
"30 CARSON STREET, Boston, MA",SAM,-71.05448740199851,42.31945788248054
"32 CARSON STREET, Boston, MA",SAM,-71.0544874019967,42.319489352885455
"4 CARSON STREET, Boston, MA",SAM,-71.0545265943336,42.31905983052592
"5 CARSON STREET, Boston, MA",SAM,-71.05436719225763,42.31907210386515
"6 CARSON STREET, Boston, MA",SAM,-71.05452007360161,42.319090929397056
"8 CARSON STREET, Boston, MA",SAM,-71.05451355286961,42.319122028268175
"9 CARSON STREET, Boston, MA",SAM,-71.05435441694597,42.31913303226574
"2 CARTER STREET, Boston, MA",SAM,-71.07915268385364,42.38228416313185
"8 TOWNSEND PLACE, Boston, MA",SAM,-71.09311089072713,42.31978112567461
"2 CARY PLACE, Boston, MA",SAM,-71.06639110371499,42.37854333390876
"3 CARY PLACE, Boston, MA",SAM,-71.06628161755063,42.37846212671931
"10 CARYLL STREET, Boston, MA",SAM,-71.07656630299796,42.27660622177021
"14 CARYLL STREET, Boston, MA",SAM,-71.07663316625876,42.276522393201105
"15 CARYLL STREET, Boston, MA",SAM,-71.07679520026566,42.276544707863245
"18 CARYLL STREET, Boston, MA",SAM,-71.0766907524658,42.276449655122086
"22 CARYLL STREET, Boston, MA",SAM,-71.07671386017319,42.27636939593786
"25 CARYLL STREET, Boston, MA",SAM,-71.0768558746707,42.276278550412854
"26 CARYLL STREET, Boston, MA",SAM,-71.0767004408134,42.27628538129574
"30 CARYLL STREET, Boston, MA",SAM,-71.07665946571242,42.276200919507424
"34 CARYLL STREET, Boston, MA",SAM,-71.0766213531995,42.27610775555967
"35 CARYLL STREET, Boston, MA",SAM,-71.0767667270197,42.27605339275852
"38 CARYLL STREET, Boston, MA",SAM,-71.07660430098701,42.27598641089575
"42 CARYLL STREET, Boston, MA",SAM,-71.07662303499515,42.27589006458424
"45 CARYLL STREET, Boston, MA",SAM,-71.0767899304475,42.275844991213276
"46 CARYLL STREET, Boston, MA",SAM,-71.07665633310911,42.27578304597565
"50 CARYLL STREET, Boston, MA",SAM,-71.07670407164846,42.27569234274988
"57 CARYLL STREET, Boston, MA",SAM,-71.0769172201206,42.275612838232036
"58 CARYLL STREET, Boston, MA",SAM,-71.07686165090637,42.27550232104973
"11 CASPAR STREET, Boston, MA",SAM,-71.16526828850262,42.29015383475014
"14 CASPAR STREET, Boston, MA",SAM,-71.16547076720795,42.290158330915965
"15 CASPAR STREET, Boston, MA",SAM,-71.16532356998763,42.290205430814474
"17 CASPAR STREET, Boston, MA",SAM,-71.16535121073015,42.29023122884664
"18 CASPAR STREET, Boston, MA",SAM,-71.16552482021551,42.29020878040111
"19 CASPAR STREET, Boston, MA",SAM,-71.16537885147267,42.29025702687883
"2 CASPAR STREET, Boston, MA",SAM,-71.16466073492697,42.28938934380489
"22 CASPAR STREET, Boston, MA",SAM,-71.16557887322308,42.29025922988625
"26 CASPAR STREET, Boston, MA",SAM,-71.16563292623064,42.29030967937138
"27 CASPAR STREET, Boston, MA",SAM,-71.16548941444266,42.29036021900751
"29 CASPAR STREET, Boston, MA",SAM,-71.16551705518516,42.290386017039694
"3 CASPAR STREET, Boston, MA",SAM,-71.1647007999983,42.28961002604356
"30 CASPAR STREET, Boston, MA",SAM,-71.1656869792382,42.29036012885653
"31 CASPAR STREET, Boston, MA",SAM,-71.16554469592765,42.29041181507187
"34 CASPAR STREET, Boston, MA",SAM,-71.16574103224578,42.29041057834166
"35 CASPAR STREET, Boston, MA",SAM,-71.16559997741267,42.29046341113622
"38 CASPAR STREET, Boston, MA",SAM,-71.16579471085358,42.290463114343325
"39 CASPAR STREET, Boston, MA",SAM,-71.1656530426821,42.290514400060125
"42 CASPAR STREET, Boston, MA",SAM,-71.16584698202179,42.2905145813514
"6 CASPAR STREET, Boston, MA",SAM,-71.16529708342952,42.289993206597494
"10 CASPIAN WAY, Boston, MA",SAM,-71.05058081075386,42.31016332707145
"22 CASPIAN WAY, Boston, MA",SAM,-71.0504109280168,42.31051231969669
"26 CASPIAN WAY, Boston, MA",SAM,-71.05031869721365,42.31067218642522
"5 CASPIAN WAY, Boston, MA",SAM,-71.05057534433932,42.30963726942829
"9 CASPIAN WAY, Boston, MA",SAM,-71.05056631206553,42.309655333976
"102 CASS STREET, Boston, MA",SAM,-71.16137358497119,42.27459303883262
"103 CASS STREET, Boston, MA",SAM,-71.16134098498193,42.27447401288065
"11 CASS STREET, Boston, MA",SAM,-71.16430083491221,42.27679752586274
"15 CASS STREET, Boston, MA",SAM,-71.16419140953569,42.276690380157206
"17 CASS STREET, Boston, MA",SAM,-71.16413669684744,42.27663680730445
"29 CASS STREET, Boston, MA",SAM,-71.16365533596097,42.27619911291597
"30 CASS STREET, Boston, MA",SAM,-71.16321231889849,42.27600659739995
"32 CASS STREET, Boston, MA",SAM,-71.16318294769202,42.275982486702645
"34 CASS STREET, Boston, MA",SAM,-71.16315357648554,42.27595837600537
"35 CASS STREET, Boston, MA",SAM,-71.16340568070594,42.275994171988984
"36 CASS STREET, Boston, MA",SAM,-71.16312420527908,42.27593426530805
"37 CASS STREET, Boston, MA",SAM,-71.16332246228758,42.27592585834666
"38 CASS STREET, Boston, MA",SAM,-71.1630206476896,42.27584757712124
"39 CASS STREET, Boston, MA",SAM,-71.16323924386926,42.27585754470434
"42 CASS STREET, Boston, MA",SAM,-71.16288052815146,42.275727962854475
"44 CASS STREET, Boston, MA",SAM,-71.16281046838238,42.2756681557211
"45 CASS STREET, Boston, MA",SAM,-71.163027055896,42.27567809110922
"46 CASS STREET, Boston, MA",SAM,-71.16274040861332,42.27560834858772
"49 CASS STREET, Boston, MA",SAM,-71.16291643520799,42.275583658793366
"5 CASS STREET, Boston, MA",SAM,-71.16447439014192,42.276948350843774
"54 CASS STREET, Boston, MA",SAM,-71.16246016953701,42.275369120054194
"57 CASS STREET, Boston, MA",SAM,-71.16269519383195,42.27539479416164
"58 CASS STREET, Boston, MA",SAM,-71.16232036308375,42.275249970342486
"61 CASS STREET, Boston, MA",SAM,-71.16258457314395,42.27530036184577
"62 CASS STREET, Boston, MA",SAM,-71.16217883420276,42.275131268673704
"65 CASS STREET, Boston, MA",SAM,-71.16247395245593,42.275205929529925
"66 CASS STREET, Boston, MA",SAM,-71.16203730532179,42.27501256700492
"71 CASS STREET, Boston, MA",SAM,-71.16230614239605,42.275064830503034
"73 CASS STREET, Boston, MA",SAM,-71.1622502757325,42.275017974581154
"74 CASS STREET, Boston, MA",SAM,-71.16181589191396,42.274830737061706
"77 CASS STREET, Boston, MA",SAM,-71.1621385424054,42.274924262737386
"80 CASS STREET, Boston, MA",SAM,-71.16174379729894,42.27477306135679
"81 CASS STREET, Boston, MA",SAM,-71.16197764916771,42.27479137941087
"85 CASS STREET, Boston, MA",SAM,-71.16188152301434,42.27471447847095
"9 CASS STREET, Boston, MA",SAM,-71.16435667751148,42.276846126694345
"90 CASS STREET, Boston, MA",SAM,-71.16161997995668,42.27468412528622
"93 CASS STREET, Boston, MA",SAM,-71.16167661390372,42.274565304785774
"95 CASS STREET, Boston, MA",SAM,-71.16159368967753,42.274527500842844
"97 CASS STREET, Boston, MA",SAM,-71.16143733416078,42.27448708509097
"99 CASS STREET, Boston, MA",SAM,-71.16141491023441,42.27448260030431
"3 CASTLE COURT, Boston, MA",SAM,-71.06797068257774,42.34468314298183
"5 CASTLE COURT, Boston, MA",SAM,-71.06796751601497,42.34468832463013
"14 CASTLE ROCK STREET, Boston, MA",SAM,-71.05139840907836,42.3107992136181
"15 CASTLE ROCK STREET, Boston, MA",SAM,-71.0514818584776,42.31070116483355
"17 CASTLE ROCK STREET, Boston, MA",SAM,-71.05146186734746,42.31068847204966
"20 CASTLE ROCK STREET, Boston, MA",SAM,-71.05133718624232,42.31076034196745
"3 CASTLE ROCK STREET, Boston, MA",SAM,-71.0516029071686,42.31076423049363
"6 CASTLE ROCK STREET, Boston, MA",SAM,-71.05149467199199,42.31084870935348
"9 CASTLE ROCK STREET, Boston, MA",SAM,-71.05153692390724,42.31073204352943
"10 CASTLEGATE ROAD, Boston, MA",SAM,-71.08367062664013,42.30731260184872
"11 CASTLEGATE ROAD, Boston, MA",SAM,-71.08372586932546,42.30720323810315
"12 CASTLEGATE ROAD, Boston, MA",SAM,-71.08364196650089,42.307299609249206
"14 CASTLEGATE ROAD, Boston, MA",SAM,-71.08361330636161,42.307286616649684
"15 CASTLEGATE ROAD, Boston, MA",SAM,-71.08366971884855,42.30717778321431
"17 CASTLEGATE ROAD, Boston, MA",SAM,-71.0836416436101,42.307165055769914
"19 CASTLEGATE ROAD, Boston, MA",SAM,-71.08361356837165,42.307152328325486
"21 CASTLEGATE ROAD, Boston, MA",SAM,-71.0835854931332,42.307139600881065
"23 CASTLEGATE ROAD, Boston, MA",SAM,-71.08355741789474,42.30712687343667
"25 CASTLEGATE ROAD, Boston, MA",SAM,-71.08352934265629,42.30711414599226
"6 CASTLEGATE ROAD, Boston, MA",SAM,-71.08372221767519,42.30733721198131
"9 CASTLEGATE ROAD, Boston, MA",SAM,-71.0837539445639,42.30721596554757
"10 CASTLETON STREET, Boston, MA",SAM,-71.11280645963,42.32312425090721
"11 CASTLETON STREET, Boston, MA",SAM,-71.1133282711077,42.32328424113817
"14 CASTLETON STREET, Boston, MA",SAM,-71.1130632391912,42.32314620566921
"15 CASTLETON STREET, Boston, MA",SAM,-71.11340661542353,42.32329141772024
"17 CASTLETON STREET, Boston, MA",SAM,-71.11344578758145,42.323295006011286
"18 CASTLETON STREET, Boston, MA",SAM,-71.1133473276671,42.323170519210336
"20 CASTLETON STREET, Boston, MA",SAM,-71.1133904170408,42.32317446633046
"22 CASTLETON STREET, Boston, MA",SAM,-71.1134335064145,42.32317841345062
"24 CASTLETON STREET, Boston, MA",SAM,-71.11347659578821,42.32318236057077
"25 CASTLETON STREET, Boston, MA",SAM,-71.11360247621313,42.323309359175454
"26 CASTLETON STREET, Boston, MA",SAM,-71.11351968516192,42.32318630769092
"30 CASTLETON STREET, Boston, MA",SAM,-71.11360586390934,42.32319420193121
"33 CASTLETON STREET, Boston, MA",SAM,-71.1137591648448,42.323323712339615
"35 CASTLETON STREET, Boston, MA",SAM,-71.1137983370027,42.32332730063068
"37 CASTLETON STREET, Boston, MA",SAM,-71.1138375091606,42.32333088892172
"6 CASTLETON STREET, Boston, MA",SAM,-71.1125485490377,42.32309827428882
"7 CASTLETON STREET, Boston, MA",SAM,-71.11294888472979,42.323251993099426
"9 CASTLETON STREET, Boston, MA",SAM,-71.11317520796085,42.323270853378595
"11 CATAUMET STREET, Boston, MA",SAM,-71.1227538632896,42.31279055932386
"12 CATAUMET STREET, Boston, MA",SAM,-71.12289483181178,42.3127428967228
"15 CATAUMET STREET, Boston, MA",SAM,-71.1227844234063,42.31283706386076
"18 CATAUMET STREET, Boston, MA",SAM,-71.12294162699045,42.31281410679493
"19 CATAUMET STREET, Boston, MA",SAM,-71.12281498352299,42.31288356839765
"4 CATAUMET STREET, Boston, MA",SAM,-71.12282835795652,42.31264672265986
"6 CATAUMET STREET, Boston, MA",SAM,-71.12284532472687,42.31266994035119
"7 CATAUMET STREET, Boston, MA",SAM,-71.12272330317292,42.31274405478695
"8 CATAUMET STREET, Boston, MA",SAM,-71.12286363502598,42.31269542334138
"12 CATAWBA STREET, Boston, MA",SAM,-71.0834427561756,42.31982225808408
"15 CATAWBA STREET, Boston, MA",SAM,-71.08345412978812,42.319947351490804
"17 CATAWBA STREET, Boston, MA",SAM,-71.0834882115008,42.31995656932306
"18 CATAWBA STREET, Boston, MA",SAM,-71.0835471314207,42.3198504876954
"19 CATAWBA STREET, Boston, MA",SAM,-71.0835222932135,42.31996578715532
"20 CATAWBA STREET, Boston, MA",SAM,-71.08358192316908,42.31985989756585
"21 CATAWBA STREET, Boston, MA",SAM,-71.08355637492619,42.319975004987604
"22 CATAWBA STREET, Boston, MA",SAM,-71.08361671491745,42.319869307436285
"23 CATAWBA STREET, Boston, MA",SAM,-71.08359045663886,42.319984222819905
"25 CATAWBA STREET, Boston, MA",SAM,-71.08362453835156,42.319993440652155
"26 CATAWBA STREET, Boston, MA",SAM,-71.0836862984142,42.31988812717718
"30 CATAWBA STREET, Boston, MA",SAM,-71.08375588191093,42.31990694691805
"34 CATAWBA STREET, Boston, MA",SAM,-71.08382546540767,42.31992576665895
"37 CATAWBA STREET, Boston, MA",SAM,-71.08382902862769,42.32004874764578
"38 CATAWBA STREET, Boston, MA",SAM,-71.08389504890442,42.31994458639985
"39 CATAWBA STREET, Boston, MA",SAM,-71.08386311034039,42.32005796547805
"42 CATAWBA STREET, Boston, MA",SAM,-71.08396463240116,42.31996340614074
"43 CATAWBA STREET, Boston, MA",SAM,-71.08393127376576,42.320076401142586
"46 CATAWBA STREET, Boston, MA",SAM,-71.0840342158979,42.31998222588163
"50 CATAWBA STREET, Boston, MA",SAM,-71.08410379939463,42.32000104562252
"54 CATAWBA STREET, Boston, MA",SAM,-71.08417338289138,42.3200198653634
"58 CATAWBA STREET, Boston, MA",SAM,-71.0842429663881,42.32003868510429
"62 CATAWBA STREET, Boston, MA",SAM,-71.08431254988484,42.320057504845174
"12 CATHERINE STREET, Boston, MA",SAM,-71.1135567066579,42.28869125539474
"19 CATHERINE STREET, Boston, MA",SAM,-71.1144259628789,42.28871999681502
"20 CATHERINE STREET, Boston, MA",SAM,-71.11399478775678,42.288649005286736
"21 CATHERINE STREET, Boston, MA",SAM,-71.11448433524481,42.28871312947884
"25 CATHERINE STREET, Boston, MA",SAM,-71.11460107997661,42.28869939480643
"26 CATHERINE STREET, Boston, MA",SAM,-71.11434326163496,42.28861369487823
"28 CATHERINE STREET, Boston, MA",SAM,-71.11446000636677,42.28859996020583
"29 CATHERINE STREET, Boston, MA",SAM,-71.11471782470842,42.288685660134036
"34 CATHERINE STREET, Boston, MA",SAM,-71.11481024056218,42.28855875618862
"4 CATHERINE STREET, Boston, MA",SAM,-71.11321187958772,42.28872557452539
"40 CATHERINE STREET, Boston, MA",SAM,-71.11504988032223,42.28853227147494
"45 CATHERINE STREET, Boston, MA",SAM,-71.11519356243053,42.28863266402927
"46 CATHERINE STREET, Boston, MA",SAM,-71.11517803370343,42.28851854075783
"47 CATHERINE STREET, Boston, MA",SAM,-71.11523494529321,42.28862823015188
"50 CATHERINE STREET, Boston, MA",SAM,-71.11526346929091,42.288509386946394
"54 CATHERINE STREET, Boston, MA",SAM,-71.11534890487837,42.28850023313499
"57 CATHERINE STREET, Boston, MA",SAM,-71.11543671822619,42.288607934301794
"58 CATHERINE STREET, Boston, MA",SAM,-71.11544002029888,42.28849284431426
"60 CATHERINE STREET, Boston, MA",SAM,-71.11548306477056,42.288490474894864
"63 CATHERINE STREET, Boston, MA",SAM,-71.115561816222,42.28860104817666
"64 CATHERINE STREET, Boston, MA",SAM,-71.1155691537139,42.288485736056046
"8 CATHERINE STREET, Boston, MA",SAM,-71.11339162950348,42.2887065030277
"12 CATON STREET, Boston, MA",SAM,-71.09993470831495,42.264942446248995
"16 CATON STREET, Boston, MA",SAM,-71.10000707878542,42.26498020476396
"17 CATON STREET, Boston, MA",SAM,-71.09994813358928,42.265089657591105
"18 CATON STREET, Boston, MA",SAM,-71.10004326402067,42.264999084021454
"19 CATON STREET, Boston, MA",SAM,-71.09998443445141,42.265108397674865
"2 CATON STREET, Boston, MA",SAM,-71.09978472235767,42.26484186393116
"20 CATON STREET, Boston, MA",SAM,-71.10007889480985,42.26501739885723
"23 CATON STREET, Boston, MA",SAM,-71.10005589862304,42.265144779443304
"25 CATON STREET, Boston, MA",SAM,-71.10009163070886,42.26516297032754
"26 CATON STREET, Boston, MA",SAM,-71.10018832432266,42.26507310844017
"3 CATON STREET, Boston, MA",SAM,-71.09969820632989,42.26494217374005
"30 CATON STREET, Boston, MA",SAM,-71.1002612773312,42.265110248162124
"4 CATON STREET, Boston, MA",SAM,-71.0998142344743,42.2648662877573
"7 CATON STREET, Boston, MA",SAM,-71.09977089978406,42.26499718775854
"8 CATON STREET, Boston, MA",SAM,-71.09986233784447,42.26490468773402
"9 CATON STREET, Boston, MA",SAM,-71.09980634654508,42.26501568172504
"10 CAUSEWAY STREET, Boston, MA",SAM,,
"101 CAUSEWAY STREET, Boston, MA",SAM,-71.06207204598766,42.36494602627004
"123 CAUSEWAY STREET, Boston, MA",SAM,-71.06130128210293,42.36536563415718
"226 CAUSEWAY STREET, Boston, MA",SAM,-71.05917692615344,42.36661556274103
"234 CAUSEWAY STREET, Boston, MA",SAM,-71.05911481887219,42.3666524913966
"239 CAUSEWAY STREET, Boston, MA",SAM,-71.05945155919795,42.3663220424176
"251 CAUSEWAY STREET, Boston, MA",SAM,-71.05915473562683,42.366481667189696
"55 CAUSEWAY STREET, Boston, MA",SAM,-71.06316224431185,42.364341253795196
"73 CAUSEWAY STREET, Boston, MA",SAM,-71.0626862962563,42.36461532284753
"10 CAWFIELD STREET, Boston, MA",SAM,-71.06381165182702,42.319573508182756
"11 CAWFIELD STREET, Boston, MA",SAM,-71.063656978796,42.319554736597
"14 CAWFIELD STREET, Boston, MA",SAM,-71.06379557573234,42.319610253541725
"17 CAWFIELD STREET, Boston, MA",SAM,-71.06363335677932,42.31960872977755
"21 CAWFIELD STREET, Boston, MA",SAM,-71.06361853848766,42.319656714410954
"6 CAWFIELD STREET, Boston, MA",SAM,-71.06382772792172,42.31953676282377
"7 CAWFIELD STREET, Boston, MA",SAM,-71.06367272680713,42.31951874114331
"1 CAZENOVE STREET, Boston, MA",SAM,-71.07251340992549,42.34661013460975
"10 CAZENOVE STREET, Boston, MA",SAM,-71.07239111249385,42.34669800396586
"11 CAZENOVE STREET, Boston, MA",SAM,-71.07254255151878,42.34667074914038
"12 CAZENOVE STREET, Boston, MA",SAM,-71.07239706223581,42.34671037943256
"13 CAZENOVE STREET, Boston, MA",SAM,-71.07254837983744,42.346682872046536
"14 CAZENOVE STREET, Boston, MA",SAM,-71.07240301197777,42.34672275489923
"15 CAZENOVE STREET, Boston, MA",SAM,-71.07255420815609,42.34669499495267
"16 CAZENOVE STREET, Boston, MA",SAM,-71.07240896171973,42.3467351303659
"2 CAZENOVE STREET, Boston, MA",SAM,-71.07236731352599,42.346648502099164
"3 CAZENOVE STREET, Boston, MA",SAM,-71.07251923824414,42.346622257515875
"4 CAZENOVE STREET, Boston, MA",SAM,-71.07237326326798,42.34666087756584
"5 CAZENOVE STREET, Boston, MA",SAM,-71.0725250665628,42.34663438042202
"6 CAZENOVE STREET, Boston, MA",SAM,-71.07237921300992,42.34667325303252
"7 CAZENOVE STREET, Boston, MA",SAM,-71.07253089488145,42.34664650332813
"8 CAZENOVE STREET, Boston, MA",SAM,-71.07238516275189,42.34668562849919
"9 CAZENOVE STREET, Boston, MA",SAM,-71.07253672320012,42.34665862623426
"10 CEDAR PARK, Boston, MA",SAM,-71.09409877266917,42.3265807604487
"18 CEDAR PARK, Boston, MA",SAM,-71.0940247652483,42.326565061900155
"26 CEDAR PARK, Boston, MA",SAM,-71.09380874017585,42.32666152397168
"3 CEDAR PARK, Boston, MA",SAM,-71.09412701334804,42.3267059655408
"1 CEDAR PLACE, Boston, MA",SAM,-71.06937112049468,42.314554008570695
"2 CEDAR PLACE, Boston, MA",SAM,-71.0693230027037,42.31444508144586
"4 CEDAR PLACE, Boston, MA",SAM,-71.0693393400684,42.31444113522254
"6 CEDAR PLACE, Boston, MA",SAM,-71.06935567743308,42.31443718899921
"19 CEDAR ROAD, Boston, MA",SAM,-71.16066606190236,42.26339809973294
"3 CEDAR ROAD, Boston, MA",SAM,-71.16089806882067,42.26325654408395
"1 CEDAR SQUARE, Boston, MA",SAM,-71.0890704431182,42.32498059251411
"12 CEDAR STREET, Boston, MA",SAM,-71.06224276540325,42.37649581377567
"14 CEDAR STREET, Boston, MA",SAM,-71.06220577615223,42.376557182307174
"15 CEDAR STREET, Boston, MA",SAM,-71.0622384484569,42.37622126172485
"16 CEDAR STREET, Boston, MA",SAM,-71.0621687869012,42.37661855083871
"22 CEDAR STREET, Boston, MA",SAM,-71.06203675101861,42.37684443500356
"26 CEDAR STREET, Boston, MA",SAM,-71.06203448676895,42.37684875766203
"5 CEDAR STREET, Boston, MA",SAM,-71.06227241817723,42.37616490286937
"6 CEDAR STREET, Boston, MA",SAM,-71.06235373315636,42.37631170818109
"7 CEDAR STREET, Boston, MA",SAM,-71.06226562423315,42.37617617464048
"8 CEDAR STREET, Boston, MA",SAM,-71.06231674390533,42.37637307671261
"102 CEDAR STREET, Boston, MA",SAM,-71.09253784565637,42.32671370384873
"103 CEDAR STREET, Boston, MA",SAM,-71.09309254874536,42.32699191146247
"105 CEDAR STREET, Boston, MA",SAM,-71.09316572836406,42.32701348019789
"114 CEDAR STREET, Boston, MA",SAM,-71.0933917743707,42.326955722687764
"122 CEDAR STREET, Boston, MA",SAM,-71.09388456269454,42.32708575598651
"131 CEDAR STREET, Boston, MA",SAM,-71.09440254362752,42.32734347788582
"153 CEDAR STREET, Boston, MA",SAM,-71.09491050316937,42.32748236062271
"157 CEDAR STREET, Boston, MA",SAM,-71.09496878136508,42.32749901154018
"29 CEDAR STREET, Boston, MA",SAM,-71.06219089084841,42.376300164122526
"30 CEDAR STREET, Boston, MA",SAM,-71.0620322225193,42.37685308032053
"32 CEDAR STREET, Boston, MA",SAM,-71.06203109039448,42.37685524164974
"34 CEDAR STREET, Boston, MA",SAM,-71.06202995826963,42.37685740297898
"35 CEDAR STREET, Boston, MA",SAM,-71.06217050901623,42.37633397943583
"36 CEDAR STREET, Boston, MA",SAM,-71.06202882614483,42.376859564308226
"38 CEDAR STREET, Boston, MA",SAM,-71.06202769401999,42.37686172563747
"4 CEDAR STREET, Boston, MA",SAM,-71.06239072240739,42.376250339649566
"40 CEDAR STREET, Boston, MA",SAM,-71.06202656189518,42.37686388696668
"44 CEDAR STREET, Boston, MA",SAM,-71.06202429764551,42.37686820962516
"46 CEDAR STREET, Boston, MA",SAM,-71.0620231655207,42.37687037095439
"49 CEDAR STREET, Boston, MA",SAM,-71.06212295140774,42.376412881833495
"50 CEDAR STREET, Boston, MA",SAM,-71.06202090127105,42.37687469361287
"73 CEDAR STREET, Boston, MA",SAM,-71.06204142407896,42.376548143086644
"75 CEDAR STREET, Boston, MA",SAM,-71.06203463013489,42.37655941485774
"79 CEDAR STREET, Boston, MA",SAM,-71.06202104224674,42.37658195839994
"81 CEDAR STREET, Boston, MA",SAM,-71.06201424830269,42.37659323017102
"85 CEDAR STREET, Boston, MA",SAM,-71.06200066041455,42.376615773713226
"88 CEDAR STREET, Boston, MA",SAM,-71.06199939089935,42.376915758868364
"91 CEDAR STREET, Boston, MA",SAM,-71.06198027858234,42.37664958902652
"98 CEDAR STREET, Boston, MA",SAM,-71.06199373027522,42.376926565514545
"99 CEDAR STREET, Boston, MA",SAM,-71.06195310280609,42.37669467611091
"11 CEDAR STREET, Boston, MA",SAM,-71.06225203634503,42.376198718182685
"17 CEDAR STREET, Boston, MA",SAM,-71.06223165451283,42.37623253349595
"23 CEDAR STREET, Boston, MA",SAM,-71.06221127268061,42.376266348809246
"24 CEDAR STREET, Boston, MA",SAM,-71.06203561889376,42.376846596332776
"33 CEDAR STREET, Boston, MA",SAM,-71.0621773029603,42.37632270766473
"37 CEDAR STREET, Boston, MA",SAM,-71.06216371507215,42.376345251206914
"39 CEDAR STREET, Boston, MA",SAM,-71.06215692112808,42.376356522978014
"41 CEDAR STREET, Boston, MA",SAM,-71.06215012718401,42.37636779474911
"45 CEDAR STREET, Boston, MA",SAM,-71.06213653929589,42.3763903382913
"47 CEDAR STREET, Boston, MA",SAM,-71.06212974535183,42.3764016100624
"48 CEDAR STREET, Boston, MA",SAM,-71.06202203339588,42.376872532283635
"53 CEDAR STREET, Boston, MA",SAM,-71.06210936351962,42.37643542537568
"55 CEDAR STREET, Boston, MA",SAM,-71.06210256957556,42.37644669714677
"58 CEDAR STREET, Boston, MA",SAM,-71.06201637277175,42.37688333892981
"59 CEDAR STREET, Boston, MA",SAM,-71.06208898168742,42.376469240688984
"67 CEDAR STREET, Boston, MA",SAM,-71.06206180591116,42.376514327773364
"13 CEDAR STREET, Boston, MA",SAM,-71.06224524240096,42.376209989953765
"19 CEDAR STREET, Boston, MA",SAM,-71.06222486056878,42.37624380526705
"2 CEDAR STREET, Boston, MA",SAM,-71.0624277116584,42.37618897111804
"21 CEDAR STREET, Boston, MA",SAM,-71.0622180666247,42.37625507703815
"25 CEDAR STREET, Boston, MA",SAM,-71.06220447873655,42.37627762058033
"27 CEDAR STREET, Boston, MA",SAM,-71.0621976847925,42.37628889235143
"31 CEDAR STREET, Boston, MA",SAM,-71.06218409690436,42.376311435893626
"43 CEDAR STREET, Boston, MA",SAM,-71.06214333323994,42.37637906652021
"57 CEDAR STREET, Boston, MA",SAM,-71.06209577563148,42.376457968917876
"60 CEDAR STREET, Boston, MA",SAM,-71.06201524064691,42.37688550025905
"61 CEDAR STREET, Boston, MA",SAM,-71.06208218774336,42.37648051246007
"63 CEDAR STREET, Boston, MA",SAM,-71.06207539379929,42.37649178423116
"64 CEDAR STREET, Boston, MA",SAM,-71.06201297639726,42.37688982291753
"66 CEDAR STREET, Boston, MA",SAM,-71.06201184427243,42.37689198424674
"68 CEDAR STREET, Boston, MA",SAM,-71.06201071214763,42.37689414557599
"69 CEDAR STREET, Boston, MA",SAM,-71.06205501196708,42.37652559954446
"70 CEDAR STREET, Boston, MA",SAM,-71.06200958002277,42.37689630690522
"71 CEDAR STREET, Boston, MA",SAM,-71.06204821802302,42.376536871315544
"72 CEDAR STREET, Boston, MA",SAM,-71.06200844789797,42.376898468234465
"74 CEDAR STREET, Boston, MA",SAM,-71.06200731577313,42.3769006295637
"76 CEDAR STREET, Boston, MA",SAM,-71.06200618364831,42.376902790892935
"80 CEDAR STREET, Boston, MA",SAM,-71.06200391939865,42.37690711355141
"84 CEDAR STREET, Boston, MA",SAM,-71.062001655149,42.37691143620989
"86 CEDAR STREET, Boston, MA",SAM,-71.06200052302418,42.37691359753913
"87 CEDAR STREET, Boston, MA",SAM,-71.06199386647047,42.37662704548433
"90 CEDAR STREET, Boston, MA",SAM,-71.06199825877452,42.37691792019759
"92 CEDAR STREET, Boston, MA",SAM,-71.0619971266497,42.376920081526826
"93 CEDAR STREET, Boston, MA",SAM,-71.06197348463829,42.37666086079761
"95 CEDAR STREET, Boston, MA",SAM,-71.06196669069422,42.37667213256871
"96 CEDAR STREET, Boston, MA",SAM,-71.06199486240006,42.37692440418532
"97 CEDAR STREET, Boston, MA",SAM,-71.06195989675015,42.37668340433981
"16 CEDAR GROVE STREET, Boston, MA",SAM,-71.04836627746619,42.28115685902395
"17 CEDAR GROVE STREET, Boston, MA",SAM,-71.04844851833228,42.28125806692522
"25 CEDAR GROVE STREET, Boston, MA",SAM,-71.04862120470219,42.28121892925948
"35 CEDAR GROVE STREET, Boston, MA",SAM,-71.04883706266456,42.281170007177344
"36 CEDAR GROVE STREET, Boston, MA",SAM,-71.04880698747272,42.28105697643958
"37 CEDAR GROVE STREET, Boston, MA",SAM,-71.04888023425704,42.28116022276091
"40 CEDAR GROVE STREET, Boston, MA",SAM,-71.04889512947402,42.281036999922705
"41 CEDAR GROVE STREET, Boston, MA",SAM,-71.04896657744199,42.28114065392806
"42 CEDAR GROVE STREET, Boston, MA",SAM,-71.04893920047466,42.281027011664264
"45 CEDAR GROVE STREET, Boston, MA",SAM,-71.04905292062693,42.28112108509519
"48 CEDAR GROVE STREET, Boston, MA",SAM,-71.04907141347663,42.28099704688895
"51 CEDAR GROVE STREET, Boston, MA",SAM,-71.04918243540436,42.28109173184591
"52 CEDAR GROVE STREET, Boston, MA",SAM,-71.04915955547794,42.28097707037206
"53 CEDAR GROVE STREET, Boston, MA",SAM,-71.04922560699684,42.28108194742947
"55 CEDAR GROVE STREET, Boston, MA",SAM,-71.04926877858932,42.281072163013064
"60 CEDAR GROVE STREET, Boston, MA",SAM,-71.04933583948053,42.28093711733831
"14 CEDAR LANE WAY, Boston, MA",SAM,-71.06989822514383,42.3578052124392
"18 CEDAR LANE WAY, Boston, MA",SAM,-71.06955820229271,42.357156077732625
"29 CEDAR LANE WAY, Boston, MA",SAM,-71.06991304728489,42.358190781025066
"32 CEDAR LANE WAY, Boston, MA",SAM,-71.06997364388675,42.35796329188759
"34 CEDAR LANE WAY, Boston, MA",SAM,-71.06998445346154,42.357987186743806
"36 CEDAR LANE WAY, Boston, MA",SAM,-71.0699952630363,42.358011081600026
"38 CEDAR LANE WAY, Boston, MA",SAM,-71.0700060726111,42.35803497645625
"40 CEDAR LANE WAY, Boston, MA",SAM,-71.07001688218587,42.358058871312465
"44 CEDAR LANE WAY, Boston, MA",SAM,-71.07003850133542,42.35810666102491
"46 CEDAR LANE WAY, Boston, MA",SAM,-71.07004931091019,42.358130555881125
"52 CEDAR LANE WAY, Boston, MA",SAM,-71.07008173963452,42.35820224044979
"54 CEDAR LANE WAY, Boston, MA",SAM,-71.0700925492093,42.358226135306005
"1 CEDARCREST CIRCLE, Boston, MA",SAM,-71.14907639641635,42.26270008598823
"10 CEDARCREST CIRCLE, Boston, MA",SAM,-71.14905503651234,42.26253070714533
"14 CEDARCREST CIRCLE, Boston, MA",SAM,-71.14911407425613,42.2624933165724
"15 CEDARCREST CIRCLE, Boston, MA",SAM,-71.14924005076186,42.26256435507586
"18 CEDARCREST CIRCLE, Boston, MA",SAM,-71.14917311199991,42.262455925999454
"19 CEDARCREST CIRCLE, Boston, MA",SAM,-71.14929788365374,42.26252772757585
"2 CEDARCREST CIRCLE, Boston, MA",SAM,-71.1489504653551,42.26263341238656
"22 CEDARCREST CIRCLE, Boston, MA",SAM,-71.1492321497437,42.262418535426505
"23 CEDARCREST CIRCLE, Boston, MA",SAM,-71.14935571654561,42.26249110007583
"26 CEDARCREST CIRCLE, Boston, MA",SAM,-71.14929118748748,42.26238114485357
"27 CEDARCREST CIRCLE, Boston, MA",SAM,-71.14941354943748,42.262454472575804
"29 CEDARCREST CIRCLE, Boston, MA",SAM,-71.1494428744503,42.262435579617396
"30 CEDARCREST CIRCLE, Boston, MA",SAM,-71.14934931491155,42.262343904339836
"5 CEDARCREST CIRCLE, Boston, MA",SAM,-71.14912068542445,42.26265426977081
"6 CEDARCREST CIRCLE, Boston, MA",SAM,-71.14899567705086,42.26258664166463
"9 CEDARCREST CIRCLE, Boston, MA",SAM,-71.14915330142408,42.26261929632592
"10 CEDARCREST LANE, Boston, MA",SAM,-71.1473429549557,42.26295098382823
"15 CEDARCREST LANE, Boston, MA",SAM,-71.14742537374852,42.262843657812176
"19 CEDARCREST LANE, Boston, MA",SAM,-71.1473988586752,42.2628190366671
"5 CEDARCREST LANE, Boston, MA",SAM,-71.14749166143184,42.262905210674894
"6 CEDARCREST LANE, Boston, MA",SAM,-71.14737002242637,42.26297611791384
"9 CEDARCREST LANE, Boston, MA",SAM,-71.14746514635853,42.26288058952979
"45 CEDARCREST ROAD, Boston, MA",SAM,-71.14740465808059,42.26304122369591
"10 CEDARCREST ROAD, Boston, MA",SAM,-71.14966683655013,42.2631718065845
"14 CEDARCREST ROAD, Boston, MA",SAM,-71.14946353456598,42.2630863368741
"15 CEDARCREST ROAD, Boston, MA",SAM,-71.14907779031167,42.262716498926586
"18 CEDARCREST ROAD, Boston, MA",SAM,-71.14924822936467,42.26298541159618
"2 CEDARCREST ROAD, Boston, MA",SAM,-71.15006158806457,42.26339127076083
"22 CEDARCREST ROAD, Boston, MA",SAM,-71.14904775853232,42.262861219661296
"26 CEDARCREST ROAD, Boston, MA",SAM,-71.14886113784696,42.26272965451882
"30 CEDARCREST ROAD, Boston, MA",SAM,-71.14856091118668,42.26263103837184
"34 CEDARCREST ROAD, Boston, MA",SAM,-71.14824409281263,42.26262292934097
"38 CEDARCREST ROAD, Boston, MA",SAM,-71.14797207846388,42.26272639799696
"41 CEDARCREST ROAD, Boston, MA",SAM,-71.14756818822212,42.262849483659274
"42 CEDARCREST ROAD, Boston, MA",SAM,-71.14771613270001,42.26290217585458
"46 CEDARCREST ROAD, Boston, MA",SAM,-71.14754760615027,42.263085263061406
"49 CEDARCREST ROAD, Boston, MA",SAM,-71.14735619670311,42.26323044937667
"5 CEDARCREST ROAD, Boston, MA",SAM,-71.14984471156743,42.26312815515593
"50 CEDARCREST ROAD, Boston, MA",SAM,-71.1475141527566,42.263224272864576
"53 CEDARCREST ROAD, Boston, MA",SAM,-71.1473308272204,42.26341312179542
"54 CEDARCREST ROAD, Boston, MA",SAM,-71.14749016221043,42.26337420247772
"57 CEDARCREST ROAD, Boston, MA",SAM,-71.14731226705763,42.26359197419722
"58 CEDARCREST ROAD, Boston, MA",SAM,-71.14747407673603,42.2635292078926
"6 CEDARCREST ROAD, Boston, MA",SAM,-71.14986368881344,42.26328274534035
"61 CEDARCREST ROAD, Boston, MA",SAM,-71.14729370689484,42.263770826599014
"62 CEDARCREST ROAD, Boston, MA",SAM,-71.14745799126162,42.263684213307485
"65 CEDARCREST ROAD, Boston, MA",SAM,-71.14727514673206,42.263949679000795
"66 CEDARCREST ROAD, Boston, MA",SAM,-71.1474419057872,42.26383921872236
"69 CEDARCREST ROAD, Boston, MA",SAM,-71.14725658656928,42.2641285314026
"70 CEDARCREST ROAD, Boston, MA",SAM,-71.14742582031279,42.26399422413724
"73 CEDARCREST ROAD, Boston, MA",SAM,-71.14722136117197,42.264318946726014
"77 CEDARCREST ROAD, Boston, MA",SAM,-71.1471905605883,42.26439979825599
"80 CEDARCREST ROAD, Boston, MA",SAM,-71.14735037400742,42.26440259421587
"81 CEDARCREST ROAD, Boston, MA",SAM,-71.14715875017664,42.26446082055853
"84 CEDARCREST ROAD, Boston, MA",SAM,-71.14729096410822,42.264520614073255
"9 CEDARCREST ROAD, Boston, MA",SAM,-71.1495062037108,42.262973146258325
"1 CEDARCREST TERRACE, Boston, MA",SAM,-71.14740009020444,42.26433201693047
"10 CEDARCREST TERRACE, Boston, MA",SAM,-71.14745237889025,42.264214061248666
"14 CEDARCREST TERRACE, Boston, MA",SAM,-71.14748454052582,42.26421220577046
"15 CEDARCREST TERRACE, Boston, MA",SAM,-71.14751035866931,42.26432565529095
"19 CEDARCREST TERRACE, Boston, MA",SAM,-71.14754186394502,42.26432383767966
"5 CEDARCREST TERRACE, Boston, MA",SAM,-71.14743159548011,42.26433019931918
"6 CEDARCREST TERRACE, Boston, MA",SAM,-71.14742021725465,42.26421591672685
"9 CEDARCREST TERRACE, Boston, MA",SAM,-71.1474631007558,42.26432838170789
"1 CEDARWOOD ROAD, Boston, MA",SAM,,
"18 CEDARWOOD ROAD, Boston, MA",SAM,-71.12440190622758,42.31068038475894
"2 CEDARWOOD ROAD, Boston, MA",SAM,-71.12500814050824,42.310939772207846
"24 CEDARWOOD ROAD, Boston, MA",SAM,-71.12425519869038,42.3105385674408
"28 CEDARWOOD ROAD, Boston, MA",SAM,-71.12415739366561,42.31044402256204
"32 CEDARWOOD ROAD, Boston, MA",SAM,-71.12407105639704,42.310334531008785
"36 CEDARWOOD ROAD, Boston, MA",SAM,-71.1239914653817,42.31023106266422
"39 CEDARWOOD ROAD, Boston, MA",SAM,-71.12409139875143,42.31012596221367
"40 CEDARWOOD ROAD, Boston, MA",SAM,-71.1239169479786,42.310120438211094
"44 CEDARWOOD ROAD, Boston, MA",SAM,-71.12384893116463,42.31001254944467
"48 CEDARWOOD ROAD, Boston, MA",SAM,-71.12378783329808,42.30989743157375
"55 CEDARWOOD ROAD, Boston, MA",SAM,-71.12386612878456,42.30969316243083
"6 CEDARWOOD ROAD, Boston, MA",SAM,-71.12480616701907,42.31091510021719
"35 CEDRIC STREET, Boston, MA",SAM,-71.07162024146265,42.32583439235169
"6 CEDRIC STREET, Boston, MA",SAM,-71.0719826562665,42.32628469850103
"10 CEDRUS AVENUE, Boston, MA",SAM,-71.13662472066575,42.27940265291964
"14 CEDRUS AVENUE, Boston, MA",SAM,-71.1364420436516,42.27928550521705
"18 CEDRUS AVENUE, Boston, MA",SAM,-71.1362627546001,42.279169299324224
"22 CEDRUS AVENUE, Boston, MA",SAM,-71.13605641585069,42.279032608119664
"25 CEDRUS AVENUE, Boston, MA",SAM,-71.13593668982374,42.278791130432026
"26 CEDRUS AVENUE, Boston, MA",SAM,-71.13597111768193,42.278972929528884
"29 CEDRUS AVENUE, Boston, MA",SAM,-71.1358613100467,42.278738391212265
"3 CEDRUS AVENUE, Boston, MA",SAM,-71.13692618576209,42.27943448318656
"30 CEDRUS AVENUE, Boston, MA",SAM,-71.13588581951319,42.278913250938075
"33 CEDRUS AVENUE, Boston, MA",SAM,-71.13578593026966,42.278685651992504
"34 CEDRUS AVENUE, Boston, MA",SAM,-71.13580052134444,42.27885357234728
"37 CEDRUS AVENUE, Boston, MA",SAM,-71.13571055049265,42.2786329127727
"38 CEDRUS AVENUE, Boston, MA",SAM,-71.13571522317568,42.27879389375651
"41 CEDRUS AVENUE, Boston, MA",SAM,-71.1356351707156,42.27858017355294
"42 CEDRUS AVENUE, Boston, MA",SAM,-71.13562992500695,42.27873421516571
"45 CEDRUS AVENUE, Boston, MA",SAM,-71.13555979093857,42.27852743433317
"46 CEDRUS AVENUE, Boston, MA",SAM,-71.1355446268382,42.278674536574904
"5 CEDRUS AVENUE, Boston, MA",SAM,-71.13675875057412,42.279335262311996
"50 CEDRUS AVENUE, Boston, MA",SAM,-71.13545932866944,42.278614857984124
"58 CEDRUS AVENUE, Boston, MA",SAM,-71.13528873233194,42.278495500802514
"6 CEDRUS AVENUE, Boston, MA",SAM,-71.1368107597635,42.279512898335824
"64 CEDRUS AVENUE, Boston, MA",SAM,-71.13516078507881,42.27840598291634
"68 CEDRUS AVENUE, Boston, MA",SAM,-71.13507548691007,42.27834630432554
"9 CEDRUS AVENUE, Boston, MA",SAM,-71.13643652669703,42.27912958683037
"15 CEFALO ROAD, Boston, MA",SAM,-71.14595148305646,42.288089090435484
"19 CEFALO ROAD, Boston, MA",SAM,-71.14597110866772,42.28813136099452
"21 CEFALO ROAD, Boston, MA",SAM,-71.14598079807621,42.28815235547141
"7 CEFALO ROAD, Boston, MA",SAM,-71.14591223183399,42.28800454931744
"11 CELIA ROAD, Boston, MA",SAM,-71.14975885578863,42.27852205740284
"12 CELIA ROAD, Boston, MA",SAM,-71.14987802816891,42.27859525478933
"3 CELIA ROAD, Boston, MA",SAM,-71.14979532401934,42.278488904464176
"7 CELIA ROAD, Boston, MA",SAM,-71.14977708990399,42.278505480933525
"8 CELIA ROAD, Boston, MA",SAM,-71.14989664216166,42.27857833297691
"1 CENTERVALE PARK, Boston, MA",SAM,-71.06441327057719,42.296032870814415
"10 CENTERVALE PARK, Boston, MA",SAM,-71.0643204572209,42.29617943231787
"12 CENTERVALE PARK, Boston, MA",SAM,-71.06428411847205,42.296189122650915
"14 CENTERVALE PARK, Boston, MA",SAM,-71.0642477797232,42.29619881298398
"15 CENTERVALE PARK, Boston, MA",SAM,-71.06416409058502,42.296099318812516
"2 CENTERVALE PARK, Boston, MA",SAM,-71.06446581221633,42.29614067098564
"3 CENTERVALE PARK, Boston, MA",SAM,-71.06437767343546,42.29604236338557
"4 CENTERVALE PARK, Boston, MA",SAM,-71.06442947346747,42.2961503613187
"5 CENTERVALE PARK, Boston, MA",SAM,-71.06434207629373,42.29605185595674
"6 CENTERVALE PARK, Boston, MA",SAM,-71.06439313471863,42.29616005165175
"7 CENTERVALE PARK, Boston, MA",SAM,-71.06430647915198,42.29606134852788
"8 CENTERVALE PARK, Boston, MA",SAM,-71.06435679596977,42.29616974198481
"9 CENTERVALE PARK, Boston, MA",SAM,-71.06427088201023,42.29607084109903
"100 CENTRAL AVENUE, Boston, MA",SAM,-71.11983163244804,42.26028496660462
"101 CENTRAL AVENUE, Boston, MA",SAM,-71.11968642308804,42.260245197720096
"105 CENTRAL AVENUE, Boston, MA",SAM,-71.11965383304948,42.26031037779759
"11 CENTRAL AVENUE, Boston, MA",SAM,-71.12100181075851,42.257145920643104
"112 CENTRAL AVENUE, Boston, MA",SAM,-71.1194298347691,42.26116197383807
"113 CENTRAL AVENUE, Boston, MA",SAM,-71.11958865297235,42.26044073795258
"115 CENTRAL AVENUE, Boston, MA",SAM,-71.11957235795309,42.26047332799131
"116 CENTRAL AVENUE, Boston, MA",SAM,-71.11929076037333,42.261457940830404
"117 CENTRAL AVENUE, Boston, MA",SAM,-71.1195560629338,42.26050591803007
"118 CENTRAL AVENUE, Boston, MA",SAM,-71.11921333106315,42.26160173812261
"120 CENTRAL AVENUE, Boston, MA",SAM,-71.11913590175295,42.261745535414796
"122 CENTRAL AVENUE, Boston, MA",SAM,-71.11905847244276,42.261889332707
"124 CENTRAL AVENUE, Boston, MA",SAM,-71.11900679468707,42.26199384501378
"126 CENTRAL AVENUE, Boston, MA",SAM,-71.11894724583371,42.262125768626696
"12 CENTRAL AVENUE, Boston, MA",SAM,-71.12130809601523,42.256544110230315
"130 CENTRAL AVENUE, Boston, MA",SAM,-71.11882814812698,42.262389615852534
"138 CENTRAL AVENUE, Boston, MA",SAM,-71.11858995271356,42.262917310304196
"14 CENTRAL AVENUE, Boston, MA",SAM,-71.12128656740053,42.25663500881532
"142 CENTRAL AVENUE, Boston, MA",SAM,-71.11847085500685,42.26318115753003
"144 CENTRAL AVENUE, Boston, MA",SAM,-71.11841780730364,42.26329124453362
"146 CENTRAL AVENUE, Boston, MA",SAM,-71.11840692975512,42.26331245575341
"148 CENTRAL AVENUE, Boston, MA",SAM,-71.11839605220659,42.26333366697321
"20 CENTRAL AVENUE, Boston, MA",SAM,-71.121215331744,42.25693041471472
"21 CENTRAL AVENUE, Boston, MA",SAM,-71.1209403402225,42.257383021259734
"25 CENTRAL AVENUE, Boston, MA",SAM,-71.12091575200809,42.25747786150639
"26 CENTRAL AVENUE, Boston, MA",SAM,-71.12105550835035,42.25754687631793
"27 CENTRAL AVENUE, Boston, MA",SAM,-71.1209034579009,42.2575252816297
"31 CENTRAL AVENUE, Boston, MA",SAM,-71.1209301172388,42.25770000180253
"44 CENTRAL AVENUE, Boston, MA",SAM,-71.12059732903447,42.257780017418575
"49 CENTRAL AVENUE, Boston, MA",SAM,-71.1211200942572,42.258234178232954
"55 CENTRAL AVENUE, Boston, MA",SAM,-71.12053238024768,42.25898092008776
"56 CENTRAL AVENUE, Boston, MA",SAM,-71.12105874647914,42.258540962890095
"60 CENTRAL AVENUE, Boston, MA",SAM,-71.1209285514265,42.258707169346685
"62 CENTRAL AVENUE, Boston, MA",SAM,-71.12086315650578,42.25879053855926
"68 CENTRAL AVENUE, Boston, MA",SAM,-71.12066586176024,42.259038983804125
"69 CENTRAL AVENUE, Boston, MA",SAM,-71.12012592498132,42.25952813594485
"71 CENTRAL AVENUE, Boston, MA",SAM,-71.12007283373633,42.25960298589928
"74 CENTRAL AVENUE, Boston, MA",SAM,-71.12053235783071,42.259210952249866
"75 CENTRAL AVENUE, Boston, MA",SAM,-71.11997538185855,42.25973266009872
"76 CENTRAL AVENUE, Boston, MA",SAM,-71.1205041019592,42.25924768488421
"77 CENTRAL AVENUE, Boston, MA",SAM,-71.11995108400163,42.25976390020166
"79 CENTRAL AVENUE, Boston, MA",SAM,-71.11992678614472,42.259795140304604
"80 CENTRAL AVENUE, Boston, MA",SAM,-71.1204475902162,42.2593211501529
"82 CENTRAL AVENUE, Boston, MA",SAM,-71.12042228750768,42.25935684897548
"76 CENTRAL STREET, Boston, MA",SAM,-71.05273109376813,42.358954134831635
"1 CENTRE AVENUE, Boston, MA",SAM,-71.06235767530266,42.29304080094923
"10 CENTRE AVENUE, Boston, MA",SAM,-71.06244743913324,42.29289340396161
"11 CENTRE AVENUE, Boston, MA",SAM,-71.06253435905808,42.29299165151093
"12 CENTRE AVENUE, Boston, MA",SAM,-71.06248351206663,42.29288336928462
"13 CENTRE AVENUE, Boston, MA",SAM,,
"15 CENTRE AVENUE, Boston, MA",SAM,,
"16 CENTRE AVENUE, Boston, MA",SAM,-71.06255565793343,42.29286329993064
"17 CENTRE AVENUE, Boston, MA",SAM,-71.06264036931132,42.29296216184793
"18 CENTRE AVENUE, Boston, MA",SAM,-71.06259173086681,42.29285326525364
"24 CENTRE AVENUE, Boston, MA",SAM,-71.06269994966702,42.292823161222685
"3 CENTRE AVENUE, Boston, MA",SAM,-71.06239301205376,42.293030971061576
"5 CENTRE AVENUE, Boston, MA",SAM,-71.06242834880483,42.293021141173924
"7 CENTRE AVENUE, Boston, MA",SAM,-71.06246368555591,42.29301131128625
"9 CENTRE AVENUE, Boston, MA",SAM,-71.062499022307,42.29300148139858
"11 CENTRE COURT, Boston, MA",SAM,-71.05717188190573,42.295058023733674
"13 CENTRE COURT, Boston, MA",SAM,-71.057175874516,42.29506659324102
"15 CENTRE COURT, Boston, MA",SAM,-71.05717986712628,42.295075162748375
"16 CENTRE COURT, Boston, MA",SAM,,
"10 CENTRE LANE, Boston, MA",SAM,-71.16092167186369,42.271013269483234
"11 CENTRE LANE, Boston, MA",SAM,-71.16097078589505,42.270904480882365
"14 CENTRE LANE, Boston, MA",SAM,-71.16091523114437,42.27101190326961
"15 CENTRE LANE, Boston, MA",SAM,-71.16096405241576,42.27090305256815
"16 CENTRE LANE, Boston, MA",SAM,-71.16091201078473,42.271011220162826
"19 CENTRE LANE, Boston, MA",SAM,,
"4 CENTRE LANE, Boston, MA",SAM,-71.16107671711846,42.271046318657824
"5 CENTRE LANE, Boston, MA",SAM,,
"9 CENTRE LANE, Boston, MA",SAM,,
"1 CENTRE PLACE, Boston, MA",SAM,,
"4 CENTRE PLACE, Boston, MA",SAM,,
"5 CENTRE PLACE, Boston, MA",SAM,,
"1001 CENTRE STREET, Boston, MA",SAM,,
"1007 CENTRE STREET, Boston, MA",SAM,-71.12410906185013,42.30655066564177
"1010 CENTRE STREET, Boston, MA",SAM,,
"1011 CENTRE STREET, Boston, MA",SAM,-71.124177014314,42.30645913782999
"1020 CENTRE STREET, Boston, MA",SAM,-71.12433037848574,42.305618297556705
"1025 CENTRE STREET, Boston, MA",SAM,-71.12473583434424,42.30525966106802
"1033 CENTRE STREET, Boston, MA",SAM,-71.12478383168825,42.304973379409965
"1037 CENTRE STREET, Boston, MA",SAM,-71.12480076476992,42.304860492227576
"1051 CENTRE STREET, Boston, MA",SAM,-71.1248513073581,42.30446341540641
"1061 CENTRE STREET, Boston, MA",SAM,-71.12489654586349,42.30409080625612
"1067 CENTRE STREET, Boston, MA",SAM,,
"1071 CENTRE STREET, Boston, MA",SAM,-71.12496552530307,42.30378096913951
"1077 CENTRE STREET, Boston, MA",SAM,,
"1085 CENTRE STREET, Boston, MA",SAM,,
"1090 CENTRE STREET, Boston, MA",SAM,-71.12510526187886,42.30297427197371
"111 CENTRE STREET, Boston, MA",SAM,,
"1125 CENTRE STREET, Boston, MA",SAM,,
"1137 CENTRE STREET, Boston, MA",SAM,,
"1153 CENTRE STREET, Boston, MA",SAM,-71.12635623892716,42.30178834491999
"1155 CENTRE STREET, Boston, MA",SAM,,
"1200 CENTRE STREET, Boston, MA",SAM,-71.1324798898223,42.296897719340144
"1205 CENTRE STREET, Boston, MA",SAM,-71.13062814638026,42.29793141078105
"1215 CENTRE STREET, Boston, MA",SAM,-71.13094023265792,42.297769214847136
"1245 CENTRE STREET, Boston, MA",SAM,-71.1320188102017,42.2973133704151
"125 CENTRE STREET, Boston, MA",SAM,-71.09618844025866,42.32700596846649
"127 CENTRE STREET, Boston, MA",SAM,-71.09622258277774,42.3269528578798
"1305 CENTRE STREET, Boston, MA",SAM,-71.13382633064428,42.2963209313187
"1369 CENTRE STREET, Boston, MA",SAM,-71.13511542699588,42.29528720768792
"1373 CENTRE STREET, Boston, MA",SAM,-71.13521358432716,42.29520779950573
"1377 CENTRE STREET, Boston, MA",SAM,-71.13531245301218,42.29512594903751
"1381 CENTRE STREET, Boston, MA",SAM,-71.13540645221543,42.29504383478685
"1385 CENTRE STREET, Boston, MA",SAM,-71.13550045141872,42.294961720536165
"139 CENTRE STREET, Boston, MA",SAM,-71.0964345792446,42.32656832331597
"1391 CENTRE STREET, Boston, MA",SAM,-71.1356414502236,42.29483854916016
"1397 CENTRE STREET, Boston, MA",SAM,-71.13578244902851,42.29471537778416
"1408 CENTRE STREET, Boston, MA",SAM,-71.13615767044939,42.294173108049904
"1409 CENTRE STREET, Boston, MA",SAM,-71.13439417045916,42.29589073151956
"1410 CENTRE STREET, Boston, MA",SAM,-71.1362273505294,42.294122555832395
"1417 CENTRE STREET, Boston, MA",SAM,-71.13453846850153,42.295768078177325
"142 CENTRE STREET, Boston, MA",SAM,-71.09552511455774,42.32776616967126
"1421 CENTRE STREET, Boston, MA",SAM,-71.1346106175227,42.29570675150621
"1422 CENTRE STREET, Boston, MA",SAM,-71.13591946180381,42.294345926095836
"1427 CENTRE STREET, Boston, MA",SAM,-71.13471884105446,42.295614761499536
"1431 CENTRE STREET, Boston, MA",SAM,-71.13479099007564,42.295553434828406
"1433 CENTRE STREET, Boston, MA",SAM,-71.13482706458623,42.29552277149284
"1435 CENTRE STREET, Boston, MA",SAM,-71.13486313909682,42.29549210815728
"1437 CENTRE STREET, Boston, MA",SAM,-71.13489839023002,42.295462788001885
"1438 CENTRE STREET, Boston, MA",SAM,-71.13598428048289,42.29429890077721
"1441 CENTRE STREET, Boston, MA",SAM,-71.13497255354699,42.29540279070867
"1442 CENTRE STREET, Boston, MA",SAM,-71.13600048515265,42.29428714444755
"1450 CENTRE STREET, Boston, MA",SAM,-71.13603289449219,42.29426363178826
"1452 CENTRE STREET, Boston, MA",SAM,-71.13604099682708,42.29425775362342
"1453 CENTRE STREET, Boston, MA",SAM,-71.13519504349792,42.29522279882904
"1454 CENTRE STREET, Boston, MA",SAM,-71.13604909916195,42.294251875458606
"1457 CENTRE STREET, Boston, MA",SAM,-71.1352692068149,42.29516280153582
"1458 CENTRE STREET, Boston, MA",SAM,-71.13606530383171,42.294240119128936
"1461 CENTRE STREET, Boston, MA",SAM,-71.13534274164434,42.29509949000119
"1463 CENTRE STREET, Boston, MA",SAM,-71.13537825245447,42.295068469062045
"1467 HEWLETT STREET, Boston, MA",SAM,,
"1468 CENTRE STREET, Boston, MA",SAM,-71.13610581550614,42.294210728304805
"147 CENTRE STREET, Boston, MA",SAM,-71.09662244640748,42.326168852873614
"1471 CENTRE STREET, Boston, MA",SAM,-71.13552029569496,42.29494438530547
"1472 CENTRE STREET, Boston, MA",SAM,-71.1361220201759,42.294198971975156
"1475 CENTRE STREET, Boston, MA",SAM,-71.1355913173152,42.29488234342718
"1476 CENTRE STREET, Boston, MA",SAM,-71.13613822484568,42.2941872156455
"1477 CENTRE STREET, Boston, MA",SAM,-71.13562682812533,42.29485132248804
"1479 CENTRE STREET, Boston, MA",SAM,-71.13566233893543,42.2948203015489
"1480 CENTRE STREET, Boston, MA",SAM,-71.13615442951543,42.29417545931584
"1481 CENTRE STREET, Boston, MA",SAM,-71.13569784974557,42.29478928060976
"1489 CENTRE STREET, Boston, MA",SAM,-71.13583989298604,42.29466519685318
"1490 CENTRE STREET, Boston, MA",SAM,-71.13619494118986,42.294146068491706
"1494 CENTRE STREET, Boston, MA",SAM,-71.13621114585963,42.29413431216205
"1497 CENTRE STREET, Boston, MA",SAM,-71.13598193622653,42.29454111309662
"1500 CENTRE STREET, Boston, MA",SAM,-71.13951783408626,42.291404949783654
"1504 CENTRE STREET, Boston, MA",SAM,-71.13959834112018,42.29133682844378
"1508 CENTRE STREET, Boston, MA",SAM,-71.13974115014858,42.29121646747504
"1512 CENTRE STREET, Boston, MA",SAM,-71.14000710350312,42.29099389657124
"1514 CENTRE STREET, Boston, MA",SAM,-71.14014008018042,42.29088261111935
"1515 CENTRE STREET, Boston, MA",SAM,-71.14016749531184,42.29103269296418
"1517 CENTRE STREET, Boston, MA",SAM,-71.14021182087093,42.29099559781355
"1525 CENTRE STREET, Boston, MA",SAM,-71.14038912310728,42.29084721721101
"1528 CENTRE STREET, Boston, MA",SAM,-71.14061293619558,42.29048341090374
"1531 CENTRE STREET, Boston, MA",SAM,-71.14062259780185,42.290649635117674
"1532 CENTRE STREET, Boston, MA",SAM,-71.14070816013815,42.2904025733081
"1535 CENTRE STREET, Boston, MA",SAM,-71.1407535307229,42.29053848342367
"1536 CENTRE STREET, Boston, MA",SAM,-71.14080338408074,42.29032173571244
"1539 CENTRE STREET, Boston, MA",SAM,-71.14088446364394,42.29042733172966
"1540 CENTRE STREET, Boston, MA",SAM,-71.1408986080233,42.29024089811681
"1543 CENTRE STREET, Boston, MA",SAM,-71.14101539656498,42.290316180035624
"1549 CENTRE STREET, Boston, MA",SAM,-71.14124710089828,42.29013342375079
"1550 CENTRE STREET, Boston, MA",SAM,-71.14119442047922,42.29000319100334
"1551 CENTRE STREET, Boston, MA",SAM,-71.14130707791024,42.290082014880795
"1553 CENTRE STREET, Boston, MA",SAM,-71.1413670549222,42.29003060601081
"1558 CENTRE STREET, Boston, MA",SAM,-71.14137896513141,42.289845009864884
"1561 CENTRE STREET, Boston, MA",SAM,-71.14160696297003,42.2898249705308
"1565 CENTRE STREET, Boston, MA",SAM,-71.14172691699395,42.289722152790816
"1567 CENTRE STREET, Boston, MA",SAM,-71.14182835168526,42.28963847258009
"1569 CENTRE STREET, Boston, MA",SAM,-71.14202876586323,42.28947932013648
"1571 CENTRE STREET, Boston, MA",SAM,-71.14213411075015,42.28939225943423
"1575 CENTRE STREET, Boston, MA",SAM,-71.14234226397859,42.28921320288459
"1577 CENTRE STREET, Boston, MA",SAM,-71.14244634059281,42.289123674609755
"1579 CENTRE STREET, Boston, MA",SAM,-71.14255016787635,42.289031507784664
"158 CENTRE STREET, Boston, MA",SAM,-71.09700783453007,42.3252902768823
"1580 CENTRE STREET, Boston, MA",SAM,-71.14225683951406,42.289110939442565
"1581 CENTRE STREET, Boston, MA",SAM,-71.14265014939052,42.28893946130675
"1584 CENTRE STREET, Boston, MA",SAM,-71.14235291023489,42.28902829795811
"1585 CENTRE STREET, Boston, MA",SAM,-71.14284209727478,42.28877732944867
"1587 CENTRE STREET, Boston, MA",SAM,-71.14288751970487,42.2887539693407
"1588 CENTRE STREET, Boston, MA",SAM,-71.14244479878458,42.288945569957
"1590 CENTRE STREET, Boston, MA",SAM,-71.14249094409881,42.28890308696721
"1591 CENTRE STREET, Boston, MA",SAM,-71.14297516009644,42.28870882560433
"1596 CENTRE STREET, Boston, MA",SAM,-71.1426293800415,42.28877563799777
"1598 CENTRE STREET, Boston, MA",SAM,-71.14275367634879,42.28868324102877
"16 CENTRE STREET, Boston, MA",SAM,-71.09263774304145,42.32974928964909
"1600 CENTRE STREET, Boston, MA",SAM,-71.14285253693195,42.28863239844081
"1601 CENTRE STREET, Boston, MA",SAM,-71.14320717103581,42.288628553928675
"1604 CENTRE STREET, Boston, MA",SAM,-71.14308140535002,42.288538569723904
"1623 CENTRE STREET, Boston, MA",SAM,-71.14378509308516,42.28848759733234
"1633 CENTRE STREET, Boston, MA",SAM,-71.14404778492579,42.28842352615219
"1642 CENTRE STREET, Boston, MA",SAM,-71.14496318211405,42.28808959912386
"1646 CENTRE STREET, Boston, MA",SAM,-71.14502800706279,42.2880742458467
"1652 CENTRE STREET, Boston, MA",SAM,-71.14541854632527,42.28797665978042
"1658 CENTRE STREET, Boston, MA",SAM,-71.14583313829509,42.28784554983265
"1662 CENTRE STREET, Boston, MA",SAM,-71.1460088721588,42.28777597879226
"1664 CENTRE STREET, Boston, MA",SAM,-71.14605168150929,42.28776034998131
"167 CENTRE STREET, Boston, MA",SAM,-71.09704845703585,42.32547304858574
"1686 CENTRE STREET, Boston, MA",SAM,-71.1467019806921,42.287527315297275
"1689 CENTRE STREET, Boston, MA",SAM,-71.14706912795484,42.2875406161096
"1690 CENTRE STREET, Boston, MA",SAM,-71.14687669356918,42.287471666918606
"1694 CENTRE STREET, Boston, MA",SAM,-71.14704917282296,42.287423756014476
"1698 CENTRE STREET, Boston, MA",SAM,-71.14722165207674,42.287375845110326
"17 CENTRE STREET, Boston, MA",SAM,-71.09272184636272,42.32984954845012
"1702 CENTRE STREET, Boston, MA",SAM,-71.14745938458037,42.28701144380552
"1704 CENTRE STREET, Boston, MA",SAM,-71.14819463594827,42.287062696170516
"1706 CENTRE STREET, Boston, MA",SAM,-71.14825703765615,42.28707497192017
"1710 CENTRE STREET, Boston, MA",SAM,-71.14877247146896,42.28709969029504
"1714 CENTRE STREET, Boston, MA",SAM,-71.1489270905353,42.28711712104612
"1723 CENTRE STREET, Boston, MA",SAM,-71.14875065077919,42.28721313897542
"1731 CENTRE STREET, Boston, MA",SAM,-71.14936704355588,42.287278600952085
"1736 CENTRE STREET, Boston, MA",SAM,-71.14977349139926,42.287204265530626
"1739 CENTRE STREET, Boston, MA",SAM,-71.14998360810475,42.28734130246037
"1741 CENTRE STREET, Boston, MA",SAM,-71.15013933293012,42.28735560031289
"1744 CENTRE STREET, Boston, MA",SAM,-71.15015639129213,42.287241705878095
"1751 CENTRE STREET, Boston, MA",SAM,-71.15043045418419,42.287379462723486
"1764 CENTRE STREET, Boston, MA",SAM,-71.15097362670127,42.28733267856981
"1765 CENTRE STREET, Boston, MA",SAM,-71.15082765861885,42.28742745670538
"1766 CENTRE STREET, Boston, MA",SAM,-71.15112566641979,42.28735612473584
"1774 CENTRE STREET, Boston, MA",SAM,-71.15137789291481,42.28739553513954
"1779 CENTRE STREET, Boston, MA",SAM,-71.15167648736944,42.287555018341116
"1780 CENTRE STREET, Boston, MA",SAM,-71.15156706278607,42.287425092942314
"1783 CENTRE STREET, Boston, MA",SAM,-71.15197912358275,42.2875836390792
"1789 CENTRE STREET, Boston, MA",SAM,-71.1523764667732,42.28757778971954
"1803 CENTRE STREET, Boston, MA",SAM,-71.152980696213,42.287423183500465
"1804 CENTRE STREET, Boston, MA",SAM,-71.15251800302656,42.28744470943706
"1811 CENTRE STREET, Boston, MA",SAM,-71.15325394494174,42.287259821209645
"1815 CENTRE STREET, Boston, MA",SAM,-71.15337876472645,42.287171985060326
"1819 CENTRE STREET, Boston, MA",SAM,-71.15350403057369,42.28708341999504
"1826 CENTRE STREET, Boston, MA",SAM,-71.15364236052636,42.286823370383594
"1828 CENTRE STREET, Boston, MA",SAM,-71.15374850489009,42.286743353841935
"1833 CENTRE STREET, Boston, MA",SAM,-71.15398803983376,42.2867221621963
"1834 CENTRE STREET, Boston, MA",SAM,-71.15389629842657,42.28662705728265
"1836 CENTRE STREET, Boston, MA",SAM,-71.15394556293874,42.286588291762904
"1838 CENTRE STREET, Boston, MA",SAM,-71.15399918832156,42.28654834615635
"1840 CENTRE STREET, Boston, MA",SAM,-71.15405122356636,42.28651161539342
"1842 CENTRE STREET, Boston, MA",SAM,-71.15410325881113,42.286474884630515
"1844 CENTRE STREET, Boston, MA",SAM,-71.15415856778131,42.28643751040053
"1848 CENTRE STREET, Boston, MA",SAM,-71.15426640567802,42.28636708564805
"1852 CENTRE STREET, Boston, MA",SAM,-71.1543896598703,42.28629417777585
"1857 CENTRE STREET, Boston, MA",SAM,-71.15484109059106,42.28623599487929
"1868 CENTRE STREET, Boston, MA",SAM,-71.15499134446587,42.286049783822406
"1869 CENTRE STREET, Boston, MA",SAM,-71.15533471351705,42.28605000295976
"1870 CENTRE STREET, Boston, MA",SAM,-71.15507603439241,42.28601818310259
"1882 CENTRE STREET, Boston, MA",SAM,-71.15555452738239,42.285814916278156
"1883 CENTRE STREET, Boston, MA",SAM,-71.15580978356802,42.28580307460342
"1890 CENTRE STREET, Boston, MA",SAM,-71.15585518123578,42.285601206822406
"1895 CENTRE STREET, Boston, MA",SAM,-71.15631667035505,42.28536868335018
"1898 CENTRE STREET, Boston, MA",SAM,-71.15619306504247,42.28529962370558
"19 CENTRE STREET, Boston, MA",SAM,-71.09281562327911,42.329826951603
"1905 CENTRE STREET, Boston, MA",SAM,-71.1566509079462,42.284998818016206
"1906 CENTRE STREET, Boston, MA",SAM,-71.15647233857702,42.28500100125213
"1910 CENTRE STREET, Boston, MA",SAM,-71.1565423594303,42.28489670497234
"1911 CENTRE STREET, Boston, MA",SAM,-71.156748977659,42.28482174562285
"1913 CENTRE STREET, Boston, MA",SAM,-71.15677132618075,42.2847628267944
"1931 CENTRE STREET, Boston, MA",SAM,-71.15698230112652,42.28394999848845
"1940 CENTRE STREET, Boston, MA",SAM,-71.15699925574289,42.28342384312155
"1942 CENTRE STREET, Boston, MA",SAM,-71.1570090524307,42.283397851909655
"1946 CENTRE STREET, Boston, MA",SAM,-71.15702864580638,42.28334586948589
"1961 CENTRE STREET, Boston, MA",SAM,-71.15719090475906,42.28334199497107
"1964 CENTRE STREET, Boston, MA",SAM,-71.15715639304601,42.28302539988444
"1972 CENTRE STREET, Boston, MA",SAM,-71.15724723263106,42.282828501082285
"1977 CENTRE STREET, Boston, MA",SAM,-71.15746492043615,42.2827087599319
"1980 CENTRE STREET, Boston, MA",SAM,-71.15736197926212,42.282594040492
"1981 CENTRE STREET, Boston, MA",SAM,-71.15755270360235,42.28255384845953
"1988 CENTRE STREET, Boston, MA",SAM,-71.15748966386748,42.282368714713975
"1991 CENTRE STREET, Boston, MA",SAM,-71.15779506935219,42.282140342603554
"1996 CENTRE STREET, Boston, MA",SAM,-71.15765197774425,42.282096481620236
"20 CENTRE STREET, Boston, MA",SAM,-71.0927387335668,42.329724954582936
"2000 CENTRE STREET, Boston, MA",SAM,-71.15773388876129,42.28195021194463
"2012 CENTRE STREET, Boston, MA",SAM,-71.15792527417742,42.28150483593374
"2018 CENTRE STREET, Boston, MA",SAM,-71.15800883353111,42.2812755335289
"2020 CENTRE STREET, Boston, MA",SAM,-71.15803668664901,42.281199099393966
"2029 CENTRE STREET, Boston, MA",SAM,-71.15823304412778,42.28074155406263
"2034 CENTRE STREET, Boston, MA",SAM,-71.15808445427047,42.28062307901053
"2041 CENTRE STREET, Boston, MA",SAM,-71.15832602297331,42.280356657109714
"2046 CENTRE STREET, Boston, MA",SAM,-71.15826980068333,42.28016849576958
"2053 CENTRE STREET, Boston, MA",SAM,-71.15857971393051,42.27999524086981
"2060 CENTRE STREET, Boston, MA",SAM,-71.15850303812525,42.27987341428315
"2069 CENTRE STREET, Boston, MA",SAM,-71.15911884619668,42.27936637872305
"2071 CENTRE STREET, Boston, MA",SAM,-71.15916900535925,42.27930035825702
"2075 CENTRE STREET, Boston, MA",SAM,-71.15926766660355,42.27917035755385
"2077 CENTRE STREET, Boston, MA",SAM,-71.15931699722569,42.27910535720228
"2081 CENTRE STREET, Boston, MA",SAM,-71.15941565847,42.27897535649912
"2085 CENTRE STREET, Boston, MA",SAM,-71.15954267841876,42.278816120209726
"2091 CENTRE STREET, Boston, MA",SAM,-71.159686025353,42.27865557163631
"2092 CENTRE STREET, Boston, MA",SAM,-71.15871273100954,42.27963933849495
"2093 CENTRE STREET, Boston, MA",SAM,-71.15973380766442,42.27860205544518
"21 CENTRE STREET, Boston, MA",SAM,-71.09290940019551,42.32980435475588
"2135 CENTRE STREET, Boston, MA",SAM,-71.16048870791144,42.27691986455054
"2144 CENTRE STREET, Boston, MA",SAM,-71.1603252424827,42.27693534916536
"2148 CENTRE STREET, Boston, MA",SAM,-71.16033250570082,42.27691148430732
"2152 CENTRE STREET, Boston, MA",SAM,-71.16033976891896,42.27688761944925
"2159 CENTRE STREET, Boston, MA",SAM,-71.16053628303908,42.27664934155446
"2160 CENTRE STREET, Boston, MA",SAM,-71.1603542953552,42.27683988973313
"2163 CENTRE STREET, Boston, MA",SAM,-71.16054781718539,42.27650705006496
"2171 CENTRE STREET, Boston, MA",SAM,-71.16050740958032,42.27626045325801
"2173 CENTRE STREET, Boston, MA",SAM,-71.16048548386146,42.2761868454624
"2175 CENTRE STREET, Boston, MA",SAM,-71.16046355814261,42.27611323766676
"2179 CENTRE STREET, Boston, MA",SAM,-71.16042076363817,42.27596987500044
"2183 CENTRE STREET, Boston, MA",SAM,-71.16039065815701,42.275820781124644
"2187 CENTRE STREET, Boston, MA",SAM,-71.16036055267585,42.27567168724884
"2191 CENTRE STREET, Boston, MA",SAM,-71.1603304471947,42.27552259337302
"2197 CENTRE STREET, Boston, MA",SAM,-71.16028684284392,42.27529909756065
"2205 CENTRE STREET, Boston, MA",SAM,-71.1602685970867,42.275008031278475
"2211 CENTRE STREET, Boston, MA",SAM,-71.16034633751931,42.274594346471254
"2212 CENTRE STREET, Boston, MA",SAM,-71.16013692474385,42.27485055054205
"2215 CENTRE STREET, Boston, MA",SAM,-71.1604047616483,42.274392883972034
"2219 CENTRE STREET, Boston, MA",SAM,-71.16046318968944,42.27419135848783
"2221 CENTRE STREET, Boston, MA",SAM,-71.16049225354324,42.27409060380197
"2222 CENTRE STREET, Boston, MA",SAM,-71.16026168670697,42.274340061932506
"2227 CENTRE STREET, Boston, MA",SAM,-71.16057944510466,42.27378833974443
"2231 CENTRE STREET, Boston, MA",SAM,-71.16063051794931,42.273627695521604
"2235 CENTRE STREET, Boston, MA",SAM,-71.16068161155637,42.27348535359101
"2251 CENTRE STREET, Boston, MA",SAM,-71.160800273821,42.273232975475
"2253 CENTRE STREET, Boston, MA",SAM,-71.16081811392228,42.273201259738904
"2256 ACACIA ROAD, Boston, MA",SAM,,
"2261 CENTRE STREET, Boston, MA",SAM,-71.16098810993984,42.27292726807901
"2264 CENTRE STREET, Boston, MA",SAM,-71.16058593850241,42.2733158052205
"2265 CENTRE STREET, Boston, MA",SAM,-71.16106060511802,42.272812909485125
"2268 CENTRE STREET, Boston, MA",SAM,-71.1606454055066,42.273210086100185
"2269 CENTRE STREET, Boston, MA",SAM,-71.16113310029623,42.27269855089122
"2272 CENTRE STREET, Boston, MA",SAM,-71.16073916137383,42.27305014204395
"2276 CENTRE STREET, Boston, MA",SAM,-71.16080259465475,42.272950078274306
"2280 CENTRE STREET, Boston, MA",SAM,-71.16086602793565,42.27285001450465
"2284 CENTRE STREET, Boston, MA",SAM,-71.16092946121657,42.27274995073499
"2285 CENTRE STREET, Boston, MA",SAM,-71.16146932471804,42.27212023567587
"2289 CENTRE STREET, Boston, MA",SAM,-71.16155148069026,42.2719503829022
"2290 CENTRE STREET, Boston, MA",SAM,-71.16106069468997,42.272545615097705
"2295 CENTRE STREET, Boston, MA",SAM,-71.16163705992471,42.271768357229114
"2300 CENTRE STREET, Boston, MA",SAM,-71.16132452462115,42.27207960318069
"2303 CENTRE STREET, Boston, MA",SAM,-71.16175116557065,42.27152565633165
"2314 CENTRE STREET, Boston, MA",SAM,-71.16147343266555,42.27176763806349
"2322 CENTRE STREET, Boston, MA",SAM,-71.16153792716108,42.27163045929535
"2323 CENTRE STREET, Boston, MA",SAM,-71.16198807622305,42.2707998111267
"2326 CENTRE STREET, Boston, MA",SAM,-71.16157017440885,42.2715618699113
"2329 CENTRE STREET, Boston, MA",SAM,-71.16200981535616,42.27057620871817
"2330 CENTRE STREET, Boston, MA",SAM,-71.1616024216566,42.271493280527224
"2331 CENTRE STREET, Boston, MA",SAM,-71.16201706173383,42.27050167458201
"2335 CENTRE STREET, Boston, MA",SAM,-71.16203155448926,42.27035260630966
"2350 CENTRE STREET, Boston, MA",SAM,-71.1617753545419,42.271077862911454
"2356 CENTRE STREET, Boston, MA",SAM,-71.16185897875073,42.27053071899282
"2358 CENTRE STREET, Boston, MA",SAM,-71.16187709469497,42.2703443836524
"2364 CENTRE STREET, Boston, MA",SAM,-71.16189119949775,42.27009358543873
"2368 CENTRE STREET, Boston, MA",SAM,-71.16189736010509,42.26995497193589
"2369 CENTRE STREET, Boston, MA",SAM,-71.1620700194606,42.26955631228627
"2373 CENTRE STREET, Boston, MA",SAM,-71.16207352112552,42.26947025207445
"2377 CENTRE STREET, Boston, MA",SAM,-71.16207509510461,42.269385257457834
"2383 CENTRE STREET, Boston, MA",SAM,-71.16207745607328,42.26925776553292
"2389 CENTRE STREET, Boston, MA",SAM,-71.16204975313121,42.269120872062395
"2398 CENTRE STREET, Boston, MA",SAM,-71.16181094977652,42.26895350165307
"2403 CENTRE STREET, Boston, MA",SAM,-71.16197783559377,42.268735589438386
"2407 CENTRE STREET, Boston, MA",SAM,-71.16210590302863,42.26855646702532
"2417 CENTRE STREET, Boston, MA",SAM,-71.16252680322576,42.268112702520256
"2423 CENTRE STREET, Boston, MA",SAM,-71.16274514878016,42.26782142635653
"2426 CENTRE STREET, Boston, MA",SAM,-71.16260722089214,42.26776933622076
"2432 CENTRE STREET, Boston, MA",SAM,-71.16273770756054,42.267502589370274
"2434 CENTRE STREET, Boston, MA",SAM,-71.16276397724943,42.2674118395425
"2437 CENTRE STREET, Boston, MA",SAM,-71.16294166267197,42.267345092236795
"2440 CENTRE STREET, Boston, MA",SAM,-71.16282076526544,42.26714412766437
"2441 CENTRE STREET, Boston, MA",SAM,-71.1629674736315,42.26721604919195
"2444 CENTRE STREET, Boston, MA",SAM,-71.16284330990473,42.26695926168536
"2445 CENTRE STREET, Boston, MA",SAM,-71.16298250339105,42.26709280520595
"2449 CENTRE STREET, Boston, MA",SAM,-71.16299753315056,42.26696956121993
"2450 CENTRE STREET, Boston, MA",SAM,-71.16285336140118,42.26675702785306
"2451 CENTRE STREET, Boston, MA",SAM,-71.16300609611888,42.26685102358277
"2454 CENTRE STREET, Boston, MA",SAM,-71.16285399661811,42.26666636887891
"2459 CENTRE STREET, Boston, MA",SAM,-71.16300772092964,42.26656023375985
"2470 CENTRE STREET, Boston, MA",SAM,-71.16284662463711,42.2662316289868
"2473 CENTRE STREET, Boston, MA",SAM,-71.1629856365207,42.2659630666561
"2480 CENTRE STREET, Boston, MA",SAM,-71.16282745728294,42.265778249313186
"2481 CENTRE STREET, Boston, MA",SAM,-71.16298230392458,42.26568724575094
"2484 CENTRE STREET, Boston, MA",SAM,-71.16282745729141,42.265632643605684
"2485 CENTRE STREET, Boston, MA",SAM,-71.16298263592014,42.265518299279776
"2489 CENTRE STREET, Boston, MA",SAM,-71.16298349302868,42.26537087806446
"2490 CENTRE STREET, Boston, MA",SAM,-71.16282872899743,42.26535656429228
"2493 CENTRE STREET, Boston, MA",SAM,-71.16298435013721,42.26522345684912
"2496 CENTRE STREET, Boston, MA",SAM,-71.16283013519109,42.265114701360865
"2497 CENTRE STREET, Boston, MA",SAM,-71.16298520724573,42.26507603563382
"2500 CENTRE STREET, Boston, MA",SAM,-71.16283107265353,42.26495345940662
"2501 CENTRE STREET, Boston, MA",SAM,-71.16298606435426,42.26492861441849
"2505 CENTRE STREET, Boston, MA",SAM,-71.16298867302051,42.26478535767845
"2507 CENTRE STREET, Boston, MA",SAM,-71.16299623902745,42.26471185935681
"2508 CENTRE STREET, Boston, MA",SAM,-71.16284964493323,42.264627359740466
"2515 CENTRE STREET, Boston, MA",SAM,-71.16303226785453,42.264421560778985
"2519 CENTRE STREET, Boston, MA",SAM,-71.16305745587097,42.26428127711942
"2521 CENTRE STREET, Boston, MA",SAM,-71.16308069195787,42.264209599702504
"2523 CENTRE STREET, Boston, MA",SAM,-71.16310392804478,42.26413792228558
"2524 CENTRE STREET, Boston, MA",SAM,-71.16299474719408,42.2639835142157
"2525 CENTRE STREET, Boston, MA",SAM,-71.1631271641317,42.26406624486863
"2526 CENTRE STREET, Boston, MA",SAM,-71.16302016166414,42.26390511704092
"2530 CENTRE STREET, Boston, MA",SAM,-71.16307099060425,42.26374832269137
"2534 CENTRE STREET, Boston, MA",SAM,-71.16312181954436,42.26359152834185
"2538 CENTRE STREET, Boston, MA",SAM,-71.16317235530653,42.26343547153069
"2542 CENTRE STREET, Boston, MA",SAM,-71.16322034034823,42.263278187237226
"2543 CENTRE STREET, Boston, MA",SAM,-71.1633357329805,42.26342026429385
"2546 CENTRE STREET, Boston, MA",SAM,-71.16326832538991,42.26312090294374
"2549 CENTRE STREET, Boston, MA",SAM,-71.16340154103767,42.26320456011993
"2550 CENTRE STREET, Boston, MA",SAM,-71.1633163104316,42.26296361865026
"2555 CENTRE STREET, Boston, MA",SAM,-71.16346734909483,42.26298885594602
"2565 CENTRE STREET, Boston, MA",SAM,-71.16353767099167,42.26276889526645
"2570 CENTRE STREET, Boston, MA",SAM,-71.16341940946899,42.262622468993136
"2574 CENTRE STREET, Boston, MA",SAM,-71.16343098946247,42.262578853480846
"2598 CENTRE STREET, Boston, MA",SAM,-71.16344989534778,42.26218526279229
"2600 CENTRE STREET, Boston, MA",SAM,-71.16342056516845,42.26197576139487
"2602 CENTRE STREET, Boston, MA",SAM,-71.16338825846104,42.26177469971431
"2606 CENTRE STREET, Boston, MA",SAM,-71.16332431535109,42.26158937117255
"2610 CENTRE STREET, Boston, MA",SAM,-71.1632809016403,42.261433747304295
"2614 CENTRE STREET, Boston, MA",SAM,-71.16324381582669,42.261281500221465
"2618 CENTRE STREET, Boston, MA",SAM,-71.16321141513849,42.26112453246685
"2622 CENTRE STREET, Boston, MA",SAM,-71.16318943745884,42.26097068862483
"2626 CENTRE STREET, Boston, MA",SAM,-71.16316745977916,42.2608168447828
"2630 CENTRE STREET, Boston, MA",SAM,-71.16314630913682,42.26065916650289
"2634 CENTRE STREET, Boston, MA",SAM,-71.16313808672312,42.26050458493486
"2638 CENTRE STREET, Boston, MA",SAM,-71.1631298643094,42.26035000336684
"2659 CENTRE STREET, Boston, MA",SAM,-71.16329850600704,42.26060733803391
"2664 CENTRE STREET, Boston, MA",SAM,-71.16325203544798,42.25958922975482
"2668 CENTRE STREET, Boston, MA",SAM,-71.16326032214678,42.25952878561638
"2672 CENTRE STREET, Boston, MA",SAM,-71.16326860884557,42.25946834147793
"2676 CENTRE STREET, Boston, MA",SAM,-71.16327689554439,42.25940789733946
"27 CENTRE STREET, Boston, MA",SAM,-71.0931907309447,42.32973656421446
"280 CENTRE STREET, Boston, MA",SAM,-71.10167770794196,42.322832609928355
"284 CENTRE STREET, Boston, MA",SAM,-71.10197571538646,42.32285142617368
"286 CENTRE STREET, Boston, MA",SAM,-71.10211008074631,42.32285703937578
"288 CENTRE STREET, Boston, MA",SAM,-71.10225232922957,42.322859329847496
"29 CENTRE STREET, Boston, MA",SAM,-71.0933415051679,42.32969561765289
"290 CENTRE STREET, Boston, MA",SAM,-71.10239124523983,42.322863670977874
"300 CENTRE STREET, Boston, MA",SAM,-71.10293341484359,42.32286225873966
"302 CENTRE STREET, Boston, MA",SAM,-71.1031300866171,42.32285230068012
"312 CENTRE STREET, Boston, MA",SAM,-71.10392811861304,42.32276886489602
"315 CENTRE STREET, Boston, MA",SAM,-71.10431471035926,42.322841805789366
"319 CENTRE STREET, Boston, MA",SAM,-71.10445412568616,42.3228270528472
"322 CENTRE STREET, Boston, MA",SAM,-71.10506977067124,42.32264870191564
"330 CENTRE STREET, Boston, MA",SAM,-71.10574936307916,42.32258561377269
"331 CENTRE STREET, Boston, MA",SAM,-71.104955021913,42.322774968473816
"338 CENTRE STREET, Boston, MA",SAM,-71.1064778245357,42.3225141303146
"341 CENTRE STREET, Boston, MA",SAM,-71.10592296728176,42.322684540193606
"342 CENTRE STREET, Boston, MA",SAM,-71.10676356906775,42.3224803923851
"345 CENTRE STREET, Boston, MA",SAM,-71.1063065527682,42.32264665521454
"349 CENTRE STREET, Boston, MA",SAM,-71.05859167127899,42.29450138446193
"360 CENTRE STREET, Boston, MA",SAM,-71.10820339722525,42.32235852822313
"361 CENTRE STREET, Boston, MA",SAM,-71.1079683413965,42.322495994987996
"364 CENTRE STREET, Boston, MA",SAM,-71.10849549994226,42.322318488129945
"365 CENTRE STREET, Boston, MA",SAM,-71.10838365101998,42.3224566029016
"368 CENTRE STREET, Boston, MA",SAM,-71.10871567198456,42.322256987559015
"372 CENTRE STREET, Boston, MA",SAM,-71.10893584402685,42.322195486988086
"373 CENTRE STREET, Boston, MA",SAM,-71.1088333523841,42.32234661221957
"378 CENTRE STREET, Boston, MA",SAM,-71.11006740897355,42.321449528883306
"379 CENTRE STREET, Boston, MA",SAM,-71.10911643072419,42.32226754005696
"382 CENTRE STREET, Boston, MA",SAM,-71.11011539570707,42.321391748936456
"383 CENTRE STREET, Boston, MA",SAM,-71.10935541693632,42.32220126231243
"386 CENTRE STREET, Boston, MA",SAM,-71.11016338244058,42.321333968989606
"387 CENTRE STREET, Boston, MA",SAM,-71.10961336381118,42.32214286960967
"388 CENTRE STREET, Boston, MA",SAM,-71.11018737580734,42.32130507901619
"406 CENTRE STREET, Boston, MA",SAM,-71.11040331610818,42.32104506925541
"408 CENTRE STREET, Boston, MA",SAM,-71.11042730947493,42.32101617928199
"410 CENTRE STREET, Boston, MA",SAM,-71.11049750273546,42.32092090553291
"413 CENTRE STREET, Boston, MA",SAM,-71.11037943004838,42.321292817196934
"414 CENTRE STREET, Boston, MA",SAM,-71.11055785060769,42.32082779738456
"418 CENTRE STREET, Boston, MA",SAM,-71.11066909871855,42.320675002152235
"420 CENTRE STREET, Boston, MA",SAM,-71.11076672390237,42.320564951940135
"429 CENTRE STREET, Boston, MA",SAM,-71.11087856609905,42.320647809418304
"433 CENTRE STREET, Boston, MA",SAM,-71.11093181619934,42.32058778202989
"438 CENTRE STREET, Boston, MA",SAM,-71.11124135711455,42.31997054561314
"441 CENTRE STREET, Boston, MA",SAM,-71.11103742229243,42.32046290176312
"45 CENTRE STREET, Boston, MA",SAM,-71.09385592394732,42.32952461170266
"451 CENTRE STREET, Boston, MA",SAM,-71.11137554106081,42.320027883290116
"460 CENTRE STREET, Boston, MA",SAM,-71.11165817471397,42.3194166590049
"461 CENTRE STREET, Boston, MA",SAM,-71.111804063215,42.319456264924554
"470 CENTRE STREET, Boston, MA",SAM,-71.11180202015454,42.319182605401075
"475 CENTRE STREET, Boston, MA",SAM,-71.1120533211966,42.31905972843294
"48 CENTRE STREET, Boston, MA",SAM,-71.09409374973221,42.32926561469727
"482 CENTRE STREET, Boston, MA",SAM,-71.1119466485655,42.3189622559219
"493 CENTRE STREET, Boston, MA",SAM,-71.11249210377517,42.318443271387785
"509 CENTRE STREET, Boston, MA",SAM,-71.11292008661815,42.317830265192185
"512 CENTRE STREET, Boston, MA",SAM,-71.11288217284934,42.31764269967209
"515 CENTRE STREET, Boston, MA",SAM,-71.11295685799588,42.31778054614444
"520 CENTRE STREET, Boston, MA",SAM,-71.11298022985669,42.317510115544735
"525 GOLDSMITH PLACE, Boston, MA",SAM,,
"526 CENTRE STREET, Boston, MA",SAM,-71.11308003202738,42.31736670984943
"536 CENTRE STREET, Boston, MA",SAM,-71.11332108633464,42.31701438170025
"539 CENTRE STREET, Boston, MA",SAM,-71.1131039435069,42.31758166995342
"560 CENTRE STREET, Boston, MA",SAM,-71.11385996206444,42.31620840713028
"572 CENTRE STREET, Boston, MA",SAM,-71.11398930081113,42.31582146816738
"576 CENTRE STREET, Boston, MA",SAM,-71.1140114091684,42.31569298878096
"580 CENTRE STREET, Boston, MA",SAM,-71.11401140917636,42.31555563254211
"59 CENTRE STREET, Boston, MA",SAM,-71.09448144310514,42.32917210834282
"593 CENTRE STREET, Boston, MA",SAM,-71.11417897587087,42.315003851062805
"597 CENTRE STREET, Boston, MA",SAM,-71.11418301999026,42.314900321746116
"600 CENTRE STREET, Boston, MA",SAM,-71.11402984990693,42.314852643458636
"606 CENTRE STREET, Boston, MA",SAM,-71.1140317397118,42.31408369347049
"609 CENTRE STREET, Boston, MA",SAM,-71.11419227802445,42.31451325562493
"61 CENTRE STREET, Boston, MA",SAM,-71.09454215741208,42.32913315954012
"612 CENTRE STREET, Boston, MA",SAM,-71.11402834111304,42.31399532975696
"615 CENTRE STREET, Boston, MA",SAM,-71.11419054889426,42.31432305006507
"625 CENTRE STREET, Boston, MA",SAM,-71.11418362134621,42.314001890181245
"626 CENTRE STREET, Boston, MA",SAM,-71.11402041104925,42.313789147758726
"629 CENTRE STREET, Boston, MA",SAM,-71.11418060036954,42.313923344658114
"632 CENTRE STREET, Boston, MA",SAM,-71.11401591179178,42.313614041514455
"64 CENTRE STREET, Boston, MA",SAM,-71.09444056998801,42.32904661012696
"649 CENTRE STREET, Boston, MA",SAM,-71.11417761536109,42.3131277582519
"650 CENTRE STREET, Boston, MA",SAM,-71.11402300723863,42.31311051246671
"656 CENTRE STREET, Boston, MA",SAM,-71.11403620177978,42.31289500941536
"66 CENTRE STREET, Boston, MA",SAM,-71.09496926912554,42.32860284521334
"661 CENTRE STREET, Boston, MA",SAM,-71.11419157964647,42.312894136110344
"662 CENTRE STREET, Boston, MA",SAM,-71.11405425053424,42.312692863469465
"663 CENTRE STREET, Boston, MA",SAM,-71.11419834792939,42.31281833138064
"67 CENTRE STREET, Boston, MA",SAM,-71.09479922849525,42.3289418955732
"674 CENTRE STREET, Boston, MA",SAM,-71.11412493566839,42.31223281462999
"675 CENTRE STREET, Boston, MA",SAM,-71.11424762041082,42.31236644609507
"677 CENTRE STREET, Boston, MA",SAM,-71.114274261189,42.31226343608963
"683 CENTRE STREET, Boston, MA",SAM,-71.11432851448707,42.31210514846722
"686 CENTRE STREET, Boston, MA",SAM,-71.11420406927884,42.31199087317653
"69 CENTRE STREET, Boston, MA",SAM,-71.09486910781321,42.328887660875836
"693 CENTRE STREET, Boston, MA",SAM,-71.1144067893614,42.31184423223642
"701 CENTRE STREET, Boston, MA",SAM,-71.11448542475569,42.311573690319655
"702 CENTRE STREET, Boston, MA",SAM,-71.11430247197801,42.31166286420066
"707 CENTRE STREET, Boston, MA",SAM,-71.1145067586911,42.31149029403472
"71 CENTRE STREET, Boston, MA",SAM,-71.0949409834857,42.328824202361105
"713 CENTRE STREET, Boston, MA",SAM,-71.11452809262653,42.3114068977498
"717 CENTRE STREET, Boston, MA",SAM,-71.11454231525013,42.31135130022651
"720 CENTRE STREET, Boston, MA",SAM,-71.11442475189713,42.311198522201785
"725 CENTRE STREET, Boston, MA",SAM,-71.11457036029859,42.31124202538863
"728 CENTRE STREET, Boston, MA",SAM,-71.11447782534194,42.311023692041694
"740 CENTRE STREET, Boston, MA",SAM,-71.11460724989126,42.31068235424748
"741 CENTRE STREET, Boston, MA",SAM,-71.11466540042281,42.310939971115175
"743 CENTRE STREET, Boston, MA",SAM,-71.11469100647763,42.31086989138845
"75 CENTRE STREET, Boston, MA",SAM,-71.09509077137344,42.328673996371194
"757 CENTRE STREET, Boston, MA",SAM,-71.11496199840803,42.31038212864527
"770 CENTRE STREET, Boston, MA",SAM,-71.11676815652302,42.309026060426504
"775 CENTRE STREET, Boston, MA",SAM,-71.11533899986514,42.30998615545593
"776 CENTRE STREET, Boston, MA",SAM,-71.11483603164501,42.310315393507
"780 CENTRE STREET, Boston, MA",SAM,-71.11487797773965,42.310272094310484
"784 CENTRE STREET, Boston, MA",SAM,-71.11491992383431,42.31022879511395
"790 CENTRE STREET, Boston, MA",SAM,-71.11498284297627,42.3101638463192
"793 CENTRE STREET, Boston, MA",SAM,-71.1155528022413,42.30972873827473
"796 CENTRE STREET, Boston, MA",SAM,-71.11676815652302,42.309026060426504
"798 CENTRE STREET, Boston, MA",SAM,-71.11722204970442,42.308912906181455
"800 CENTRE STREET, Boston, MA",SAM,-71.11736712057143,42.30888390837356
"801 CENTRE STREET, Boston, MA",SAM,-71.19048987911532,42.34404754725529
"802 CENTRE STREET, Boston, MA",SAM,-71.11747425728821,42.308859943582085
"803 CENTRE STREET, Boston, MA",SAM,-71.11682048091161,42.30913392073855
"812 CENTRE STREET, Boston, MA",SAM,-71.11806106430193,42.308735364226344
"814 CENTRE STREET, Boston, MA",SAM,-71.11839441670054,42.30869104259099
"815 CENTRE STREET, Boston, MA",SAM,-71.11741198173439,42.308993592044374
"816 CENTRE STREET, Boston, MA",SAM,-71.11855454272019,42.30869514346415
"822 CENTRE STREET, Boston, MA",SAM,-71.11875140489553,42.30871177466145
"827 CENTRE STREET, Boston, MA",SAM,-71.11794766531828,42.30887376808695
"828 CENTRE STREET, Boston, MA",SAM,-71.11894195919781,42.308735783611944
"831 CENTRE STREET, Boston, MA",SAM,-71.11811446498965,42.308844506165826
"85 CENTRE STREET, Boston, MA",SAM,-71.09539110043336,42.328295884893286
"857 CENTRE STREET, Boston, MA",SAM,-71.11854382342146,42.30880946032324
"866 CENTRE STREET, Boston, MA",SAM,-71.11934724295067,42.308790932301505
"891 CENTRE STREET, Boston, MA",SAM,-71.12052019118401,42.30906663398465
"917 CENTRE STREET, Boston, MA",SAM,-71.12264246871464,42.308501244127804
"920 CENTRE STREET, Boston, MA",SAM,-71.12237273923644,42.30834576512312
"925 CENTRE STREET, Boston, MA",SAM,-71.1226615624862,42.30847490789027
"927 CENTRE STREET, Boston, MA",SAM,-71.12273431176818,42.30837279668018
"93 CENTRE STREET, Boston, MA",SAM,-71.09557299924298,42.327977782689615
"935 CENTRE STREET, Boston, MA",SAM,-71.1228641315487,42.30818733984484
"945 CENTRE STREET, Boston, MA",SAM,-71.12302767283882,42.30795772423931
"95 CENTRE STREET, Boston, MA",SAM,-71.09561777859315,42.32789897103187
"952 CENTRE STREET, Boston, MA",SAM,-71.12280407138762,42.30781488798809
"954 CENTRE STREET, Boston, MA",SAM,-71.12282672192397,42.3077849569211
"955 CENTRE STREET, Boston, MA",SAM,-71.12319811473994,42.30772913156367
"960 CENTRE STREET, Boston, MA",SAM,-71.12289467353303,42.30769516372008
"965 CENTRE STREET, Boston, MA",SAM,-71.12336786403843,42.307501792909314
"975 CENTRE STREET, Boston, MA",SAM,-71.12354550422582,42.307276218059386
"977 CENTRE STREET, Boston, MA",SAM,-71.12358103226329,42.3072311030894
"985 CENTRE STREET, Boston, MA",SAM,-71.12372305207583,42.30705053861968
"991 CENTRE STREET, Boston, MA",SAM,-71.12382945538783,42.306915116217326
"992 CENTRE STREET, Boston, MA",SAM,-71.12327086737683,42.307220772828785
"994 CENTRE STREET, Boston, MA",SAM,-71.12415992640074,42.305956448824816
"995 CENTRE STREET, Boston, MA",SAM,-71.12390039092915,42.306824834615774
"996 CENTRE STREET, Boston, MA",SAM,-71.1241733368152,42.30593029851637
"998 CENTRE STREET, Boston, MA",SAM,-71.12418674722967,42.30590414820794
"102 CENTRE STREET, Boston, MA",SAM,-71.09526299153224,42.328227506204335
"107 CENTRE STREET, Boston, MA",SAM,-71.09588696912289,42.327489727863025
"113 CENTRE STREET, Boston, MA",SAM,-71.09598892082968,42.32732412309563
"120 CENTRE STREET, Boston, MA",SAM,-71.09538094689371,42.32801990476445
"129 CENTRE STREET, Boston, MA",SAM,-71.09625650415967,42.326896492579735
"131 CENTRE STREET, Boston, MA",SAM,-71.09628695787337,42.326842169738185
"138 CENTRE STREET, Boston, MA",SAM,-71.0954989022552,42.32781230332456
"140 CENTRE STREET, Boston, MA",SAM,-71.09551200840646,42.327789236497885
"168 CENTRE STREET, Boston, MA",SAM,-71.09714229583169,42.3251435918193
"183 CENTRE STREET, Boston, MA",SAM,-71.0973512759213,42.325119868769704
"185 CENTRE STREET, Boston, MA",SAM,-71.09739161431179,42.32507586325081
"192 CENTRE STREET, Boston, MA",SAM,-71.09754550033016,42.32480245177457
"204 CENTRE STREET, Boston, MA",SAM,-71.10074846247005,42.32276583903356
"214 CENTRE STREET, Boston, MA",SAM,-71.10094894111957,42.322778368957316
"218 CENTRE STREET, Boston, MA",SAM,-71.10102913257936,42.32278338092684
"221 CENTRE STREET, Boston, MA",SAM,-71.10081348881221,42.32288490328808
"229 CENTRE STREET, Boston, MA",SAM,-71.10087679785943,42.32288886010614
"233 CENTRE STREET, Boston, MA",SAM,-71.10090845238304,42.32289083851515
"237 CENTRE STREET, Boston, MA",SAM,-71.10094010690663,42.322892816924174
"239 CENTRE STREET, Boston, MA",SAM,-71.10095593416844,42.32289380612868
"241 CENTRE STREET, Boston, MA",SAM,-71.10097176143024,42.32289479533318
"267 CENTRE STREET, Boston, MA",SAM,-71.10117751583368,42.32290765499179
"271 CENTRE STREET, Boston, MA",SAM,-71.10120917035731,42.32290963340082
"279 CENTRE STREET, Boston, MA",SAM,-71.10140808690053,42.322924060175986
"282 CENTRE STREET, Boston, MA",SAM,-71.06153581946133,42.29384549771668
"289 CENTRE STREET, Boston, MA",SAM,-71.10196681001273,42.322965828237656
"291 CENTRE STREET, Boston, MA",SAM,-71.10205009619591,42.32296937233371
"30 CENTRE STREET, Boston, MA",SAM,-71.09299120988018,42.32966411691758
"321 CENTRE STREET, Boston, MA",SAM,-71.10452383334962,42.32281967637616
"34 CENTRE STREET, Boston, MA",SAM,-71.09309220040554,42.329639781851434
"343 CENTRE STREET, Boston, MA",SAM,-71.10611476002497,42.322665597704095
"352 CENTRE STREET, Boston, MA",SAM,-71.10756327692863,42.32241156780943
"355 CENTRE STREET, Boston, MA",SAM,-71.10735108007233,42.32254422015303
"356 CENTRE STREET, Boston, MA",SAM,-71.10788633984383,42.32238612003219
"385 CENTRE STREET, Boston, MA",SAM,-71.10947826988053,42.32216788700309
"393 CENTRE STREET, Boston, MA",SAM,-71.11004130039314,42.32205406165339
"397 CENTRE STREET, Boston, MA",SAM,-71.11026598689133,42.321834972900575
"399 CENTRE STREET, Boston, MA",SAM,-71.11019844961959,42.32181996461355
"40 CENTRE STREET, Boston, MA",SAM,-71.09395101445111,42.32934865016199
"50 CENTRE STREET, Boston, MA",SAM,-71.09412990328687,42.32924317455876
"51 CENTRE STREET, Boston, MA",SAM,-71.0941572634061,42.3293758160988
"54 CENTRE STREET, Boston, MA",SAM,-71.09420221039622,42.32919829428173
"55 CENTRE STREET, Boston, MA",SAM,-71.09430187762474,42.329286055544785
"63 CENTRE STREET, Boston, MA",SAM,-71.09465946985928,42.32905036496794
"74 CENTRE STREET, Boston, MA",SAM,-71.09504222412771,42.32852449974434
"78 CENTRE STREET, Boston, MA",SAM,-71.0950795653301,42.328482765457466
"79 CENTRE STREET, Boston, MA",SAM,-71.0952244016442,42.32852859602768
"80 CENTRE STREET, Boston, MA",SAM,-71.09509823593127,42.328461898314025
"83 CENTRE STREET, Boston, MA",SAM,-71.09533998349781,42.32837256029893
"84 CENTRE STREET, Boston, MA",SAM,-71.09513557713366,42.32842016402713
"87 CENTRE STREET, Boston, MA",SAM,-71.0954386611924,42.3282142176628
"90 CENTRE STREET, Boston, MA",SAM,-71.09517601724079,42.32835930370599
"91 CENTRE STREET, Boston, MA",SAM,-71.09552821989278,42.32805659434734
"98 CENTRE STREET, Boston, MA",SAM,-71.09523586145804,42.328269537377444
"15 CENTRE TERRACE, Boston, MA",SAM,-71.16048013654336,42.272953198925336
"17 CENTRE TERRACE, Boston, MA",SAM,-71.16045685226202,42.27294142316245
"20 CENTRE TERRACE, Boston, MA",SAM,-71.16032508147586,42.27301190881998
"23 CENTRE TERRACE, Boston, MA",SAM,-71.16035610134142,42.27288646810236
"24 CENTRE TERRACE, Boston, MA",SAM,-71.16025651487715,42.27297450884852
"27 CENTRE TERRACE, Boston, MA",SAM,-71.16028893406104,42.2728498313956
"34 CENTRE TERRACE, Boston, MA",SAM,-71.16007850614928,42.27287601426277
"35 CENTRE TERRACE, Boston, MA",SAM,-71.16016457711343,42.27277855365921
"44 CENTRE TERRACE, Boston, MA",SAM,-71.1599236395351,42.27276785342863
"45 CENTRE TERRACE, Boston, MA",SAM,-71.16001287104243,42.272672600189054
"48 CENTRE TERRACE, Boston, MA",SAM,-71.15986169288946,42.27272458909499
"52 CENTRE TERRACE, Boston, MA",SAM,-71.15979847264116,42.27268038170537
"8 CENTRE TERRACE, Boston, MA",SAM,-71.16055817256438,42.273109958674716
"9 CENTRE TERRACE, Boston, MA",SAM,-71.16059218277006,42.272994479124264
"11 CERDAN AVENUE, Boston, MA",SAM,-71.14089239075702,42.29282699686713
"12 CERDAN AVENUE, Boston, MA",SAM,-71.14044995353055,42.29304251950613
"16 CERDAN AVENUE, Boston, MA",SAM,-71.14066493449907,42.29285096041424
"18 CERDAN AVENUE, Boston, MA",SAM,-71.14077285090671,42.29275411235125
"2 CERDAN AVENUE, Boston, MA",SAM,-71.13990489442581,42.293530476479226
"24 CERDAN AVENUE, Boston, MA",SAM,-71.14110700069809,42.29247023332073
"25 CERDAN AVENUE, Boston, MA",SAM,-71.14138913251644,42.2924064464119
"26 CERDAN AVENUE, Boston, MA",SAM,-71.14122306400292,42.292372609975246
"27 CERDAN AVENUE, Boston, MA",SAM,-71.14145563020087,42.29234965251508
"28 CERDAN AVENUE, Boston, MA",SAM,-71.14133780230397,42.2922752595335
"29 CERDAN AVENUE, Boston, MA",SAM,-71.14152082809233,42.29229314767296
"30 CERDAN AVENUE, Boston, MA",SAM,-71.14145189861402,42.2921763760598
"32 CERDAN AVENUE, Boston, MA",SAM,-71.14156599492406,42.292077492586095
"35 CERDAN AVENUE, Boston, MA",SAM,-71.1417164217667,42.29212363314662
"36 CERDAN AVENUE, Boston, MA",SAM,-71.14179418754418,42.29187972563869
"38 CERDAN AVENUE, Boston, MA",SAM,-71.14189847456953,42.291792395578064
"4 CERDAN AVENUE, Boston, MA",SAM,-71.14000289449626,42.293428021855334
"40 CERDAN AVENUE, Boston, MA",SAM,-71.1420669704113,42.2916560405546
"42 CERDAN AVENUE, Boston, MA",SAM,-71.14223546625307,42.291519685531135
"43 CERDAN AVENUE, Boston, MA",SAM,-71.14201281379644,42.29186970914402
"44 CERDAN AVENUE, Boston, MA",SAM,-71.14240396209485,42.2913833305077
"45 CERDAN AVENUE, Boston, MA",SAM,-71.14234980548,42.2915969990971
"46 CERDAN AVENUE, Boston, MA",SAM,-71.14257245793662,42.291246975484235
"47 CERDAN AVENUE, Boston, MA",SAM,-71.14268679716355,42.291324289050195
"48 CERDAN AVENUE, Boston, MA",SAM,-71.14267525212537,42.291162462954524
"50 CERDAN AVENUE, Boston, MA",SAM,-71.142807711641,42.291051820294655
"51 CERDAN AVENUE, Boston, MA",SAM,-71.14301198745618,42.29105403083087
"52 CERDAN AVENUE, Boston, MA",SAM,-71.14294017115661,42.2909411776348
"53 CERDAN AVENUE, Boston, MA",SAM,-71.14323275331557,42.29086962639774
"54 CERDAN AVENUE, Boston, MA",SAM,-71.14307263067225,42.29083053497491
"55 CERDAN AVENUE, Boston, MA",SAM,-71.14345351917494,42.29068522196463
"56 CERDAN AVENUE, Boston, MA",SAM,-71.14320509018788,42.29071989231505
"58 CERDAN AVENUE, Boston, MA",SAM,-71.1433375497035,42.290609249655155
"59 CERDAN AVENUE, Boston, MA",SAM,-71.14357619096407,42.29058330515608
"6 CERDAN AVENUE, Boston, MA",SAM,-71.1401124635185,42.293324379310775
"60 CERDAN AVENUE, Boston, MA",SAM,-71.14344075595204,42.29052344128626
"64 CERDAN AVENUE, Boston, MA",SAM,-71.14348483650208,42.29048696082921
"68 CERDAN AVENUE, Boston, MA",SAM,-71.14352891705212,42.290450480372144
"7 CERDAN AVENUE, Boston, MA",SAM,-71.14054342162267,42.29313728767825
"8 CERDAN AVENUE, Boston, MA",SAM,-71.14022496018919,42.293230426042555
"1 CERINA ROAD, Boston, MA",SAM,-71.10680762467595,42.31252393728915
"10 CERINA ROAD, Boston, MA",SAM,-71.10695480046827,42.31244948629262
"13 CERINA ROAD, Boston, MA",SAM,-71.10692417419114,42.312565917219686
"6 CERINA ROAD, Boston, MA",SAM,-71.10691514125824,42.312435201455145
"7 CERINA ROAD, Boston, MA",SAM,-71.10686589943354,42.312544927254415
"9 CERINA ROAD, Boston, MA",SAM,-71.10688532435275,42.312551923909524
"10 CEYLON STREET, Boston, MA",SAM,-71.07135181979704,42.31284158198939
"11 CEYLON STREET, Boston, MA",SAM,-71.0715806424013,42.31275059393572
"12 CEYLON STREET, Boston, MA",SAM,-71.07138047530185,42.31279912938835
"17 CEYLON STREET, Boston, MA",SAM,-71.07167795907164,42.31255905001165
"19 CEYLON STREET, Boston, MA",SAM,-71.07171039796174,42.31249520203697
"21 CEYLON STREET, Boston, MA",SAM,-71.07174283685187,42.312431354062284
"50 CEYLON STREET, Boston, MA",SAM,-71.07190672541324,42.31190965506639
"60 CEYLON STREET, Boston, MA",SAM,-71.07220924058709,42.31146292143277
"61 CEYLON STREET, Boston, MA",SAM,-71.07261233842698,42.31106596396857
"63 CEYLON STREET, Boston, MA",SAM,-71.07265316924581,42.310995968277695
"67 CEYLON STREET, Boston, MA",SAM,-71.07273483088353,42.31085597689601
"7 CEYLON STREET, Boston, MA",SAM,-71.07149942429876,42.31287949249088
"8 CEYLON STREET, Boston, MA",SAM,-71.07132316429224,42.312884034590425
"11 CHAMBERLAIN STREET, Boston, MA",SAM,-71.07501923843813,42.29842535329664
"17 CHAMBERLAIN STREET, Boston, MA",SAM,-71.07488650869206,42.298178414169314
"21 CHAMBERLAIN STREET, Boston, MA",SAM,-71.07481813813551,42.29806007275251
"9 CHAMBERLAIN STREET, Boston, MA",SAM,-71.07506349975147,42.298505971518814
"10 CHAMBLET STREET, Boston, MA",SAM,-71.07147757637634,42.31556140609711
"11 CHAMBLET STREET, Boston, MA",SAM,-71.07145407399456,42.315676954165845
"12 CHAMBLET STREET, Boston, MA",SAM,-71.07150994960712,42.31557003896101
"13 CHAMBLET STREET, Boston, MA",SAM,-71.07148578654719,42.31568541084887
"16 CHAMBLET STREET, Boston, MA",SAM,-71.07157469606874,42.31558730468884
"2 CHAMBLET STREET, Boston, MA",SAM,-71.07134808345309,42.31552687464148
"3 CHAMBLET STREET, Boston, MA",SAM,-71.07132722378405,42.31564312743382
"4 CHAMBLET STREET, Boston, MA",SAM,-71.07138045668391,42.31553550750538
"5 CHAMBLET STREET, Boston, MA",SAM,-71.07135893633668,42.31565158411683
"6 CHAMBLET STREET, Boston, MA",SAM,-71.0714128299147,42.315544140369305
"7 CHAMBLET STREET, Boston, MA",SAM,-71.07139064888932,42.315660040799834
"1 CHAMPLAIN CIRCLE, Boston, MA",SAM,-71.07442728754108,42.296496780478286
"10 CHAMPLAIN CIRCLE, Boston, MA",SAM,-71.07426870672057,42.2964887309747
"11 CHAMPLAIN CIRCLE, Boston, MA",SAM,-71.07442046842802,42.296464957937445
"12 CHAMPLAIN CIRCLE, Boston, MA",SAM,-71.07426731448498,42.2964822338726
"13 CHAMPLAIN CIRCLE, Boston, MA",SAM,-71.0744191046054,42.296458593429286
"14 CHAMPLAIN CIRCLE, Boston, MA",SAM,-71.0742659222494,42.2964757367705
"15 CHAMPLAIN CIRCLE, Boston, MA",SAM,-71.07441774078278,42.29645222892112
"16 CHAMPLAIN CIRCLE, Boston, MA",SAM,-71.0742645300138,42.29646923966843
"17 CHAMPLAIN CIRCLE, Boston, MA",SAM,-71.07441637696017,42.29644586441294
"2 CHAMPLAIN CIRCLE, Boston, MA",SAM,-71.0742742756629,42.29651471938305
"3 CHAMPLAIN CIRCLE, Boston, MA",SAM,-71.07442592371845,42.29649041597013
"4 CHAMPLAIN CIRCLE, Boston, MA",SAM,-71.07427288342733,42.29650822228096
"5 CHAMPLAIN CIRCLE, Boston, MA",SAM,-71.07442455989585,42.29648405146195
"6 CHAMPLAIN CIRCLE, Boston, MA",SAM,-71.07427149119175,42.296501725178864
"7 CHAMPLAIN CIRCLE, Boston, MA",SAM,-71.07442319607323,42.296477686953786
"8 CHAMPLAIN CIRCLE, Boston, MA",SAM,-71.07427009895615,42.296495228076786
"9 CHAMPLAIN CIRCLE, Boston, MA",SAM,-71.07442183225061,42.296471322445626
"11 CHAMPNEY STREET, Boston, MA",SAM,-71.16858099962535,42.351401830652456
"12 CHAMPNEY STREET, Boston, MA",SAM,-71.16876156872969,42.35159134517465
"14 CHAMPNEY STREET, Boston, MA",SAM,-71.1687816353216,42.35168766485675
"15 CHAMPNEY STREET, Boston, MA",SAM,-71.16859081872424,42.35151529588746
"19 CHAMPNEY STREET, Boston, MA",SAM,-71.16861333373846,42.35163286253134
"2 CHAMPNEY STREET, Boston, MA",SAM,-71.16871119198122,42.35111085386581
"25 CHAMPNEY STREET, Boston, MA",SAM,-71.1686484502743,42.351801421974976
"27 CHAMPNEY STREET, Boston, MA",SAM,-71.16866626708118,42.35191132249958
"33 CHAMPNEY STREET, Boston, MA",SAM,-71.16867641076814,42.351998558263546
"35 CHAMPNEY STREET, Boston, MA",SAM,-71.16867979199714,42.35202763685153
"36 CHAMPNEY STREET, Boston, MA",SAM,-71.16884814387907,42.352137048072265
"39 CHAMPNEY STREET, Boston, MA",SAM,-71.1686865544551,42.352085794027516
"41 CHAMPNEY STREET, Boston, MA",SAM,-71.16868993568409,42.35211487261552
"44 CHAMPNEY STREET, Boston, MA",SAM,-71.16886031630342,42.352241730989036
"45 CHAMPNEY STREET, Boston, MA",SAM,-71.16869669814206,42.3521730297915
"5 CHAMPNEY STREET, Boston, MA",SAM,-71.16856627097704,42.35123163279991
"8 CHAMPNEY STREET, Boston, MA",SAM,-71.16873644109262,42.351402621613005
"100 CHANDLER STREET, Boston, MA",SAM,-71.07315434616693,42.346313104317076
"102 CHANDLER STREET, Boston, MA",SAM,-71.07318994143881,42.346303711120306
"104 CHANDLER STREET, Boston, MA",SAM,-71.07322553671068,42.34629431792356
"106 CHANDLER STREET, Boston, MA",SAM,-71.07326113198255,42.34628492472679
"107 CHANDLER STREET, Boston, MA",SAM,-71.07331326676642,42.346392843352696
"108 CHANDLER STREET, Boston, MA",SAM,-71.07329672725442,42.34627553153004
"109 CHANDLER STREET, Boston, MA",SAM,-71.07334886203829,42.34638345015593
"110 CHANDLER STREET, Boston, MA",SAM,-71.07333232252631,42.34626613833326
"111 CHANDLER STREET, Boston, MA",SAM,-71.07338445731017,42.34637405695916
"113 CHANDLER STREET, Boston, MA",SAM,-71.07342005258205,42.346364663762394
"114 CHANDLER STREET, Boston, MA",SAM,-71.07340351307005,42.34624735193975
"115 CHANDLER STREET, Boston, MA",SAM,-71.07345564785393,42.346355270565624
"116 CHANDLER STREET, Boston, MA",SAM,-71.07343910834193,42.34623795874298
"117 CHANDLER STREET, Boston, MA",SAM,-71.0734912431258,42.34634587736886
"118 CHANDLER STREET, Boston, MA",SAM,-71.07347470361383,42.34622856554621
"119 CHANDLER STREET, Boston, MA",SAM,-71.0735268383977,42.34633648417209
"120 CHANDLER STREET, Boston, MA",SAM,-71.07351029888568,42.34621917234945
"122 CHANDLER STREET, Boston, MA",SAM,-71.07354589415756,42.3462097791527
"125 CHANDLER STREET, Boston, MA",SAM,-71.0736336242133,42.34630830458183
"126 CHANDLER STREET, Boston, MA",SAM,-71.07361708470131,42.346190992759155
"128 CHANDLER STREET, Boston, MA",SAM,-71.0736526799732,42.3461815995624
"130 CHANDLER STREET, Boston, MA",SAM,-71.07368827524506,42.34617220636564
"132 CHANDLER STREET, Boston, MA",SAM,-71.07372387051693,42.34616281316889
"134 CHANDLER STREET, Boston, MA",SAM,-71.07376051227722,42.34615346234451
"136 CHANDLER STREET, Boston, MA",SAM,-71.07379626348151,42.34614439865893
"138 CHANDLER STREET, Boston, MA",SAM,-71.07383201468582,42.34613533497337
"140 CHANDLER STREET, Boston, MA",SAM,-71.07386776589009,42.34612627128778
"142 CHANDLER STREET, Boston, MA",SAM,-71.07390351709438,42.34611720760221
"144 CHANDLER STREET, Boston, MA",SAM,-71.07393926829867,42.346108143916645
"146 CHANDLER STREET, Boston, MA",SAM,-71.07397501950297,42.34609908023106
"148 CHANDLER STREET, Boston, MA",SAM,-71.07401077070726,42.34609001654549
"150 CHANDLER STREET, Boston, MA",SAM,-71.07404652191155,42.34608095285992
"21 CHANDLER STREET, Boston, MA",SAM,-71.07063305113896,42.347115197922676
"44 CHANDLER STREET, Boston, MA",SAM,-71.07151269966579,42.34675827544204
"48 CHANDLER STREET, Boston, MA",SAM,-71.07156113966923,42.34674579090508
"50 CHANDLER STREET, Boston, MA",SAM,-71.07158535967095,42.34673954863659
"52 CHANDLER STREET, Boston, MA",SAM,-71.07160957967267,42.3467333063681
"54 CHANDLER STREET, Boston, MA",SAM,-71.07163379967439,42.34672706409963
"55 CHANDLER STREET, Boston, MA",SAM,-71.07161076750845,42.346854359053985
"56 CHANDLER STREET, Boston, MA",SAM,-71.07165801967611,42.34672082183115
"57 CHANDLER STREET, Boston, MA",SAM,-71.07165350868796,42.34684334328607
"58 CHANDLER STREET, Boston, MA",SAM,-71.07168223967783,42.34671457956267
"59 CHANDLER STREET, Boston, MA",SAM,-71.07169624986747,42.34683232751815
"60 CHANDLER STREET, Boston, MA",SAM,-71.07170645967955,42.346708337294196
"61 CHANDLER STREET, Boston, MA",SAM,-71.07173899104696,42.34682131175025
"62 CHANDLER STREET, Boston, MA",SAM,-71.07173067968127,42.346702095025705
"63 CHANDLER STREET, Boston, MA",SAM,-71.07178173222646,42.34681029598235
"64 CHANDLER STREET, Boston, MA",SAM,-71.07187480006276,42.346663573422546
"65 CHANDLER STREET, Boston, MA",SAM,-71.07192920007401,42.34677087964912
"66 CHANDLER STREET, Boston, MA",SAM,-71.07192977647065,42.346648349186424
"68 CHANDLER STREET, Boston, MA",SAM,-71.07198475287854,42.34663312495029
"69 CHANDLER STREET, Boston, MA",SAM,-71.07207580382838,42.34673028168611
"70 CHANDLER STREET, Boston, MA",SAM,-71.07203972928644,42.34661790071416
"71 CHANDLER STREET, Boston, MA",SAM,-71.07214910570559,42.34670998270457
"72 CHANDLER STREET, Boston, MA",SAM,-71.07209470569433,42.346602676478014
"73 CHANDLER STREET, Boston, MA",SAM,-71.07222240758279,42.34668968372306
"74 CHANDLER STREET, Boston, MA",SAM,-71.07214968210224,42.34658745224188
"76 CHANDLER STREET, Boston, MA",SAM,-71.07220465851012,42.346572228005755
"77 CHANDLER STREET, Boston, MA",SAM,-71.07236901133716,42.346649085760035
"78 CHANDLER STREET, Boston, MA",SAM,-71.07225963491801,42.34655700376961
"79 CHANDLER STREET, Boston, MA",SAM,-71.07251397193609,42.34660924718853
"80 CHANDLER STREET, Boston, MA",SAM,-71.07231461132592,42.34654177953346
"82 CHANDLER STREET, Boston, MA",SAM,-71.07246029698675,42.34650174176
"84 CHANDLER STREET, Boston, MA",SAM,-71.07252873974647,42.34648307555269
"85 CHANDLER STREET, Boston, MA",SAM,-71.07267823455945,42.34656444829101
"86 CHANDLER STREET, Boston, MA",SAM,-71.07259718250621,42.34646440934537
"88 CHANDLER STREET, Boston, MA",SAM,-71.07266562526594,42.34644574313809
"90 CHANDLER STREET, Boston, MA",SAM,-71.07273406802567,42.346427076930794
"92 CHANDLER STREET, Boston, MA",SAM,-71.0728025107854,42.346408410723505
"96 CHANDLER STREET, Boston, MA",SAM,-71.07293939630486,42.3463710783089
"98 CHANDLER STREET, Boston, MA",SAM,-71.0730078390646,42.34635241210158
"10 CHANNEL CENTER STREET, Boston, MA",SAM,-71.0520125748902,42.3450205988004
"20 CHANNEL CENTER STREET, Boston, MA",SAM,-71.05190427721568,42.345162084477316
"25 CHANNEL CENTER STREET, Boston, MA",SAM,-71.0508414739364,42.34631701541756
"30 CHANNEL CENTER STREET, Boston, MA",SAM,-71.05179597954118,42.34530357015426
"35 CHANNEL CENTER STREET, Boston, MA",SAM,-71.05080840570227,42.346359596433004
"40 CHANNEL CENTER STREET, Boston, MA",SAM,-71.05168768186667,42.345445055831156
"5 CHANNEL CENTER STREET, Boston, MA",SAM,-71.0517563381721,42.3451226380271
"21 CHAPEL ROAD, Boston, MA",SAM,-71.11262680328903,42.268041118472226
"37 CHAPEL ROAD, Boston, MA",SAM,-71.11279423108687,42.268544782728554
"38 CHAPEL ROAD, Boston, MA",SAM,-71.11295046946071,42.268533489804724
"10 CHAPIN AVENUE, Boston, MA",SAM,-71.15968749609601,42.28184504109715
"12 CHAPIN AVENUE, Boston, MA",SAM,-71.15962747973886,42.28188721475569
"16 CHAPIN AVENUE, Boston, MA",SAM,-71.15950744702451,42.28197156207281
"20 CHAPIN AVENUE, Boston, MA",SAM,-71.15938741431019,42.2820559093899
"32 CHAPIN AVENUE, Boston, MA",SAM,-71.1590087367573,42.282302920069604
"15 CHAPPIE STREET, Boston, MA",SAM,-71.06904341410291,42.38247581665003
"19 CHAPPIE STREET, Boston, MA",SAM,-71.06899783101024,42.38253179588896
"25 CHAPPIE STREET, Boston, MA",SAM,-71.06892945637121,42.382615764747335
"39 CHAPPIE STREET, Boston, MA",SAM,-71.06876991554681,42.38281169208359
"40 CHAPPIE STREET, Boston, MA",SAM,-71.06882388012654,42.38296640617002
"44 CHAPPIE STREET, Boston, MA",SAM,-71.06875591168829,42.38305849244457
"45 CHAPPIE STREET, Boston, MA",SAM,-71.06855171109056,42.383097735246984
"49 CHAPPIE STREET, Boston, MA",SAM,-71.0684167059102,42.383291289370774
"51 CHAPPIE STREET, Boston, MA",SAM,-71.06841013014981,42.38330022247954
"60 CHAPPIE STREET, Boston, MA",SAM,-71.06853058030607,42.38337648166122
"67 CHARLAME PLACE, Boston, MA",SAM,-71.08402910109781,42.31900702758787
"83 CHARLAME PLACE, Boston, MA",SAM,-71.08405003363151,42.318958721741375
"1 CHARLAME COURT, Boston, MA",SAM,-71.08476928201414,42.31954356297863
"35 CHARLAME TERRACE, Boston, MA",SAM,-71.08420646720235,42.319486060202415
"10 CHARLEMONT STREET, Boston, MA",SAM,-71.0517923839523,42.284867163063346
"11 CHARLEMONT STREET, Boston, MA",SAM,-71.05166089858969,42.28493488953643
"17 CHARLEMONT STREET, Boston, MA",SAM,-71.05175912242139,42.28513414364891
"19 CHARLEMONT STREET, Boston, MA",SAM,-71.05180730061133,42.28524000370876
"25 CHARLEMONT STREET, Boston, MA",SAM,-71.05184855015413,42.2853387080004
"29 CHARLEMONT STREET, Boston, MA",SAM,-71.05187604984931,42.2854045108615
"43 CHARLEMONT STREET, Boston, MA",SAM,-71.05197229878249,42.28563482087534
"47 CHARLEMONT STREET, Boston, MA",SAM,-71.05199979847765,42.285700623736446
"51 CHARLEMONT STREET, Boston, MA",SAM,-71.05206175841033,42.28584393418271
"55 CHARLEMONT STREET, Boston, MA",SAM,-71.05207892224279,42.28588161089867
"59 CHARLEMONT STREET, Boston, MA",SAM,-71.05209608607528,42.2859192876146
"60 CHARLEMONT STREET, Boston, MA",SAM,-71.05231667421918,42.286044700492056
"63 CHARLEMONT STREET, Boston, MA",SAM,-71.05211324990775,42.28595696433054
"64 CHARLEMONT STREET, Boston, MA",SAM,-71.05232697251866,42.286067306521645
"67 CHARLEMONT STREET, Boston, MA",SAM,-71.0521304137402,42.285994641046486
"101 CHARLES STREET, Boston, MA",SAM,-71.07067362929118,42.3590599595348
"102 CHARLES STREET, Boston, MA",SAM,-71.07080283832492,42.35876285080141
"103 CHARLES STREET, Boston, MA",SAM,-71.07067855540232,42.35911825189846
"106 CHARLES STREET, Boston, MA",SAM,-71.07081765534234,42.35892563438421
"107 CHARLES STREET, Boston, MA",SAM,-71.07068840762463,42.35923483662578
"108 CHARLES STREET, Boston, MA",SAM,-71.07082168579693,42.35897332813628
"110 CHARLES STREET, Boston, MA",SAM,-71.07082571625152,42.35902102188835
"112 CHARLES STREET, Boston, MA",SAM,-71.07082974670611,42.35906871564044
"113 CHARLES STREET, Boston, MA",SAM,-71.07070318595812,42.359409713716744
"116 CHARLES STREET, Boston, MA",SAM,-71.07083780761528,42.35916410314462
"119 CHARLES STREET, Boston, MA",SAM,-71.07071480539804,42.35958023826651
"121 CHARLES STREET, Boston, MA",SAM,-71.07071651941406,42.359608805232234
"123 CHARLES STREET, Boston, MA",SAM,-71.07071823343011,42.359637372197945
"125 CHARLES STREET, Boston, MA",SAM,-71.07071994744616,42.35966593916364
"126 CHARLES STREET, Boston, MA",SAM,-71.0708579598882,42.35940257190504
"129 CHARLES STREET, Boston, MA",SAM,-71.07072368765665,42.35972344123051
"130 CHARLES STREET, Boston, MA",SAM,-71.0708683589718,42.35955230916997
"131 CHARLES STREET, Boston, MA",SAM,-71.07072565716992,42.359751999201
"132 CHARLES STREET, Boston, MA",SAM,-71.07087041579105,42.35958658952883
"133 CHARLES STREET, Boston, MA",SAM,-71.07072762668321,42.35978055717151
"134 CHARLES STREET, Boston, MA",SAM,-71.07087247261029,42.359620869887664
"136 CHARLES STREET, Boston, MA",SAM,-71.07087452942953,42.35965515024651
"138 CHARLES STREET, Boston, MA",SAM,-71.07087659470163,42.35968905118153
"139 CHARLES STREET, Boston, MA",SAM,-71.07073353522301,42.359866231083025
"140 CHARLES STREET, Boston, MA",SAM,-71.07087895811758,42.35972332074614
"142 CHARLES STREET, Boston, MA",SAM,-71.07088132153349,42.359757590310764
"144 CHARLES STREET, Boston, MA",SAM,-71.07088368494944,42.35979185987535
"155 CHARLES STREET, Boston, MA",SAM,-71.0707492913292,42.360094694847035
"161 CHARLES STREET, Boston, MA",SAM,-71.07075519986903,42.360180368758535
"17 CHARLES STREET, Boston, MA",SAM,-71.13228609544318,42.25095725886972
"170 CHARLES STREET, Boston, MA",SAM,-71.07091398952913,42.360238029369384
"19 CHARLES STREET, Boston, MA",SAM,-71.13236671022673,42.25087441715454
"215 CHARLES STREET, Boston, MA",SAM,-71.07073226580864,42.36211715658216
"243 CHARLES STREET, Boston, MA",SAM,-71.07057929402849,42.362569617257584
"25 CHARLES STREET, Boston, MA",SAM,-71.13260855457744,42.250625892009026
"255 CHARLES STREET, Boston, MA",SAM,-71.07051031885952,42.36270296925222
"275 CHARLES STREET, Boston, MA",SAM,-71.07039536024458,42.362925222576585
"28 CHARLES STREET, Boston, MA",SAM,-71.13260911852568,42.25042925189078
"30 CHARLES STREET, Boston, MA",SAM,-71.13269434931873,42.25034272583924
"31 CHARLES STREET, Boston, MA",SAM,-71.13285105212591,42.25037840043931
"34 CHARLES STREET, Boston, MA",SAM,-71.13286482297394,42.25017104314284
"37 CHARLES STREET, Boston, MA",SAM,-71.1330961080053,42.25013160656325
"40 CHARLES STREET, Boston, MA",SAM,-71.13312053345682,42.24991351909826
"42 CHARLES STREET, Boston, MA",SAM,-71.13320577028443,42.24982767775006
"44 CHARLES STREET, Boston, MA",SAM,-71.13329003356108,42.24974239415455
"46 CHARLES STREET, Boston, MA",SAM,-71.13337348973,42.24965559973483
"49 CHARLES STREET, Boston, MA",SAM,-71.13358306855889,42.24963525334299
"51 CHARLES STREET, Boston, MA",SAM,-71.13367265827839,42.24954113545553
"53 CHARLES STREET, Boston, MA",SAM,-71.13369727736708,42.24951500907448
"54 CHARLES STREET, Boston, MA",SAM,-71.13359492624876,42.2494233255381
"55 CHARLES STREET, Boston, MA",SAM,-71.13372189645578,42.24948888269344
"58 CHARLES STREET, Boston, MA",SAM,-71.13364416442614,42.249371072776036
"62 CHARLES STREET, Boston, MA",SAM,-71.13369340260353,42.24931882001396
"65 CHARLES STREET, Boston, MA",SAM,-71.13384499189925,42.24935825078826
"69 CHARLES STREET, Boston, MA",SAM,-71.13389477037391,42.249308272377654
"70 CHARLES STREET, Boston, MA",SAM,-71.13379594743051,42.24921449219466
"71 CHARLES STREET, Boston, MA",SAM,-71.13392037330748,42.24928266944286
"75 CHARLES STREET, Boston, MA",SAM,-71.13397157917463,42.24923146357327
"76 CHARLES STREET, Boston, MA",SAM,-71.13387275623126,42.24913768339029
"77 CHARLES STREET, Boston, MA",SAM,-71.1339971821082,42.24920586063849
"78 CHARLES STREET, Boston, MA",SAM,-71.13389835916482,42.249112080455504
"79 CHARLES STREET, Boston, MA",SAM,-71.13402278504178,42.249180257703685
"80 CHARLES STREET, Boston, MA",SAM,-71.13392396209841,42.24908647752071
"81 CHARLES STREET, Boston, MA",SAM,-71.13404838797535,42.24915465476889
"84 CHARLES STREET, Boston, MA",SAM,-71.13397516796556,42.24903527165111
"85 CHARLES STREET, Boston, MA",SAM,-71.1340995938425,42.249103448899305
"89 CHARLES STREET, Boston, MA",SAM,-71.13415079970966,42.24905224302971
"91 CHARLES STREET, Boston, MA",SAM,-71.13417640264322,42.24902664009492
"93 CHARLES STREET, Boston, MA",SAM,-71.1342020055768,42.24900103716013
"94 CHARLES STREET, Boston, MA",SAM,-71.13410318263342,42.24890725697714
"96 CHARLES STREET, Boston, MA",SAM,-71.13412878556701,42.24888165404234
"97 CHARLES STREET, Boston, MA",SAM,-71.13425321144396,42.24894983129053
"99 CHARLES STREET, Boston, MA",SAM,-71.13427881437752,42.24892422835575
"11 CHARLES STREET, Boston, MA",SAM,-71.13204425109247,42.25120578401522
"21 CHARLES STREET, Boston, MA",SAM,-71.1324473250103,42.25079157543937
"23 CHARLES STREET, Boston, MA",SAM,-71.13252793979387,42.25070873372418
"27 CHARLES STREET, Boston, MA",SAM,-71.13268916936103,42.25054305029385
"3 CHARLES STREET, Boston, MA",SAM,-71.13173669609439,42.25154196550348
"5 CHARLES STREET, Boston, MA",SAM,-71.13181274496607,42.25145679076341
"14 CHARLES STREET, Boston, MA",SAM,-71.13202028010656,42.25103435659292
"18 CHARLES STREET, Boston, MA",SAM,-71.13218851965486,42.25086146953517
"22 CHARLES STREET, Boston, MA",SAM,-71.13235675920319,42.25068858247741
"26 CHARLES STREET, Boston, MA",SAM,-71.13252499875149,42.25051569541966
"33 CHARLES STREET, Boston, MA",SAM,-71.13293273741904,42.250296135813954
"35 CHARLES STREET, Boston, MA",SAM,-71.13301442271217,42.2502138711886
"36 CHARLES STREET, Boston, MA",SAM,-71.13295005980159,42.25008520179463
"4 CHARLES STREET, Boston, MA",SAM,-71.13161084843503,42.25147508117076
"43 CHARLES STREET, Boston, MA",SAM,-71.13334116388471,42.24988481268719
"47 CHARLES STREET, Boston, MA",SAM,-71.13350308973031,42.24971843132855
"52 CHARLES STREET, Boston, MA",SAM,-71.13357030716006,42.24944945191913
"61 CHARLES STREET, Boston, MA",SAM,-71.13379575372187,42.24941050355033
"72 CHARLES STREET, Boston, MA",SAM,-71.1338215503641,42.24918888925988
"8 CHARLES STREET, Boston, MA",SAM,-71.13176955912375,42.25129732519156
"10 CHARLES STREET, Boston, MA",SAM,-71.13185204055826,42.25120724365064
"12 CHARLES STREET, Boston, MA",SAM,-71.1319361603324,42.251120800121775
"2 CHARLES STREET, Boston, MA",SAM,-71.13153149309066,42.25156395916037
"24 CHARLES STREET, Boston, MA",SAM,-71.13244087897733,42.250602138948544
"41 CHARLES STREET, Boston, MA",SAM,-71.13325947859157,42.249967077312554
"50 CHARLES STREET, Boston, MA",SAM,-71.13354568807137,42.249475578300185
"59 CHARLES STREET, Boston, MA",SAM,-71.13377113463316,42.24943662993138
"6 CHARLES STREET, Boston, MA",SAM,-71.13169020377937,42.25138620318115
"60 CHARLES STREET, Boston, MA",SAM,-71.13366878351484,42.249344946395
"63 CHARLES STREET, Boston, MA",SAM,-71.13382037281056,42.24938437716931
"6 CHARLES ROAD, Boston, MA",SAM,-71.0796828355934,42.28637445121836
"5 CHARLES PARK ROAD, Boston, MA",SAM,-71.17252332030611,42.27695761111754
"7 CHARLES PARK ROAD, Boston, MA",SAM,-71.17256662917364,42.276966172175406
"9 CHARLES PARK ROAD, Boston, MA",SAM,-71.17260993804116,42.276974733233295
"44 CHARLES RIVER AVENUE, Boston, MA",SAM,-71.06073945805042,42.37062202759446
"1 CHARLES RIVER SQUARE, Boston, MA",SAM,-71.07199227935138,42.35965665176698
"10 CHARLES RIVER SQUARE, Boston, MA",SAM,-71.07145819726638,42.35975902800411
"12 CHARLES RIVER SQUARE, Boston, MA",SAM,-71.07146528212535,42.35975932948776
"14 CHARLES RIVER SQUARE, Boston, MA",SAM,-71.07147236698434,42.359759630971375
"15 CHARLES RIVER SQUARE, Boston, MA",SAM,-71.0714549675797,42.35964410934856
"16 CHARLES RIVER SQUARE, Boston, MA",SAM,-71.07147945184329,42.359759932455006
"18 CHARLES RIVER SQUARE, Boston, MA",SAM,-71.07148653670225,42.35976023393862
"19 CHARLES RIVER SQUARE, Boston, MA",SAM,-71.07143877361632,42.35964342024314
"20 CHARLES RIVER SQUARE, Boston, MA",SAM,-71.0716440307327,42.359765002434045
"21 CHARLES RIVER SQUARE, Boston, MA",SAM,-71.06097018126573,42.37068280165026
"22 CHARLES RIVER SQUARE, Boston, MA",SAM,-71.07165286325399,42.35976516157888
"23 CHARLES RIVER SQUARE, Boston, MA",SAM,-71.07149545248808,42.35964583211217
"3 CHARLES RIVER SQUARE, Boston, MA",SAM,-71.07164781102117,42.35965044511855
"4 CHARLES RIVER SQUARE, Boston, MA",SAM,-71.07143694268947,42.35975812355323
"5 CHARLES RIVER SQUARE, Boston, MA",SAM,-71.07149545248808,42.35964583211217
"6 CHARLES RIVER SQUARE, Boston, MA",SAM,-71.07144402754844,42.35975842503685
"7 CHARLES RIVER SQUARE, Boston, MA",SAM,-71.07148735550639,42.35964548755944
"8 CHARLES RIVER SQUARE, Boston, MA",SAM,-71.07145111240742,42.35975872652049
"9 CHARLES RIVER SQUARE, Boston, MA",SAM,-71.07147925852472,42.35964514300671
"10 CHARLESGATE NAN, Boston, MA",SAM,-71.09304922693042,42.3467917325773
"52 CHARLESGATE NAN, Boston, MA",SAM,-71.09281727537827,42.3469344610693
"14 CHARLESVIEW STREET, Boston, MA",SAM,-71.16686309943665,42.35621882800237
"2 CHARLESVIEW STREET, Boston, MA",SAM,-71.16688273332561,42.35613672265789
"4 CHARLESVIEW STREET, Boston, MA",SAM,-71.16687946101077,42.35615040688199
"6 CHARLESVIEW STREET, Boston, MA",SAM,-71.16687618869597,42.356164091106045
"9 CHARLESVIEW STREET, Boston, MA",SAM,-71.16671720845527,42.35617040189219
"12 CHARLOTTE STREET, Boston, MA",SAM,-71.08570981911137,42.300216869886135
"15 CHARLOTTE STREET, Boston, MA",SAM,-71.0857403490382,42.30006944244962
"16 CHARLOTTE STREET, Boston, MA",SAM,-71.08561772437233,42.30013986409833
"20 CHARLOTTE STREET, Boston, MA",SAM,-71.08552562963325,42.30006285831055
"23 CHARLOTTE STREET, Boston, MA",SAM,-71.08555991852904,42.29991857396738
"24 CHARLOTTE STREET, Boston, MA",SAM,-71.08543353489418,42.299985852522724
"25 CHARLOTTE STREET, Boston, MA",SAM,-71.08551481090173,42.29988085684683
"28 CHARLOTTE STREET, Boston, MA",SAM,-71.0853414401551,42.29990884673493
"29 CHARLOTTE STREET, Boston, MA",SAM,-71.08542459564713,42.29980542260571
"35 CHARLOTTE STREET, Boston, MA",SAM,-71.08528838504004,42.29969196108422
"37 CHARLOTTE STREET, Boston, MA",SAM,-71.08524268572295,42.29965463597916
"38 CHARLOTTE STREET, Boston, MA",SAM,-71.08511070936042,42.29971755783215
"40 CHARLOTTE STREET, Boston, MA",SAM,-71.0850640579742,42.299679455120746
"41 CHARLOTTE STREET, Boston, MA",SAM,-71.08515128708875,42.29957998576904
"44 CHARLOTTE STREET, Boston, MA",SAM,-71.0849707552018,42.2996032496979
"45 CHARLOTTE STREET, Boston, MA",SAM,-71.08505988845454,42.29950533555891
"51 CHARLOTTE STREET, Boston, MA",SAM,-71.08492279050321,42.29939336024375
"52 CHARLOTTE STREET, Boston, MA",SAM,-71.08478414965694,42.29945083885224
"53 CHARLOTTE STREET, Boston, MA",SAM,-71.08487709118613,42.29935603513867
"56 CHARLOTTE STREET, Boston, MA",SAM,-71.08469084688454,42.29937463342941
"57 CHARLOTTE STREET, Boston, MA",SAM,-71.0847856925519,42.29928138492854
"61 CHARLOTTE STREET, Boston, MA",SAM,-71.0846942939177,42.29920673471843
"62 CHARLOTTE STREET, Boston, MA",SAM,-71.08455089272591,42.29926032529516
"10 CHARME AVENUE, Boston, MA",SAM,-71.11539020172972,42.28611339331964
"11 CHARME AVENUE, Boston, MA",SAM,-71.11554559341897,42.28601425656016
"14 CHARME AVENUE, Boston, MA",SAM,-71.11539093534282,42.28596667238334
"18 CHARME AVENUE, Boston, MA",SAM,-71.1153916689559,42.28581995144705
"19 CHARME AVENUE, Boston, MA",SAM,-71.11554716544701,42.28569985455382
"22 CHARME AVENUE, Boston, MA",SAM,-71.11539240256897,42.285673230510774
"23 CHARME AVENUE, Boston, MA",SAM,-71.11554784209874,42.28554244146535
"26 CHARME AVENUE, Boston, MA",SAM,-71.11539294793407,42.285526721252545
"27 CHARME AVENUE, Boston, MA",SAM,-71.11554784210784,42.28538523938672
"30 CHARME AVENUE, Boston, MA",SAM,-71.11539294794257,42.2853799993125
"31 CHARME AVENUE, Boston, MA",SAM,-71.11554462308426,42.28518976147699
"34 CHARME AVENUE, Boston, MA",SAM,-71.11538985998732,42.28519442749732
"38 CHARME AVENUE, Boston, MA",SAM,-71.11538659792951,42.28513520853112
"39 CHARME AVENUE, Boston, MA",SAM,-71.11553848274015,42.28507829048175
"42 CHARME AVENUE, Boston, MA",SAM,-71.1153833358717,42.28507598956489
"43 CHARME AVENUE, Boston, MA",SAM,-71.11553541256808,42.285022554984145
"46 CHARME AVENUE, Boston, MA",SAM,-71.1153800738139,42.28501677059868
"47 CHARME AVENUE, Boston, MA",SAM,-71.11553234239602,42.28496681948653
"50 CHARME AVENUE, Boston, MA",SAM,-71.11537681175608,42.28495755163246
"51 CHARME AVENUE, Boston, MA",SAM,-71.11552927222398,42.28491108398891
"55 CHARME AVENUE, Boston, MA",SAM,-71.11552620205191,42.284855348491284
"59 CHARME AVENUE, Boston, MA",SAM,-71.11552313187985,42.28479961299367
"6 CHARME AVENUE, Boston, MA",SAM,-71.11538946811666,42.286260114255924
"7 CHARME AVENUE, Boston, MA",SAM,-71.11554480740496,42.28617145756332
"1 CHARTER STREET, Boston, MA",SAM,-71.05285416827653,42.365851089795626
"105 CHARTER STREET, Boston, MA",SAM,-71.05585199282756,42.367852442326985
"107 CHARTER STREET, Boston, MA",SAM,-71.0558604541983,42.36785723932567
"15 CHARTER STREET, Boston, MA",SAM,-71.05324466694537,42.36631915098858
"16 CHARTER STREET, Boston, MA",SAM,-71.05329265338806,42.366161560816245
"17 CHARTER STREET, Boston, MA",SAM,-71.05329284005273,42.36637420598124
"19 CHARTER STREET, Boston, MA",SAM,-71.05334101316012,42.36642926097389
"24 CHARTER STREET, Boston, MA",SAM,-71.05358822611836,42.36650405949077
"25 CHARTER STREET, Boston, MA",SAM,-71.05356232231169,42.36669330031773
"26 CHARTER STREET, Boston, MA",SAM,-71.05365260269855,42.36658307461184
"27 CHARTER STREET, Boston, MA",SAM,-71.053604110482,42.36674344613386
"29 CHARTER STREET, Boston, MA",SAM,-71.05366495109324,42.36679742339938
"30 CHARTER STREET, Boston, MA",SAM,-71.05377793782195,42.36671892306805
"31 CHARTER STREET, Boston, MA",SAM,-71.05371955162076,42.366840323823496
"33 CHARTER STREET, Boston, MA",SAM,-71.05379104474208,42.366886974954106
"34 CHARTER STREET, Boston, MA",SAM,-71.05394506608431,42.36682656727345
"36 CHARTER STREET, Boston, MA",SAM,-71.05407005019357,42.36688456301013
"39 CHARTER STREET, Boston, MA",SAM,-71.05405683341408,42.367010613433315
"4 CHARTER STREET, Boston, MA",SAM,-71.05303024808482,42.3658442333982
"46 CHARTER STREET, Boston, MA",SAM,-71.05459631704902,42.36711795392626
"47 CHARTER STREET, Boston, MA",SAM,-71.05452118904978,42.36721820406177
"48 CHARTER STREET, Boston, MA",SAM,-71.054598713758,42.36711893439836
"49 CHARTER STREET, Boston, MA",SAM,-71.05455234626646,42.36723095019894
"6 CHARTER STREET, Boston, MA",SAM,-71.05307398230202,42.36589712130121
"64 CHARTER STREET, Boston, MA",SAM,-71.05461788742983,42.36712677817505
"71 CHARTER STREET, Boston, MA",SAM,-71.0548844057631,42.36738767233785
"93 CHARTER STREET, Boston, MA",SAM,-71.05580122460314,42.36782366033491
"11 CHASE STREET, Boston, MA",SAM,-71.05976396939462,42.31809691882453
"12 CHASE STREET, Boston, MA",SAM,-71.05991448244166,42.3181242765828
"15 CHASE STREET, Boston, MA",SAM,-71.05975394539604,42.31812915285731
"16 CHASE STREET, Boston, MA",SAM,-71.05990424960977,42.31815718215792
"17 CHASE STREET, Boston, MA",SAM,-71.05974893339673,42.3181452698737
"20 CHASE STREET, Boston, MA",SAM,-71.05989401677789,42.31819008773306
"22 CHASE STREET, Boston, MA",SAM,-71.05988890036195,42.31820654052063
"4 CHASE STREET, Boston, MA",SAM,-71.05993494810544,42.31805846543253
"8 CHASE STREET, Boston, MA",SAM,-71.05992471527354,42.31809137100767
"52 CHATHAM STREET, Boston, MA",SAM,-71.0543138726991,42.35962521159157
"55 CHATHAM STREET, Boston, MA",SAM,-71.05403892209921,42.35976612605535
"61 CHATHAM STREET, Boston, MA",SAM,-71.05400067988933,42.359769662906395
"64 CHATHAM STREET, Boston, MA",SAM,-71.05416396323639,42.359639076047614
"19 CHAUCER STREET, Boston, MA",SAM,-71.02094512448781,42.38311026810349
"25 CHAUCER STREET, Boston, MA",SAM,-71.0208178658162,42.38315420943969
"27 CHAUCER STREET, Boston, MA",SAM,-71.02077544625901,42.38316885655175
"3 CHAUCER STREET, Boston, MA",SAM,-71.0222763997728,42.38208941900356
"31 CHAUCER STREET, Boston, MA",SAM,-71.0206906071446,42.38319815077588
"35 CHAUCER STREET, Boston, MA",SAM,-71.0206057680302,42.383227445
"37 CHAUCER STREET, Boston, MA",SAM,-71.02056334847298,42.383242092112084
"39 CHAUCER STREET, Boston, MA",SAM,-71.0205209289158,42.38325673922413
"43 CHAUCER STREET, Boston, MA",SAM,-71.02043608980138,42.38328603344826
"47 CHAUCER STREET, Boston, MA",SAM,-71.02035125068699,42.383315327672385
"49 CHAUCER STREET, Boston, MA",SAM,-71.02030883112978,42.38332997478445
"5 CHAUCER STREET, Boston, MA",SAM,-71.02192843989432,42.38239953063044
"53 CHAUCER STREET, Boston, MA",SAM,-71.02022399201537,42.38335926900857
"9 CHAUCER STREET, Boston, MA",SAM,-71.02124332961938,42.3830004963656
"22 CHAUNCY STREET, Boston, MA",SAM,-71.05952630349859,42.354159149792444
"10 CHEEVER COURT, Boston, MA",SAM,-71.03493140306387,42.366680520413645
"11 CHEEVER COURT, Boston, MA",SAM,-71.03507195356777,42.36672929995679
"12 CHEEVER COURT, Boston, MA",SAM,-71.03493541760581,42.366674940880564
"5 CHEEVER COURT, Boston, MA",SAM,-71.03506015573018,42.366745696951966
"8 CHEEVER COURT, Boston, MA",SAM,-71.03492738852191,42.366686099946726
"9 CHEEVER COURT, Boston, MA",SAM,-71.03506802095522,42.36673476562186
"12 CHELLMAN STREET, Boston, MA",SAM,-71.16461530453279,42.290487972284296
"20 CHELLMAN STREET, Boston, MA",SAM,-71.16478530111829,42.29065592318986
"26 CHELLMAN STREET, Boston, MA",SAM,-71.16486089294204,42.29073151503083
"27 CHELLMAN STREET, Boston, MA",SAM,-71.1648659424046,42.29092924965896
"30 CHELLMAN STREET, Boston, MA",SAM,-71.1649112874912,42.29078190959146
"31 CHELLMAN STREET, Boston, MA",SAM,-71.16490913773244,42.290972444996655
"39 CHELLMAN STREET, Boston, MA",SAM,-71.16499552838813,42.29105883567203
"43 CHELLMAN STREET, Boston, MA",SAM,-71.16503872371601,42.29110203100973
"46 CHELLMAN STREET, Boston, MA",SAM,-71.16511286568782,42.29098348783403
"47 CHELLMAN STREET, Boston, MA",SAM,-71.16508191904384,42.29114522634742
"52 CHELLMAN STREET, Boston, MA",SAM,-71.16518845751155,42.291059079674994
"59 CHELLMAN STREET, Boston, MA",SAM,-71.1652109164751,42.29127485768661
"8 CHELLMAN STREET, Boston, MA",SAM,-71.16444259280146,42.29032264135868
"10 CHELMSFORD STREET, Boston, MA",SAM,-71.05485125390453,42.284918008204336
"11 CHELMSFORD STREET, Boston, MA",SAM,-71.05482355652467,42.28479644009215
"12 CHELMSFORD STREET, Boston, MA",SAM,-71.05478432243541,42.28490741473071
"14 CHELMSFORD STREET, Boston, MA",SAM,-71.05471739096629,42.2848968212571
"15 CHELMSFORD STREET, Boston, MA",SAM,-71.05469242548311,42.28477568553159
"16 CHELMSFORD STREET, Boston, MA",SAM,-71.05465045949717,42.284886227783474
"17 CHELMSFORD STREET, Boston, MA",SAM,-71.05462685996234,42.2847653082513
"19 CHELMSFORD STREET, Boston, MA",SAM,-71.05455167757283,42.28475742038741
"23 CHELMSFORD STREET, Boston, MA",SAM,-71.0544181785685,42.28474805203062
"24 CHELMSFORD STREET, Boston, MA",SAM,-71.0543882549014,42.2848610578564
"27 CHELMSFORD STREET, Boston, MA",SAM,-71.05427981371324,42.28474076849559
"28 CHELMSFORD STREET, Boston, MA",SAM,-71.05425636781973,42.28485483337017
"29 CHELMSFORD STREET, Boston, MA",SAM,-71.05421280382602,42.28473907204037
"30 CHELMSFORD STREET, Boston, MA",SAM,-71.05418796189318,42.28485310157213
"31 CHELMSFORD STREET, Boston, MA",SAM,-71.05414579393879,42.28473737558516
"33 CHELMSFORD STREET, Boston, MA",SAM,-71.05407878405157,42.28473567912994
"34 CHELMSFORD STREET, Boston, MA",SAM,-71.05405115004012,42.28484963797609
"38 CHELMSFORD STREET, Boston, MA",SAM,-71.05392302664112,42.28485065612483
"40 CHELMSFORD STREET, Boston, MA",SAM,-71.05385478012894,42.28485451913332
"41 CHELMSFORD STREET, Boston, MA",SAM,-71.05380257281354,42.284742547945626
"42 CHELMSFORD STREET, Boston, MA",SAM,-71.05378653361677,42.284858382141785
"45 CHELMSFORD STREET, Boston, MA",SAM,-71.05366886536113,42.28475011628874
"49 CHELMSFORD STREET, Boston, MA",SAM,-71.0535351579087,42.284757684631884
"53 CHELMSFORD STREET, Boston, MA",SAM,-71.05339422843521,42.28477336512775
"56 CHELMSFORD STREET, Boston, MA",SAM,-71.05332017015537,42.28490039459604
"57 CHELMSFORD STREET, Boston, MA",SAM,-71.05326247999498,42.284791856135115
"60 CHELMSFORD STREET, Boston, MA",SAM,-71.05318567695598,42.284919270832745
"61 CHELMSFORD STREET, Boston, MA",SAM,-71.05313073155475,42.284810347142454
"64 CHELMSFORD STREET, Boston, MA",SAM,-71.05305118375655,42.284938147069404
"65 CHELMSFORD STREET, Boston, MA",SAM,-71.0529989831145,42.28482883814982
"69 CHELMSFORD STREET, Boston, MA",SAM,-71.05285972871873,42.284861419656785
"7 CHELMSFORD STREET, Boston, MA",SAM,-71.0549546875662,42.28481719465272
"73 CHELMSFORD STREET, Boston, MA",SAM,-71.05273357533629,42.28489506055886
"55 CHELSEA STREET, Boston, MA",SAM,-71.05934162117573,42.37280834033498
"10 CHELSEA STREET, Boston, MA",SAM,-71.05822273571371,42.3737345359149
"101 CHELSEA STREET, Boston, MA",SAM,-71.05802363558011,42.374088065111515
"103 CHELSEA STREET, Boston, MA",SAM,-71.05790770145815,42.37418950747344
"104 CHELSEA STREET, Boston, MA",SAM,-71.0576893083844,42.37420465510539
"105 CHELSEA STREET, Boston, MA",SAM,-71.05780968610294,42.374276922812406
"107 CHELSEA STREET, Boston, MA",SAM,-71.05766969727514,42.374385445064085
"108 CHELSEA STREET, Boston, MA",SAM,-71.05742166310522,42.37441128334148
"109 CHELSEA STREET, Boston, MA",SAM,-71.05753378167762,42.374490470758566
"110 CHELSEA STREET, Boston, MA",SAM,-71.05728231767269,42.374520789314936
"111 CHELSEA STREET, Boston, MA",SAM,-71.05740342277844,42.37459239132054
"13 CHELSEA STREET, Boston, MA",SAM,-71.06009964817851,42.37227635970086
"132 CHELSEA STREET, Boston, MA",SAM,-71.05596097086159,42.37545044684846
"135 CHELSEA STREET, Boston, MA",SAM,-71.05596817748564,42.37561109727769
"136 CHELSEA STREET, Boston, MA",SAM,-71.05578246130362,42.37559384494021
"139 CHELSEA STREET, Boston, MA",SAM,-71.05581049762878,42.37575263208306
"14 CHELSEA STREET, Boston, MA",SAM,-71.05821279533504,42.37374323374667
"140 CHELSEA STREET, Boston, MA",SAM,-71.05545064484717,42.375912028728855
"141 CHELSEA STREET, Boston, MA",SAM,-71.0555739909721,42.375981514379596
"142 CHELSEA STREET, Boston, MA",SAM,-71.05521426641232,42.376141020348896
"143 CHELSEA STREET, Boston, MA",SAM,-71.05533761253727,42.37621050599963
"144 CHELSEA STREET, Boston, MA",SAM,-71.05512003938733,42.376231184606915
"145 CHELSEA STREET, Boston, MA",SAM,-71.05524225825758,42.37630174963349
"147 CHELSEA STREET, Boston, MA",SAM,-71.05512996257713,42.37640789213126
"149 CHELSEA STREET, Boston, MA",SAM,-71.05501766689666,42.37651403462903
"15 CHELSEA STREET, Boston, MA",SAM,-71.06006346156667,42.37230172125922
"151 CHELSEA STREET, Boston, MA",SAM,-71.05490537121621,42.37662017712683
"152 CHELSEA STREET, Boston, MA",SAM,-71.05467085666554,42.37665575459804
"153 CHELSEA STREET, Boston, MA",SAM,-71.05479307553576,42.37672631962459
"154 CHELSEA STREET, Boston, MA",SAM,-71.05455856098507,42.37676189709582
"156 CHELSEA STREET, Boston, MA",SAM,-71.05446299789021,42.37685193700452
"157 CHELSEA STREET, Boston, MA",SAM,-71.05458492358328,42.376922779487096
"16 CHELSEA STREET, Boston, MA",SAM,-71.0582078251457,42.37374758266258
"162 CHELSEA STREET, Boston, MA",SAM,-71.05436034048623,42.37694835556558
"164 CHELSEA STREET, Boston, MA",SAM,-71.05432612135156,42.37698049508594
"166 CHELSEA STREET, Boston, MA",SAM,-71.05429190221689,42.37701263460629
"167 CHELSEA STREET, Boston, MA",SAM,-71.05386632175525,42.37759770941456
"168 CHELSEA STREET, Boston, MA",SAM,-71.05425768308221,42.37704477412664
"171 CHELSEA STREET, Boston, MA",SAM,-71.05363688723612,42.37781850024437
"173 CHELSEA STREET, Boston, MA",SAM,-71.05350243717605,42.377950149268
"174 CHELSEA STREET, Boston, MA",SAM,-71.05415502567821,42.377141192687716
"175 CHELSEA STREET, Boston, MA",SAM,-71.05336798711595,42.378081798291625
"177 CHELSEA STREET, Boston, MA",SAM,-71.05323931591418,42.37821187794227
"179 CHELSEA STREET, Boston, MA",SAM,-71.05315060101985,42.37830816633196
"18 CHELSEA STREET, Boston, MA",SAM,-71.05820285495636,42.37375193157847
"180 CHELSEA STREET, Boston, MA",SAM,-71.05405236827423,42.37723761124877
"182 CHELSEA STREET, Boston, MA",SAM,-71.05401814913957,42.37726975076913
"183 CHELSEA STREET, Boston, MA",SAM,-71.05296251501625,42.37850604661913
"184 CHELSEA STREET, Boston, MA",SAM,-71.05398393000489,42.37730189028948
"185 CHELSEA STREET, Boston, MA",SAM,-71.05287963266092,42.378594454468974
"186 CHELSEA STREET, Boston, MA",SAM,-71.05394971087023,42.37733402980984
"188 CHELSEA STREET, Boston, MA",SAM,-71.05391549173555,42.37736616933021
"189 CHELSEA STREET, Boston, MA",SAM,-71.05270156347937,42.37877523587095
"19 CHELSEA STREET, Boston, MA",SAM,-71.05999108834297,42.3723524443759
"191 CHELSEA STREET, Boston, MA",SAM,-71.05259875317584,42.37885819342157
"192 CHELSEA STREET, Boston, MA",SAM,-71.05384705346621,42.37743044837092
"193 CHELSEA STREET, Boston, MA",SAM,-71.05235658544827,42.37912195396221
"194 CHELSEA STREET, Boston, MA",SAM,-71.05381283433155,42.377462587891266
"196 CHELSEA STREET, Boston, MA",SAM,-71.05377861519689,42.37749472741162
"197 CHELSEA STREET, Boston, MA",SAM,-71.05211850347962,42.3795249663787
"198 CHELSEA STREET, Boston, MA",SAM,-71.05374439606221,42.37752686693197
"199 CHELSEA STREET, Boston, MA",SAM,-71.05201194000058,42.37977185213424
"200 CHELSEA STREET, Boston, MA",SAM,-71.0332110043282,42.374788493706724
"201 CHELSEA STREET, Boston, MA",SAM,-71.03319807780966,42.37462180324331
"202 CHELSEA STREET, Boston, MA",SAM,-71.03315254055673,42.37483985440578
"203 CHELSEA STREET, Boston, MA",SAM,-71.03313404605997,42.37467805543751
"204 CHELSEA STREET, Boston, MA",SAM,-71.03309407678528,42.37489121510484
"205 CHELSEA STREET, Boston, MA",SAM,-71.03307001431028,42.37473430763172
"206 CHELSEA STREET, Boston, MA",SAM,-71.03303561301381,42.374942575803885
"207 CHELSEA STREET, Boston, MA",SAM,-71.03300598256055,42.37479055982592
"208 CHELSEA STREET, Boston, MA",SAM,-71.03297714924234,42.37499393650295
"209 CHELSEA STREET, Boston, MA",SAM,-71.03294195081087,42.37484681202011
"21 CHELSEA STREET, Boston, MA",SAM,-71.05995490173112,42.37237780593425
"210 CHELSEA STREET, Boston, MA",SAM,-71.03291868547088,42.375045297202014
"211 CHELSEA STREET, Boston, MA",SAM,-71.03287791906116,42.37490306421432
"212 CHELSEA STREET, Boston, MA",SAM,-71.03286022169942,42.37509665790106
"213 CHELSEA STREET, Boston, MA",SAM,-71.03281388731149,42.374959316408535
"214 CHELSEA STREET, Boston, MA",SAM,-71.03280175792797,42.37514801860013
"215 CHELSEA STREET, Boston, MA",SAM,-71.03274985556179,42.37501556860273
"216 CHELSEA STREET, Boston, MA",SAM,-71.03274329415649,42.37519937929917
"217 CHELSEA STREET, Boston, MA",SAM,-71.03268582381209,42.37507182079694
"218 CHELSEA STREET, Boston, MA",SAM,-71.03268483038504,42.37525073999823
"219 CHELSEA STREET, Boston, MA",SAM,-71.03262179206239,42.37512807299115
"22 CHELSEA STREET, Boston, MA",SAM,-71.05819291457769,42.37376062941025
"220 CHELSEA STREET, Boston, MA",SAM,-71.03262636661358,42.37530210069728
"221 CHELSEA STREET, Boston, MA",SAM,-71.0325577603127,42.37518432518536
"223 CHELSEA STREET, Boston, MA",SAM,-71.03249372856301,42.37524057737956
"225 CHELSEA STREET, Boston, MA",SAM,-71.03242969681332,42.375296829573756
"226 CHELSEA STREET, Boston, MA",SAM,-71.03245097529918,42.37545618279445
"227 CHELSEA STREET, Boston, MA",SAM,-71.03236566506361,42.37535308176796
"228 CHELSEA STREET, Boston, MA",SAM,-71.03239251152772,42.37550754349351
"229 CHELSEA STREET, Boston, MA",SAM,-71.03230163331392,42.375409333962175
"23 CHELSEA STREET, Boston, MA",SAM,-71.05991871511927,42.37240316749261
"231 CHELSEA STREET, Boston, MA",SAM,-71.0322376015642,42.37546558615638
"233 CHELSEA STREET, Boston, MA",SAM,-71.03217356981452,42.375521838350586
"235 CHELSEA STREET, Boston, MA",SAM,-71.03210953806482,42.375578090544785
"237 CHELSEA STREET, Boston, MA",SAM,-71.03204550631513,42.375634342738984
"24 CHELSEA STREET, Boston, MA",SAM,-71.05818794438837,42.37376497832615
"241 CHELSEA STREET, Boston, MA",SAM,-71.0318815044201,42.375777027198424
"243 CHELSEA STREET, Boston, MA",SAM,-71.03183504550131,42.37581656056616
"247 CHELSEA STREET, Boston, MA",SAM,-71.03174212766372,42.3758956273016
"249 CHELSEA STREET, Boston, MA",SAM,-71.03169566874493,42.375935160669314
"253 CHELSEA STREET, Boston, MA",SAM,-71.03160275090734,42.37601422740476
"255 CHELSEA STREET, Boston, MA",SAM,-71.03155629198855,42.3760537607725
"257 CHELSEA STREET, Boston, MA",SAM,-71.03150983306975,42.37609329414021
"259 CHELSEA STREET, Boston, MA",SAM,-71.03146337415096,42.37613282750793
"26 CHELSEA STREET, Boston, MA",SAM,-71.05818297419901,42.37376932724203
"261 CHELSEA STREET, Boston, MA",SAM,-71.03141691523216,42.37617236087567
"263 CHELSEA STREET, Boston, MA",SAM,-71.03137045631335,42.3762118942434
"27 CHELSEA STREET, Boston, MA",SAM,-71.05984581210608,42.37245426788835
"271 CHELSEA STREET, Boston, MA",SAM,-71.0311846206382,42.3763700277143
"273 CHELSEA STREET, Boston, MA",SAM,-71.0311381617194,42.37640956108201
"274 CHELSEA STREET, Boston, MA",SAM,-71.0313958956685,42.376365043842334
"277 CHELSEA STREET, Boston, MA",SAM,-71.03104524388182,42.37648862781747
"278 CHELSEA STREET, Boston, MA",SAM,-71.0313249846872,42.37642538424571
"279 CHELSEA STREET, Boston, MA",SAM,-71.03099878496305,42.37652816118519
"28 CHELSEA STREET, Boston, MA",SAM,-71.05817800400969,42.37377367615792
"280 CHELSEA STREET, Boston, MA",SAM,-71.03128952919654,42.37645555444739
"281 CHELSEA STREET, Boston, MA",SAM,-71.03095232604424,42.376567694552925
"284 CHELSEA STREET, Boston, MA",SAM,-71.03121861821522,42.37651589485076
"285 CHELSEA STREET, Boston, MA",SAM,-71.03085940820664,42.37664676128837
"286 CHELSEA STREET, Boston, MA",SAM,-71.03118316272456,42.37654606505245
"287 CHELSEA STREET, Boston, MA",SAM,-71.03081294928784,42.3766862946561
"289 CHELSEA STREET, Boston, MA",SAM,-71.03076649036907,42.37672582802381
"29 CHELSEA STREET, Boston, MA",SAM,-71.05980995256978,42.372479881844185
"294 CHELSEA STREET, Boston, MA",SAM,-71.03104134076193,42.376666745859175
"296 CHELSEA STREET, Boston, MA",SAM,-71.03100588527127,42.37669691606088
"297 CHELSEA STREET, Boston, MA",SAM,-71.03058065469388,42.376883961494705
"301 CHELSEA STREET, Boston, MA",SAM,-71.03043242864476,42.37700919004428
"302 CHELSEA STREET, Boston, MA",SAM,-71.0308995187993,42.37678742666592
"304 CHELSEA STREET, Boston, MA",SAM,-71.03086406330866,42.376817596867596
"305 CHELSEA STREET, Boston, MA",SAM,-71.03030771866653,42.37711311503153
"306 CHELSEA STREET, Boston, MA",SAM,-71.03082860781798,42.37684776706929
"307 CHELSEA STREET, Boston, MA",SAM,-71.03024536367742,42.377165077525135
"308 CHELSEA STREET, Boston, MA",SAM,-71.03079315232732,42.376877937270976
"309 CHELSEA STREET, Boston, MA",SAM,-71.03018300868833,42.37721704001876
"311 CHELSEA STREET, Boston, MA",SAM,-71.03012065369921,42.377269002512364
"312 CHELSEA STREET, Boston, MA",SAM,-71.03072224134603,42.376938277674356
"313 CHELSEA STREET, Boston, MA",SAM,-71.03005829871012,42.377320965006
"314 CHELSEA STREET, Boston, MA",SAM,-71.03068678585535,42.37696844787603
"315 CHELSEA STREET, Boston, MA",SAM,-71.029995943721,42.37737292749963
"320 CHELSEA STREET, Boston, MA",SAM,-71.03049428497515,42.37713038959936
"322 CHELSEA STREET, Boston, MA",SAM,-71.03044006324549,42.377175574376416
"324 CHELSEA STREET, Boston, MA",SAM,-71.03038584151584,42.37722075915348
"326 CHELSEA STREET, Boston, MA",SAM,-71.03033161978618,42.377265943930546
"328 CHELSEA STREET, Boston, MA",SAM,-71.03027739805651,42.3773111287076
"330 CHELSEA STREET, Boston, MA",SAM,-71.03022317632686,42.37735631348467
"331 CHELSEA STREET, Boston, MA",SAM,-71.02949710380815,42.3777886274486
"332 CHELSEA STREET, Boston, MA",SAM,-71.0301689545972,42.37740149826172
"333 CHELSEA STREET, Boston, MA",SAM,-71.02943474881904,42.37784058994222
"334 CHELSEA STREET, Boston, MA",SAM,-71.03011473286755,42.377446683038784
"335 CHELSEA STREET, Boston, MA",SAM,-71.02937239382993,42.37789255243582
"339 CHELSEA STREET, Boston, MA",SAM,-71.02924768385174,42.37799647742308
"341 CHELSEA STREET, Boston, MA",SAM,-71.02918532886261,42.37804843991669
"342 CHELSEA STREET, Boston, MA",SAM,-71.02989784594892,42.37762742214702
"343 CHELSEA STREET, Boston, MA",SAM,-71.0290824013496,42.37813386120954
"344 CHELSEA STREET, Boston, MA",SAM,-71.02984362421925,42.37767260692409
"346 CHELSEA STREET, Boston, MA",SAM,-71.0297894024896,42.37771779170115
"347 CHELSEA STREET, Boston, MA",SAM,-71.02899588717632,42.37820536782586
"348 CHELSEA STREET, Boston, MA",SAM,-71.02973518075994,42.37776297647822
"35 CHELSEA STREET, Boston, MA",SAM,-71.05970218830636,42.37255587078086
"351 CHELSEA STREET, Boston, MA",SAM,-71.02890937300307,42.37827687444217
"353 CHELSEA STREET, Boston, MA",SAM,-71.02886611591641,42.37831262775034
"354 CHELSEA STREET, Boston, MA",SAM,-71.02957251557096,42.377898530809404
"355 CHELSEA STREET, Boston, MA",SAM,-71.02882285882978,42.37834838105851
"357 CHELSEA STREET, Boston, MA",SAM,-71.02877960174315,42.37838413436666
"358 CHELSEA STREET, Boston, MA",SAM,-71.02946407211164,42.37798890036353
"369 CHELSEA STREET, Boston, MA",SAM,-71.02852005922334,42.37859865421564
"371 CHELSEA STREET, Boston, MA",SAM,-71.02847680213668,42.3786344075238
"373 CHELSEA STREET, Boston, MA",SAM,-71.02843354505005,42.378670160831966
"378 CHELSEA STREET, Boston, MA",SAM,-71.0280614937748,42.37916747211461
"380 CHELSEA STREET, Boston, MA",SAM,-71.02801845305846,42.37920554659638
"382 CHELSEA STREET, Boston, MA",SAM,-71.02797541234213,42.379243621078174
"39 CHELSEA STREET, Boston, MA",SAM,-71.05962987709512,42.372606642485025
"390 CHELSEA STREET, Boston, MA",SAM,-71.02780324947679,42.379395919005304
"392 CHELSEA STREET, Boston, MA",SAM,-71.02776020876047,42.37943399348708
"394 CHELSEA STREET, Boston, MA",SAM,-71.02771716804412,42.37947206796886
"40 CHELSEA STREET, Boston, MA",SAM,-71.05814818287368,42.373799769653274
"401 CHELSEA STREET, Boston, MA",SAM,-71.02710073651362,42.37983505377569
"403 CHELSEA STREET, Boston, MA",SAM,-71.0270609476209,42.37986993719028
"405 CHELSEA STREET, Boston, MA",SAM,-71.02702115872816,42.37990482060487
"407 CHELSEA STREET, Boston, MA",SAM,-71.02698136983543,42.379939704019485
"409 CHELSEA STREET, Boston, MA",SAM,-71.02694158094269,42.379974587434084
"41 CHELSEA STREET, Boston, MA",SAM,-71.0595937214895,42.37263202833711
"411 CHELSEA STREET, Boston, MA",SAM,-71.02604969870187,42.38077384035113
"42 CHELSEA STREET, Boston, MA",SAM,-71.05814321268434,42.37380411856917
"420 CHELSEA STREET, Boston, MA",SAM,-71.02673626439687,42.38033556451123
"422 CHELSEA STREET, Boston, MA",SAM,-71.02671715779299,42.38035182545155
"424 CHELSEA STREET, Boston, MA",SAM,-71.02669805118907,42.380368086391904
"426 CHELSEA STREET, Boston, MA",SAM,-71.02667894458516,42.380384347332225
"428 CHELSEA STREET, Boston, MA",SAM,-71.02665983798126,42.38040060827256
"429 CHELSEA STREET, Boston, MA",SAM,-71.02587721261378,42.38092744110897
"43 CHELSEA STREET, Boston, MA",SAM,-71.05955756588388,42.37265741418918
"430 CHELSEA STREET, Boston, MA",SAM,-71.02656501200715,42.380486629827274
"431 CHELSEA STREET, Boston, MA",SAM,-71.02585804749287,42.38094450785984
"432 CHELSEA STREET, Boston, MA",SAM,-71.02651963627277,42.38053054183045
"433 CHELSEA STREET, Boston, MA",SAM,-71.02583888237197,42.38096157461072
"434 CHELSEA STREET, Boston, MA",SAM,-71.02642123822798,42.38062199073138
"435 CHELSEA STREET, Boston, MA",SAM,-71.02581971725108,42.380978641361594
"439 CHELSEA STREET, Boston, MA",SAM,-71.02578138700929,42.38101277486333
"45 CHELSEA STREET, Boston, MA",SAM,-71.05952141027826,42.37268280004126
"46 CHELSEA STREET, Boston, MA",SAM,-71.05813327230567,42.373812816400964
"48 CHELSEA STREET, Boston, MA",SAM,-71.05812830211632,42.37381716531685
"49 CHELSEA STREET, Boston, MA",SAM,-71.05944909906701,42.372733571745435
"50 CHELSEA STREET, Boston, MA",SAM,-71.05812333192699,42.37382151423275
"52 CHELSEA STREET, Boston, MA",SAM,-71.05811836173764,42.37382586314864
"54 CHELSEA STREET, Boston, MA",SAM,-71.05811339154832,42.37383021206453
"57 CHELSEA STREET, Boston, MA",SAM,-71.0593032329303,42.372835980111276
"59 CHELSEA STREET, Boston, MA",SAM,-71.0592678526732,42.372861955491295
"6 CHELSEA STREET, Boston, MA",SAM,-71.0582326760924,42.373725838083104
"605 CHELSEA STREET, Boston, MA",SAM,-71.0225218471077,42.38398308528968
"61 CHELSEA STREET, Boston, MA",SAM,-71.05923247241608,42.37288793087129
"610 CHELSEA STREET, Boston, MA",SAM,-71.02261855079375,42.38410342550363
"62 CHELSEA STREET, Boston, MA",SAM,-71.05809351079095,42.373847607728095
"64 CHELSEA STREET, Boston, MA",SAM,-71.05808854060163,42.373851956644
"66 CHELSEA STREET, Boston, MA",SAM,-71.0580835704123,42.37385630555988
"67 CHELSEA STREET, Boston, MA",SAM,-71.05912633164473,42.372965857011316
"68 CHELSEA STREET, Boston, MA",SAM,-71.05807860022296,42.373860654475756
"70 CHELSEA STREET, Boston, MA",SAM,-71.05807363003362,42.37386500339168
"71 CHELSEA STREET, Boston, MA",SAM,-71.05905557113051,42.37301780777131
"72 CHELSEA STREET, Boston, MA",SAM,-71.05806865984428,42.373869352307565
"75 CHELSEA STREET, Boston, MA",SAM,-71.05898481061627,42.373069758531315
"76 CHELSEA STREET, Boston, MA",SAM,-71.0580587194656,42.37387805013935
"78 CHELSEA STREET, Boston, MA",SAM,-71.05805374927627,42.37388239905524
"8 CHELSEA STREET, Boston, MA",SAM,-71.05822770590306,42.37373018699901
"80 CHELSEA STREET, Boston, MA",SAM,-71.05804877908695,42.37388674797114
"81 CHELSEA STREET, Boston, MA",SAM,-71.05887591918669,42.37315446549052
"83 CHELSEA STREET, Boston, MA",SAM,-71.05884482851248,42.3731832812388
"84 CHELSEA STREET, Boston, MA",SAM,-71.05803883870824,42.373895445802916
"86 CHELSEA STREET, Boston, MA",SAM,-71.05803386851892,42.37389979471881
"87 CHELSEA STREET, Boston, MA",SAM,-71.05878264716404,42.37324091273535
"88 CHELSEA STREET, Boston, MA",SAM,-71.05802889832958,42.373904143634704
"89 CHELSEA STREET, Boston, MA",SAM,-71.05875155648981,42.37326972848364
"9 CHELSEA STREET, Boston, MA",SAM,-71.06017202140222,42.37222563658418
"91 CHELSEA STREET, Boston, MA",SAM,-71.0587204658156,42.373298544231915
"92 CHELSEA STREET, Boston, MA",SAM,-71.0580189579509,42.37391284146649
"93 CHELSEA STREET, Boston, MA",SAM,-71.05868937514138,42.373327359980195
"94 CHELSEA STREET, Boston, MA",SAM,-71.05801398776157,42.37391719038238
"95 CHELSEA STREET, Boston, MA",SAM,-71.05865828446717,42.37335617572849
"97 CHELSEA STREET, Boston, MA",SAM,-71.05862719379296,42.373384991476755
"99 CHELSEA STREET, Boston, MA",SAM,-71.05859610311875,42.37341380722505
"1 CHELSEA TERRACE, Boston, MA",SAM,-71.03447184126229,42.373695787357335
"6 CHELSEA TERRACE, Boston, MA",SAM,-71.0343783606174,42.37378760517297
"39 CHENEY STREET, Boston, MA",SAM,-71.08467145529785,42.309137419058416
"4 CHENEY STREET, Boston, MA",SAM,-71.08408847123154,42.30874220653935
"40 CHENEY STREET, Boston, MA",SAM,-71.0850996113564,42.30923142393543
"43 CHENEY STREET, Boston, MA",SAM,-71.08478305505645,42.309197891395996
"46 CHENEY STREET, Boston, MA",SAM,-71.08520959024324,42.30929301212606
"49 CHENEY STREET, Boston, MA",SAM,-71.08495718829394,42.30929540603115
"58 CHENEY STREET, Boston, MA",SAM,-71.08575404128939,42.309589074960755
"60 CHENEY STREET, Boston, MA",SAM,-71.08587000795669,42.30965151856509
"64 CHENEY STREET, Boston, MA",SAM,-71.08610194129126,42.30977640577376
"68 CHENEY STREET, Boston, MA",SAM,-71.08633387462582,42.309901292982424
"72 CHENEY STREET, Boston, MA",SAM,-71.08648990885156,42.30997361721232
"75 CHENEY STREET, Boston, MA",SAM,-71.08641624439555,42.310074455568156
"20 CHERITON ROAD, Boston, MA",SAM,-71.15594516562123,42.26077834524124
"12 CHEROKEE STREET, Boston, MA",SAM,-71.1004042591824,42.33008394183456
"29 CHEROKEE STREET, Boston, MA",SAM,-71.10032071817989,42.33034192035583
"6 CHEROKEE STREET, Boston, MA",SAM,-71.10047796476059,42.329998443360125
"25 CHERRY ROAD, Boston, MA",SAM,-71.16072445055221,42.263727375706075
"5 CHERRY ROAD, Boston, MA",SAM,-71.16074448213362,42.26347699840308
"10 CHERYL LANE, Boston, MA",SAM,-71.14228827936223,42.25449305367313
"14 CHERYL LANE, Boston, MA",SAM,-71.14232622525671,42.25449305367434
"18 CHERYL LANE, Boston, MA",SAM,-71.1423641711512,42.25449305367555
"2 CHERYL LANE, Boston, MA",SAM,-71.14219809934878,42.25450092296544
"22 CHERYL LANE, Boston, MA",SAM,-71.14242315247715,42.25449599468157
"26 CHERYL LANE, Boston, MA",SAM,-71.14245965070715,42.2545036785218
"30 CHERYL LANE, Boston, MA",SAM,-71.14249614893714,42.254511362362
"8 CHERYL LANE, Boston, MA",SAM,-71.14226930641499,42.25449305367252
"1 CHESBROUGH ROAD, Boston, MA",SAM,-71.1640208026891,42.27939030308387
"10 CHESBROUGH ROAD, Boston, MA",SAM,-71.16459193552437,42.2796804827936
"100 CHESBROUGH ROAD, Boston, MA",SAM,-71.16851343098725,42.282965667740555
"101 CHESBROUGH ROAD, Boston, MA",SAM,-71.16863400321022,42.28325940008035
"104 CHESBROUGH ROAD, Boston, MA",SAM,-71.1685455994485,42.28299525585066
"105 CHESBROUGH ROAD, Boston, MA",SAM,-71.16874337597854,42.28335999965472
"107 CHESBROUGH ROAD, Boston, MA",SAM,-71.1687980623627,42.2834102994419
"108 CHESBROUGH ROAD, Boston, MA",SAM,-71.16857776790981,42.28302484396075
"11 CHESBROUGH ROAD, Boston, MA",SAM,-71.164592221568,42.279849992117455
"111 CHESBROUGH ROAD, Boston, MA",SAM,-71.16890743513105,42.28351089901624
"112 CHESBROUGH ROAD, Boston, MA",SAM,-71.16860993637108,42.28305443207086
"12 CHESBROUGH ROAD, Boston, MA",SAM,-71.16470621930017,42.27977242060033
"123 CHESBROUGH ROAD, Boston, MA",SAM,-71.16928804425402,42.283854357188325
"14 CHESBROUGH ROAD, Boston, MA",SAM,-71.16482050307594,42.27986435840705
"15 CHESBROUGH ROAD, Boston, MA",SAM,-71.16481850602631,42.28003368409855
"17 CHESBROUGH ROAD, Boston, MA",SAM,-71.16493001724359,42.280127467912614
"18 CHESBROUGH ROAD, Boston, MA",SAM,-71.16504630511737,42.280051779081994
"19 CHESBROUGH ROAD, Boston, MA",SAM,-71.16504152846089,42.280221251726694
"2 CHESBROUGH ROAD, Boston, MA",SAM,-71.16413480042127,42.27931273156675
"20 CHESBROUGH ROAD, Boston, MA",SAM,-71.16515781633467,42.28014556289606
"21 CHESBROUGH ROAD, Boston, MA",SAM,-71.16515303967817,42.280315035540745
"22 CHESBROUGH ROAD, Boston, MA",SAM,-71.16526932755195,42.28023934671013
"23 CHESBROUGH ROAD, Boston, MA",SAM,-71.16526455089549,42.28040881935482
"24 CHESBROUGH ROAD, Boston, MA",SAM,-71.16538083876925,42.280333130524205
"25 CHESBROUGH ROAD, Boston, MA",SAM,-71.16537606211277,42.280502603168905
"28 CHESBROUGH ROAD, Boston, MA",SAM,-71.16560386120383,42.280520698152344
"29 CHESBROUGH ROAD, Boston, MA",SAM,-71.16559908454734,42.280690170797044
"3 CHESBROUGH ROAD, Boston, MA",SAM,-71.16413508646487,42.27948224089058
"30 CHESBROUGH ROAD, Boston, MA",SAM,-71.16571537242113,42.2806144819664
"31 CHESBROUGH ROAD, Boston, MA",SAM,-71.16570230226247,42.280776248762365
"32 CHESBROUGH ROAD, Boston, MA",SAM,-71.16581772905771,42.280699840916654
"33 CHESBROUGH ROAD, Boston, MA",SAM,-71.16579128378113,42.28084982965009
"34 CHESBROUGH ROAD, Boston, MA",SAM,-71.16590096983325,42.280768674650325
"35 CHESBROUGH ROAD, Boston, MA",SAM,-71.16588026529976,42.2809234105378
"36 CHESBROUGH ROAD, Boston, MA",SAM,-71.16598421060874,42.280837508383996
"37 CHESBROUGH ROAD, Boston, MA",SAM,-71.16596924681842,42.280996991425496
"38 CHESBROUGH ROAD, Boston, MA",SAM,-71.16606745138427,42.28090634211764
"39 CHESBROUGH ROAD, Boston, MA",SAM,-71.16605822833708,42.2810705723132
"40 CHESBROUGH ROAD, Boston, MA",SAM,-71.16615069215977,42.280975175851296
"41 CHESBROUGH ROAD, Boston, MA",SAM,-71.16614577308945,42.28114377195634
"42 CHESBROUGH ROAD, Boston, MA",SAM,-71.16623393293527,42.28104400958497
"43 CHESBROUGH ROAD, Boston, MA",SAM,-71.16623302685079,42.281218477534665
"44 CHESBROUGH ROAD, Boston, MA",SAM,-71.16631644302545,42.28111463547461
"45 CHESBROUGH ROAD, Boston, MA",SAM,-71.16632028061213,42.28129318311303
"46 CHESBROUGH ROAD, Boston, MA",SAM,-71.16639806751186,42.281184521338204
"47 CHESBROUGH ROAD, Boston, MA",SAM,-71.16640753437346,42.281367888691356
"48 CHESBROUGH ROAD, Boston, MA",SAM,-71.16647969199828,42.281254407201814
"49 CHESBROUGH ROAD, Boston, MA",SAM,-71.16649478813478,42.28144259426969
"5 CHESBROUGH ROAD, Boston, MA",SAM,-71.16424937024064,42.27957417869731
"50 CHESBROUGH ROAD, Boston, MA",SAM,-71.16656131648469,42.281324293065424
"51 CHESBROUGH ROAD, Boston, MA",SAM,-71.16658204189613,42.28151729984804
"52 CHESBROUGH ROAD, Boston, MA",SAM,-71.16664294097107,42.28139417892903
"53 CHESBROUGH ROAD, Boston, MA",SAM,-71.16666929565747,42.28159200542639
"54 CHESBROUGH ROAD, Boston, MA",SAM,-71.1667245654575,42.281464064792644
"55 CHESBROUGH ROAD, Boston, MA",SAM,-71.16675654941882,42.28166671100472
"56 CHESBROUGH ROAD, Boston, MA",SAM,-71.16680618994391,42.281533950656254
"58 CHESBROUGH ROAD, Boston, MA",SAM,-71.16688781443031,42.28160383651987
"59 CHESBROUGH ROAD, Boston, MA",SAM,-71.16693105694146,42.281816122161395
"6 CHESBROUGH ROAD, Boston, MA",SAM,-71.16436336797281,42.27949660718019
"63 CHESBROUGH ROAD, Boston, MA",SAM,-71.16710556446415,42.28196553331808
"68 CHESBROUGH ROAD, Boston, MA",SAM,-71.16729593686237,42.28195326583789
"7 CHESBROUGH ROAD, Boston, MA",SAM,-71.16436365401644,42.27966611650401
"72 CHESBROUGH ROAD, Boston, MA",SAM,-71.1674591858352,42.28209303756511
"75 CHESBROUGH ROAD, Boston, MA",SAM,-71.16763501484022,42.28241176357852
"8 CHESBROUGH ROAD, Boston, MA",SAM,-71.1644776517486,42.279588544986886
"81 CHESBROUGH ROAD, Boston, MA",SAM,-71.16790414413983,42.282631054168135
"83 CHESBROUGH ROAD, Boston, MA",SAM,-71.16799385390634,42.28270415103135
"85 CHESBROUGH ROAD, Boston, MA",SAM,-71.1680835636729,42.28277724789454
"86 CHESBROUGH ROAD, Boston, MA",SAM,-71.16804196535115,42.28257288656892
"87 CHESBROUGH ROAD, Boston, MA",SAM,-71.16817327343941,42.28285034475774
"88 CHESBROUGH ROAD, Boston, MA",SAM,-71.16812588739081,42.28264126750546
"89 CHESBROUGH ROAD, Boston, MA",SAM,-71.16826298320595,42.28292344162095
"9 CHESBROUGH ROAD, Boston, MA",SAM,-71.1644779377922,42.27975805431075
"93 CHESBROUGH ROAD, Boston, MA",SAM,-71.16841525767352,42.28305820093164
"96 CHESBROUGH ROAD, Boston, MA",SAM,-71.16848126252599,42.282936079630446
"97 CHESBROUGH ROAD, Boston, MA",SAM,-71.16852463044185,42.283158800505994
"12 CHESHIRE STREET, Boston, MA",SAM,-71.10959277599115,42.31201684493292
"14 CHESHIRE STREET, Boston, MA",SAM,-71.10955401584313,42.31207562406019
"19 CHESHIRE STREET, Boston, MA",SAM,-71.10932170981344,42.312166468275905
"20 CHESHIRE STREET, Boston, MA",SAM,-71.10943773539907,42.312251961442
"22 CHESHIRE STREET, Boston, MA",SAM,-71.1093994094478,42.31231042360531
"23 CHESHIRE STREET, Boston, MA",SAM,-71.10924944797145,42.31227669377247
"24 CHESHIRE STREET, Boston, MA",SAM,-71.1093612394292,42.312369413635665
"28 CHESHIRE STREET, Boston, MA",SAM,-71.10928489939201,42.312487393696415
"32 CHESHIRE STREET, Boston, MA",SAM,-71.10915035464106,42.312654202064564
"33 CHESHIRE STREET, Boston, MA",SAM,-71.10903404241309,42.312578483406185
"36 CHESHIRE STREET, Boston, MA",SAM,-71.10913031594966,42.31267103456622
"40 CHESHIRE STREET, Boston, MA",SAM,-71.10911027725825,42.31268786706786
"6 CHESHIRE STREET, Boston, MA",SAM,-71.10970905643525,42.31184050755111
"1 CHESTER PARK, Boston, MA",SAM,-71.09443679622699,42.27201251412429
"5 CHESTER PARK, Boston, MA",SAM,-71.09444687785916,42.27200134258545
"10 CHESTER PLACE, Boston, MA",SAM,-71.15521666849872,42.28846612456078
"11 CHESTER PLACE, Boston, MA",SAM,-71.15529738794399,42.28856435115771
"12 CHESTER PLACE, Boston, MA",SAM,-71.15522891501942,42.288461558061385
"7 CHESTER PLACE, Boston, MA",SAM,-71.15527339476054,42.28857329776877
"8 CHESTER PLACE, Boston, MA",SAM,-71.15520442197801,42.28847069106015
"101 CHESTER STREET, Boston, MA",SAM,-71.12790377547806,42.35389570487583
"16 CHESTER STREET, Boston, MA",SAM,-71.12883430451687,42.35124176702123
"20 CHESTER STREET, Boston, MA",SAM,-71.1287902829357,42.35138545345331
"78 CHESTER STREET, Boston, MA",SAM,-71.12812161483873,42.353676941188695
"89 CHESTER STREET, Boston, MA",SAM,-71.12792123290416,42.35383100971415
"94 CHESTER STREET, Boston, MA",SAM,-71.12806970169795,42.35386676055743
"98 CHESTER STREET, Boston, MA",SAM,-71.12806368529688,42.35388905663011
"102 CHESTERFIELD STREET, Boston, MA",SAM,-71.13920480674633,42.24226302407625
"103 CHESTERFIELD STREET, Boston, MA",SAM,-71.13907009612561,42.24234686121491
"106 CHESTERFIELD STREET, Boston, MA",SAM,-71.13936497639554,42.242312718115954
"107 CHESTERFIELD STREET, Boston, MA",SAM,-71.13928807807604,42.24241286532198
"11 CHESTERFIELD STREET, Boston, MA",SAM,-71.13396183755302,42.24073297704569
"110 CHESTERFIELD STREET, Boston, MA",SAM,-71.13939414350591,42.24232221438688
"111 CHESTERFIELD STREET, Boston, MA",SAM,-71.13931787925407,42.24242256803355
"114 CHESTERFIELD STREET, Boston, MA",SAM,-71.13942331061631,42.2423317106578
"12 CHESTERFIELD STREET, Boston, MA",SAM,-71.13404219435309,42.24063217428597
"15 CHESTERFIELD STREET, Boston, MA",SAM,-71.13415393386141,42.24078442325361
"16 CHESTERFIELD STREET, Boston, MA",SAM,-71.13424977135254,42.24068844083746
"19 CHESTERFIELD STREET, Boston, MA",SAM,-71.13434745042815,42.24083720051336
"20 CHESTERFIELD STREET, Boston, MA",SAM,-71.13445538270469,42.24074451667593
"23 CHESTERFIELD STREET, Boston, MA",SAM,-71.13454096699486,42.24088997777309
"3 CHESTERFIELD STREET, Boston, MA",SAM,-71.13357135566537,42.240634633431746
"30 CHESTERFIELD STREET, Boston, MA",SAM,-71.13496941108504,42.240884706272126
"36 CHESTERFIELD STREET, Boston, MA",SAM,-71.13532286544917,42.240991734603156
"41 CHESTERFIELD STREET, Boston, MA",SAM,-71.1354956388669,42.24118464524119
"44 CHESTERFIELD STREET, Boston, MA",SAM,-71.13587720022049,42.24119032887257
"45 CHESTERFIELD STREET, Boston, MA",SAM,-71.13574489379332,42.241273025275405
"48 CHESTERFIELD STREET, Boston, MA",SAM,-71.1361625582997,42.2412808562864
"49 CHESTERFIELD STREET, Boston, MA",SAM,-71.13599458211259,42.24135223676253
"5 CHESTERFIELD STREET, Boston, MA",SAM,-71.13366897613729,42.240659219335235
"56 CHESTERFIELD STREET, Boston, MA",SAM,-71.13657229329469,42.24141001803624
"60 CHESTERFIELD STREET, Boston, MA",SAM,-71.13669727154715,42.241449141673165
"61 CHESTERFIELD STREET, Boston, MA",SAM,-71.13661199232521,42.24154686057455
"70 CHESTERFIELD STREET, Boston, MA",SAM,-71.13766317727656,42.24176643249386
"74 CHESTERFIELD STREET, Boston, MA",SAM,-71.1378207494925,42.241818487614104
"75 CHESTERFIELD STREET, Boston, MA",SAM,-71.13782770464597,42.24194626857303
"78 CHESTERFIELD STREET, Boston, MA",SAM,-71.13797832170845,42.24187054273434
"79 CHESTERFIELD STREET, Boston, MA",SAM,-71.1380202929099,42.24200989149777
"8 CHESTERFIELD STREET, Boston, MA",SAM,-71.13383475085027,42.24057992924107
"82 CHESTERFIELD STREET, Boston, MA",SAM,-71.13813589392437,42.24192259785459
"83 CHESTERFIELD STREET, Boston, MA",SAM,-71.13821288117383,42.2420735144225
"84 CHESTERFIELD STREET, Boston, MA",SAM,-71.13821468003235,42.24194862541469
"86 CHESTERFIELD STREET, Boston, MA",SAM,-71.13829346614033,42.24197465297481
"87 CHESTERFIELD STREET, Boston, MA",SAM,-71.13845058072475,42.24215200761975
"88 CHESTERFIELD STREET, Boston, MA",SAM,-71.13837225224827,42.24200068053493
"90 CHESTERFIELD STREET, Boston, MA",SAM,-71.13851358489045,42.24204733829105
"91 CHESTERFIELD STREET, Boston, MA",SAM,-71.13860355575972,42.24220247362346
"94 CHESTERFIELD STREET, Boston, MA",SAM,-71.13874304744289,42.242123037296615
"95 CHESTERFIELD STREET, Boston, MA",SAM,-71.1387565307947,42.242252939627164
"98 CHESTERFIELD STREET, Boston, MA",SAM,-71.13897112778709,42.24219475829488
"99 CHESTERFIELD STREET, Boston, MA",SAM,-71.13891431015277,42.24230135069399
"12 CHESTERTON STREET, Boston, MA",SAM,-71.07019229367958,42.33036556577597
"2 CHESTERTON STREET, Boston, MA",SAM,-71.07002021144231,42.33044899959165
"25 CHESTERTON STREET, Boston, MA",SAM,-71.07050674819381,42.3303515204057
"4 CHESTERTON STREET, Boston, MA",SAM,-71.07005462788977,42.33043231282854
"6 CHESTERTON STREET, Boston, MA",SAM,-71.07008904433722,42.33041562606539
"7 CHESTERTON STREET, Boston, MA",SAM,-71.07020636144608,42.330495782808285
"8 CHESTERTON STREET, Boston, MA",SAM,-71.07012346078469,42.330398939302256
"10 CHESTNUT AVENUE, Boston, MA",SAM,-71.10187424450024,42.32238049554351
"100 CHESTNUT AVENUE, Boston, MA",SAM,-71.10459388088634,42.31958492322804
"105 CHESTNUT AVENUE, Boston, MA",SAM,-71.10492974421703,42.31953826235828
"106 CHESTNUT AVENUE, Boston, MA",SAM,-71.1050227759987,42.319297058816275
"107 CHESTNUT AVENUE, Boston, MA",SAM,-71.10506284564613,42.31945633711035
"108 CHESTNUT AVENUE, Boston, MA",SAM,-71.10509999163133,42.31920027903988
"111 CHESTNUT AVENUE, Boston, MA",SAM,-71.10523496356892,42.31925659379101
"113 CHESTNUT AVENUE, Boston, MA",SAM,-71.10526136894605,42.319221993640355
"115 CHESTNUT AVENUE, Boston, MA",SAM,-71.10528777432317,42.319187393489734
"118 CHESTNUT AVENUE, Boston, MA",SAM,-71.10519241045128,42.31907917851265
"120 CHESTNUT AVENUE, Boston, MA",SAM,-71.10521089421529,42.31905495840719
"127 CHESTNUT AVENUE, Boston, MA",SAM,-71.10590139981252,42.3183847920573
"13 CHESTNUT AVENUE, Boston, MA",SAM,-71.10216492869776,42.32210410502292
"139 CHESTNUT AVENUE, Boston, MA",SAM,-71.10619255277076,42.318016569183875
"14 CHESTNUT AVENUE, Boston, MA",SAM,-71.10197656314207,42.32216221577446
"141 CHESTNUT AVENUE, Boston, MA",SAM,-71.1062410782638,42.317955198704986
"142 CHESTNUT AVENUE, Boston, MA",SAM,-71.10605876513645,42.3179587325817
"143 CHESTNUT AVENUE, Boston, MA",SAM,-71.10628960375686,42.317893828226055
"145 CHESTNUT AVENUE, Boston, MA",SAM,-71.10633812924989,42.317832457747166
"146 CHESTNUT AVENUE, Boston, MA",SAM,-71.10615581612252,42.31783599162389
"148 CHESTNUT AVENUE, Boston, MA",SAM,-71.10620434161557,42.317774621144984
"150 CHESTNUT AVENUE, Boston, MA",SAM,-71.10625286710861,42.31771325066607
"151 CHESTNUT AVENUE, Boston, MA",SAM,-71.10651274005515,42.31760901720355
"152 CHESTNUT AVENUE, Boston, MA",SAM,-71.10630139260167,42.31765188018718
"153 CHESTNUT AVENUE, Boston, MA",SAM,-71.1065450408394,42.31756594948963
"155 CHESTNUT AVENUE, Boston, MA",SAM,-71.10657734162366,42.31752288177568
"159 CHESTNUT AVENUE, Boston, MA",SAM,-71.1066419431922,42.3174367463478
"165 CHESTNUT AVENUE, Boston, MA",SAM,-71.106776531797,42.31724500667255
"167 CHESTNUT AVENUE, Boston, MA",SAM,-71.1068364665096,42.31715429467243
"168 CHESTNUT AVENUE, Boston, MA",SAM,-71.10672719006254,42.31705863709937
"17 CHESTNUT AVENUE, Boston, MA",SAM,-71.10227139909428,42.32187866353697
"173 CHESTNUT AVENUE, Boston, MA",SAM,-71.10699131029611,42.3168735335872
"175 CHESTNUT AVENUE, Boston, MA",SAM,-71.10704889265921,42.31678199239223
"176 CHESTNUT AVENUE, Boston, MA",SAM,-71.10681871726842,42.31687792439639
"178 CHESTNUT AVENUE, Boston, MA",SAM,-71.10685079451461,42.316825205986824
"179 CHESTNUT AVENUE, Boston, MA",SAM,-71.1071735485394,42.316590308862956
"18 CHESTNUT AVENUE, Boston, MA",SAM,-71.10207111660343,42.32194364705673
"180 CHESTNUT AVENUE, Boston, MA",SAM,-71.10687958569616,42.31677943538934
"183 CHESTNUT AVENUE, Boston, MA",SAM,-71.10722071945571,42.316524014599956
"188 CHESTNUT AVENUE, Boston, MA",SAM,-71.10703640152892,42.31653695255334
"189 CHESTNUT AVENUE, Boston, MA",SAM,-71.10733751466609,42.316350946944624
"192 CHESTNUT AVENUE, Boston, MA",SAM,-71.10713074336157,42.316404364027335
"195 CHESTNUT AVENUE, Boston, MA",SAM,-71.10753545268506,42.31601783064027
"196 CHESTNUT AVENUE, Boston, MA",SAM,-71.10726346367657,42.31619077599706
"199 CHESTNUT AVENUE, Boston, MA",SAM,-71.10762901671703,42.31585981138294
"20 CHESTNUT AVENUE, Boston, MA",SAM,-71.10213097138175,42.32183017841644
"201 CHESTNUT AVENUE, Boston, MA",SAM,-71.10767579873303,42.31578080175428
"202 CHESTNUT AVENUE, Boston, MA",SAM,-71.1075338390369,42.31573484251072
"203 CHESTNUT AVENUE, Boston, MA",SAM,-71.10773820824026,42.31567631983017
"205 CHESTNUT AVENUE, Boston, MA",SAM,-71.10780425639003,42.315566708004674
"206 CHESTNUT AVENUE, Boston, MA",SAM,-71.10765169474938,42.31553833886635
"207 CHESTNUT AVENUE, Boston, MA",SAM,-71.1078703045398,42.3154570961792
"21 CHESTNUT AVENUE, Boston, MA",SAM,-71.10238289345821,42.32171005949662
"212 CHESTNUT AVENUE, Boston, MA",SAM,-71.10782034410144,42.31526369377615
"213 CHESTNUT AVENUE, Boston, MA",SAM,-71.10806589937434,42.31512550645445
"214 CHESTNUT AVENUE, Boston, MA",SAM,-71.10787140145601,42.315174968256805
"223 CHESTNUT AVENUE, Boston, MA",SAM,-71.10815511972454,42.31475647764147
"226 CHESTNUT AVENUE, Boston, MA",SAM,-71.10800234601861,42.31473726446419
"23 CHESTNUT AVENUE, Boston, MA",SAM,-71.10244424545989,42.32162598452837
"233 CHESTNUT AVENUE, Boston, MA",SAM,-71.10821312484146,42.31444544532773
"236 CHESTNUT AVENUE, Boston, MA",SAM,-71.10805905173558,42.314433159267104
"241 CHESTNUT AVENUE, Boston, MA",SAM,-71.10826322159392,42.3141720314347
"243 CHESTNUT AVENUE, Boston, MA",SAM,-71.10830039909305,42.314117243539535
"244 CHESTNUT AVENUE, Boston, MA",SAM,-71.10816189266363,42.31406585096793
"245 CHESTNUT AVENUE, Boston, MA",SAM,-71.10836851194121,42.314011918107134
"25 CHESTNUT AVENUE, Boston, MA",SAM,-71.10250559746159,42.321541909560125
"251 CHESTNUT AVENUE, Boston, MA",SAM,-71.10849917634816,42.31383212109695
"255 CHESTNUT AVENUE, Boston, MA",SAM,-71.10861203806638,42.31373237464115
"258 CHESTNUT AVENUE, Boston, MA",SAM,-71.10873722491213,42.31344430231966
"259 CHESTNUT AVENUE, Boston, MA",SAM,-71.10873392644072,42.31362522002094
"26 CHESTNUT AVENUE, Boston, MA",SAM,-71.10238147075415,42.321470682205444
"263 CHESTNUT AVENUE, Boston, MA",SAM,-71.10885581481504,42.31351806540073
"267 CHESTNUT AVENUE, Boston, MA",SAM,-71.10902251802833,42.313401128244365
"268 CHESTNUT AVENUE, Boston, MA",SAM,-71.10889935137834,42.313328276768814
"279 CHESTNUT AVENUE, Boston, MA",SAM,-71.1095669044413,42.313147900267445
"28 CHESTNUT AVENUE, Boston, MA",SAM,-71.10247374339781,42.32134963889447
"281 CHESTNUT AVENUE, Boston, MA",SAM,-71.10968391424052,42.31311633752822
"286 CHESTNUT AVENUE, Boston, MA",SAM,-71.10918605035948,42.3131543281684
"288 CHESTNUT AVENUE, Boston, MA",SAM,-71.10922267876973,42.31313683969839
"289 CHESTNUT AVENUE, Boston, MA",SAM,-71.11000239281215,42.312877250825906
"29 CHESTNUT AVENUE, Boston, MA",SAM,-71.10263140160839,42.321381308904456
"298 CHESTNUT AVENUE, Boston, MA",SAM,-71.10936593988977,42.31308041960155
"299 CHESTNUT AVENUE, Boston, MA",SAM,-71.11031160668288,42.31256357761442
"300 CHESTNUT AVENUE, Boston, MA",SAM,-71.10939428131366,42.31307169916328
"301 CHESTNUT AVENUE, Boston, MA",SAM,-71.11037545140667,42.312501253000065
"305 CHESTNUT AVENUE, Boston, MA",SAM,-71.11050505518169,42.31237391233122
"309 CHESTNUT AVENUE, Boston, MA",SAM,-71.11059561672253,42.31227852444172
"32 CHESTNUT AVENUE, Boston, MA",SAM,-71.10265808354286,42.321143161933854
"34 CHESTNUT AVENUE, Boston, MA",SAM,-71.10271425966279,42.321078506396795
"37 CHESTNUT AVENUE, Boston, MA",SAM,-71.10291955539344,42.321054234832495
"39 CHESTNUT AVENUE, Boston, MA",SAM,-71.10298509420002,42.320978803372576
"4 CHESTNUT AVENUE, Boston, MA",SAM,-71.10173192391703,42.32271455236119
"41 CHESTNUT AVENUE, Boston, MA",SAM,-71.1030506330066,42.32090337191267
"43 CHESTNUT AVENUE, Boston, MA",SAM,-71.1031161718132,42.320827940452766
"45 CHESTNUT AVENUE, Boston, MA",SAM,-71.10318171061976,42.32075250899287
"46 CHESTNUT AVENUE, Boston, MA",SAM,-71.10305131638235,42.320690573174396
"49 CHESTNUT AVENUE, Boston, MA",SAM,-71.10329375954086,42.3206201236564
"51 CHESTNUT AVENUE, Boston, MA",SAM,-71.10332249969674,42.32058563546787
"57 CHESTNUT AVENUE, Boston, MA",SAM,-71.10340872016445,42.320482170902324
"63 CHESTNUT AVENUE, Boston, MA",SAM,-71.10357103906954,42.320306636276904
"65 CHESTNUT AVENUE, Boston, MA",SAM,-71.10361084623504,42.32026509836313
"80 CHESTNUT AVENUE, Boston, MA",SAM,-71.1040042036606,42.319900384336776
"81 CHESTNUT AVENUE, Boston, MA",SAM,-71.10409452735105,42.319993502018605
"85 CHESTNUT AVENUE, Boston, MA",SAM,-71.10419854121471,42.31993834314892
"14 CHESTNUT PLACE, Boston, MA",SAM,-71.15187549517411,42.34681766321008
"8 CHESTNUT PLACE, Boston, MA",SAM,-71.15188897632757,42.34682244134161
"18 CHESTNUT ROAD, Boston, MA",SAM,-71.16081282235297,42.265228922243736
"24 CHESTNUT ROAD, Boston, MA",SAM,-71.16075321313406,42.26513342913838
"27 CHESTNUT ROAD, Boston, MA",SAM,-71.16050544763893,42.26471222178525
"32 CHESTNUT ROAD, Boston, MA",SAM,-71.16032647845726,42.26472876685328
"51 CHESTNUT ROAD, Boston, MA",SAM,-71.16027171556405,42.26450733158392
"56 CHESTNUT ROAD, Boston, MA",SAM,-71.15996074350326,42.26442326881588
"64 CHESTNUT ROAD, Boston, MA",SAM,-71.15977238104726,42.264271521685366
"12 CHESTNUT SQUARE, Boston, MA",SAM,-71.10696653587448,42.315572946453365
"19 CHESTNUT SQUARE, Boston, MA",SAM,-71.1068509284833,42.315242859994754
"34 CHESTNUT SQUARE, Boston, MA",SAM,-71.10689152769207,42.314960337356446
"38 CHESTNUT SQUARE, Boston, MA",SAM,-71.10691022566121,42.31493833974475
"42 CHESTNUT SQUARE, Boston, MA",SAM,-71.10692892363035,42.314916342133046
"46 CHESTNUT SQUARE, Boston, MA",SAM,-71.10694762159949,42.31489434452135
"7 CHESTNUT SQUARE, Boston, MA",SAM,-71.10720797734052,42.31551982357955
"9 CHESTNUT SQUARE, Boston, MA",SAM,-71.10707996383088,42.31548273554357
"1 CHESTNUT STREET, Boston, MA",SAM,-71.12605530843966,42.25948564360027
"10 CHESTNUT STREET, Boston, MA",SAM,-71.11944136173761,42.32212547973193
"100 CHESTNUT STREET, Boston, MA",SAM,-71.07120264868341,42.35666627391769
"101 CHESTNUT STREET, Boston, MA",SAM,-71.07187476197137,42.35664379630818
"102 CHESTNUT STREET, Boston, MA",SAM,-71.07132788554887,42.356638933475786
"104 CHESTNUT STREET, Boston, MA",SAM,-71.07145312241434,42.35661159303389
"106 CHESTNUT STREET, Boston, MA",SAM,-71.0715783592798,42.356584252591986
"107 CHESTNUT STREET, Boston, MA",SAM,-71.07193576688552,42.35663014177891
"109 CHESTNUT STREET, Boston, MA",SAM,-71.07195610185688,42.35662559026914
"11 CHESTNUT STREET, Boston, MA",SAM,-71.12677067024482,42.25949929911687
"118 CHESTNUT STREET, Boston, MA",SAM,-71.0718501444012,42.356529574067885
"124 CHESTNUT STREET, Boston, MA",SAM,-71.07192335029816,42.356513188632746
"128 CHESTNUT STREET, Boston, MA",SAM,-71.07197215422947,42.35650226500931
"13 CHESTNUT STREET, Boston, MA",SAM,-71.12678216646796,42.25949984655651
"130 CHESTNUT STREET, Boston, MA",SAM,-71.07199655619513,42.356496803197615
"132 CHESTNUT STREET, Boston, MA",SAM,-71.07202095816079,42.35649134138589
"134 CHESTNUT STREET, Boston, MA",SAM,-71.07204536012645,42.35648587957417
"142 CHESTNUT STREET, Boston, MA",SAM,-71.07214296798908,42.35646403232734
"144 CHESTNUT STREET, Boston, MA",SAM,-71.07216736995476,42.356458570515606
"15 CHESTNUT STREET, Boston, MA",SAM,-71.12693561904655,42.25950788423196
"16 CHESTNUT STREET, Boston, MA",SAM,-71.11944159887717,42.32213069680986
"17 CHESTNUT STREET, Boston, MA",SAM,-71.12725374752738,42.25952606301501
"19 CHESTNUT STREET, Boston, MA",SAM,-71.12740429238667,42.25953720151312
"2 CHESTNUT STREET, Boston, MA",SAM,-71.11944104555153,42.32211852362803
"20 CHESTNUT STREET, Boston, MA",SAM,-71.11944175697023,42.3221341748618
"21 CHESTNUT STREET, Boston, MA",SAM,-71.12741896689913,42.259538535560345
"22 CHESTNUT STREET, Boston, MA",SAM,-71.11944183601676,42.322135913887784
"23 CHESTNUT STREET, Boston, MA",SAM,-71.12743364141157,42.2595398696076
"24 CHESTNUT STREET, Boston, MA",SAM,-71.11944191506328,42.322137652913746
"25 CHESTNUT STREET, Boston, MA",SAM,-71.12744831592403,42.259541203654855
"28 CHESTNUT STREET, Boston, MA",SAM,-71.11944207315632,42.3221411309657
"29 CHESTNUT STREET, Boston, MA",SAM,-71.12747766494894,42.259543871749344
"31 CHESTNUT STREET, Boston, MA",SAM,-71.12749233946137,42.25954520579659
"32 CHESTNUT STREET, Boston, MA",SAM,-71.11944223124937,42.32214460901763
"33 CHESTNUT STREET, Boston, MA",SAM,-71.12750701397384,42.25954653984385
"35 CHESTNUT STREET, Boston, MA",SAM,-71.12752168848628,42.259547873891094
"37 CHESTNUT STREET, Boston, MA",SAM,-71.12753636299874,42.259549207938335
"38 CHESTNUT STREET, Boston, MA",SAM,-71.11944246838894,42.32214982609558
"39 CHESTNUT STREET, Boston, MA",SAM,-71.12755103751118,42.259550541985575
"4 CHESTNUT STREET, Boston, MA",SAM,-71.11944112459804,42.322120262654
"41 CHESTNUT STREET, Boston, MA",SAM,-71.12756571202362,42.25955187603282
"42 CHESTNUT STREET, Boston, MA",SAM,-71.11944262648198,42.32215330414751
"43 CHESTNUT STREET, Boston, MA",SAM,-71.12758038653608,42.259553210080085
"44 CHESTNUT STREET, Boston, MA",SAM,-71.1194427055285,42.32215504317349
"45 CHESTNUT STREET, Boston, MA",SAM,-71.12759506104854,42.25955454412734
"46 CHESTNUT STREET, Boston, MA",SAM,-71.11944278457503,42.32215678219947
"47 CHESTNUT STREET, Boston, MA",SAM,-71.12760973556098,42.259555878174574
"48 CHESTNUT STREET, Boston, MA",SAM,-71.11944286362154,42.32215852122545
"49 CHESTNUT STREET, Boston, MA",SAM,-71.12762441007344,42.259557212221814
"5 CHESTNUT STREET, Boston, MA",SAM,-71.12659467991206,42.25949209437316
"50 CHESTNUT STREET, Boston, MA",SAM,-71.11944294266807,42.32216026025141
"51 CHESTNUT STREET, Boston, MA",SAM,-71.1276422652903,42.259558342872204
"52 CHESTNUT STREET, Boston, MA",SAM,-71.11944302171459,42.32216199927739
"53 CHESTNUT STREET, Boston, MA",SAM,-71.12765700077445,42.25955923593245
"54 CHESTNUT STREET, Boston, MA",SAM,-71.1194431007611,42.32216373830337
"56 CHESTNUT STREET, Boston, MA",SAM,-71.11944317980765,42.32216547732933
"57 CHESTNUT STREET, Boston, MA",SAM,-71.12768647174276,42.259561022052935
"59 CHESTNUT STREET, Boston, MA",SAM,-71.12770120722689,42.25956191511318
"6 CHESTNUT STREET, Boston, MA",SAM,-71.11944120364457,42.32212200167998
"61 CHESTNUT STREET, Boston, MA",SAM,-71.12771594271105,42.259562808173406
"62 CHESTNUT STREET, Boston, MA",SAM,-71.11944341694719,42.32217069440726
"67 CHESTNUT STREET, Boston, MA",SAM,-71.12776014916348,42.259565487354145
"68 CHESTNUT STREET, Boston, MA",SAM,-71.11944365408677,42.322175911485175
"69 CHESTNUT STREET, Boston, MA",SAM,-71.12777488464761,42.2595663804144
"7 CHESTNUT STREET, Boston, MA",SAM,-71.12674767779858,42.25949820423757
"70 CHESTNUT STREET, Boston, MA",SAM,-71.11944373313328,42.322177650511165
"71 CHESTNUT STREET, Boston, MA",SAM,-71.12778962013175,42.25956727347464
"72 CHESTNUT STREET, Boston, MA",SAM,-71.11944381217981,42.322179389537126
"73 CHESTNUT STREET, Boston, MA",SAM,-71.12780435561591,42.25956816653488
"75 CHESTNUT STREET, Boston, MA",SAM,-71.12781909110006,42.25956905959512
"76 CHESTNUT STREET, Boston, MA",SAM,-71.11944397027287,42.322182867589085
"77 CHESTNUT STREET, Boston, MA",SAM,-71.1278338265842,42.259569952655355
"79 CHESTNUT STREET, Boston, MA",SAM,-71.12784856206832,42.2595708457156
"81 CHESTNUT STREET, Boston, MA",SAM,-71.12786329755247,42.25957173877583
"83 CHESTNUT STREET, Boston, MA",SAM,-71.12787803303662,42.25957263183609
"84 CHESTNUT STREET, Boston, MA",SAM,-71.11944428645897,42.32218982369297
"85 CHESTNUT STREET, Boston, MA",SAM,-71.12789276852077,42.259573524896325
"86 CHESTNUT STREET, Boston, MA",SAM,-71.11944436550549,42.32219156271895
"87 CHESTNUT STREET, Boston, MA",SAM,-71.12790750400491,42.259574417956564
"88 CHESTNUT STREET, Boston, MA",SAM,-71.11944444455202,42.322193301744925
"9 CHESTNUT STREET, Boston, MA",SAM,-71.12675917402171,42.25949875167722
"90 CHESTNUT STREET, Boston, MA",SAM,-71.11944452359852,42.3221950407709
"92 CHESTNUT STREET, Boston, MA",SAM,-71.11944460264506,42.322196779796876
"94 CHESTNUT STREET, Boston, MA",SAM,-71.11944468169158,42.32219851882283
"95 CHESTNUT STREET, Boston, MA",SAM,-71.12796644594148,42.25957799019754
"96 CHESTNUT STREET, Boston, MA",SAM,-71.1194447607381,42.32220025784883
"97 CHESTNUT STREET, Boston, MA",SAM,-71.12798118142562,42.259578883257774
"98 CHESTNUT STREET, Boston, MA",SAM,-71.11944483978462,42.32220199687479
"2 LOWNEY WAY, Boston, MA",SAM,,
"27 CHESTNUT STREET, Boston, MA",SAM,-71.12746299043648,42.2595425377021
"34 CHESTNUT STREET, Boston, MA",SAM,-71.1194423102959,42.32214634804362
"63 CHESTNUT STREET, Boston, MA",SAM,-71.12773067819519,42.25956370123365
"65 CHESTNUT STREET, Boston, MA",SAM,-71.12774541367934,42.259564594293906
"3 CHESTNUT STREET, Boston, MA",SAM,-71.12632677539581,42.259485643608954
"252 CHESTNUT AVENUE, Boston, MA",SAM,-71.1084629760699,42.313685400215135
"1 CHESTNUT TERRACE, Boston, MA",SAM,-71.10652160035943,42.315665556432954
"2 CHESTNUT TERRACE, Boston, MA",SAM,-71.10579746311743,42.315564001676606
"3 CHESTNUT TERRACE, Boston, MA",SAM,-71.10650820839388,42.3156610924433
"8 CHESTNUT TERRACE, Boston, MA",SAM,-71.10581787278198,42.315570142639224
"2 CHESTNUT PLACE, Boston, MA",SAM,-71.151902457481,42.34682721947313
"12 CHESTNUT HILL AVENUE, Boston, MA",SAM,-71.15355770152465,42.348576766504614
"132 CHESTNUT HILL AVENUE, Boston, MA",SAM,-71.15351576574653,42.34297323396368
"138 CHESTNUT HILL AVENUE, Boston, MA",SAM,-71.15359210298388,42.3428544039387
"148 CHESTNUT HILL AVENUE, Boston, MA",SAM,-71.1541380127862,42.34202645910112
"149 CHESTNUT HILL AVENUE, Boston, MA",SAM,-71.15373310711716,42.342902041967385
"152 CHESTNUT HILL AVENUE, Boston, MA",SAM,-71.15450786986592,42.3414794493803
"16 CHESTNUT HILL AVENUE, Boston, MA",SAM,-71.15334164895684,42.34675720691874
"167 CHESTNUT HILL AVENUE, Boston, MA",SAM,-71.15438810514561,42.34191855009156
"17 CHESTNUT HILL AVENUE, Boston, MA",SAM,-71.15360445105257,42.34877197467616
"199 CHESTNUT HILL AVENUE, Boston, MA",SAM,-71.15477788796771,42.34127621708868
"2 CHESTNUT HILL AVENUE, Boston, MA",SAM,-71.15337839713573,42.34908821275409
"221 KIRKWOOD ROAD, Boston, MA",SAM,,
"225 KIRKWOOD ROAD, Boston, MA",SAM,,
"239 CHESTNUT HILL AVENUE, Boston, MA",SAM,-71.15519777955546,42.33974948276137
"245 CHESTNUT HILL AVENUE, Boston, MA",SAM,-71.1549892042282,42.33956181406201
"25 CHESTNUT HILL AVENUE, Boston, MA",SAM,-71.15370640439427,42.34861239552839
"258 CHESTNUT HILL AVENUE, Boston, MA",SAM,-71.15497939523766,42.33973560760658
"29 CHESTNUT HILL AVENUE, Boston, MA",SAM,-71.15375738106513,42.34853260595447
"324 CHESTNUT HILL AVENUE, Boston, MA",SAM,-71.15245960203869,42.337458220047374
"332 CHESTNUT HILL AVENUE, Boston, MA",SAM,-71.15225119146493,42.33726893890376
"35 CHESTNUT HILL AVENUE, Boston, MA",SAM,-71.1538892226553,42.34729024353387
"350 CHESTNUT HILL AVENUE, Boston, MA",SAM,-71.15192767406239,42.3369930671849
"354 CHESTNUT HILL AVENUE, Boston, MA",SAM,-71.15187134295181,42.33694557726931
"358 CHESTNUT HILL AVENUE, Boston, MA",SAM,-71.15181501184122,42.33689808735374
"372 CHESTNUT HILL AVENUE, Boston, MA",SAM,-71.15161785295417,42.33673187264921
"375 CHESTNUT HILL AVENUE, Boston, MA",SAM,-71.15055108507758,42.335581105304506
"392 CHESTNUT HILL AVENUE, Boston, MA",SAM,-71.15133619740126,42.33649442307129
"5 CHESTNUT HILL AVENUE, Boston, MA",SAM,-71.15354133026568,42.34900810741991
"50 CHESTNUT HILL AVENUE, Boston, MA",SAM,-71.1530436715317,42.34625685580472
"55 CHESTNUT HILL AVENUE, Boston, MA",SAM,-71.15324547362127,42.346314998799485
"56 CHESTNUT HILL AVENUE, Boston, MA",SAM,-71.15291068408493,42.34598403415397
"63 CHESTNUT HILL AVENUE, Boston, MA",SAM,-71.15306099739315,42.34595594411563
"65 CHESTNUT HILL AVENUE, Boston, MA",SAM,-71.15301623524834,42.34582510088135
"66 CHESTNUT HILL AVENUE, Boston, MA",SAM,-71.15286342934596,42.34543884696371
"75 CHESTNUT HILL AVENUE, Boston, MA",SAM,-71.1531958522283,42.345013279416165
"76 CHESTNUT HILL AVENUE, Boston, MA",SAM,-71.1530227098052,42.34503609736772
"78 CHESTNUT HILL AVENUE, Boston, MA",SAM,-71.15304844907654,42.344977755019755
"8 CHESTNUT HILL AVENUE, Boston, MA",SAM,-71.15343642180042,42.34876988404023
"96 CHESTNUT HILL AVENUE, Boston, MA",SAM,-71.15337425509013,42.34401544904011
"15 CHEVERUS ROAD, Boston, MA",SAM,-71.06275444961977,42.292201698276536
"19 CHEVERUS ROAD, Boston, MA",SAM,-71.06280281046051,42.29218993482886
"23 CHEVERUS ROAD, Boston, MA",SAM,-71.06285117130125,42.2921781713812
"27 CHEVERUS ROAD, Boston, MA",SAM,-71.062899532142,42.29216640793355
"3 CHEVERUS ROAD, Boston, MA",SAM,-71.06260936709756,42.29223698861951
"31 CHEVERUS ROAD, Boston, MA",SAM,-71.06294789298273,42.292154644485876
"35 CHEVERUS ROAD, Boston, MA",SAM,-71.06299625382346,42.29214288103822
"5 CHEVERUS ROAD, Boston, MA",SAM,-71.06263354751795,42.29223110689568
"9 CHEVERUS ROAD, Boston, MA",SAM,-71.06268190835868,42.292219343448
"10 CHICKATAWBUT STREET, Boston, MA",SAM,-71.0459193879393,42.286715919503926
"11 CHICKATAWBUT STREET, Boston, MA",SAM,-71.04606508844262,42.28680055145261
"12 CHICKATAWBUT STREET, Boston, MA",SAM,-71.04606383022674,42.286679958768616
"14 CHICKATAWBUT STREET, Boston, MA",SAM,-71.04620827251416,42.28664399803333
"15 CHICKATAWBUT STREET, Boston, MA",SAM,-71.04633471404581,42.286733424746714
"20 CHICKATAWBUT STREET, Boston, MA",SAM,-71.04664159937647,42.28653611582742
"23 CHICKATAWBUT STREET, Boston, MA",SAM,-71.04687396525222,42.28659917133494
"24 CHICKATAWBUT STREET, Boston, MA",SAM,-71.04693048395131,42.28646419435683
"27 CHICKATAWBUT STREET, Boston, MA",SAM,-71.04714359085541,42.28653204462906
"29 CHICKATAWBUT STREET, Boston, MA",SAM,-71.04727840365703,42.28649848127611
"30 CHICKATAWBUT STREET, Boston, MA",SAM,-71.0473638108136,42.286356312150964
"32 CHICKATAWBUT STREET, Boston, MA",SAM,-71.04751074902126,42.286319810747486
"35 CHICKATAWBUT STREET, Boston, MA",SAM,-71.04768940461949,42.2863963804501
"36 CHICKATAWBUT STREET, Boston, MA",SAM,-71.04781279147538,42.286244945524196
"37 CHICKATAWBUT STREET, Boston, MA",SAM,-71.04781885138553,42.28636429535442
"38 CHICKATAWBUT STREET, Boston, MA",SAM,-71.04796381270245,42.28620751291254
"4 CHICKATAWBUT STREET, Boston, MA",SAM,-71.04548606107703,42.286823801709815
"40 CHICKATAWBUT STREET, Boston, MA",SAM,-71.04811483392949,42.2861700803009
"42 CHICKATAWBUT STREET, Boston, MA",SAM,-71.04826585515656,42.28613264768926
"43 CHICKATAWBUT STREET, Boston, MA",SAM,-71.04820719168366,42.28626804006733
"44 CHICKATAWBUT STREET, Boston, MA",SAM,-71.04841687638361,42.28609521507761
"46 CHICKATAWBUT STREET, Boston, MA",SAM,-71.04856550001975,42.28605947078655
"47 CHICKATAWBUT STREET, Boston, MA",SAM,-71.04846608521576,42.28620386987593
"49 CHICKATAWBUT STREET, Boston, MA",SAM,-71.04861206503618,42.286168761401385
"50 CHICKATAWBUT STREET, Boston, MA",SAM,-71.04877944215346,42.28600958293536
"52 CHICKATAWBUT STREET, Boston, MA",SAM,-71.04888641322029,42.28598463900976
"53 CHICKATAWBUT STREET, Boston, MA",SAM,-71.04895437245008,42.28608894083946
"54 CHICKATAWBUT STREET, Boston, MA",SAM,-71.04899338428714,42.285959695084145
"55 CHICKATAWBUT STREET, Boston, MA",SAM,-71.04912552615706,42.28604903055853
"56 CHICKATAWBUT STREET, Boston, MA",SAM,-71.049100355354,42.28593475115856
"57 CHICKATAWBUT STREET, Boston, MA",SAM,-71.049296679864,42.28600912027757
"59 CHICKATAWBUT STREET, Boston, MA",SAM,-71.04946783357096,42.285969209996615
"6 CHICKATAWBUT STREET, Boston, MA",SAM,-71.04563050336445,42.286787840974505
"60 CHICKATAWBUT STREET, Boston, MA",SAM,-71.04931429748768,42.28588486330738
"61 CHICKATAWBUT STREET, Boston, MA",SAM,-71.04961603465135,42.285934085588615
"64 CHICKATAWBUT STREET, Boston, MA",SAM,-71.04956808590124,42.28582512294267
"65 CHICKATAWBUT STREET, Boston, MA",SAM,-71.04990091963224,42.28586547454668
"66 CHICKATAWBUT STREET, Boston, MA",SAM,-71.04971052839167,42.285790817421706
"67 CHICKATAWBUT STREET, Boston, MA",SAM,-71.05004336212268,42.285831169025705
"68 CHICKATAWBUT STREET, Boston, MA",SAM,-71.04985297088211,42.28575651190075
"71 CHICKATAWBUT STREET, Boston, MA",SAM,-71.05032824710355,42.28576255798376
"72 CHICKATAWBUT STREET, Boston, MA",SAM,-71.05013785586297,42.285687900858804
"75 CHICKATAWBUT STREET, Boston, MA",SAM,-71.05052042603639,42.28571537464727
"76 CHICKATAWBUT STREET, Boston, MA",SAM,-71.0504266783455,42.28561778544003
"77 CHICKATAWBUT STREET, Boston, MA",SAM,-71.0505648617135,42.285704334727555
"78 CHICKATAWBUT STREET, Boston, MA",SAM,-71.05047919323667,42.28560473826216
"79 CHICKATAWBUT STREET, Boston, MA",SAM,-71.0506092973906,42.28569329480783
"82 CHICKATAWBUT STREET, Boston, MA",SAM,-71.05058422301893,42.28557864390644
"1 CHILCOTT PLACE, Boston, MA",SAM,-71.10044259477985,42.313512259743725
"10 CHILCOTT PLACE, Boston, MA",SAM,-71.10021468354104,42.31354859705238
"12 CHILCOTT PLACE, Boston, MA",SAM,-71.1001767760812,42.3135327448381
"15 CHILCOTT PLACE, Boston, MA",SAM,-71.10018265791227,42.31340355884588
"16 CHILCOTT PLACE, Boston, MA",SAM,-71.10010096116147,42.31350104040957
"19 CHILCOTT PLACE, Boston, MA",SAM,-71.10010839023585,42.31337250144651
"20 CHILCOTT PLACE, Boston, MA",SAM,-71.10002514624178,42.313469335981026
"21 CHILCOTT PLACE, Boston, MA",SAM,-71.10007125639764,42.31335697274682
"23 CHILCOTT PLACE, Boston, MA",SAM,-71.10003412255942,42.31334144404713
"24 CHILCOTT PLACE, Boston, MA",SAM,-71.09994933132207,42.3134376315525
"25 CHILCOTT PLACE, Boston, MA",SAM,-71.09999552322607,42.31332564580713
"26 CHILCOTT PLACE, Boston, MA",SAM,-71.0999124143431,42.31342268404365
"3 CHILCOTT PLACE, Boston, MA",SAM,-71.10040546094163,42.31349673104403
"104 CHILD STREET, Boston, MA",SAM,-71.11162297826273,42.30707653776014
"105 CHILD STREET, Boston, MA",SAM,-71.11146081861122,42.306978409526856
"115 CHILD STREET, Boston, MA",SAM,-71.11135669133856,42.30698654446778
"119 CHILD STREET, Boston, MA",SAM,-71.11131504042947,42.30698979844417
"12 CHILD STREET, Boston, MA",SAM,-71.11481454651218,42.30675003837599
"120 CHILD STREET, Boston, MA",SAM,-71.11142652042355,42.30709631810795
"123 CHILD STREET, Boston, MA",SAM,-71.11127338952039,42.30699305242056
"124 CHILD STREET, Boston, MA",SAM,-71.11137891938462,42.307100036938095
"126 CHILD STREET, Boston, MA",SAM,-71.11135511886515,42.30710189635316
"127 CHILD STREET, Boston, MA",SAM,-71.11123173861134,42.30699630639692
"128 CHILD STREET, Boston, MA",SAM,-71.11133131834569,42.307103755768225
"131 CHILD STREET, Boston, MA",SAM,-71.11119008770224,42.3069995603733
"132 CHILD STREET, Boston, MA",SAM,-71.11128371730673,42.30710747459836
"133 CHILD STREET, Boston, MA",SAM,-71.11116926224771,42.307001187361486
"135 CHILD STREET, Boston, MA",SAM,-71.1111484367932,42.30700281434967
"136 CHILD STREET, Boston, MA",SAM,-71.11123611626779,42.30711119342852
"139 CHILD STREET, Boston, MA",SAM,-71.11110678588412,42.307006068326054
"14 CHILD STREET, Boston, MA",SAM,-71.11474092662765,42.30675765422475
"140 CHILD STREET, Boston, MA",SAM,-71.11118851522886,42.30711491225866
"144 CHILD STREET, Boston, MA",SAM,-71.11114091418992,42.30711863108879
"145 CHILD STREET, Boston, MA",SAM,-71.11104430952051,42.30701094929059
"153 CHILD STREET, Boston, MA",SAM,-71.11094689791959,42.30701973355768
"18 CHILD STREET, Boston, MA",SAM,-71.11459368685858,42.306772885922314
"22 CHILD STREET, Boston, MA",SAM,-71.11444644708953,42.306788117619845
"40 CHILD STREET, Boston, MA",SAM,-71.11378324988978,42.30685892516099
"47 CHILD STREET, Boston, MA",SAM,-71.11330470288895,42.30678802327842
"48 CHILD STREET, Boston, MA",SAM,-71.11348823559945,42.30688641752633
"50 CHILD STREET, Boston, MA",SAM,-71.11341448202687,42.306893290617666
"51 CHILD STREET, Boston, MA",SAM,-71.11314292085876,42.30680309973684
"52 CHILD STREET, Boston, MA",SAM,-71.11334072845428,42.30690016370902
"55 CHILD STREET, Boston, MA",SAM,-71.11298113882859,42.30681817619528
"58 CHILD STREET, Boston, MA",SAM,-71.11311946773651,42.30692078298303
"59 CHILD STREET, Boston, MA",SAM,-71.11281935679838,42.30683325265369
"62 CHILD STREET, Boston, MA",SAM,-71.11297196059135,42.30693452916572
"63 CHILD STREET, Boston, MA",SAM,-71.11265757476822,42.306848329112114
"66 CHILD STREET, Boston, MA",SAM,-71.1128244534462,42.30694827534839
"67 CHILD STREET, Boston, MA",SAM,-71.11243221669898,42.30687103439006
"68 CHILD STREET, Boston, MA",SAM,-71.1127506998736,42.30695514843974
"70 CHILD STREET, Boston, MA",SAM,-71.11267694630102,42.30696202153107
"75 CHILD STREET, Boston, MA",SAM,-71.11214978376412,42.306900608514226
"76 CHILD STREET, Boston, MA",SAM,-71.11241591907307,42.30698847533394
"8 CHILD STREET, Boston, MA",SAM,-71.11496657436777,42.30673406974861
"81 CHILD STREET, Boston, MA",SAM,-71.11193795906296,42.30692278910737
"82 CHILD STREET, Boston, MA",SAM,-71.11225297699526,42.30700553732867
"87 CHILD STREET, Boston, MA",SAM,-71.11163985592641,42.30695725451703
"91 CHILD STREET, Boston, MA",SAM,-71.11159876994623,42.30696326709897
"96 CHILD STREET, Boston, MA",SAM,-71.11187277881372,42.30704534864968
"97 CHILD STREET, Boston, MA",SAM,-71.11153714097595,42.306972285971845
"10 CHILD STREET, Boston, MA",SAM,-71.11488816639671,42.30674242252721
"103 CHILD STREET, Boston, MA",SAM,-71.11148164406576,42.30697678253868
"106 CHILD STREET, Boston, MA",SAM,-71.11159950055979,42.30707997352124
"109 CHILD STREET, Boston, MA",SAM,-71.11141916770215,42.30698166350325
"110 CHILD STREET, Boston, MA",SAM,-71.1115455230209,42.3070870210326
"116 CHILD STREET, Boston, MA",SAM,-71.11147412146249,42.30709259927781
"20 CHILD STREET, Boston, MA",SAM,-71.11452006697405,42.30678050177108
"21 CHILD STREET, Boston, MA",SAM,-71.11435328066516,42.3066823639756
"25 CHILD STREET, Boston, MA",SAM,-71.11419194740125,42.30669987300914
"29 CHILD STREET, Boston, MA",SAM,-71.11403061413735,42.30671738204266
"33 CHILD STREET, Boston, MA",SAM,-71.11386928087343,42.306734891076204
"41 CHILD STREET, Boston, MA",SAM,-71.11354737593423,42.306765408590806
"49 CHILD STREET, Boston, MA",SAM,-71.11322381187385,42.30679556150764
"53 CHILD STREET, Boston, MA",SAM,-71.11306202984368,42.306810637966066
"57 CHILD STREET, Boston, MA",SAM,-71.11290024781349,42.306825714424484
"61 CHILD STREET, Boston, MA",SAM,-71.11273846578332,42.306840790882916
"65 CHILD STREET, Boston, MA",SAM,-71.11250282493272,42.306863640859014
"72 CHILD STREET, Boston, MA",SAM,-71.11252454712495,42.30697710067081
"73 CHILD STREET, Boston, MA",SAM,-71.11222039199785,42.306893214983184
"78 CHILD STREET, Boston, MA",SAM,-71.11236160504714,42.30699416266552
"80 CHILD STREET, Boston, MA",SAM,-71.11230729102121,42.306999849997084
"85 CHILD STREET, Boston, MA",SAM,-71.11179674259553,42.30693757616945
"95 CHILD STREET, Boston, MA",SAM,-71.11155768396604,42.30696927968089
"14 CHILTON ROAD, Boston, MA",SAM,-71.15998253081605,42.29197825145787
"15 CHILTON ROAD, Boston, MA",SAM,-71.159891725648,42.292076806507005
"22 CHILTON ROAD, Boston, MA",SAM,-71.16011559351217,42.2920971298325
"23 CHILTON ROAD, Boston, MA",SAM,-71.16002207277889,42.29219325879235
"27 CHILTON ROAD, Boston, MA",SAM,-71.16008724634435,42.29225148493504
"30 CHILTON ROAD, Boston, MA",SAM,-71.16024865620831,42.29221600820713
"31 CHILTON ROAD, Boston, MA",SAM,-71.16015241990978,42.292309711077706
"38 CHILTON ROAD, Boston, MA",SAM,-71.16038171890445,42.292334886581756
"39 CHILTON ROAD, Boston, MA",SAM,-71.1602827670407,42.29242616336306
"42 CHILTON ROAD, Boston, MA",SAM,-71.1604482502525,42.29239432576907
"43 CHILTON ROAD, Boston, MA",SAM,-71.16034794060616,42.292484389505724
"46 CHILTON ROAD, Boston, MA",SAM,-71.16051478160057,42.29245376495638
"47 CHILTON ROAD, Boston, MA",SAM,-71.1604131141716,42.292542615648415
"50 CHILTON ROAD, Boston, MA",SAM,-71.16058131294864,42.292513204143695
"51 CHILTON ROAD, Boston, MA",SAM,-71.16047828773704,42.292600841791064
"54 CHILTON ROAD, Boston, MA",SAM,-71.16064802243,42.29257339259212
"55 CHILTON ROAD, Boston, MA",SAM,-71.16054229362425,42.292658918088634
"9 CHILTON ROAD, Boston, MA",SAM,-71.1597939652998,42.29198946729299
"12 CHIPMAN STREET, Boston, MA",SAM,-71.07459717220203,42.288644216026036
"15 CHIPMAN STREET, Boston, MA",SAM,-71.0747311385452,42.288557884096186
"16 CHIPMAN STREET, Boston, MA",SAM,-71.07457811220272,42.288576343809396
"19 CHIPMAN STREET, Boston, MA",SAM,-71.07471246752546,42.288491397026846
"20 CHIPMAN STREET, Boston, MA",SAM,-71.0745590522034,42.28850847159277
"22 CHIPMAN STREET, Boston, MA",SAM,-71.07454952220377,42.28847453548445
"23 CHIPMAN STREET, Boston, MA",SAM,-71.07469379650573,42.28842490995749
"30 CHIPMAN STREET, Boston, MA",SAM,-71.07451140220512,42.2883387910512
"31 CHIPMAN STREET, Boston, MA",SAM,-71.07465645446625,42.2882919358188
"34 CHIPMAN STREET, Boston, MA",SAM,-71.07449234220582,42.288270918834584
"35 CHIPMAN STREET, Boston, MA",SAM,-71.07463778344652,42.28822544874945
"38 CHIPMAN STREET, Boston, MA",SAM,-71.0744732757716,42.28820285262553
"39 CHIPMAN STREET, Boston, MA",SAM,-71.07461930240954,42.28815912771798
"49 CHIPMAN STREET, Boston, MA",SAM,-71.07457337495715,42.28799279580412
"7 CHIPMAN STREET, Boston, MA",SAM,-71.07476848058467,42.28869085823489
"8 CHIPMAN STREET, Boston, MA",SAM,-71.07461623220136,42.28871208824264
"9 CHIPMAN STREET, Boston, MA",SAM,-71.0747591450748,42.28865761470019
"1 CHISHOLM ROAD, Boston, MA",SAM,-71.12656438557194,42.275448365507756
"12 CHISHOLM ROAD, Boston, MA",SAM,-71.12723614706654,42.275772143455605
"16 CHISHOLM ROAD, Boston, MA",SAM,-71.12735123787843,42.27585331874119
"19 CHISHOLM ROAD, Boston, MA",SAM,-71.12711789049574,42.27584688914206
"2 CHISHOLM ROAD, Boston, MA",SAM,-71.12667239205156,42.275366239753986
"23 CHISHOLM ROAD, Boston, MA",SAM,-71.1272408915899,42.2759354499497
"24 CHISHOLM ROAD, Boston, MA",SAM,-71.12746816030166,42.27576813239986
"28 CHISHOLM ROAD, Boston, MA",SAM,-71.1275266215133,42.27572553922921
"31 CHISHOLM ROAD, Boston, MA",SAM,-71.12755707034881,42.27586417417584
"32 CHISHOLM ROAD, Boston, MA",SAM,-71.12758508272489,42.27568294605856
"35 CHISHOLM ROAD, Boston, MA",SAM,-71.12762185169142,42.27581697633808
"36 CHISHOLM ROAD, Boston, MA",SAM,-71.12764354393653,42.27564035288789
"40 CHISHOLM ROAD, Boston, MA",SAM,-71.12770200514814,42.275597759717215
"43 CHISHOLM ROAD, Boston, MA",SAM,-71.12775141437663,42.27572258066255
"44 CHISHOLM ROAD, Boston, MA",SAM,-71.12776046635976,42.27555516654657
"47 CHISHOLM ROAD, Boston, MA",SAM,-71.12781619571923,42.275675382824794
"5 CHISHOLM ROAD, Boston, MA",SAM,-71.12668738666615,42.275536926315375
"51 CHISHOLM ROAD, Boston, MA",SAM,-71.12788097706185,42.27562818498703
"8 CHISHOLM ROAD, Boston, MA",SAM,-71.12701064506055,42.27560978197496
"9 CHISHOLM ROAD, Boston, MA",SAM,-71.12681038776032,42.27562548712298
"1 CHISHOLM TERRACE, Boston, MA",SAM,-71.12734826467923,42.27601535798902
"5 CHISHOLM TERRACE, Boston, MA",SAM,-71.12736537230226,42.27602851770198
"6 CHISHOLM TERRACE, Boston, MA",SAM,-71.12747734574242,42.275949352477554
"9 CHISHOLM TERRACE, Boston, MA",SAM,-71.1273824799253,42.276041677414945
"2 CHISHOLM LANE, Boston, MA",SAM,-71.12889852008861,42.27620459859775
"6 CHISHOLM LANE, Boston, MA",SAM,-71.12888168679964,42.27618986946659
"164 CHISWICK ROAD, Boston, MA",SAM,-71.15483413758453,42.34117128766302
"168 CHISWICK ROAD, Boston, MA",SAM,-71.15508016476073,42.341246506182344
"169 CHISWICK ROAD, Boston, MA",SAM,-71.1550209080174,42.341352396837706
"172 CHISWICK ROAD, Boston, MA",SAM,-71.15532619193692,42.341321724701686
"173 CHISWICK ROAD, Boston, MA",SAM,-71.15526693519361,42.34142761535705
"176 CHISWICK ROAD, Boston, MA",SAM,-71.1555712887408,42.341393999117216
"177 CHISWICK ROAD, Boston, MA",SAM,-71.15551636839672,42.34150115935592
"180 CHISWICK ROAD, Boston, MA",SAM,-71.15581508127626,42.34144699618308
"184 CHISWICK ROAD, Boston, MA",SAM,-71.15608097537948,42.34150292599581
"185 CHISWICK ROAD, Boston, MA",SAM,-71.15602709290428,42.341610373755124
"187 CHISWICK ROAD, Boston, MA",SAM,-71.15615191602936,42.34164457188087
"188 CHISWICK ROAD, Boston, MA",SAM,-71.15633245734685,42.34157267167673
"192 CHISWICK ROAD, Boston, MA",SAM,-71.15657915626366,42.34164668137121
"193 CHISWICK ROAD, Boston, MA",SAM,-71.15652085144212,42.34175286044611
"196 CHISWICK ROAD, Boston, MA",SAM,-71.15682585518044,42.34172069106567
"197 CHISWICK ROAD, Boston, MA",SAM,-71.1567675503589,42.34182687014057
"200 CHISWICK ROAD, Boston, MA",SAM,-71.15709290995078,42.34180088476713
"201 CHISWICK ROAD, Boston, MA",SAM,-71.15703442550763,42.34190700984315
"204 CHISWICK ROAD, Boston, MA",SAM,-71.15710413120121,42.34180426320901
"205 CHISWICK ROAD, Boston, MA",SAM,-71.15704564675806,42.34191038828504
"61 CHISWICK ROAD, Boston, MA",SAM,-71.15010961777142,42.339887959402404
"77 CHISWICK ROAD, Boston, MA",SAM,-71.15052497569924,42.3400466283251
"1 CHISWICK TERRACE, Boston, MA",SAM,-71.15670976693802,42.34249276993789
"15 CHISWICK TERRACE, Boston, MA",SAM,-71.15685785975464,42.34221983270685
"5 CHISWICK TERRACE, Boston, MA",SAM,-71.15679471760663,42.34233793774928
"9 CHISWICK TERRACE, Boston, MA",SAM,-71.15685212595672,42.34223002612556
"100 CHITTICK ROAD, Boston, MA",SAM,-71.12117860344175,42.2454325307637
"108 CHITTICK ROAD, Boston, MA",SAM,-71.1210265587607,42.2452853267146
"112 CHITTICK ROAD, Boston, MA",SAM,-71.12098704933409,42.245247498531626
"115 CHITTICK ROAD, Boston, MA",SAM,-71.12107282330815,42.245142280509974
"116 CHITTICK ROAD, Boston, MA",SAM,-71.12094753990748,42.245209670348665
"120 CHITTICK ROAD, Boston, MA",SAM,-71.12090803048085,42.24517184216568
"121 CHITTICK ROAD, Boston, MA",SAM,-71.12101476864045,42.24508669624112
"124 CHITTICK ROAD, Boston, MA",SAM,-71.12086852105423,42.24513401398272
"128 CHITTICK ROAD, Boston, MA",SAM,-71.12082901162762,42.245096185799746
"131 CHITTICK ROAD, Boston, MA",SAM,-71.12091801086099,42.24499405579301
"135 CHITTICK ROAD, Boston, MA",SAM,-71.1208793077492,42.24495699961377
"138 CHITTICK ROAD, Boston, MA",SAM,-71.1207302380611,42.2450016153423
"139 CHITTICK ROAD, Boston, MA",SAM,-71.12084060463742,42.244919943434525
"15 CHITTICK ROAD, Boston, MA",SAM,-71.12379612194827,42.247799637279826
"16 CHITTICK ROAD, Boston, MA",SAM,-71.12365683329482,42.24785343012055
"18 CHITTICK ROAD, Boston, MA",SAM,-71.12359407497371,42.247792612764684
"19 CHITTICK ROAD, Boston, MA",SAM,-71.12367525407059,42.24768250755742
"20 CHITTICK ROAD, Boston, MA",SAM,-71.12353131665262,42.24773179540882
"22 CHITTICK ROAD, Boston, MA",SAM,-71.12346855833152,42.24767097805292
"23 CHITTICK ROAD, Boston, MA",SAM,-71.12355438619294,42.24756537783499
"26 CHITTICK ROAD, Boston, MA",SAM,-71.12334304168932,42.24754934334121
"27 CHITTICK ROAD, Boston, MA",SAM,-71.12343351831525,42.24744824811258
"28 CHITTICK ROAD, Boston, MA",SAM,-71.12328028336823,42.24748852598533
"31 CHITTICK ROAD, Boston, MA",SAM,-71.12331123990445,42.24733109680305
"34 CHITTICK ROAD, Boston, MA",SAM,-71.12309022669382,42.247307922957354
"35 CHITTICK ROAD, Boston, MA",SAM,-71.12318857013564,42.24721499860277
"36 CHITTICK ROAD, Boston, MA",SAM,-71.12302653277538,42.24724764119951
"39 CHITTICK ROAD, Boston, MA",SAM,-71.12306590036683,42.24709890040246
"40 CHITTICK ROAD, Boston, MA",SAM,-71.12289914493851,42.24712707768382
"41 CHITTICK ROAD, Boston, MA",SAM,-71.1230045654824,42.24704085130232
"43 CHITTICK ROAD, Boston, MA",SAM,-71.12294323059798,42.246982802202176
"45 CHITTICK ROAD, Boston, MA",SAM,-71.12288189571358,42.246924753102014
"49 CHITTICK ROAD, Boston, MA",SAM,-71.1227616998397,42.24680821001931
"68 CHITTICK ROAD, Boston, MA",SAM,-71.12204076887583,42.246288624804585
"71 CHITTICK ROAD, Boston, MA",SAM,-71.12209302783918,42.24614879347837
"72 CHITTICK ROAD, Boston, MA",SAM,-71.12193299819656,42.24618161304948
"75 CHITTICK ROAD, Boston, MA",SAM,-71.1219801252228,42.24603668592541
"76 CHITTICK ROAD, Boston, MA",SAM,-71.12182522751729,42.24607460129435
"79 CHITTICK ROAD, Boston, MA",SAM,-71.12186722260644,42.24592457837241
"80 CHITTICK ROAD, Boston, MA",SAM,-71.12171745683806,42.24596758953925
"83 CHITTICK ROAD, Boston, MA",SAM,-71.12175431999009,42.24581247081946
"84 CHITTICK ROAD, Boston, MA",SAM,-71.12160968615879,42.24586057778415
"87 CHITTICK ROAD, Boston, MA",SAM,-71.12164141737371,42.24570036326649
"92 CHITTICK ROAD, Boston, MA",SAM,-71.12139414480025,42.24564655427393
"96 CHITTICK ROAD, Boston, MA",SAM,-71.12128637412101,42.24553954251881
"15 CHRISTOPHER STREET, Boston, MA",SAM,-71.06040854329562,42.298059099198525
"3 CHRISTOPHER STREET, Boston, MA",SAM,-71.06068331248322,42.298102406047796
"7 CHRISTOPHER STREET, Boston, MA",SAM,-71.06058612366073,42.298082133152015
"71 CHRISTOPHER STREET, Boston, MA",SAM,-71.05710338450851,42.29886532397926
"75 CHRISTOPHER STREET, Boston, MA",SAM,-71.057036870466,42.29889424312931
"80 CHRISTOPHER STREET, Boston, MA",SAM,-71.05701145846226,42.29902654361981
"9 CHRISTOPHER STREET, Boston, MA",SAM,-71.06054381175258,42.29807578636352
"22 CHURCH STREET, Boston, MA",SAM,-71.13222530142221,42.24885843715349
"23 CHURCH STREET, Boston, MA",SAM,-71.13216691817969,42.248967277254636
"24 CHURCH STREET, Boston, MA",SAM,-71.13227965261552,42.248885118654556
"27 CHURCH STREET, Boston, MA",SAM,-71.13227067954875,42.24901821466577
"34 CHURCH STREET, Boston, MA",SAM,-71.13255140858216,42.249018526159915
"36 CHURCH STREET, Boston, MA",SAM,-71.13260575977547,42.249045207660984
"38 CHURCH STREET, Boston, MA",SAM,-71.1326601109688,42.24907188916207
"39 CHURCH STREET, Boston, MA",SAM,-71.132581963656,42.249171026899184
"45 CHURCH STREET, Boston, MA",SAM,-71.13273760570962,42.24924743301587
"52 CHURCH STREET, Boston, MA",SAM,-71.13375368987093,42.24958375586299
"6 CHURCH STREET, Boston, MA",SAM,-71.13179471760084,42.248643558575424
"69 CHURCH STREET, Boston, MA",SAM,-71.13388033890081,42.24979002936464
"13 CHURCH STREET, Boston, MA",SAM,-71.13190751475697,42.24883993372682
"14 CHURCH STREET, Boston, MA",SAM,-71.1320078966489,42.248751711149225
"15 CHURCH STREET, Boston, MA",SAM,-71.13195939544153,42.24886540243237
"18 CHURCH STREET, Boston, MA",SAM,-71.13211659903554,42.24880507415136
"19 CHURCH STREET, Boston, MA",SAM,-71.1320631568106,42.24891633984351
"26 CHURCH STREET, Boston, MA",SAM,-71.13233400380886,42.24891180015564
"7 CHURCH STREET, Boston, MA",SAM,-71.13175116274309,42.248761159664255
"9 CHURCH STREET, Boston, MA",SAM,-71.13180195394357,42.24878780423453
"12 CHURCH STREET, Boston, MA",SAM,-71.13195354545556,42.24872502964815
"16 CHURCH STREET, Boston, MA",SAM,-71.13206224784221,42.24877839265028
"20 CHURCH STREET, Boston, MA",SAM,-71.13217095022885,42.248831755652425
"28 CHURCH STREET, Boston, MA",SAM,-71.13238835500218,42.2489384816567
"30 CHURCH STREET, Boston, MA",SAM,-71.1324427061955,42.24896516315777
"32 CHURCH STREET, Boston, MA",SAM,-71.13249705738882,42.24899184465885
"40 CHURCH STREET, Boston, MA",SAM,-71.13271446216213,42.24909857066313
"49 CHURCH STREET, Boston, MA",SAM,-71.13361054451646,42.249649267044916
"55 CHURCH STREET, Boston, MA",SAM,-71.13369148283175,42.249691495740834
"56 CHURCH STREET, Boston, MA",SAM,-71.1338076487478,42.24961190832695
"59 CHURCH STREET, Boston, MA",SAM,-71.13374544170864,42.249719648204774
"60 CHURCH STREET, Boston, MA",SAM,-71.13386160762468,42.24964006079087
"62 CHURCH STREET, Boston, MA",SAM,-71.13388858706311,42.24965413702285
"63 CHURCH STREET, Boston, MA",SAM,-71.1337994005855,42.24974780066871
"67 CHURCH STREET, Boston, MA",SAM,-71.13385335946238,42.24977595313267
"70 CHURCH STREET, Boston, MA",SAM,-71.13399650481686,42.24971044195073
"71 CHURCH STREET, Boston, MA",SAM,-71.13390731833925,42.2498041055966
"73 CHURCH STREET, Boston, MA",SAM,-71.1339342977777,42.249818181828566
"75 CHURCH STREET, Boston, MA",SAM,-71.13396127721613,42.24983225806054
"76 CHURCH STREET, Boston, MA",SAM,-71.13407744313217,42.24975267064667
"79 CHURCH STREET, Boston, MA",SAM,-71.134015236093,42.2498604105245
"8 CHURCH STREET, Boston, MA",SAM,-71.13184792742993,42.248671471934756
"80 CHURCH STREET, Boston, MA",SAM,-71.13413140200905,42.249780823110605
"84 CHURCH STREET, Boston, MA",SAM,-71.13418536088591,42.24980897557456
"100 CHURCH STREET, Boston, MA",SAM,-71.14833519077371,42.2912020338238
"102 CHURCH STREET, Boston, MA",SAM,-71.14840060703624,42.29131520718683
"103 CHURCH STREET, Boston, MA",SAM,-71.14792217175861,42.29092084522758
"106 CHURCH STREET, Boston, MA",SAM,-71.14846503743466,42.29143340996167
"107 CHURCH STREET, Boston, MA",SAM,-71.14811264282902,42.291134327764105
"108 CHURCH STREET, Boston, MA",SAM,-71.14850212393607,42.2914940969793
"111 CHURCH STREET, Boston, MA",SAM,-71.14825390073946,42.29135200149793
"120 CHURCH STREET, Boston, MA",SAM,-71.14875100684445,42.291902648215455
"123 CHURCH STREET, Boston, MA",SAM,-71.14844750287199,42.29168290298158
"124 CHURCH STREET, Boston, MA",SAM,-71.14889549957977,42.29214724677157
"128 CHURCH STREET, Boston, MA",SAM,-71.149036342994,42.2923921919028
"136 CHURCH STREET, Boston, MA",SAM,-71.14923450261986,42.29272133526468
"137 CHURCH STREET, Boston, MA",SAM,-71.14871773676175,42.29213086231392
"140 CHURCH STREET, Boston, MA",SAM,-71.14932565501597,42.292871468660934
"141 CHURCH STREET, Boston, MA",SAM,-71.14878815846888,42.292253334879526
"144 CHURCH STREET, Boston, MA",SAM,-71.14941680741208,42.2930216020572
"145 CHURCH STREET, Boston, MA",SAM,-71.14885858017601,42.29237580744515
"146 CHURCH STREET, Boston, MA",SAM,-71.14947360861645,42.29313673350108
"149 CHURCH STREET, Boston, MA",SAM,-71.1489564596551,42.29254308254643
"152 CHURCH STREET, Boston, MA",SAM,-71.14956662878572,42.29337808320206
"153 CHURCH STREET, Boston, MA",SAM,-71.14902735596317,42.29265985296574
"156 CHURCH STREET, Boston, MA",SAM,-71.14964041065338,42.29356832991083
"157 CHURCH STREET, Boston, MA",SAM,-71.14909825227126,42.29277662338508
"160 CHURCH STREET, Boston, MA",SAM,-71.14970045554877,42.29372082492871
"164 CHURCH STREET, Boston, MA",SAM,-71.14976050044416,42.29387331994658
"168 CHURCH STREET, Boston, MA",SAM,-71.14982054533957,42.29402581496444
"17 CHURCH STREET, Boston, MA",SAM,-71.13201127612606,42.248890871137945
"172 CHURCH STREET, Boston, MA",SAM,-71.14988059023497,42.29417830998232
"174 CHURCH STREET, Boston, MA",SAM,-71.14992373602021,42.29428856543995
"179 CHURCH STREET, Boston, MA",SAM,-71.14957173623641,42.29380370092248
"182 CHURCH STREET, Boston, MA",SAM,-71.15000234404025,42.29449847215429
"184 CHURCH STREET, Boston, MA",SAM,-71.15002115630408,42.29455081933945
"186 CHURCH STREET, Boston, MA",SAM,-71.1500399685679,42.29460316652463
"190 CHURCH STREET, Boston, MA",SAM,-71.15007759309557,42.294707860894995
"196 CHURCH STREET, Boston, MA",SAM,-71.15013402988703,42.294864902450534
"200 CHURCH STREET, Boston, MA",SAM,-71.15019354885702,42.29502681586493
"204 CHURCH STREET, Boston, MA",SAM,-71.15019788353933,42.29503811231316
"205 CHURCH STREET, Boston, MA",SAM,-71.14982754385287,42.29445811515723
"208 CHURCH STREET, Boston, MA",SAM,-71.15020221822165,42.29504940876137
"209 CHURCH STREET, Boston, MA",SAM,-71.14987770988972,42.29459770765104
"213 CHURCH STREET, Boston, MA",SAM,-71.1499278759266,42.29473730014485
"221 CHURCH STREET, Boston, MA",SAM,-71.15004451756826,42.29505810490772
"225 CHURCH STREET, Boston, MA",SAM,-71.15004690407875,42.295064324300554
"35 CHURCH STREET, Boston, MA",SAM,-71.1324782022869,42.24912008948805
"41 CHURCH STREET, Boston, MA",SAM,-71.13263384434053,42.24919649560474
"44 CHURCH STREET, Boston, MA",SAM,-71.1328231645488,42.24915193366526
"48 CHURCH STREET, Boston, MA",SAM,-71.13369973099405,42.249555603399045
"61 CHURCH STREET, Boston, MA",SAM,-71.13377242114707,42.249733724436744
"88 CHURCH STREET, Boston, MA",SAM,-71.1342393197628,42.24983712803851
"92 CHURCH STREET, Boston, MA",SAM,-71.13429327863967,42.24986528050243
"96 CHURCH STREET, Boston, MA",SAM,-71.13434723751655,42.24989343296639
"1 CHURCH AVENUE, Boston, MA",SAM,-71.13159878914162,42.2486812259534
"10 CHURCHILL ROAD, Boston, MA",SAM,-71.15645027284458,42.277102109081824
"14 CHURCHILL ROAD, Boston, MA",SAM,-71.15640255826348,42.27713697743135
"15 CHURCHILL ROAD, Boston, MA",SAM,-71.15627327893343,42.277070391021134
"18 CHURCHILL ROAD, Boston, MA",SAM,-71.15634620334173,42.277175365460494
"19 CHURCHILL ROAD, Boston, MA",SAM,-71.1562301913004,42.27709679469986
"22 CHURCHILL ROAD, Boston, MA",SAM,-71.15629300358275,42.27720557767077
"23 CHURCHILL ROAD, Boston, MA",SAM,-71.15617807725077,42.277126390334416
"26 CHURCHILL ROAD, Boston, MA",SAM,-71.15623980382374,42.27723578988105
"27 CHURCHILL ROAD, Boston, MA",SAM,-71.15612596320112,42.27715598596895
"30 CHURCHILL ROAD, Boston, MA",SAM,-71.15618660406473,42.277266002091324
"10 CIRCUIT STREET, Boston, MA",SAM,-71.08471228491145,42.32369980763303
"14 CIRCUIT STREET, Boston, MA",SAM,-71.08473255696883,42.32369611212764
"16 CIRCUIT STREET, Boston, MA",SAM,-71.0848831337895,42.32366250604267
"18 CIRCUIT STREET, Boston, MA",SAM,-71.08502700155141,42.323632124031626
"19 CIRCUIT STREET, Boston, MA",SAM,-71.08492570064912,42.32377269076518
"20 CIRCUIT STREET, Boston, MA",SAM,-71.08517086931332,42.32360174202054
"21 CIRCUIT STREET, Boston, MA",SAM,-71.08504079485866,42.3237483851563
"23 CIRCUIT STREET, Boston, MA",SAM,-71.08515588906818,42.32372407954747
"25 CIRCUIT STREET, Boston, MA",SAM,-71.0852709832777,42.32369977393862
"27 CIRCUIT STREET, Boston, MA",SAM,-71.08538607748721,42.32367546832977
"28 CIRCUIT STREET, Boston, MA",SAM,-71.08574124804275,42.32347386497428
"29 CIRCUIT STREET, Boston, MA",SAM,-71.08550117169673,42.323651162720914
"31 CIRCUIT STREET, Boston, MA",SAM,-71.085652433302,42.32361656042312
"32 CIRCUIT STREET, Boston, MA",SAM,-71.08603815235743,42.3234259920833
"33 CIRCUIT STREET, Boston, MA",SAM,-71.08575581972948,42.3235910678795
"35 CIRCUIT STREET, Boston, MA",SAM,-71.085859206157,42.32356557533586
"37 CIRCUIT STREET, Boston, MA",SAM,-71.08595092495796,42.32355034956205
"39 CIRCUIT STREET, Boston, MA",SAM,-71.08605892583954,42.323539549475896
"41 CIRCUIT STREET, Boston, MA",SAM,-71.08619496127014,42.32354425162056
"43 CIRCUIT STREET, Boston, MA",SAM,-71.08635032856901,42.323572523657816
"45 CIRCUIT STREET, Boston, MA",SAM,-71.08648027232739,42.323626803061714
"47 CIRCUIT STREET, Boston, MA",SAM,-71.08660851033245,42.32370333096384
"50 CIRCUIT STREET, Boston, MA",SAM,-71.08639277329674,42.32346231305257
"58 CIRCUIT STREET, Boston, MA",SAM,-71.08649220341427,42.3234957070386
"100 CITY SQUARE, Boston, MA",SAM,,
"20 CITY SQUARE, Boston, MA",SAM,-71.06153682259743,42.372063203621344
"6 CITY SQUARE, Boston, MA",SAM,-71.06217348973766,42.37203169773846
"20 CITY HALL AVENUE, Boston, MA",SAM,-71.05929084756562,42.35790682547455
"1 CITY HALL PLAZA, Boston, MA",SAM,-71.05919378746052,42.357789875411335
"1 CITY POINT COURT, Boston, MA",SAM,-71.02887922379608,42.33819400461401
"2 CITY POINT COURT, Boston, MA",SAM,-71.02872422101541,42.33819207979366
"5 CITY POINT COURT, Boston, MA",SAM,-71.02887948485859,42.33818251789089
"7 CITY POINT COURT, Boston, MA",SAM,-71.02887961538985,42.338176774529344
"9 CITY POINT COURT, Boston, MA",SAM,-71.02887974592112,42.33817103116778
"1 CITY VIEW ROAD, Boston, MA",SAM,-71.13793151001296,42.34387474003791
"15 CITY VIEW ROAD, Boston, MA",SAM,-71.13801571887124,42.34381158339092
"17 CITY VIEW ROAD, Boston, MA",SAM,,
"21 CITY VIEW ROAD, Boston, MA",SAM,-71.13805268066686,42.343781924641746
"5 CITY VIEW ROAD, Boston, MA",SAM,-71.13795556968675,42.34385669528163
"9 CITY VIEW ROAD, Boston, MA",SAM,-71.13797962936056,42.34383865052535
"11 CLANCY ROAD, Boston, MA",SAM,-71.06984698814148,42.277961530023006
"15 CLANCY ROAD, Boston, MA",SAM,-71.06994477993648,42.27793214657246
"19 CLANCY ROAD, Boston, MA",SAM,-71.07004257173146,42.2779027631219
"23 CLANCY ROAD, Boston, MA",SAM,-71.07014036352648,42.277873379671334
"3 CLANCY ROAD, Boston, MA",SAM,-71.06963956481125,42.27801717678512
"31 CLANCY ROAD, Boston, MA",SAM,-71.07033594711646,42.27781461277022
"35 CLANCY ROAD, Boston, MA",SAM,-71.07043373891145,42.27778522931967
"39 CLANCY ROAD, Boston, MA",SAM,-71.07053153070645,42.2777558458691
"43 CLANCY ROAD, Boston, MA",SAM,-71.07062932250145,42.277726462418535
"47 CLANCY ROAD, Boston, MA",SAM,-71.0707217612123,42.277703810469234
"51 CLANCY ROAD, Boston, MA",SAM,-71.0708231425759,42.27768208589183
"7 CLANCY ROAD, Boston, MA",SAM,-71.06974919634648,42.277990913473566
"16 CLAPP STREET, Boston, MA",SAM,-71.06153056464098,42.32255646501289
"22 CLAPP STREET, Boston, MA",SAM,-71.06168708397219,42.32264411585831
"29 CLAPP STREET, Boston, MA",SAM,-71.06178729369138,42.32284398349208
"50 CLAPP STREET, Boston, MA",SAM,-71.06241878464877,42.32305154057525
"61 CLAPP STREET, Boston, MA",SAM,-71.06260759227858,42.32329976942149
"76 CLAPP STREET, Boston, MA",SAM,-71.06311345854746,42.323386114274655
"79 CLAPP STREET, Boston, MA",SAM,-71.06312570813168,42.3235143489954
"102 CLARE AVENUE, Boston, MA",SAM,-71.1188026408216,42.27454167247276
"105 CLARE AVENUE, Boston, MA",SAM,-71.11893508591525,42.2746987792995
"106 CLARE AVENUE, Boston, MA",SAM,-71.11881956456904,42.2743983184279
"109 CLARE AVENUE, Boston, MA",SAM,-71.11895692142109,42.27455164436997
"11 CLARE AVENUE, Boston, MA",SAM,-71.11825975336394,42.27804519445424
"110 CLARE AVENUE, Boston, MA",SAM,-71.11883648831648,42.274254964383026
"114 CLARE AVENUE, Boston, MA",SAM,-71.11885341206393,42.27411161033821
"115 CLARE AVENUE, Boston, MA",SAM,-71.11898230704226,42.27433661330268
"118 CLARE AVENUE, Boston, MA",SAM,-71.11886965014013,42.27396916911926
"12 CLARE AVENUE, Boston, MA",SAM,-71.11810938857964,42.278012321162834
"121 CLARE AVENUE, Boston, MA",SAM,-71.11900769266343,42.27412158223541
"123 CLARE AVENUE, Boston, MA",SAM,-71.11901615453715,42.274049905212955
"127 CLARE AVENUE, Boston, MA",SAM,-71.11903098592612,42.27390547595019
"129 CLARE AVENUE, Boston, MA",SAM,-71.11903784046122,42.27383370496947
"13 CLARE AVENUE, Boston, MA",SAM,-71.11827441703821,42.27796276084194
"130 CLARE AVENUE, Boston, MA",SAM,-71.11891077735075,42.27353854323492
"133 CLARE AVENUE, Boston, MA",SAM,-71.1190515495314,42.27369016300805
"134 CLARE AVENUE, Boston, MA",SAM,-71.11892448642095,42.273395001273485
"138 CLARE AVENUE, Boston, MA",SAM,-71.11893819549117,42.27325145931205
"16 CLARE AVENUE, Boston, MA",SAM,-71.11813999103025,42.277840285798035
"17 CLARE AVENUE, Boston, MA",SAM,-71.11830374438672,42.27779789361734
"175 CLARE AVENUE, Boston, MA",SAM,-71.11919162935203,42.2721308504021
"178 CLARE AVENUE, Boston, MA",SAM,-71.11903209474892,42.27219261828217
"189 CLARE AVENUE, Boston, MA",SAM,-71.11920252419407,42.27197968456964
"190 CLARE AVENUE, Boston, MA",SAM,-71.11904223362234,42.27205194150747
"193 CLARE AVENUE, Boston, MA",SAM,-71.1192056370061,42.27193649433178
"197 CLARE AVENUE, Boston, MA",SAM,-71.11920874981811,42.27189330409393
"2 CLARE AVENUE, Boston, MA",SAM,-71.11796168109517,42.278417056797046
"20 CLARE AVENUE, Boston, MA",SAM,-71.1181705934809,42.27766825043324
"200 CLARE AVENUE, Boston, MA",SAM,-71.11905068268354,42.271934710861835
"201 CLARE AVENUE, Boston, MA",SAM,-71.11921186263012,42.27185011385609
"202 CLARE AVENUE, Boston, MA",SAM,-71.11905237249576,42.271911264732736
"21 CLARE AVENUE, Boston, MA",SAM,-71.11833307173524,42.277633026392735
"25 CLARE AVENUE, Boston, MA",SAM,-71.11836239908376,42.27746815916814
"28 CLARE AVENUE, Boston, MA",SAM,-71.11823179838215,42.27732417970361
"29 CLARE AVENUE, Boston, MA",SAM,-71.11839172643228,42.277303291943525
"32 CLARE AVENUE, Boston, MA",SAM,-71.11826821383983,42.27715024192671
"33 CLARE AVENUE, Boston, MA",SAM,-71.11842752944776,42.27714172921612
"36 CLARE AVENUE, Boston, MA",SAM,-71.1183090728972,42.27697937679683
"37 CLARE AVENUE, Boston, MA",SAM,-71.1184666860444,42.27697798346664
"38 CLARE AVENUE, Boston, MA",SAM,-71.1183295024259,42.27689394423186
"41 CLARE AVENUE, Boston, MA",SAM,-71.11850584264107,42.27681423771717
"43 CLARE AVENUE, Boston, MA",SAM,-71.1185254209394,42.276732364842424
"6 CLARE AVENUE, Boston, MA",SAM,-71.11804093477959,42.278253746174165
"62 CLARE AVENUE, Boston, MA",SAM,-71.11852240499718,42.27596069800634
"65 CLARE AVENUE, Boston, MA",SAM,-71.11867304039755,42.27599156044333
"66 CLARE AVENUE, Boston, MA",SAM,-71.11854649474947,42.275829130922
"69 CLARE AVENUE, Boston, MA",SAM,-71.11869287901709,42.275883211079766
"70 CLARE AVENUE, Boston, MA",SAM,-71.11857058450177,42.27569756383765
"73 CLARE AVENUE, Boston, MA",SAM,-71.11871271763661,42.27577486171619
"74 CLARE AVENUE, Boston, MA",SAM,-71.11859467425403,42.27556599675332
"77 CLARE AVENUE, Boston, MA",SAM,-71.11873255625615,42.275666512352615
"78 CLARE AVENUE, Boston, MA",SAM,-71.11861876400633,42.27543442966897
"8 CLARE AVENUE, Boston, MA",SAM,-71.1180805616218,42.27817209086274
"80 CLARE AVENUE, Boston, MA",SAM,-71.11864237398612,42.275319700635094
"81 CLARE AVENUE, Boston, MA",SAM,-71.11875239487567,42.275558162989036
"85 CLARE AVENUE, Boston, MA",SAM,-71.1187722334952,42.27544981362546
"86 CLARE AVENUE, Boston, MA",SAM,-71.11868898455239,42.27510662378925
"87 CLARE AVENUE, Boston, MA",SAM,-71.1187952542164,42.27533800983705
"89 CLARE AVENUE, Boston, MA",SAM,-71.11881079107182,42.27526698422177
"91 CLARE AVENUE, Boston, MA",SAM,-71.11882632792725,42.27519595860647
"93 CLARE AVENUE, Boston, MA",SAM,-71.11884186478268,42.27512493299121
"94 CLARE AVENUE, Boston, MA",SAM,-71.11875113197411,42.274822521328105
"97 CLARE AVENUE, Boston, MA",SAM,-71.11887293849352,42.27498288176064
"98 CLARE AVENUE, Boston, MA",SAM,-71.11878220568498,42.27468047009754
"99 CLARE AVENUE, Boston, MA",SAM,-71.11888847534897,42.27491185614535
"10 CLAREMONT PARK, Boston, MA",SAM,-71.08071319142051,42.34170569176735
"11 CLAREMONT PARK, Boston, MA",SAM,-71.0811285125179,42.342147858004026
"15 CLAREMONT PARK, Boston, MA",SAM,-71.08138086274397,42.34231830512484
"16 CLAREMONT PARK, Boston, MA",SAM,-71.08079020482431,42.34176041182968
"17 CLAREMONT PARK, Boston, MA",SAM,-71.08150703785701,42.34240352868525
"19 CLAREMONT PARK, Boston, MA",SAM,-71.08163321297003,42.34248875224566
"2 CLAREMONT PARK, Boston, MA",SAM,-71.0806105068821,42.3416327316842
"20 CLAREMONT PARK, Boston, MA",SAM,-71.0808415470935,42.341796891871255
"21 CLAREMONT PARK, Boston, MA",SAM,-71.08175938808306,42.342573975806076
"24 CLAREMONT PARK, Boston, MA",SAM,-71.0808928893627,42.34183337191283
"25 CLAREMONT PARK, Boston, MA",SAM,-71.08050306673485,42.34171534345221
"26 CLAREMONT PARK, Boston, MA",SAM,-71.08091765780408,42.3418502074251
"27 CLAREMONT PARK, Boston, MA",SAM,-71.08053636982837,42.34173900618188
"28 CLAREMONT PARK, Boston, MA",SAM,-71.08094394428595,42.341867962333495
"29 CLAREMONT PARK, Boston, MA",SAM,-71.08056967292191,42.34176266891155
"3 CLAREMONT PARK, Boston, MA",SAM,-71.08062628818092,42.34180289555197
"30 CLAREMONT PARK, Boston, MA",SAM,-71.08097023076785,42.34188571724194
"33 CLAREMONT PARK, Boston, MA",SAM,-71.08063627910897,42.341809994370884
"34 CLAREMONT PARK, Boston, MA",SAM,-71.0810228037316,42.34192122705877
"4 CLAREMONT PARK, Boston, MA",SAM,-71.08063617801672,42.34165097170499
"5 CLAREMONT PARK, Boston, MA",SAM,-71.080749509627,42.341890447651714
"6 CLAREMONT PARK, Boston, MA",SAM,-71.08066184915131,42.34166921172578
"7 CLAREMONT PARK, Boston, MA",SAM,-71.08087616229182,42.34197741088321
"8 CLAREMONT PARK, Boston, MA",SAM,-71.0806875202859,42.341687451746566
"9 CLAREMONT PARK, Boston, MA",SAM,-71.08100233740485,42.34206263444363
"1 CLAREMONT STREET, Boston, MA",SAM,-71.06749106643207,42.284129955420646
"2 CLAREMONT STREET, Boston, MA",SAM,-71.08187575143954,42.34265120066382
"3 CLAREMONT STREET, Boston, MA",SAM,-71.08142912183796,42.34287960796433
"15 CLARENCE STREET, Boston, MA",SAM,-71.07382844568292,42.324266072857995
"19 CLARENCE STREET, Boston, MA",SAM,-71.07374202237112,42.324303324286944
"21 CLARENCE STREET, Boston, MA",SAM,-71.07369881071523,42.324321950001426
"22 CLARENCE STREET, Boston, MA",SAM,-71.07376786934624,42.32442482675135
"24 CLARENCE STREET, Boston, MA",SAM,-71.07372120813667,42.324444009263416
"25 CLARENCE STREET, Boston, MA",SAM,-71.07361333463992,42.32435692941238
"26 CLARENCE STREET, Boston, MA",SAM,-71.07367634175962,42.32446203250955
"27 CLARENCE STREET, Boston, MA",SAM,-71.0735693839032,42.32437458483716
"28 CLARENCE STREET, Boston, MA",SAM,-71.07363147538254,42.324480055755664
"29 CLARENCE STREET, Boston, MA",SAM,-71.0735254331665,42.32439224026193
"3 CLARENCE STREET, Boston, MA",SAM,-71.07408771561828,42.32415431857117
"30 CLARENCE STREET, Boston, MA",SAM,-71.07358660900547,42.3244980790018
"31 CLARENCE STREET, Boston, MA",SAM,-71.07348148242977,42.324409895686706
"33 CLARENCE STREET, Boston, MA",SAM,-71.07343753169306,42.32442755111149
"34 CLARENCE STREET, Boston, MA",SAM,-71.07349687625135,42.32453412549403
"38 CLARENCE STREET, Boston, MA",SAM,-71.07340714349722,42.32457017198629
"40 CLARENCE STREET, Boston, MA",SAM,-71.07336227712015,42.32458819523242
"42 CLARENCE STREET, Boston, MA",SAM,-71.0733174107431,42.32460621847856
"45 CLARENCE STREET, Boston, MA",SAM,-71.07317382727277,42.32453348366013
"46 CLARENCE STREET, Boston, MA",SAM,-71.07322767798897,42.324642264970805
"47 CLARENCE STREET, Boston, MA",SAM,-71.07312987653603,42.32455113908491
"49 CLARENCE STREET, Boston, MA",SAM,-71.0730859257993,42.32456879450968
"5 CLARENCE STREET, Boston, MA",SAM,-71.07404450396237,42.32417294428564
"50 CLARENCE STREET, Boston, MA",SAM,-71.07313794523483,42.324678311463046
"51 CLARENCE STREET, Boston, MA",SAM,-71.0730419750626,42.32458644993447
"52 CLARENCE STREET, Boston, MA",SAM,-71.07309307885777,42.324696334709174
"127 CLARENDON STREET, Boston, MA",SAM,-71.07411836623221,42.34861830939273
"130 CLARENDON STREET, Boston, MA",SAM,-71.07423340984916,42.34851423934302
"137 CLARENDON STREET, Boston, MA",SAM,-71.07413781949528,42.348659460537604
"14 CLARENDON STREET, Boston, MA",SAM,-71.07234005279157,42.344638767390755
"19 CLARENDON STREET, Boston, MA",SAM,-71.07227449937123,42.34484016278841
"206 CLARENDON STREET, Boston, MA",SAM,-71.0752586653285,42.35060552703927
"220 CLARENDON STREET, Boston, MA",SAM,-71.07561532565248,42.35131176083683
"230 CLARENDON STREET, Boston, MA",SAM,-71.0757990729931,42.351698886613924
"232 CLARENDON STREET, Boston, MA",SAM,-71.0758470201218,42.351803701296674
"233 CLARENDON STREET, Boston, MA",SAM,-71.07587988349381,42.35222776929212
"234 CLARENDON STREET, Boston, MA",SAM,-71.07589692480443,42.3519118880731
"24 CLARENDON STREET, Boston, MA",SAM,-71.07251861508601,42.34500870260134
"26 CLARENDON STREET, Boston, MA",SAM,-71.07254168950784,42.345058147804686
"263 CLARENDON STREET, Boston, MA",SAM,-71.07644836925012,42.35333436399783
"267 CLARENDON STREET, Boston, MA",SAM,-71.07646439418596,42.35336356499966
"270 CLARENDON STREET, Boston, MA",SAM,-71.07662411307462,42.353349699973414
"273 CLARENDON STREET, Boston, MA",SAM,-71.07653167828511,42.35349654498169
"274 CLARENDON STREET, Boston, MA",SAM,-71.07679762932413,42.35373011184642
"277 CLARENDON STREET, Boston, MA",SAM,-71.07665018222622,42.3537655810326
"279 CLARENDON STREET, Boston, MA",SAM,-71.07669873275154,42.35387475210176
"28 CLARENDON STREET, Boston, MA",SAM,-71.07256476392968,42.34510759300805
"30 CLARENDON STREET, Boston, MA",SAM,-71.07258783835151,42.34515703821141
"31 CLARENDON STREET, Boston, MA",SAM,-71.07242478896161,42.34515908440486
"32 CLARENDON STREET, Boston, MA",SAM,-71.07261091277334,42.34520648341476
"34 CLARENDON STREET, Boston, MA",SAM,-71.07266213305347,42.34531378279208
"36 CLARENDON STREET, Boston, MA",SAM,-71.07268097409096,42.34535238395256
"37 CLARENDON STREET, Boston, MA",SAM,-71.07251629087183,42.34535266875288
"38 CLARENDON STREET, Boston, MA",SAM,-71.07269981512843,42.345390985113035
"4 CLARENDON STREET, Boston, MA",SAM,-71.072139852329,42.34423354224811
"40 CLARENDON STREET, Boston, MA",SAM,-71.0727186561659,42.34542958627352
"42 CLARENDON STREET, Boston, MA",SAM,-71.07273749720338,42.34546818743399
"43 CLARENDON STREET, Boston, MA",SAM,-71.07270156207541,42.345730933893094
"44 CLARENDON STREET, Boston, MA",SAM,-71.07275633824086,42.34550678859446
"46 CLARENDON STREET, Boston, MA",SAM,-71.07277517927832,42.34554538975493
"48 CLARENDON STREET, Boston, MA",SAM,-71.0727940203158,42.345583990915394
"50 CLARENDON STREET, Boston, MA",SAM,-71.0728469923934,42.3456912124656
"51 CLARENDON STREET, Boston, MA",SAM,-71.07308627741838,42.34651412801125
"52 CLARENDON STREET, Boston, MA",SAM,-71.07293262066155,42.345862469048235
"53 CLARENDON STREET, Boston, MA",SAM,-71.07309934861996,42.34654147237153
"54 CLARENDON STREET, Boston, MA",SAM,-71.07301824892973,42.346033725630846
"55 CLARENDON STREET, Boston, MA",SAM,-71.07311241982154,42.34656881673181
"56 CLARENDON STREET, Boston, MA",SAM,-71.07307150468458,42.346141985627646
"57 CLARENDON STREET, Boston, MA",SAM,-71.07312549102315,42.34659616109209
"58 CLARENDON STREET, Boston, MA",SAM,-71.07315429540444,42.346313086495435
"59 CLARENDON STREET, Boston, MA",SAM,-71.07313856222476,42.346623505452335
"61 CLARENDON STREET, Boston, MA",SAM,-71.07315163342633,42.34665084981262
"68 CLARENDON STREET, Boston, MA",SAM,-71.07327787198123,42.34657094094025
"72 CLARENDON STREET, Boston, MA",SAM,-71.0733136457961,42.34664577813681
"60 CLARENDON PARK, Boston, MA",SAM,-71.12779855611329,42.27850642811545
"67 CLARENDON PARK, Boston, MA",SAM,-71.127903954565,42.278590878174136
"11 CLARIDGE TERRACE, Boston, MA",SAM,-71.0755145607037,42.28790776843621
"5 CLARIDGE TERRACE, Boston, MA",SAM,-71.07547648743746,42.287914690847934
"7 CLARIDGE TERRACE, Boston, MA",SAM,-71.0754891785262,42.28791238337736
"9 CLARIDGE TERRACE, Boston, MA",SAM,-71.07550186961494,42.287910075906815
"19 CLARK STREET, Boston, MA",SAM,-71.05266476764506,42.36510649872554
"25 CLARK STREET, Boston, MA",SAM,-71.05261819661675,42.365094789435155
"27 CLARK STREET, Boston, MA",SAM,-71.05260267294064,42.36509088633836
"30 CLARK STREET, Boston, MA",SAM,-71.05253265908603,42.36519432706607
"34 CLARK STREET, Boston, MA",SAM,-71.05250096491397,42.365186358243434
"35 CLARK STREET, Boston, MA",SAM,-71.05254057823622,42.365075273951156
"9 CLARK STREET, Boston, MA",SAM,-71.0527423860256,42.365126014209544
"3 CLARKEN COURT, Boston, MA",SAM,-71.06639966943057,42.38075757305577
"4 CLARKEN COURT, Boston, MA",SAM,-71.06627110111695,42.38069345071643
"5 CLARKEN COURT, Boston, MA",SAM,-71.06640175632734,42.38075528740681
"114 CLARKSON STREET, Boston, MA",SAM,-71.06890344465539,42.30713606302187
"116 CLARKSON STREET, Boston, MA",SAM,-71.06892600656052,42.30711856603333
"12 CLARKSON STREET, Boston, MA",SAM,-71.06589410000562,42.309366810513765
"14 CLARKSON STREET, Boston, MA",SAM,-71.06593628319546,42.309337282279344
"2 CLARKSON STREET, Boston, MA",SAM,-71.06544389425478,42.30967537604123
"27 CLARKSON STREET, Boston, MA",SAM,-71.0667238028633,42.30892294140682
"28 CLARKSON STREET, Boston, MA",SAM,-71.0662976808054,42.309081313422396
"3 CLARKSON STREET, Boston, MA",SAM,-71.06564740019675,42.30969253397375
"30 CLARKSON STREET, Boston, MA",SAM,-71.06637125823246,42.30902566662591
"34 CLARKSON STREET, Boston, MA",SAM,-71.06651841308657,42.30891437303298
"35 CLARKSON STREET, Boston, MA",SAM,-71.0669765463012,42.30873367356339
"38 CLARKSON STREET, Boston, MA",SAM,-71.06666556794069,42.30880307944006
"41 CLARKSON STREET, Boston, MA",SAM,-71.06716856919213,42.30859380845217
"42 CLARKSON STREET, Boston, MA",SAM,-71.06681401005675,42.308691560195456
"45 CLARKSON STREET, Boston, MA",SAM,-71.06729833530581,42.30850111836615
"46 CLARKSON STREET, Boston, MA",SAM,-71.06696333011018,42.30858185566068
"50 CLARKSON STREET, Boston, MA",SAM,-71.06711499003707,42.30847276481304
"51 CLARKSON STREET, Boston, MA",SAM,-71.06749298447633,42.30836208323714
"54 CLARKSON STREET, Boston, MA",SAM,-71.06726638383637,42.30836462637935
"59 CLARKSON STREET, Boston, MA",SAM,-71.06775195538383,42.308174034310085
"60 CLARKSON STREET, Boston, MA",SAM,-71.06749347453531,42.30820241872883
"64 CLARKSON STREET, Boston, MA",SAM,-71.06764126351237,42.30809384709515
"66 CLARKSON STREET, Boston, MA",SAM,-71.06771490680912,42.30803824884173
"69 CLARKSON STREET, Boston, MA",SAM,-71.0680675695128,42.3079357560811
"70 CLARKSON STREET, Boston, MA",SAM,-71.06786219340266,42.30792705233486
"71 CLARKSON STREET, Boston, MA",SAM,-71.06813069233858,42.30788810043531
"73 CLARKSON STREET, Boston, MA",SAM,-71.0681938151644,42.30784044478952
"76 CLARKSON STREET, Boston, MA",SAM,-71.06808312329295,42.30776025757458
"78 CLARKSON STREET, Boston, MA",SAM,-71.0681567665897,42.30770465932115
"79 CLARKSON STREET, Boston, MA",SAM,-71.0683841908487,42.30769508399294
"8 CLARKSON STREET, Boston, MA",SAM,-71.06573943249681,42.30947402030547
"84 CLARKSON STREET, Boston, MA",SAM,-71.06837022013029,42.30753575359632
"85 CLARKSON STREET, Boston, MA",SAM,-71.0685658088606,42.307546719975576
"87 CLARKSON STREET, Boston, MA",SAM,-71.0686263481979,42.307497265303105
"89 CLARKSON STREET, Boston, MA",SAM,-71.06873042951196,42.30741865372351
"91 CLARKSON STREET, Boston, MA",SAM,-71.06875376594735,42.30740235525987
"93 CLARKSON STREET, Boston, MA",SAM,-71.0687771023827,42.30738605679623
"94 CLARKSON STREET, Boston, MA",SAM,-71.06867157902215,42.30730214122503
"96 CLARKSON STREET, Boston, MA",SAM,-71.06869534761371,42.307285540938004
"11 CLARKWOOD STREET, Boston, MA",SAM,-71.0921026457951,42.28065990315399
"12 CLARKWOOD STREET, Boston, MA",SAM,-71.09201548401558,42.280754806475535
"15 CLARKWOOD STREET, Boston, MA",SAM,-71.09197293699472,42.28060161295066
"16 CLARKWOOD STREET, Boston, MA",SAM,-71.09188307294852,42.280695301892976
"19 CLARKWOOD STREET, Boston, MA",SAM,-71.09184322819435,42.28054332274735
"20 CLARKWOOD STREET, Boston, MA",SAM,-71.09175066188148,42.28063579731043
"23 CLARKWOOD STREET, Boston, MA",SAM,-71.09171351939399,42.280485032544014
"27 CLARKWOOD STREET, Boston, MA",SAM,-71.09158381059362,42.28042674234068
"28 CLARKWOOD STREET, Boston, MA",SAM,-71.09148583974739,42.280516788145306
"31 CLARKWOOD STREET, Boston, MA",SAM,-71.09145410179323,42.280368452137374
"32 CLARKWOOD STREET, Boston, MA",SAM,-71.09135342868036,42.28045728356275
"35 CLARKWOOD STREET, Boston, MA",SAM,-71.09132439299287,42.280310161934054
"36 CLARKWOOD STREET, Boston, MA",SAM,-71.09122101761332,42.28039777898017
"39 CLARKWOOD STREET, Boston, MA",SAM,-71.0911946841925,42.280251871730734
"40 CLARKWOOD STREET, Boston, MA",SAM,-71.09108860654628,42.28033827439763
"41 CLARKWOOD STREET, Boston, MA",SAM,-71.09112982979232,42.28022272662908
"45 CLARKWOOD STREET, Boston, MA",SAM,-71.09100012099195,42.28016443642575
"47 CLARKWOOD STREET, Boston, MA",SAM,-71.09093526659177,42.28013529132409
"48 CLARKWOOD STREET, Boston, MA",SAM,-71.09082378441217,42.28021926523252
"52 CLARKWOOD STREET, Boston, MA",SAM,-71.09069137334514,42.28015976064997
"53 CLARKWOOD STREET, Boston, MA",SAM,-71.09074070339122,42.280047856019095
"56 CLARKWOOD STREET, Boston, MA",SAM,-71.09055896227808,42.2801002560674
"57 CLARKWOOD STREET, Boston, MA",SAM,-71.09061099459085,42.27998956581578
"60 CLARKWOOD STREET, Boston, MA",SAM,-71.09042655121104,42.28004075148484
"61 CLARKWOOD STREET, Boston, MA",SAM,-71.09048128579047,42.279931275612476
"64 CLARKWOOD STREET, Boston, MA",SAM,-71.090294140144,42.27998124690229
"65 CLARKWOOD STREET, Boston, MA",SAM,-71.0903515769901,42.27987298540915
"68 CLARKWOOD STREET, Boston, MA",SAM,-71.09016025563629,42.27992018105086
"72 CLARKWOOD STREET, Boston, MA",SAM,-71.09003037077564,42.27985770477428
"10 CLARON STREET, Boston, MA",SAM,-71.1316938759249,42.27477844555858
"14 CLARON STREET, Boston, MA",SAM,-71.13172281938367,42.27475391720245
"15 CLARON STREET, Boston, MA",SAM,-71.13185188312815,42.274818771495546
"5 CLARON STREET, Boston, MA",SAM,-71.1317810011883,42.27487884093917
"6 CLARON STREET, Boston, MA",SAM,-71.13166493246611,42.27480297391473
"11 CLAXTON STREET, Boston, MA",SAM,-71.11983110391493,42.294045203171144
"12 CLAXTON STREET, Boston, MA",SAM,-71.1197333444692,42.29413410799709
"15 CLAXTON STREET, Boston, MA",SAM,-71.11980201765788,42.29402814506166
"7 CLAXTON STREET, Boston, MA",SAM,-71.11986019017199,42.29406226128065
"8 CLAXTON STREET, Boston, MA",SAM,-71.11976303668996,42.29415152148386
"10 CLAYBOURNE STREET, Boston, MA",SAM,-71.07253004409802,42.29926063149481
"100 CLAYBOURNE STREET, Boston, MA",SAM,-71.07125144475822,42.29701073756441
"101 CLAYBOURNE STREET, Boston, MA",SAM,-71.07137544391827,42.296854474688786
"103 CLAYBOURNE STREET, Boston, MA",SAM,-71.07137172647069,42.29683250794232
"105 CLAYBOURNE STREET, Boston, MA",SAM,-71.07136800902309,42.29681054119586
"107 CLAYBOURNE STREET, Boston, MA",SAM,-71.07136429157549,42.296788574449394
"109 CLAYBOURNE STREET, Boston, MA",SAM,-71.07136057412791,42.29676660770295
"11 CLAYBOURNE STREET, Boston, MA",SAM,-71.07261033266491,42.29915016627862
"110 CLAYBOURNE STREET, Boston, MA",SAM,-71.0712242389171,42.296883588218016
"111 CLAYBOURNE STREET, Boston, MA",SAM,-71.0713568566803,42.29674464095648
"15 CLAYBOURNE STREET, Boston, MA",SAM,-71.072469674525,42.299015844060534
"16 CLAYBOURNE STREET, Boston, MA",SAM,-71.07229795816717,42.29903899983497
"19 CLAYBOURNE STREET, Boston, MA",SAM,-71.0723290163851,42.29888152184246
"20 CLAYBOURNE STREET, Boston, MA",SAM,-71.0721433222375,42.298889603091105
"23 CLAYBOURNE STREET, Boston, MA",SAM,-71.0721969977627,42.298750050155945
"31 CLAYBOURNE STREET, Boston, MA",SAM,-71.0720241093281,42.2984442796057
"34 CLAYBOURNE STREET, Boston, MA",SAM,-71.07186574701495,42.298453292080865
"35 CLAYBOURNE STREET, Boston, MA",SAM,-71.07196226776756,42.29829585981733
"38 CLAYBOURNE STREET, Boston, MA",SAM,-71.07182451930794,42.29835434555528
"39 CLAYBOURNE STREET, Boston, MA",SAM,-71.071900426207,42.29814744002897
"43 CLAYBOURNE STREET, Boston, MA",SAM,-71.0718300548489,42.29799819613796
"46 CLAYBOURNE STREET, Boston, MA",SAM,-71.07174206389385,42.29815645250412
"52 CLAYBOURNE STREET, Boston, MA",SAM,-71.07167247312486,42.298012890859
"56 CLAYBOURNE STREET, Boston, MA",SAM,-71.07162479272588,42.2979155433513
"58 CLAYBOURNE STREET, Boston, MA",SAM,-71.07160095252638,42.29786686959742
"7 CLAYBOURNE STREET, Boston, MA",SAM,-71.07275099080482,42.29928448849673
"74 CLAYBOURNE STREET, Boston, MA",SAM,-71.07134706079847,42.29733244186582
"75 CLAYBOURNE STREET, Boston, MA",SAM,-71.0714417359414,42.29713180957103
"76 CLAYBOURNE STREET, Boston, MA",SAM,-71.0713376487929,42.297305997599715
"82 CLAYBOURNE STREET, Boston, MA",SAM,-71.07131459026785,42.29723297891287
"86 CLAYBOURNE STREET, Boston, MA",SAM,-71.0712992179178,42.297184299788285
"87 CLAYBOURNE STREET, Boston, MA",SAM,-71.07140739653708,42.29700366701016
"89 CLAYBOURNE STREET, Boston, MA",SAM,-71.07140170427265,42.2969819329016
"9 CLAYBOURNE STREET, Boston, MA",SAM,-71.07268066173486,42.29921732738768
"90 CLAYBOURNE STREET, Boston, MA",SAM,-71.07128357850905,42.29713343011271
"91 CLAYBOURNE STREET, Boston, MA",SAM,-71.07139601200821,42.29696019879306
"92 CLAYBOURNE STREET, Boston, MA",SAM,-71.07127715175889,42.297108891603045
"93 CLAYBOURNE STREET, Boston, MA",SAM,-71.07139031974378,42.29693846468449
"95 CLAYBOURNE STREET, Boston, MA",SAM,-71.07138659626106,42.29692037492814
"96 CLAYBOURNE STREET, Boston, MA",SAM,-71.07126429825855,42.29705981458374
"97 CLAYBOURNE STREET, Boston, MA",SAM,-71.07138287881348,42.29689840818168
"99 CLAYBOURNE STREET, Boston, MA",SAM,-71.07137916136588,42.29687644143522
"1 CLAYMONT TERRACE, Boston, MA",SAM,,
"11 CLAYMONT TERRACE, Boston, MA",SAM,-71.05153274446069,42.29359692262398
"15 CLAYMONT TERRACE, Boston, MA",SAM,-71.05157902737463,42.293581974129815
"16 CLAYMONT TERRACE, Boston, MA",SAM,-71.05155399170275,42.29346698159576
"18 CLAYMONT TERRACE, Boston, MA",SAM,-71.05158057868773,42.29346003074999
"20 CLAYMONT TERRACE, Boston, MA",SAM,-71.05160716567272,42.29345307990425
"9 CLAYMONT TERRACE, Boston, MA",SAM,-71.05150694735973,42.29360534616735
"31 CLAYMOSS ROAD, Boston, MA",SAM,-71.14521072447371,42.34426487449306
"33 CLAYMOSS ROAD, Boston, MA",SAM,-71.1452568234394,42.34429763905453
"34 CLAYMOSS ROAD, Boston, MA",SAM,-71.14532361163249,42.34418613104164
"37 CLAYMOSS ROAD, Boston, MA",SAM,-71.14534902137076,42.34436316817749
"38 CLAYMOSS ROAD, Boston, MA",SAM,-71.14542123297159,42.34425551481891
"41 CLAYMOSS ROAD, Boston, MA",SAM,-71.14544121930214,42.34442869730047
"47 CLAYMOSS ROAD, Boston, MA",SAM,-71.1455795161992,42.34452699098491
"50 CLAYMOSS ROAD, Boston, MA",SAM,-71.14571409698891,42.34446366615071
"54 CLAYMOSS ROAD, Boston, MA",SAM,-71.14581099093571,42.34453513219652
"60 CLAYMOSS ROAD, Boston, MA",SAM,-71.14595476222371,42.34464121588915
"70 CLAYMOSS ROAD, Boston, MA",SAM,-71.14619438103703,42.34481802204356
"75 CLAYMOSS ROAD, Boston, MA",SAM,-71.14621263991597,42.344993415429336
"78 CLAYMOSS ROAD, Boston, MA",SAM,-71.14638607608768,42.344959466967055
"79 CLAYMOSS ROAD, Boston, MA",SAM,-71.14630316257879,42.34506020886545
"82 CLAYMOSS ROAD, Boston, MA",SAM,-71.14648192361301,42.34503018942883
"83 CLAYMOSS ROAD, Boston, MA",SAM,-71.14639368524159,42.345127002301545
"86 CLAYMOSS ROAD, Boston, MA",SAM,-71.14657777113834,42.3451009118906
"87 CLAYMOSS ROAD, Boston, MA",SAM,-71.1464842079044,42.34519379573767
"91 CLAYMOSS ROAD, Boston, MA",SAM,-71.14658793874011,42.34526124885324
"103 CLAYTON STREET, Boston, MA",SAM,-71.05602568396479,42.301130440000556
"18 CLAYTON STREET, Boston, MA",SAM,-71.05623259827361,42.30333198609303
"26 CLAYTON STREET, Boston, MA",SAM,-71.05624215187439,42.30321088632214
"35 CLAYTON STREET, Boston, MA",SAM,-71.05640049929559,42.30308246291903
"38 CLAYTON STREET, Boston, MA",SAM,-71.05624712283985,42.30302199002356
"42 CLAYTON STREET, Boston, MA",SAM,-71.05625085441784,42.30287601764797
"43 CLAYTON STREET, Boston, MA",SAM,-71.05640576688138,42.30287808442357
"44 CLAYTON STREET, Boston, MA",SAM,-71.05625184982354,42.3028352061057
"45 CLAYTON STREET, Boston, MA",SAM,-71.05640842129658,42.30276925364417
"46 CLAYTON STREET, Boston, MA",SAM,-71.05625284522924,42.30279439456343
"49 CLAYTON STREET, Boston, MA",SAM,-71.05641237634508,42.302547926391085
"51 CLAYTON STREET, Boston, MA",SAM,-71.05640416920266,42.30243402909685
"54 CLAYTON STREET, Boston, MA",SAM,-71.056256826852,42.302631148394305
"57 CLAYTON STREET, Boston, MA",SAM,-71.05638000505807,42.302192579398614
"60 CLAYTON STREET, Boston, MA",SAM,-71.05624933858607,42.3024382637998
"65 CLAYTON STREET, Boston, MA",SAM,-71.05635101790728,42.30204363885164
"67 CLAYTON STREET, Boston, MA",SAM,-71.05634465002011,42.302005431509976
"73 CLAYTON STREET, Boston, MA",SAM,-71.05632236225449,42.3018846016945
"75 CLAYTON STREET, Boston, MA",SAM,-71.05631015893857,42.30184717818016
"77 CLAYTON STREET, Boston, MA",SAM,-71.05629795562264,42.30180975466578
"11 CLEARWATER DRIVE, Boston, MA",SAM,-71.0753159294484,42.27583567714416
"15 CLEARWATER DRIVE, Boston, MA",SAM,-71.07541276205775,42.27567148271616
"19 CLEARWATER DRIVE, Boston, MA",SAM,-71.07548434383666,42.275476809021285
"23 CLEARWATER DRIVE, Boston, MA",SAM,-71.07546379890891,42.27528755486
"27 CLEARWATER DRIVE, Boston, MA",SAM,-71.07539540488828,42.27510720724392
"31 CLEARWATER DRIVE, Boston, MA",SAM,-71.07534933494395,42.2750290933198
"36 CLEARWATER DRIVE, Boston, MA",SAM,-71.07587258625804,42.27480184777524
"37 CLEARWATER DRIVE, Boston, MA",SAM,-71.07567691434029,42.27496131827419
"40 CLEARWATER DRIVE, Boston, MA",SAM,-71.07593905164282,42.27478809631672
"41 CLEARWATER DRIVE, Boston, MA",SAM,-71.07589530060453,42.274916134910455
"45 CLEARWATER DRIVE, Boston, MA",SAM,-71.07611368686875,42.274870951546724
"56 CLEARWATER DRIVE, Boston, MA",SAM,-71.07641884389902,42.27469239466279
"59 CLEARWATER DRIVE, Boston, MA",SAM,-71.0766240458019,42.274771087741286
"60 CLEARWATER DRIVE, Boston, MA",SAM,-71.07654960668593,42.27466705654586
"63 CLEARWATER DRIVE, Boston, MA",SAM,-71.0767447499129,42.2747476987103
"64 CLEARWATER DRIVE, Boston, MA",SAM,-71.07668036947287,42.27464171842896
"67 CLEARWATER DRIVE, Boston, MA",SAM,-71.07686545402393,42.27472430967929
"68 CLEARWATER DRIVE, Boston, MA",SAM,-71.07681113225978,42.27461638031204
"7 CLEARWATER DRIVE, Boston, MA",SAM,-71.07521909683904,42.275999871572154
"71 CLEARWATER DRIVE, Boston, MA",SAM,-71.07698615813493,42.27470092064831
"72 CLEARWATER DRIVE, Boston, MA",SAM,-71.07694189504672,42.27459104219513
"75 CLEARWATER DRIVE, Boston, MA",SAM,-71.07710686224594,42.2746775316173
"76 CLEARWATER DRIVE, Boston, MA",SAM,-71.07707265783364,42.2745657040782
"12 CLEARWAY STREET, Boston, MA",SAM,-71.08649931447025,42.34543545443239
"36 CLEARWAY STREET, Boston, MA",SAM,-71.08591706436358,42.345354746466384
"8 CLEARWAY STREET, Boston, MA",SAM,-71.0865963561547,42.34544890576006
"10 CLEAVES STREET, Boston, MA",SAM,-71.09646853854339,42.314099708347754
"11 CLEAVES STREET, Boston, MA",SAM,-71.09658919047908,42.314172249474154
"12 CLEAVES STREET, Boston, MA",SAM,-71.09647848866382,42.31409205440857
"14 CLEAVES STREET, Boston, MA",SAM,-71.09648843878426,42.31408440046938
"15 CLEAVES STREET, Boston, MA",SAM,-71.0966086845926,42.31415725400146
"16 CLEAVES STREET, Boston, MA",SAM,-71.0964983889047,42.314076746530176
"17 CLEAVES STREET, Boston, MA",SAM,-71.09661843164933,42.314149756265095
"5 CLEAVES STREET, Boston, MA",SAM,-71.09655994930883,42.31419474268322
"6 CLEAVES STREET, Boston, MA",SAM,-71.0964486383025,42.31411501622615
"7 CLEAVES STREET, Boston, MA",SAM,-71.09656969636558,42.314187244946865
"8 CLEAVES STREET, Boston, MA",SAM,-71.09645858842295,42.314107362286954
"9 CLEAVES STREET, Boston, MA",SAM,-71.09657944342234,42.31417974721051
"10 CLEMATIS STREET, Boston, MA",SAM,-71.06074478305797,42.29385778593045
"11 CLEMATIS STREET, Boston, MA",SAM,-71.06088912778188,42.29381366074983
"12 CLEMATIS STREET, Boston, MA",SAM,-71.06073900127258,42.29384198237885
"14 CLEMATIS STREET, Boston, MA",SAM,-71.06073321948718,42.29382617882724
"15 CLEMATIS STREET, Boston, MA",SAM,-71.06087780020232,42.29378269868955
"5 CLEMATIS STREET, Boston, MA",SAM,-71.06090611915118,42.293860103840245
"6 CLEMATIS STREET, Boston, MA",SAM,-71.06075634662875,42.29388939303366
"7 CLEMATIS STREET, Boston, MA",SAM,-71.06090045536142,42.29384462281011
"8 CLEMATIS STREET, Boston, MA",SAM,-71.06075056484336,42.293873589482054
"9 CLEMATIS STREET, Boston, MA",SAM,-71.06089479157164,42.293829141779966
"101 CLEMENT AVENUE, Boston, MA",SAM,-71.15206925996256,42.285193626015065
"105 CLEMENT AVENUE, Boston, MA",SAM,-71.1522132148483,42.28513931701847
"109 CLEMENT AVENUE, Boston, MA",SAM,-71.15235662354382,42.285084858018465
"121 CLEMENT AVENUE, Boston, MA",SAM,-71.1527868496304,42.284921481018436
"125 CLEMENT AVENUE, Boston, MA",SAM,-71.15296441720305,42.28484572832052
"129 CLEMENT AVENUE, Boston, MA",SAM,-71.15303923967514,42.28481143468608
"132 CLEMENT AVENUE, Boston, MA",SAM,-71.15328646851957,42.284536187655476
"133 CLEMENT AVENUE, Boston, MA",SAM,-71.15311743982517,42.28477213170812
"139 CLEMENT AVENUE, Boston, MA",SAM,-71.15322334439844,42.28471380744759
"24 CLEMENT AVENUE, Boston, MA",SAM,-71.1489302501146,42.28460438231355
"27 CLEMENT AVENUE, Boston, MA",SAM,-71.14891496424362,42.28474506412964
"30 CLEMENT AVENUE, Boston, MA",SAM,-71.14907582770837,42.28469575550469
"33 CLEMENT AVENUE, Boston, MA",SAM,-71.14902414743896,42.28481359402299
"4 CLEMENT AVENUE, Boston, MA",SAM,-71.14814120970739,42.28411532432768
"40 CLEMENT AVENUE, Boston, MA",SAM,-71.1493882808024,42.28489440501388
"43 CLEMENT AVENUE, Boston, MA",SAM,-71.1492842080304,42.28497927651377
"44 CLEMENT AVENUE, Boston, MA",SAM,-71.14953797193508,42.28499486888385
"45 CLEMENT AVENUE, Boston, MA",SAM,-71.1493676896236,42.28503530444128
"48 CLEMENT AVENUE, Boston, MA",SAM,-71.14968766306777,42.28509533275384
"51 CLEMENT AVENUE, Boston, MA",SAM,-71.14961813440328,42.285203388223735
"52 CLEMENT AVENUE, Boston, MA",SAM,-71.14983735420044,42.2851957966238
"55 CLEMENT AVENUE, Boston, MA",SAM,-71.14978509758974,42.285315444078705
"56 CLEMENT AVENUE, Boston, MA",SAM,-71.14998704533312,42.28529626049378
"57 CLEMENT AVENUE, Boston, MA",SAM,-71.14986857918296,42.28537147200618
"6 CLEMENT AVENUE, Boston, MA",SAM,-71.14842235737981,42.28428669056665
"61 CLEMENT AVENUE, Boston, MA",SAM,-71.15004100752422,42.28548154664409
"70 CLEMENT AVENUE, Boston, MA",SAM,-71.15048937018165,42.28561772310794
"74 CLEMENT AVENUE, Boston, MA",SAM,-71.15063768772437,42.2856044238885
"75 CLEMENT AVENUE, Boston, MA",SAM,-71.15078306011827,42.2856790338712
"79 CLEMENT AVENUE, Boston, MA",SAM,-71.15098507206311,42.28560501422515
"82 CLEMENT AVENUE, Boston, MA",SAM,-71.15099991603925,42.2854716990059
"83 CLEMENT AVENUE, Boston, MA",SAM,-71.15118708400794,42.28553099457909
"85 CLEMENT AVENUE, Boston, MA",SAM,-71.15128951055625,42.28549317894206
"89 CLEMENT AVENUE, Boston, MA",SAM,-71.15148919554021,42.28541578165896
"93 CLEMENT AVENUE, Boston, MA",SAM,-71.15168888052416,42.28533838437584
"97 CLEMENT AVENUE, Boston, MA",SAM,-71.15192547798638,42.28524754425777
"27 CLEMENTINE PARK, Boston, MA",SAM,-71.06540718218511,42.292449636787865
"31 CLEMENTINE PARK, Boston, MA",SAM,-71.06541628066213,42.29249382940927
"5 CLEMENTINE PARK, Boston, MA",SAM,-71.06535372965791,42.29220940622773
"7 CLEMENTINE PARK, Boston, MA",SAM,-71.06535950314841,42.29223134549967
"1 CLERMONT STREET, Boston, MA",SAM,-71.06749106643207,42.284129955420646
"10 CLERMONT STREET, Boston, MA",SAM,-71.06731264590059,42.28411373251492
"11 CLERMONT STREET, Boston, MA",SAM,-71.0674465355913,42.284054158225565
"12 CLERMONT STREET, Boston, MA",SAM,-71.06730355418726,42.28409825725426
"3 CLERMONT STREET, Boston, MA",SAM,-71.0674821602639,42.28411479598162
"5 CLERMONT STREET, Boston, MA",SAM,-71.06747325409577,42.28409963654261
"6 CLERMONT STREET, Boston, MA",SAM,-71.0673308293272,42.284144683036224
"7 CLERMONT STREET, Boston, MA",SAM,-71.06746434792763,42.28408447710359
"8 CLERMONT STREET, Boston, MA",SAM,-71.06732173761391,42.28412920777557
"9 CLERMONT STREET, Boston, MA",SAM,-71.06745544175948,42.28406931766458
"14 CLEVELAND PLACE, Boston, MA",SAM,-71.05582719464599,42.36596431068588
"15 CLEVELAND PLACE, Boston, MA",SAM,-71.0557684206838,42.36607093425196
"16 CLEVELAND PLACE, Boston, MA",SAM,-71.055842708591,42.365970326298665
"17 CLEVELAND PLACE, Boston, MA",SAM,-71.05578361801767,42.36607682709713
"18 CLEVELAND PLACE, Boston, MA",SAM,-71.055858222536,42.36597634191144
"25 CLEVELAND PLACE, Boston, MA",SAM,-71.05584440735318,42.36610039847785
"27 CLEVELAND PLACE, Boston, MA",SAM,-71.05585960468704,42.36610629132304
"29 CLEVELAND PLACE, Boston, MA",SAM,-71.05587480202091,42.366112184168216
"4 CLEVELAND PLACE, Boston, MA",SAM,-71.05574962492102,42.36593423262194
"5 CLEVELAND PLACE, Boston, MA",SAM,-71.05569243401445,42.366041470026055
"10 CLEVELAND STREET, Boston, MA",SAM,-71.12929809927617,42.2544114451456
"14 CLEVELAND STREET, Boston, MA",SAM,-71.12949143794273,42.25450917385972
"17 CLEVELAND STREET, Boston, MA",SAM,-71.12980273240161,42.254808916826754
"18 CLEVELAND STREET, Boston, MA",SAM,-71.12968258322576,42.254607530192956
"20 CLEVELAND STREET, Boston, MA",SAM,-71.12977815586726,42.254656708359576
"21 CLEVELAND STREET, Boston, MA",SAM,-71.13004600821635,42.25493409761452
"24 CLEVELAND STREET, Boston, MA",SAM,-71.12996930115025,42.2547550646928
"28 CLEVELAND STREET, Boston, MA",SAM,-71.13016044643327,42.254853421026034
"30 CLEVELAND STREET, Boston, MA",SAM,-71.13025601907475,42.25490259919265
"31 CLEVELAND STREET, Boston, MA",SAM,-71.13065252012231,42.25524356296597
"34 CLEVELAND STREET, Boston, MA",SAM,-71.13057350232904,42.25506438118627
"35 CLEVELAND STREET, Boston, MA",SAM,-71.13089061484088,42.25536459447573
"36 CLEVELAND STREET, Boston, MA",SAM,-71.13076397810389,42.255161206394064
"37 CLEVELAND STREET, Boston, MA",SAM,-71.13100966220019,42.25542511023061
"38 CLEVELAND STREET, Boston, MA",SAM,-71.13095445387874,42.255258031601876
"40 CLEVELAND STREET, Boston, MA",SAM,-71.13114492965362,42.25535485680968
"42 CLEVELAND STREET, Boston, MA",SAM,-71.13133540542846,42.25545168201748
"44 CLEVELAND STREET, Boston, MA",SAM,-71.13146304939085,42.25551664547447
"45 CLEVELAND STREET, Boston, MA",SAM,-71.13147175292576,42.255660202126485
"46 CLEVELAND STREET, Boston, MA",SAM,-71.1314844929694,42.25552757214121
"52 CLEVELAND STREET, Boston, MA",SAM,-71.13154882370509,42.25556035214146
"54 CLEVELAND STREET, Boston, MA",SAM,-71.13157026728365,42.25557127880821
"61 CLEVELAND STREET, Boston, MA",SAM,-71.13209624750819,42.25597947954412
"9 CLEVELAND STREET, Boston, MA",SAM,-71.12931618077216,42.254558555251265
"2 CLEVELAND STREET, Boston, MA",SAM,-71.12891128785802,42.25421963778657
"4 CLEVELAND STREET, Boston, MA",SAM,-71.12900799071257,42.254267589626345
"6 CLEVELAND STREET, Boston, MA",SAM,-71.12910469356709,42.25431554146609
"2 CLEVELAND PARK, Boston, MA",SAM,-71.08087281611718,42.32548035488865
"11 CLEVEMONT AVENUE, Boston, MA",SAM,-71.13869185272183,42.354515952145725
"13 CLEVEMONT AVENUE, Boston, MA",SAM,-71.13867914572008,42.354514822633895
"9 CLEVEMONT AVENUE, Boston, MA",SAM,-71.13870455972359,42.354517081657576
"0 CLIFFMONT STREET, Boston, MA",SAM,,
"27 CLIFFMONT STREET, Boston, MA",SAM,-71.1205625021738,42.277583001461174
"57 CLIFFMONT STREET, Boston, MA",SAM,-71.12084735123574,42.27624809744174
"61 CLIFFMONT STREET, Boston, MA",SAM,-71.12088373191762,42.27607002360495
"69 CLIFFMONT STREET, Boston, MA",SAM,-71.12102288275577,42.275740684908236
"71 CLIFFMONT STREET, Boston, MA",SAM,-71.12107042178305,42.27565288715718
"73 CLIFFMONT STREET, Boston, MA",SAM,-71.12110790302354,42.27556721575109
"75 CLIFFMONT STREET, Boston, MA",SAM,-71.12114538426403,42.27548154434502
"77 CLIFFMONT STREET, Boston, MA",SAM,-71.12118286550455,42.27539587293893
"81 CLIFFMONT STREET, Boston, MA",SAM,-71.1212578279855,42.27522453012676
"83 CLIFFMONT STREET, Boston, MA",SAM,-71.121295309226,42.275138858720666
"1 CLIFFORD STREET, Boston, MA",SAM,-71.1300504920719,42.236635607127525
"10 CLIFFORD STREET, Boston, MA",SAM,-71.13015942398359,42.23599012662508
"12 CLIFFORD STREET, Boston, MA",SAM,-71.13022783862858,42.235837848867774
"14 CLIFFORD STREET, Boston, MA",SAM,-71.13030063796339,42.2356850326655
"15 CLIFFORD STREET, Boston, MA",SAM,-71.13040907914649,42.235799590640035
"16 CLIFFORD STREET, Boston, MA",SAM,-71.13037468061367,42.23553420504397
"17 CLIFFORD STREET, Boston, MA",SAM,-71.13046725551459,42.23568108322312
"20 CLIFFORD STREET, Boston, MA",SAM,-71.13052118856433,42.23523307548151
"21 CLIFFORD STREET, Boston, MA",SAM,-71.13058360825076,42.235444068389285
"22 CLIFFORD STREET, Boston, MA",SAM,-71.13059207185144,42.235081418216275
"24 CLIFFORD STREET, Boston, MA",SAM,-71.13066295513855,42.23492976095104
"3 CLIFFORD STREET, Boston, MA",SAM,-71.13009402879186,42.23651370431609
"30 CLIFFORD STREET, Boston, MA",SAM,-71.13080886811792,42.23461188778453
"32 CLIFFORD STREET, Boston, MA",SAM,-71.13085684537022,42.23450697752662
"34 CLIFFORD STREET, Boston, MA",SAM,-71.13090482262248,42.23440206726872
"36 CLIFFORD STREET, Boston, MA",SAM,-71.13095279987475,42.23429715701079
"38 CLIFFORD STREET, Boston, MA",SAM,-71.13100077712703,42.23419224675288
"41 CLIFFORD STREET, Boston, MA",SAM,-71.13140664584508,42.23367620643778
"42 CLIFFORD STREET, Boston, MA",SAM,-71.13112658074567,42.23392324614186
"44 CLIFFORD STREET, Boston, MA",SAM,-71.13120190178749,42.23376308982151
"45 CLIFFORD STREET, Boston, MA",SAM,-71.13149033589151,42.23349825497071
"46 CLIFFORD STREET, Boston, MA",SAM,-71.1312772228293,42.23360293350113
"47 CLIFFORD STREET, Boston, MA",SAM,-71.13153218091473,42.23340927923718
"48 CLIFFORD STREET, Boston, MA",SAM,-71.13135254387112,42.23344277718079
"49 CLIFFORD STREET, Boston, MA",SAM,-71.13157402593798,42.233320303503625
"5 CLIFFORD STREET, Boston, MA",SAM,-71.13014013663766,42.23639611248323
"50 CLIFFORD STREET, Boston, MA",SAM,-71.1314278649129,42.233282620860415
"58 CLIFFORD STREET, Boston, MA",SAM,-71.1315145360739,42.233095999547004
"6 CLIFFORD STREET, Boston, MA",SAM,-71.13002259469364,42.23629468213965
"61 CLIFFORD STREET, Boston, MA",SAM,-71.1316826585443,42.23308615000239
"64 CLIFFORD STREET, Boston, MA",SAM,-71.13155084988925,42.233017402522265
"65 CLIFFORD STREET, Boston, MA",SAM,-71.13170585903745,42.23303593523656
"70 CLIFFORD STREET, Boston, MA",SAM,-71.13158716370457,42.2329388054975
"8 CLIFFORD STREET, Boston, MA",SAM,-71.13009100933861,42.23614240438237
"9 CLIFFORD STREET, Boston, MA",SAM,-71.13024764536549,42.236156818864615
"18 CLIFFORD STREET, Boston, MA",SAM,-71.13044872326395,42.235383377422444
"27 CLIFFORD STREET, Boston, MA",SAM,-71.13075352262064,42.23508639442651
"31 CLIFFORD STREET, Boston, MA",SAM,-71.13119742072894,42.23412108510544
"33 CLIFFORD STREET, Boston, MA",SAM,-71.13123926575217,42.234032109371924
"35 CLIFFORD STREET, Boston, MA",SAM,-71.13128111077539,42.23394313363839
"37 CLIFFORD STREET, Boston, MA",SAM,-71.13132295579861,42.233854157904865
"39 CLIFFORD STREET, Boston, MA",SAM,-71.13136480082184,42.23376518217132
"40 CLIFFORD STREET, Boston, MA",SAM,-71.13105125970387,42.234083402462254
"43 CLIFFORD STREET, Boston, MA",SAM,-71.1314484908683,42.23358723070425
"52 CLIFFORD STREET, Boston, MA",SAM,-71.13147822225856,42.233174596571764
"54 CLIFFORD STREET, Boston, MA",SAM,-71.13149032686368,42.23314839756352
"55 CLIFFORD STREET, Boston, MA",SAM,-71.13164785780464,42.23316147215112
"56 CLIFFORD STREET, Boston, MA",SAM,-71.13150243146879,42.23312219855526
"59 CLIFFORD STREET, Boston, MA",SAM,-71.13167105829777,42.2331112573853
"63 CLIFFORD STREET, Boston, MA",SAM,-71.13169425879089,42.23306104261948
"67 CLIFFORD STREET, Boston, MA",SAM,-71.13171745928403,42.233010827853654
"68 CLIFFORD STREET, Boston, MA",SAM,-71.13157505909946,42.23296500450575
"69 CLIFFORD STREET, Boston, MA",SAM,-71.13172905953057,42.232985720470744
"71 CLIFFORD STREET, Boston, MA",SAM,-71.13174065977715,42.23296061308783
"73 CLIFFORD STREET, Boston, MA",SAM,-71.13175226002373,42.23293550570493
"1 CLIFTON STREET, Boston, MA",SAM,-71.0711931552068,42.32389936359709
"13 CLIFTON STREET, Boston, MA",SAM,-71.07099127653277,42.323603755466316
"14 CLIFTON STREET, Boston, MA",SAM,-71.07069648942624,42.323150493691465
"16 CLIFTON STREET, Boston, MA",SAM,-71.07069083607483,42.3230953734761
"19 CLIFTON STREET, Boston, MA",SAM,-71.07084040110374,42.32298062975089
"20 CLIFTON STREET, Boston, MA",SAM,-71.07068541393402,42.32298062974594
"25 CLIFTON STREET, Boston, MA",SAM,-71.07069256437488,42.32254166558272
"26 CLIFTON STREET, Boston, MA",SAM,-71.0705834929473,42.322655920768355
"27 CLIFTON STREET, Boston, MA",SAM,-71.07061907678754,42.32239082259913
"28 CLIFTON STREET, Boston, MA",SAM,-71.07052837725678,42.32254278853067
"34 CLIFTON STREET, Boston, MA",SAM,-71.07023053276423,42.32199021413469
"38 CLIFTON STREET, Boston, MA",SAM,-71.07015280643077,42.321841367629375
"39 CLIFTON STREET, Boston, MA",SAM,-71.07044422049712,42.32207197989441
"5 CLIFTON STREET, Boston, MA",SAM,-71.07112586231545,42.3238008275535
"53 CLIFTON STREET, Boston, MA",SAM,-71.07014778557884,42.321370906980015
"55 CLIFTON STREET, Boston, MA",SAM,-71.0701409614242,42.32132723236778
"57 CLIFTON STREET, Boston, MA",SAM,-71.07013413726953,42.32128355775555
"58 CLIFTON STREET, Boston, MA",SAM,-71.069984727528,42.32132582520053
"60 CLIFTON STREET, Boston, MA",SAM,-71.06997733469377,42.321278511037264
"61 CLIFTON STREET, Boston, MA",SAM,-71.07012048896021,42.321196208531056
"62 CLIFTON STREET, Boston, MA",SAM,-71.06996994185957,42.32123119687401
"63 CLIFTON STREET, Boston, MA",SAM,-71.07011366480556,42.32115253391881
"64 CLIFTON STREET, Boston, MA",SAM,-71.06996254902536,42.32118388271074
"65 CLIFTON STREET, Boston, MA",SAM,-71.07009712739298,42.321099172934744
"66 CLIFTON STREET, Boston, MA",SAM,-71.06995537236153,42.321147758532874
"69 CLIFTON STREET, Boston, MA",SAM,-71.07004135997144,42.32100812239278
"71 CLIFTON STREET, Boston, MA",SAM,-71.07000920071428,42.320968664667426
"9 CLIFTON STREET, Boston, MA",SAM,-71.07105856942411,42.323702291509896
"11 CLIFTONDALE STREET, Boston, MA",SAM,-71.12954677849578,42.283424047338535
"14 CLIFTONDALE STREET, Boston, MA",SAM,-71.12971969020202,42.28310156578668
"18 CLIFTONDALE STREET, Boston, MA",SAM,-71.1298965000237,42.28294805647641
"22 CLIFTONDALE STREET, Boston, MA",SAM,-71.13007330984536,42.28279454716612
"25 CLIFTONDALE STREET, Boston, MA",SAM,-71.12989062546616,42.283129835262315
"29 CLIFTONDALE STREET, Boston, MA",SAM,-71.12998787086806,42.28304540514164
"42 CLIFTONDALE STREET, Boston, MA",SAM,-71.13053080545839,42.28240369495247
"43 CLIFTONDALE STREET, Boston, MA",SAM,-71.13038015776995,42.28270582358723
"46 CLIFTONDALE STREET, Boston, MA",SAM,-71.13059764953378,42.28234699273389
"47 CLIFTONDALE STREET, Boston, MA",SAM,-71.13046610015263,42.28263292073478
"51 CLIFTONDALE STREET, Boston, MA",SAM,-71.13055204253531,42.28256001788231
"56 CLIFTONDALE STREET, Boston, MA",SAM,-71.13076475972235,42.282205237187426
"57 CLIFTONDALE STREET, Boston, MA",SAM,-71.13068095610933,42.28245066360362
"60 CLIFTONDALE STREET, Boston, MA",SAM,-71.13083160379776,42.28214853496885
"61 CLIFTONDALE STREET, Boston, MA",SAM,-71.13076689849201,42.282377760751146
"64 CLIFTONDALE STREET, Boston, MA",SAM,-71.13089844787316,42.282091832750254
"65 CLIFTONDALE STREET, Boston, MA",SAM,-71.1308528408747,42.28230485789869
"68 CLIFTONDALE STREET, Boston, MA",SAM,-71.1309652919486,42.282035130531696
"7 CLIFTONDALE STREET, Boston, MA",SAM,-71.12944813352732,42.28350758452327
"72 CLIFTONDALE STREET, Boston, MA",SAM,-71.13103213602403,42.281978428313096
"20 CLINTON STREET, Boston, MA",SAM,-71.05539730618418,42.36073852984142
"27 CLINTON STREET, Boston, MA",SAM,-71.05526950107101,42.36063359462616
"29 CLINTON STREET, Boston, MA",SAM,-71.05524028529535,42.36063566911845
"31 CLINTON STREET, Boston, MA",SAM,-71.05521106951967,42.36063774361074
"5 CLINTON PLACE, Boston, MA",SAM,-71.07748780733884,42.38333088239062
"6 CLINTON PLACE, Boston, MA",SAM,-71.07733308749613,42.38332248798005
"8 CLINTON PLACE, Boston, MA",SAM,-71.0773320753162,42.38333220490308
"11 CLIVE STREET, Boston, MA",SAM,-71.10799494009294,42.31765293484339
"12 CLIVE STREET, Boston, MA",SAM,-71.10784906605713,42.317614149027534
"14 CLIVE STREET, Boston, MA",SAM,-71.107860562374,42.31758860165686
"22 CLIVE STREET, Boston, MA",SAM,-71.10790654764145,42.3174864121742
"26 CLIVE STREET, Boston, MA",SAM,-71.10792954027518,42.317435317432825
"27 CLIVE STREET, Boston, MA",SAM,-71.10808503367814,42.317452726877335
"28 CLIVE STREET, Boston, MA",SAM,-71.10794103659202,42.31740977006218
"32 CLIVE STREET, Boston, MA",SAM,-71.10796402922577,42.317358675320826
"38 CLIVE STREET, Boston, MA",SAM,-71.10799851817634,42.31728203320882
"41 CLIVE STREET, Boston, MA",SAM,-71.10816386556522,42.317277544907014
"7 CLIVE STREET, Boston, MA",SAM,-71.10796865409927,42.31770507962354
"10 CLOVER STREET, Boston, MA",SAM,-71.04537750917363,42.2859564275672
"11 CLOVER STREET, Boston, MA",SAM,-71.04551204291248,42.285894432984385
"12 CLOVER STREET, Boston, MA",SAM,-71.04536490840115,42.2859303629485
"7 CLOVER STREET, Boston, MA",SAM,-71.04553673014021,42.28594549835978
"8 CLOVER STREET, Boston, MA",SAM,-71.04539010994613,42.28598249218589
"15 COBDEN STREET, Boston, MA",SAM,-71.09447683172519,42.31704327038155
"16 COBDEN STREET, Boston, MA",SAM,-71.09436070673405,42.316875309138084
"17 COBDEN STREET, Boston, MA",SAM,-71.09465971253478,42.317107816565716
"19 COBDEN STREET, Boston, MA",SAM,-71.09484259334437,42.31717236274987
"20 COBDEN STREET, Boston, MA",SAM,-71.09490934916276,42.31706894769055
"21 COBDEN STREET, Boston, MA",SAM,-71.09497853732363,42.31722268708449
"22 COBDEN STREET, Boston, MA",SAM,-71.09505050912806,42.31712120286674
"24 COBDEN STREET, Boston, MA",SAM,-71.09508528757141,42.31713468838886
"25 COBDEN STREET, Boston, MA",SAM,-71.09504631070041,42.317248966563504
"28 COBDEN STREET, Boston, MA",SAM,-71.09515484445811,42.31716165943309
"3 COBDEN STREET, Boston, MA",SAM,-71.093409754491,42.316678637530586
"32 COBDEN STREET, Boston, MA",SAM,-71.09522440134481,42.31718863047734
"34 COBDEN STREET, Boston, MA",SAM,-71.09525917978816,42.31720211599948
"36 COBDEN STREET, Boston, MA",SAM,-71.09529395823151,42.317215601521596
"38 COBDEN STREET, Boston, MA",SAM,-71.09532873667484,42.31722908704372
"4 COBDEN STREET, Boston, MA",SAM,-71.09344057731464,42.31656352420919
"40 COBDEN STREET, Boston, MA",SAM,-71.09536351511821,42.31724257256585
"44 COBDEN STREET, Boston, MA",SAM,-71.0954338846093,42.317269987981376
"5 COBDEN STREET, Boston, MA",SAM,-71.09359769977145,42.316739475324766
"8 COBDEN STREET, Boston, MA",SAM,-71.09375381944872,42.31666492053282
"10 CODMAN PARK, Boston, MA",SAM,-71.09277535488201,42.3201428049056
"15 CODMAN PARK, Boston, MA",SAM,-71.09313707175899,42.320020021539975
"6 CODMAN PARK, Boston, MA",SAM,-71.09268608176632,42.320214591538424
"9 CODMAN PARK, Boston, MA",SAM,-71.0929543640743,42.320168158341076
"10 CODMAN STREET, Boston, MA",SAM,-71.07448417805506,42.27822733340661
"14 CODMAN STREET, Boston, MA",SAM,-71.07439651295412,42.27824147394728
"18 CODMAN STREET, Boston, MA",SAM,-71.07430586867308,42.27825960280292
"22 CODMAN STREET, Boston, MA",SAM,-71.07421522439203,42.278277731658484
"26 CODMAN STREET, Boston, MA",SAM,-71.07412458011096,42.27829586051411
"30 CODMAN STREET, Boston, MA",SAM,-71.07402648585993,42.27831148240776
"34 CODMAN STREET, Boston, MA",SAM,-71.07393410121043,42.27832390387192
"38 CODMAN STREET, Boston, MA",SAM,-71.07384171656095,42.27833632533607
"42 CODMAN STREET, Boston, MA",SAM,-71.07374933191143,42.278348746800205
"6 CODMAN STREET, Boston, MA",SAM,-71.07457600774913,42.2782128339823
"12 CODMAN HILL AVENUE, Boston, MA",SAM,-71.07076445055262,42.27975852698841
"13 CODMAN HILL AVENUE, Boston, MA",SAM,-71.07085957969741,42.27985791666006
"15 CODMAN HILL AVENUE, Boston, MA",SAM,-71.07095805320151,42.27983769776629
"19 CODMAN HILL AVENUE, Boston, MA",SAM,-71.07115500020969,42.279797259978714
"20 CODMAN HILL AVENUE, Boston, MA",SAM,-71.07119415311588,42.279670299088274
"22 CODMAN HILL AVENUE, Boston, MA",SAM,-71.07130157875672,42.279648242113254
"23 CODMAN HILL AVENUE, Boston, MA",SAM,-71.07135194721783,42.27975682219115
"27 CODMAN HILL AVENUE, Boston, MA",SAM,-71.07154791167663,42.27972099089488
"28 CODMAN HILL AVENUE, Boston, MA",SAM,-71.07162873408012,42.27958855130946
"31 CODMAN HILL AVENUE, Boston, MA",SAM,-71.07174653056481,42.27968531085688
"32 CODMAN HILL AVENUE, Boston, MA",SAM,-71.07184540923087,42.27954962763164
"36 CODMAN HILL AVENUE, Boston, MA",SAM,-71.07206208438161,42.27951070395381
"37 CODMAN HILL AVENUE, Boston, MA",SAM,-71.07204445889708,42.279631790799876
"39 CODMAN HILL AVENUE, Boston, MA",SAM,-71.07214559194865,42.27961325795656
"4 CODMAN HILL AVENUE, Boston, MA",SAM,-71.07033474798934,42.27984675488853
"40 CODMAN HILL AVENUE, Boston, MA",SAM,-71.07227557768809,42.27946855666599
"43 CODMAN HILL AVENUE, Boston, MA",SAM,-71.07234289941206,42.2795737964652
"44 CODMAN HILL AVENUE, Boston, MA",SAM,-71.07249082219363,42.27942550776629
"47 CODMAN HILL AVENUE, Boston, MA",SAM,-71.07254020687546,42.27953433497382
"48 CODMAN HILL AVENUE, Boston, MA",SAM,-71.07274608167387,42.27937330112909
"51 CODMAN HILL AVENUE, Boston, MA",SAM,-71.0727894276624,42.27948331316027
"52 CODMAN HILL AVENUE, Boston, MA",SAM,-71.07291879084539,42.27933605013216
"55 CODMAN HILL AVENUE, Boston, MA",SAM,-71.0729693330494,42.279444510038466
"56 CODMAN HILL AVENUE, Boston, MA",SAM,-71.07309150001694,42.27929879913522
"59 CODMAN HILL AVENUE, Boston, MA",SAM,-71.0731492384364,42.279405706916656
"60 CODMAN HILL AVENUE, Boston, MA",SAM,-71.07326752872166,42.27926404612317
"63 CODMAN HILL AVENUE, Boston, MA",SAM,-71.07332819820115,42.27937078432704
"64 CODMAN HILL AVENUE, Boston, MA",SAM,-71.07344165885392,42.279230613139084
"67 CODMAN HILL AVENUE, Boston, MA",SAM,-71.07350958375561,42.279335958301964
"68 CODMAN HILL AVENUE, Boston, MA",SAM,-71.0736157889862,42.27919718015501
"72 CODMAN HILL AVENUE, Boston, MA",SAM,-71.07378991911848,42.27916374717094
"73 CODMAN HILL AVENUE, Boston, MA",SAM,-71.07378166208728,42.279283719264335
"76 CODMAN HILL AVENUE, Boston, MA",SAM,-71.07396404925075,42.27913031418685
"8 CODMAN HILL AVENUE, Boston, MA",SAM,-71.07054959927098,42.279802640938456
"80 CODMAN HILL AVENUE, Boston, MA",SAM,-71.07413817938304,42.279096881202776
"81 CODMAN HILL AVENUE, Boston, MA",SAM,-71.0741444331962,42.27921406721419
"83 CODMAN HILL AVENUE, Boston, MA",SAM,-71.07423512597343,42.27919665420164
"84 CODMAN HILL AVENUE, Boston, MA",SAM,-71.07431195749109,42.279063346740635
"87 CODMAN HILL AVENUE, Boston, MA",SAM,-71.07441668340445,42.27916142157572
"88 CODMAN HILL AVENUE, Boston, MA",SAM,-71.07448590734435,42.2790294053071
"9 CODMAN HILL AVENUE, Boston, MA",SAM,-71.07066263268926,42.27989835444762
"91 CODMAN HILL AVENUE, Boston, MA",SAM,-71.07459788116824,42.2791260659158
"92 CODMAN HILL AVENUE, Boston, MA",SAM,-71.0746598571976,42.27899546387358
"95 CODMAN HILL AVENUE, Boston, MA",SAM,-71.07477907893205,42.27909071025588
"178 COFFEY STREET, Boston, MA",SAM,,
"11 COFFEY STREET, Boston, MA",SAM,-71.05072625797234,42.288712584322994
"15 COFFEY STREET, Boston, MA",SAM,-71.05059454520192,42.28874168365543
"17 COFFEY STREET, Boston, MA",SAM,-71.0505286888167,42.28875623332167
"20 COFFEY STREET, Boston, MA",SAM,-71.05049481142798,42.28888331054386
"34 COFFEY STREET, Boston, MA",SAM,-71.04998564444134,42.28890663557031
"35 COFFEY STREET, Boston, MA",SAM,-71.04993982399228,42.28879204419352
"45 COFFEY STREET, Boston, MA",SAM,-71.0495919688913,42.288803071862375
"48 COFFEY STREET, Boston, MA",SAM,-71.04949977744765,42.28892196727325
"56 COFFEY STREET, Boston, MA",SAM,-71.04922263507356,42.28893952258741
"7 COFFEY STREET, Boston, MA",SAM,-71.05085797074277,42.288683484990564
"16 COHASSET STREET, Boston, MA",SAM,-71.12988719691818,42.285927529781254
"19 COHASSET STREET, Boston, MA",SAM,-71.13005537105867,42.285949936518946
"20 COHASSET STREET, Boston, MA",SAM,-71.12993076019693,42.28588182404408
"21 COHASSET STREET, Boston, MA",SAM,-71.13007693268149,42.28592731448742
"22 COHASSET STREET, Boston, MA",SAM,-71.12995254183629,42.28585897117548
"23 COHASSET STREET, Boston, MA",SAM,-71.13009627252073,42.285907830961044
"26 COHASSET STREET, Boston, MA",SAM,-71.13000161216421,42.28581195438149
"29 COHASSET STREET, Boston, MA",SAM,-71.13016643169522,42.28584300998139
"30 COHASSET STREET, Boston, MA",SAM,-71.13004886222046,42.28576829943601
"31 COHASSET STREET, Boston, MA",SAM,-71.13018981808669,42.285821402988184
"33 COHASSET STREET, Boston, MA",SAM,-71.1302132044782,42.28579979599499
"34 COHASSET STREET, Boston, MA",SAM,-71.13009611227675,42.28572464449054
"38 COHASSET STREET, Boston, MA",SAM,-71.13014336233302,42.2856809895451
"39 COHASSET STREET, Boston, MA",SAM,-71.13028336365267,42.28573497501535
"43 COHASSET STREET, Boston, MA",SAM,-71.13033013643565,42.285691761028936
"44 COHASSET STREET, Boston, MA",SAM,-71.13021423741743,42.285615507126906
"47 COHASSET STREET, Boston, MA",SAM,-71.13037690921861,42.285648547042534
"48 COHASSET STREET, Boston, MA",SAM,-71.1302614874737,42.28557185218145
"50 COHASSET STREET, Boston, MA",SAM,-71.13028511250184,42.285550024708705
"51 COHASSET STREET, Boston, MA",SAM,-71.1304236820016,42.2856053330561
"52 COHASSET STREET, Boston, MA",SAM,-71.13030873753,42.285528197235976
"56 COHASSET STREET, Boston, MA",SAM,-71.13035598758626,42.285484542290526
"59 COHASSET STREET, Boston, MA",SAM,-71.13051722756755,42.285518905083286
"60 COHASSET STREET, Boston, MA",SAM,-71.13040323764254,42.285440887345054
"63 COHASSET STREET, Boston, MA",SAM,-71.13056400035055,42.28547569109685
"64 COHASSET STREET, Boston, MA",SAM,-71.13045048769882,42.285397232399596
"67 COHASSET STREET, Boston, MA",SAM,-71.13061077313351,42.285432477110426
"68 COHASSET STREET, Boston, MA",SAM,-71.13049773775509,42.28535357745414
"77 COHASSET STREET, Boston, MA",SAM,-71.13072770509098,42.28532444214439
"8 COHASSET STREET, Boston, MA",SAM,-71.12980007036073,42.286018941255634
"1 COLBERG AVENUE, Boston, MA",SAM,-71.14064083572656,42.286087315777166
"100 COLBERG AVENUE, Boston, MA",SAM,-71.1433532096893,42.28351906273924
"103 COLBERG AVENUE, Boston, MA",SAM,-71.14352962220421,42.2835418922341
"104 COLBERG AVENUE, Boston, MA",SAM,-71.14346891631213,42.28341724090603
"106 COLBERG AVENUE, Boston, MA",SAM,-71.14352676962353,42.28336632998943
"108 COLBERG AVENUE, Boston, MA",SAM,-71.14362661523798,42.283278606439566
"110 COLBERG AVENUE, Boston, MA",SAM,-71.14369255232302,42.28322076688837
"12 COLBERG AVENUE, Boston, MA",SAM,-71.14069843993133,42.28579135542636
"124 COLBERG AVENUE, Boston, MA",SAM,-71.14419780033283,42.28279262679432
"126 COLBERG AVENUE, Boston, MA",SAM,-71.14422368553957,42.28276978690486
"128 COLBERG AVENUE, Boston, MA",SAM,-71.14424957074631,42.28274694701542
"129 COLBERG AVENUE, Boston, MA",SAM,-71.14452932174227,42.282678457786865
"130 COLBERG AVENUE, Boston, MA",SAM,-71.14427545595306,42.282724107125965
"132 COLBERG AVENUE, Boston, MA",SAM,-71.1443013411598,42.282701267236504
"133 COLBERG AVENUE, Boston, MA",SAM,-71.14457188852668,42.28264089885756
"137 COLBERG AVENUE, Boston, MA",SAM,-71.14461445531113,42.28260333992823
"14 COLBERG AVENUE, Boston, MA",SAM,-71.14075117274598,42.285747642696194
"141 COLBERG AVENUE, Boston, MA",SAM,-71.14465702209554,42.28256578099891
"15 COLBERG AVENUE, Boston, MA",SAM,-71.14102014300595,42.285696778638055
"18 COLBERG AVENUE, Boston, MA",SAM,-71.14085663837527,42.28566021723587
"19 COLBERG AVENUE, Boston, MA",SAM,-71.1411543719887,42.28558550987038
"23 COLBERG AVENUE, Boston, MA",SAM,-71.14128860097144,42.28547424110269
"24 COLBERG AVENUE, Boston, MA",SAM,-71.14101483681922,42.285529079045396
"26 COLBERG AVENUE, Boston, MA",SAM,-71.14106756963385,42.285485366315235
"34 COLBERG AVENUE, Boston, MA",SAM,-71.14134024835758,42.28525316611391
"38 COLBERG AVENUE, Boston, MA",SAM,-71.14147509144127,42.28513424937273
"41 COLBERG AVENUE, Boston, MA",SAM,-71.14160125125274,42.28520128953687
"42 COLBERG AVENUE, Boston, MA",SAM,-71.14160993452492,42.285015332631566
"48 COLBERG AVENUE, Boston, MA",SAM,-71.14184836559498,42.28481024325089
"52 COLBERG AVENUE, Boston, MA",SAM,-71.14192002403398,42.28474882172864
"56 COLBERG AVENUE, Boston, MA",SAM,-71.14199168247298,42.284687400206366
"60 COLBERG AVENUE, Boston, MA",SAM,-71.14206334091197,42.28462597868411
"64 COLBERG AVENUE, Boston, MA",SAM,-71.14213879163148,42.28456443061279
"84 COLBERG AVENUE, Boston, MA",SAM,-71.14285260545381,42.28395398277854
"85 COLBERG AVENUE, Boston, MA",SAM,-71.14302920182777,42.28397869573394
"88 COLBERG AVENUE, Boston, MA",SAM,-71.14296410323287,42.28385972691928
"91 COLBERG AVENUE, Boston, MA",SAM,-71.14318250233575,42.28384735773371
"92 COLBERG AVENUE, Boston, MA",SAM,-71.14312179644364,42.283722706405655
"95 COLBERG AVENUE, Boston, MA",SAM,-71.14329820895857,42.283745535900515
"11 COLBERT STREET, Boston, MA",SAM,-71.1461723786713,42.287158291744305
"12 COLBERT STREET, Boston, MA",SAM,-71.14609879106602,42.287288836473934
"15 COLBERT STREET, Boston, MA",SAM,-71.14609169036295,42.28705111937215
"16 COLBERT STREET, Boston, MA",SAM,-71.14596160328608,42.28711456153767
"20 COLBERT STREET, Boston, MA",SAM,-71.14594546628858,42.28709132425558
"24 COLBERT STREET, Boston, MA",SAM,-71.14592932929105,42.28706808697351
"101 COLBORNE ROAD, Boston, MA",SAM,-71.14830249412068,42.34445223416606
"102 COLBORNE ROAD, Boston, MA",SAM,-71.14954305637751,42.344607383778026
"105 COLBORNE ROAD, Boston, MA",SAM,-71.14836764765414,42.34447172892923
"106 COLBORNE ROAD, Boston, MA",SAM,-71.14948428288308,42.34460817799451
"112 COLBORNE ROAD, Boston, MA",SAM,-71.14937419386203,42.34459954355674
"113 COLBORNE ROAD, Boston, MA",SAM,-71.14849795472101,42.344510718455545
"119 COLBORNE ROAD, Boston, MA",SAM,-71.14859568502118,42.34453996060029
"12 COLBORNE ROAD, Boston, MA",SAM,-71.14617868822351,42.342391307764174
"120 COLBORNE ROAD, Boston, MA",SAM,-71.14924227634295,42.34458299899339
"125 COLBORNE ROAD, Boston, MA",SAM,-71.14869642914394,42.34456781262285
"35 COLBORNE ROAD, Boston, MA",SAM,-71.14628831073311,42.34307084403476
"38 COLBORNE ROAD, Boston, MA",SAM,-71.14657787866531,42.343276052020556
"42 COLBORNE ROAD, Boston, MA",SAM,-71.146679332493,42.343420051036816
"44 COLBORNE ROAD, Boston, MA",SAM,-71.1477594775985,42.343879904145325
"45 COLBORNE ROAD, Boston, MA",SAM,-71.14760256194958,42.34425446791807
"47 COLBORNE ROAD, Boston, MA",SAM,-71.14760925638282,42.34425699411991
"49 COLBORNE ROAD, Boston, MA",SAM,-71.14761595081605,42.344259520321756
"22 COLBORNE ROAD, Boston, MA",SAM,-71.14631994931594,42.34275633429232
"58 COLBORNE ROAD, Boston, MA",SAM,-71.14783239656308,42.34380919484288
"59 COLBORNE ROAD, Boston, MA",SAM,-71.14764942298214,42.34427215133092
"6 COLBORNE ROAD, Boston, MA",SAM,-71.14608142259449,42.34211821572023
"61 COLBORNE ROAD, Boston, MA",SAM,-71.14765611741537,42.34427467753274
"62 COLBORNE ROAD, Boston, MA",SAM,-71.14785323055297,42.34378899218503
"63 COLBORNE ROAD, Boston, MA",SAM,-71.14766281184858,42.34427720373458
"66 COLBORNE ROAD, Boston, MA",SAM,-71.14787406454285,42.34376878952721
"74 COLBORNE ROAD, Boston, MA",SAM,-71.1479157325226,42.34372838421154
"78 COLBORNE ROAD, Boston, MA",SAM,-71.14993430729004,42.34452721343022
"8 COLBORNE ROAD, Boston, MA",SAM,-71.14611384447082,42.34220924640154
"81 COLBORNE ROAD, Boston, MA",SAM,-71.14798301035668,42.34436096087939
"84 COLBORNE ROAD, Boston, MA",SAM,-71.14983694422907,42.34456615865593
"85 COLBORNE ROAD, Boston, MA",SAM,-71.14804187998693,42.34437425511344
"89 COLBORNE ROAD, Boston, MA",SAM,-71.14810703352038,42.344393749876595
"90 COLBORNE ROAD, Boston, MA",SAM,-71.14975012293993,42.344582134051166
"93 COLBORNE ROAD, Boston, MA",SAM,-71.14817218705382,42.344413244639746
"96 COLBORNE ROAD, Boston, MA",SAM,-71.14964223972954,42.34460049714971
"97 COLBORNE ROAD, Boston, MA",SAM,-71.14823734058726,42.344432739402905
"11 COLBY ROAD, Boston, MA",SAM,-71.13796691737228,42.29297404226324
"15 COLBY ROAD, Boston, MA",SAM,-71.13799459582961,42.29299313085877
"17 COLBY ROAD, Boston, MA",SAM,-71.1380084350583,42.29300267515654
"18 COLBY ROAD, Boston, MA",SAM,-71.13849654003583,42.293182629931195
"20 COLBY ROAD, Boston, MA",SAM,-71.13855818750899,42.29322514543946
"26 COLBY ROAD, Boston, MA",SAM,-71.13876882300542,42.29343482183381
"3 COLBY ROAD, Boston, MA",SAM,-71.13791156045762,42.29293586507215
"7 COLBY ROAD, Boston, MA",SAM,-71.13793923891498,42.29295495366768
"1 COLCHESTER STREET, Boston, MA",SAM,-71.12911471040763,42.23635688644535
"15 COLCHESTER STREET, Boston, MA",SAM,-71.12946910154827,42.235486574324746
"16 COLCHESTER STREET, Boston, MA",SAM,-71.12942976475384,42.23521794755544
"17 COLCHESTER STREET, Boston, MA",SAM,-71.12952672928067,42.23536323075734
"19 COLCHESTER STREET, Boston, MA",SAM,-71.12957668637945,42.23525397827934
"21 COLCHESTER STREET, Boston, MA",SAM,-71.1296236595744,42.23514897937362
"23 COLCHESTER STREET, Boston, MA",SAM,-71.12967063276935,42.23504398046789
"35 COLCHESTER STREET, Boston, MA",SAM,-71.12998990806224,42.23436418699123
"36 COLCHESTER STREET, Boston, MA",SAM,-71.12984298804824,42.234328155943224
"37 COLCHESTER STREET, Boston, MA",SAM,-71.13004801934902,42.23423429117453
"39 COLCHESTER STREET, Boston, MA",SAM,-71.13010677594622,42.23410523694929
"40 COLCHESTER STREET, Boston, MA",SAM,-71.12996041378847,42.23406798476084
"41 COLCHESTER STREET, Boston, MA",SAM,-71.13016685621393,42.23397583329599
"43 COLCHESTER STREET, Boston, MA",SAM,-71.13022693648166,42.23384642964271
"44 COLCHESTER STREET, Boston, MA",SAM,-71.13008057432393,42.23380917745425
"46 COLCHESTER STREET, Boston, MA",SAM,-71.13014065459164,42.23367977380096
"48 COLCHESTER STREET, Boston, MA",SAM,-71.13020073485936,42.233550370147675
"5 COLCHESTER STREET, Boston, MA",SAM,-71.12920619416555,42.23610479787644
"50 COLCHESTER STREET, Boston, MA",SAM,-71.13026081512709,42.23342096649439
"51 COLCHESTER STREET, Boston, MA",SAM,-71.13046725755252,42.233328815029566
"52 COLCHESTER STREET, Boston, MA",SAM,-71.13032089539479,42.23329156284111
"53 COLCHESTER STREET, Boston, MA",SAM,-71.13052547485118,42.23319770764539
"54 COLCHESTER STREET, Boston, MA",SAM,-71.13037810775026,42.233162699230576
"55 COLCHESTER STREET, Boston, MA",SAM,-71.13058193557546,42.233067413667584
"56 COLCHESTER STREET, Boston, MA",SAM,-71.13043456847454,42.23303240525275
"58 COLCHESTER STREET, Boston, MA",SAM,-71.13048618947668,42.23292172937457
"6 COLCHESTER STREET, Boston, MA",SAM,-71.12908721594295,42.23599103391526
"61 COLCHESTER STREET, Boston, MA",SAM,-71.13066006833506,42.23290403365769
"62 COLCHESTER STREET, Boston, MA",SAM,-71.13049481142453,42.23290448547879
"65 COLCHESTER STREET, Boston, MA",SAM,-71.13068880816121,42.23284655400506
"66 COLCHESTER STREET, Boston, MA",SAM,-71.13050343337237,42.23288724158301
"7 COLCHESTER STREET, Boston, MA",SAM,-71.12925193604454,42.23597875359198
"8 COLCHESTER STREET, Boston, MA",SAM,-71.1291499495496,42.235819143876704
"9 COLCHESTER STREET, Boston, MA",SAM,-71.12929621835113,42.235856605026896
"1 COLEBROOK STREET, Boston, MA",SAM,-71.04153902195806,42.332548664647085
"10 COLEBROOK STREET, Boston, MA",SAM,-71.04165548762653,42.33266120372528
"11 COLEBROOK STREET, Boston, MA",SAM,-71.04167703565928,42.33254619276397
"12 COLEBROOK STREET, Boston, MA",SAM,-71.04168366542385,42.332660699049136
"13 COLEBROOK STREET, Boston, MA",SAM,-71.04170463839954,42.33254569838734
"15 COLEBROOK STREET, Boston, MA",SAM,-71.04173224113977,42.332545204010714
"17 COLEBROOK STREET, Boston, MA",SAM,-71.04175984388002,42.332544709634085
"19 COLEBROOK STREET, Boston, MA",SAM,-71.04178744662026,42.33254421525748
"2 COLEBROOK STREET, Boston, MA",SAM,-71.04154277643715,42.332663222429815
"4 COLEBROOK STREET, Boston, MA",SAM,-71.04157095423452,42.33266271775367
"5 COLEBROOK STREET, Boston, MA",SAM,-71.04159422743854,42.33254767589385
"6 COLEBROOK STREET, Boston, MA",SAM,-71.04159913203183,42.33266221307754
"7 COLEBROOK STREET, Boston, MA",SAM,-71.04162183017878,42.33254718151723
"8 COLEBROOK STREET, Boston, MA",SAM,-71.04162730982917,42.33266170840141
"9 COLEBROOK STREET, Boston, MA",SAM,-71.04164943291904,42.3325466871406
"11 COLEMAN STREET, Boston, MA",SAM,-71.06535997633975,42.30892790342745
"15 COLEMAN STREET, Boston, MA",SAM,-71.06569649568748,42.30867636369989
"3 COLEMAN STREET, Boston, MA",SAM,-71.0650415043302,42.30915285377602
"36 COLEMAN STREET, Boston, MA",SAM,-71.06618130309114,42.308158685677036
"39 COLEMAN STREET, Boston, MA",SAM,-71.06638342221909,42.30817362782154
"40 COLEMAN STREET, Boston, MA",SAM,-71.06629040066373,42.30808075763388
"41 COLEMAN STREET, Boston, MA",SAM,-71.06643660733043,42.30813563845433
"43 COLEMAN STREET, Boston, MA",SAM,-71.0664907560063,42.308096598212465
"45 COLEMAN STREET, Boston, MA",SAM,-71.0665428118086,42.30805776292937
"47 COLEMAN STREET, Boston, MA",SAM,-71.06659486761089,42.30801892764626
"49 COLEMAN STREET, Boston, MA",SAM,-71.06664692341319,42.30798009236316
"5 COLEMAN STREET, Boston, MA",SAM,-71.06511007657515,42.30910501267241
"51 COLEMAN STREET, Boston, MA",SAM,-71.06669897921547,42.30794125708007
"53 COLEMAN STREET, Boston, MA",SAM,-71.06675103501776,42.30790242179697
"55 COLEMAN STREET, Boston, MA",SAM,-71.06680309082004,42.307863586513896
"57 COLEMAN STREET, Boston, MA",SAM,-71.06685514662234,42.30782475123079
"63 COLEMAN STREET, Boston, MA",SAM,-71.06701131402922,42.307708245381505
"65 COLEMAN STREET, Boston, MA",SAM,-71.06706388027985,42.30766868695063
"67 COLEMAN STREET, Boston, MA",SAM,-71.06711521492133,42.307629330390135
"69 COLEMAN STREET, Boston, MA",SAM,-71.06716654956281,42.30758997382962
"71 COLEMAN STREET, Boston, MA",SAM,-71.06721788420428,42.30755061726912
"73 COLEMAN STREET, Boston, MA",SAM,-71.06726921884577,42.3075112607086
"75 COLEMAN STREET, Boston, MA",SAM,-71.06732055348725,42.30747190414807
"77 COLEMAN STREET, Boston, MA",SAM,-71.06737188812872,42.30743254758757
"8 COLEMAN STREET, Boston, MA",SAM,-71.06498415175065,42.309035329245354
"81 COLEMAN STREET, Boston, MA",SAM,-71.06747455741169,42.30735383446657
"83 COLEMAN STREET, Boston, MA",SAM,-71.06752589205317,42.30731447790604
"85 COLEMAN STREET, Boston, MA",SAM,-71.06757722669464,42.307275121345526
"87 COLEMAN STREET, Boston, MA",SAM,-71.0676280487486,42.30723851789855
"88 COLEMAN STREET, Boston, MA",SAM,-71.06756744655075,42.30712270827628
"89 COLEMAN STREET, Boston, MA",SAM,-71.0676813992409,42.30720065625689
"91 COLEMAN STREET, Boston, MA",SAM,-71.06773474973316,42.307162794615245
"92 COLEMAN STREET, Boston, MA",SAM,-71.06767681505993,42.30704509191091
"109 COLERIDGE STREET, Boston, MA",SAM,-71.01467622164463,42.38079885623268
"111 COLERIDGE STREET, Boston, MA",SAM,-71.01465875464348,42.380805269897365
"113 COLERIDGE STREET, Boston, MA",SAM,-71.01464128764232,42.38081168356205
"115 COLERIDGE STREET, Boston, MA",SAM,-71.01462382064113,42.38081809722674
"117 COLERIDGE STREET, Boston, MA",SAM,-71.01460635364,42.380824510891415
"120 COLERIDGE STREET, Boston, MA",SAM,-71.01483460440748,42.380868668302185
"124 COLERIDGE STREET, Boston, MA",SAM,-71.01480565909128,42.3808792966608
"126 COLERIDGE STREET, Boston, MA",SAM,-71.01479118643317,42.38088461084011
"130 COLERIDGE STREET, Boston, MA",SAM,-71.01476224111697,42.38089523919872
"134 COLERIDGE STREET, Boston, MA",SAM,-71.01473329580077,42.380905867557345
"136 COLERIDGE STREET, Boston, MA",SAM,-71.01471882314266,42.38091118173665
"138 COLERIDGE STREET, Boston, MA",SAM,-71.01470435048455,42.38091649591597
"139 COLERIDGE STREET, Boston, MA",SAM,-71.01403359915044,42.38103826909369
"148 COLERIDGE STREET, Boston, MA",SAM,-71.01436383031506,42.38104319304934
"149 COLERIDGE STREET, Boston, MA",SAM,-71.01381680721333,42.38111935921014
"152 COLERIDGE STREET, Boston, MA",SAM,-71.01419039676539,42.381108065142485
"156 COLERIDGE STREET, Boston, MA",SAM,-71.01401696321571,42.38117293723566
"157 COLERIDGE STREET, Boston, MA",SAM,-71.01364337366367,42.381184231303294
"163 COLERIDGE STREET, Boston, MA",SAM,-71.01351329850138,42.38123288537319
"165 COLERIDGE STREET, Boston, MA",SAM,-71.01346994011399,42.381249103396456
"167 COLERIDGE STREET, Boston, MA",SAM,-71.01342658172655,42.38126532141974
"169 COLERIDGE STREET, Boston, MA",SAM,-71.01328793226118,42.38131766051789
"171 COLERIDGE STREET, Boston, MA",SAM,-71.01324042398826,42.38133575890818
"173 COLERIDGE STREET, Boston, MA",SAM,-71.01319291571535,42.38135385729844
"175 COLERIDGE STREET, Boston, MA",SAM,-71.01314540744244,42.381371955688714
"176 COLERIDGE STREET, Boston, MA",SAM,-71.01320633288329,42.38147767919125
"177 COLERIDGE STREET, Boston, MA",SAM,-71.01309789916951,42.38139005407899
"10 COLEUS PARK, Boston, MA",SAM,-71.07517938799718,42.31080419008366
"12 COLEUS PARK, Boston, MA",SAM,-71.07519899975843,42.31078709264994
"14 COLEUS PARK, Boston, MA",SAM,-71.07521861151965,42.31076999521619
"18 COLEUS PARK, Boston, MA",SAM,-71.07525615794498,42.31073620537099
"3 COLEUS PARK, Boston, MA",SAM,-71.0752383220926,42.310929957696125
"5 COLEUS PARK, Boston, MA",SAM,-71.07525753361381,42.31091320918959
"6 COLEUS PARK, Boston, MA",SAM,-71.0751401644747,42.310838384951154
"7 COLEUS PARK, Boston, MA",SAM,-71.07527674513503,42.31089646068308
"8 COLEUS PARK, Boston, MA",SAM,-71.07515977623594,42.31082128751741
"14 COLGATE ROAD, Boston, MA",SAM,-71.12110942224282,42.29338062024323
"27 COLGATE ROAD, Boston, MA",SAM,-71.12118842917933,42.29357511473939
"31 COLGATE ROAD, Boston, MA",SAM,-71.12123972823663,42.2936057609364
"35 COLGATE ROAD, Boston, MA",SAM,-71.1212910272939,42.293636407133384
"37 COLGATE ROAD, Boston, MA",SAM,-71.12131667682256,42.2936517302319
"11 COLLINS STREET, Boston, MA",SAM,-71.11985816466766,42.270462669951065
"15 COLLINS STREET, Boston, MA",SAM,-71.11959953410717,42.27054073049044
"19 COLLINS STREET, Boston, MA",SAM,-71.11933831917642,42.270618755730546
"21 COLLINS STREET, Boston, MA",SAM,-71.11920771171104,42.27065776835061
"29 COLLINS STREET, Boston, MA",SAM,-71.11869589800463,42.27084299955775
"33 COLLINS STREET, Boston, MA",SAM,-71.11845255652551,42.270933699566356
"35 COLLINS STREET, Boston, MA",SAM,-71.11833088578594,42.27097904957064
"39 COLLINS STREET, Boston, MA",SAM,-71.11807155832196,42.27107453956181
"42 COLLINS STREET, Boston, MA",SAM,-71.11768998423241,42.271337466336256
"45 COLLINS STREET, Boston, MA",SAM,-71.11796387389073,42.271112856722446
"46 COLLINS STREET, Boston, MA",SAM,-71.11764511571941,42.27135343181985
"49 COLLINS STREET, Boston, MA",SAM,-71.1178920842699,42.27113840149621
"53 COLLINS STREET, Boston, MA",SAM,-71.11782029464908,42.27116394626995
"54 COLLINS STREET, Boston, MA",SAM,-71.11755537869337,42.27138536278705
"57 COLLINS STREET, Boston, MA",SAM,-71.11774850502823,42.27118949104371
"60 COLLINS STREET, Boston, MA",SAM,-71.11748807592384,42.27140931101244
"12 COLLISTON ROAD, Boston, MA",SAM,-71.14493767354156,42.3397230375394
"16 COLLISTON ROAD, Boston, MA",SAM,-71.14498922653698,42.339723037541056
"4 COLLISTON ROAD, Boston, MA",SAM,-71.14481843596718,42.339726182007034
"11 COLONIAL AVENUE, Boston, MA",SAM,-71.07514680901978,42.29091016156274
"12 COLONIAL AVENUE, Boston, MA",SAM,-71.075097434135,42.290801547086126
"15 COLONIAL AVENUE, Boston, MA",SAM,-71.075311343874,42.29086923249473
"16 COLONIAL AVENUE, Boston, MA",SAM,-71.07526196898924,42.290760618018105
"2 COLONIAL AVENUE, Boston, MA",SAM,-71.07468497100488,42.290923329438805
"20 COLONIAL AVENUE, Boston, MA",SAM,-71.07542650384346,42.290719688950084
"24 COLONIAL AVENUE, Boston, MA",SAM,-71.07559103869768,42.29067875988207
"27 COLONIAL AVENUE, Boston, MA",SAM,-71.0758693543096,42.2907306148613
"28 COLONIAL AVENUE, Boston, MA",SAM,-71.07582044455295,42.29062188532277
"31 COLONIAL AVENUE, Boston, MA",SAM,-71.07599034094113,42.2907008335368
"32 COLONIAL AVENUE, Boston, MA",SAM,-71.0759448879454,42.2905912531033
"34 COLONIAL AVENUE, Boston, MA",SAM,-71.07600710964164,42.29057593699354
"36 COLONIAL AVENUE, Boston, MA",SAM,-71.07606933133785,42.290560620883795
"38 COLONIAL AVENUE, Boston, MA",SAM,-71.07613155303406,42.29054530477405
"39 COLONIAL AVENUE, Boston, MA",SAM,-71.07623231420422,42.29064127088779
"4 COLONIAL AVENUE, Boston, MA",SAM,-71.0747623864093,42.290894298661236
"42 COLONIAL AVENUE, Boston, MA",SAM,-71.07625599642651,42.29051467255456
"43 COLONIAL AVENUE, Boston, MA",SAM,-71.07635330083573,42.290611489563275
"46 COLONIAL AVENUE, Boston, MA",SAM,-71.07638043981895,42.29048404033506
"50 COLONIAL AVENUE, Boston, MA",SAM,-71.07650488321141,42.29045340811557
"51 COLONIAL AVENUE, Boston, MA",SAM,-71.07659527409884,42.29055192691427
"55 COLONIAL AVENUE, Boston, MA",SAM,-71.07671554726768,42.290522738486416
"58 COLONIAL AVENUE, Boston, MA",SAM,-71.07675515606314,42.29039307782965
"61 COLONIAL AVENUE, Boston, MA",SAM,-71.07689773600116,42.29047967569532
"62 COLONIAL AVENUE, Boston, MA",SAM,-71.07688008548037,42.290363549058625
"63 COLONIAL AVENUE, Boston, MA",SAM,-71.07695846557897,42.29046532143163
"66 COLONIAL AVENUE, Boston, MA",SAM,-71.0770050148976,42.29033402028761
"8 COLONIAL AVENUE, Boston, MA",SAM,-71.07493289928078,42.290842476154126
"1 COLORADO STREET, Boston, MA",SAM,-71.0973503680592,42.27918577308574
"105 COLORADO STREET, Boston, MA",SAM,-71.1008256318431,42.276288940808946
"12 COLORADO STREET, Boston, MA",SAM,-71.09791991187163,42.27863020124332
"126 COLORADO STREET, Boston, MA",SAM,-71.10154106308194,42.27540078857232
"130 COLORADO STREET, Boston, MA",SAM,-71.10159069881236,42.275353220995
"140 COLORADO STREET, Boston, MA",SAM,-71.10171478813844,42.27523430205169
"143 COLORADO STREET, Boston, MA",SAM,-71.10174832057777,42.27538967387247
"144 COLORADO STREET, Boston, MA",SAM,-71.10176442386887,42.27518673447437
"15 COLORADO STREET, Boston, MA",SAM,-71.09840291743555,42.27842862130915
"158 COLORADO STREET, Boston, MA",SAM,-71.10193814892538,42.275020247953734
"159 COLORADO STREET, Boston, MA",SAM,-71.10211036943502,42.275042710367295
"161 COLORADO STREET, Boston, MA",SAM,-71.1022045186516,42.274949474858815
"163 COLORADO STREET, Boston, MA",SAM,-71.1022248049801,42.27492870932474
"169 COLORADO STREET, Boston, MA",SAM,-71.10228566396555,42.27486641272253
"170 COLORADO STREET, Boston, MA",SAM,-71.10214168294215,42.274818188292166
"18 COLORADO STREET, Boston, MA",SAM,-71.09828346416617,42.278355683899655
"188 COLORADO STREET, Boston, MA",SAM,-71.1023297099569,42.2746257196853
"189 COLORADO STREET, Boston, MA",SAM,-71.10248852725039,42.27465875738177
"19 COLORADO STREET, Boston, MA",SAM,-71.09850667399245,42.27834284554131
"195 COLORADO STREET, Boston, MA",SAM,-71.10254938623585,42.274596460779534
"196 COLORADO STREET, Boston, MA",SAM,-71.10241327751902,42.27454017808223
"199 COLORADO STREET, Boston, MA",SAM,-71.10258995889282,42.274554929711385
"2 COLORADO STREET, Boston, MA",SAM,-71.09724418550668,42.279102351498196
"20 COLORADO STREET, Boston, MA",SAM,-71.09839355314429,42.27826357460334
"200 COLORADO STREET, Boston, MA",SAM,-71.10245506130008,42.2744974072807
"204 COLORADO STREET, Boston, MA",SAM,-71.10249684508115,42.27445463647918
"24 COLORADO STREET, Boston, MA",SAM,-71.09862194442135,42.27811864868886
"27 COLORADO STREET, Boston, MA",SAM,-71.09876586984139,42.2781753206326
"28 COLORADO STREET, Boston, MA",SAM,-71.09884263076938,42.27796221278852
"32 COLORADO STREET, Boston, MA",SAM,-71.09905800915057,42.277804516673775
"35 COLORADO STREET, Boston, MA",SAM,-71.09901107689473,42.27800150296552
"36 COLORADO STREET, Boston, MA",SAM,-71.09926214585498,42.27764653500909
"39 COLORADO STREET, Boston, MA",SAM,-71.09913321857294,42.27791154460926
"40 COLORADO STREET, Boston, MA",SAM,-71.09944569137566,42.27746572896507
"43 COLORADO STREET, Boston, MA",SAM,-71.09925185231123,42.27782167056045
"44 COLORADO STREET, Boston, MA",SAM,-71.09962482206376,42.27728452649203
"47 COLORADO STREET, Boston, MA",SAM,-71.09937578363788,42.27772539924575
"48 COLORADO STREET, Boston, MA",SAM,-71.09980145147718,42.27709998829028
"5 COLORADO STREET, Boston, MA",SAM,-71.09766681605855,42.27896528027481
"51 COLORADO STREET, Boston, MA",SAM,-71.0994777533716,42.27762495144353
"54 COLORADO STREET, Boston, MA",SAM,-71.0999987710358,42.276906244365016
"55 COLORADO STREET, Boston, MA",SAM,-71.09957972310531,42.27752450364132
"58 COLORADO STREET, Boston, MA",SAM,-71.10010256699033,42.276806366972586
"59 COLORADO STREET, Boston, MA",SAM,-71.09968252317725,42.2774225179577
"6 COLORADO STREET, Boston, MA",SAM,-71.09751542664895,42.27891335766026
"62 COLORADO STREET, Boston, MA",SAM,-71.10020659807806,42.27670685897074
"63 COLORADO STREET, Boston, MA",SAM,-71.09978065062916,42.27731999673451
"66 COLORADO STREET, Boston, MA",SAM,-71.10031062916582,42.27660735096893
"70 COLORADO STREET, Boston, MA",SAM,-71.1004132988332,42.276508617087345
"71 COLORADO STREET, Boston, MA",SAM,-71.10001798541508,42.277075819501604
"74 COLORADO STREET, Boston, MA",SAM,-71.1005144298519,42.276407486063796
"75 COLORADO STREET, Boston, MA",SAM,-71.1001136108787,42.27698373571735
"78 COLORADO STREET, Boston, MA",SAM,-71.10061556087058,42.276306355040276
"79 COLORADO STREET, Boston, MA",SAM,-71.1002092363423,42.27689165193308
"8 COLORADO STREET, Boston, MA",SAM,-71.09765104722011,42.278818860741296
"83 COLORADO STREET, Boston, MA",SAM,-71.10030509201283,42.276799934726554
"87 COLORADO STREET, Boston, MA",SAM,-71.1004011207092,42.2767080811864
"91 COLORADO STREET, Boston, MA",SAM,-71.10049714940558,42.27661622764626
"95 COLORADO STREET, Boston, MA",SAM,-71.10059225256916,42.276522320094045
"99 COLORADO STREET, Boston, MA",SAM,-71.10068560427874,42.276428968379996
"1488 COLUMBIA ROAD, Boston, MA",SAM,-71.0409886955991,42.33058852025387
"102 COLUMBIA ROAD, Boston, MA",SAM,-71.08105462358085,42.30520318552639
"103 COLUMBIA ROAD, Boston, MA",SAM,-71.08046456150514,42.30527456248941
"105 COLUMBIA ROAD, Boston, MA",SAM,-71.08078362401542,42.305073249228656
"12 COLUMBIA ROAD, Boston, MA",SAM,-71.08455326849803,42.30357734251031
"129 COLUMBIA ROAD, Boston, MA",SAM,-71.07831637005467,42.30596989815131
"1322 COLUMBIA ROAD, Boston, MA",SAM,-71.03914466172863,42.33021383982778
"1326 COLUMBIA ROAD, Boston, MA",SAM,-71.03903678275356,42.33019253101823
"1350 COLUMBIA ROAD, Boston, MA",SAM,-71.03845821894318,42.33004789002514
"137 COLUMBIA ROAD, Boston, MA",SAM,-71.08034719821974,42.305345236437454
"1380 COLUMBIA ROAD, Boston, MA",SAM,-71.0377330002168,42.32987817811004
"1390 COLUMBIA ROAD, Boston, MA",SAM,-71.03748929398914,42.329824021154614
"1422 COLUMBIA ROAD, Boston, MA",SAM,-71.04319164845975,42.33055561819028
"1424 COLUMBIA ROAD, Boston, MA",SAM,-71.04311724218715,42.3305561158888
"1426 COLUMBIA ROAD, Boston, MA",SAM,-71.04304283591452,42.33055661358732
"1428 COLUMBIA ROAD, Boston, MA",SAM,-71.0429684296419,42.33055711128585
"143 COLUMBIA ROAD, Boston, MA",SAM,-71.07231959882012,42.30933749889399
"1430 COLUMBIA ROAD, Boston, MA",SAM,-71.04289402336931,42.33055760898437
"1434 COLUMBIA ROAD, Boston, MA",SAM,-71.04266544746437,42.3305597394215
"147 COLUMBIA ROAD, Boston, MA",SAM,-71.07231328795088,42.30933533516685
"1482 COLUMBIA ROAD, Boston, MA",SAM,-71.04116180834657,42.33058364384328
"1486 COLUMBIA ROAD, Boston, MA",SAM,-71.04104639984826,42.33058689478368
"1492 COLUMBIA ROAD, Boston, MA",SAM,-71.04087328710078,42.33059177119424
"1494 COLUMBIA ROAD, Boston, MA",SAM,-71.04081558285165,42.330593396664426
"1496 COLUMBIA ROAD, Boston, MA",SAM,-71.04075787860248,42.330595022134624
"150 COLUMBIA ROAD, Boston, MA",SAM,-71.07906566373099,42.30608318463181
"1506 COLUMBIA ROAD, Boston, MA",SAM,-71.04046935735667,42.33060314948557
"151 COLUMBIA ROAD, Boston, MA",SAM,-71.07230697708161,42.309333171439704
"1512 COLUMBIA ROAD, Boston, MA",SAM,-71.04029624460921,42.33060802589615
"1514 COLUMBIA ROAD, Boston, MA",SAM,-71.04023854036005,42.330609651366345
"1518 COLUMBIA ROAD, Boston, MA",SAM,-71.04012313186172,42.33061290230672
"1520 COLUMBIA ROAD, Boston, MA",SAM,-71.04006542761256,42.33061452777692
"1528 COLUMBIA ROAD, Boston, MA",SAM,-71.03969381454668,42.3302943822704
"1536 COLUMBIA ROAD, Boston, MA",SAM,-71.03941424583928,42.330253378845065
"1540 COLUMBIA ROAD, Boston, MA",SAM,-71.03927446148562,42.33023287713242
"1544 COLUMBIA ROAD, Boston, MA",SAM,-71.03913467713193,42.33021237541974
"1550 COLUMBIA ROAD, Boston, MA",SAM,-71.03892106999147,42.33016360281961
"1556 COLUMBIA ROAD, Boston, MA",SAM,-71.03871857265786,42.33011297847204
"1588 COLUMBIA ROAD, Boston, MA",SAM,-71.03763551772573,42.329856515327876
"1592 COLUMBIA ROAD, Boston, MA",SAM,-71.03749904223825,42.32982618743282
"1596 COLUMBIA ROAD, Boston, MA",SAM,-71.03736256675076,42.32979585953781
"1612 COLUMBIA ROAD, Boston, MA",SAM,-71.03686078669266,42.32968720751617
"1614 COLUMBIA ROAD, Boston, MA",SAM,-71.03681318379681,42.32967700689259
"1618 COLUMBIA ROAD, Boston, MA",SAM,-71.03671797800516,42.32965660564541
"1620 COLUMBIA ROAD, Boston, MA",SAM,-71.03667813661585,42.32965208551477
"1622 COLUMBIA ROAD, Boston, MA",SAM,-71.03662922743186,42.32964615712641
"1626 COLUMBIA ROAD, Boston, MA",SAM,-71.0365314090639,42.32963430034969
"1630 COLUMBIA ROAD, Boston, MA",SAM,-71.0364335906959,42.32962244357298
"165 COLUMBIA ROAD, Boston, MA",SAM,-71.07690383708076,42.306641494594025
"1654 COLUMBIA ROAD, Boston, MA",SAM,-71.0357314723693,42.329562924408435
"1658 COLUMBIA ROAD, Boston, MA",SAM,-71.03562044158386,42.329560342293234
"166 COLUMBIA ROAD, Boston, MA",SAM,-71.07836346633765,42.30623023606763
"1662 COLUMBIA ROAD, Boston, MA",SAM,-71.03551695379362,42.32956326825511
"1678 COLUMBIA ROAD, Boston, MA",SAM,-71.03495868732752,42.329612449313856
"1682 COLUMBIA ROAD, Boston, MA",SAM,-71.03483087649388,42.32962949075648
"1686 COLUMBIA ROAD, Boston, MA",SAM,-71.03470306566024,42.32964653219911
"169 COLUMBIA ROAD, Boston, MA",SAM,-71.07703202172205,42.306551765340494
"1690 COLUMBIA ROAD, Boston, MA",SAM,-71.034588372347,42.32967221751244
"1716 COLUMBIA ROAD, Boston, MA",SAM,-71.03381127054072,42.32989711934169
"1720 COLUMBIA ROAD, Boston, MA",SAM,-71.03369245920149,42.32993589459131
"1722 COLUMBIA ROAD, Boston, MA",SAM,-71.03363305353187,42.329955282216126
"1726 COLUMBIA ROAD, Boston, MA",SAM,-71.03351424219267,42.32999405746575
"1730 COLUMBIA ROAD, Boston, MA",SAM,-71.03339543085342,42.33003283271537
"1736 COLUMBIA ROAD, Boston, MA",SAM,-71.03313632060996,42.330118307229235
"1740 COLUMBIA ROAD, Boston, MA",SAM,-71.03286684708122,42.33020976491398
"1744 COLUMBIA ROAD, Boston, MA",SAM,-71.03259737355246,42.33030122259872
"1748 COLUMBIA ROAD, Boston, MA",SAM,-71.03233903771468,42.3303985959984
"1754 COLUMBIA ROAD, Boston, MA",SAM,-71.03195121676673,42.33055957828471
"1756 COLUMBIA ROAD, Boston, MA",SAM,-71.0318219431174,42.330613239046805
"1762 COLUMBIA ROAD, Boston, MA",SAM,-71.03154618909679,42.33072859059478
"1764 COLUMBIA ROAD, Boston, MA",SAM,-71.03147565990328,42.330758167354475
"1772 COLUMBIA ROAD, Boston, MA",SAM,-71.03113869831823,42.330905037350384
"1774 COLUMBIA ROAD, Boston, MA",SAM,-71.03081800787966,42.33106879417763
"1776 COLUMBIA ROAD, Boston, MA",SAM,-71.03049731744107,42.3312325510049
"178 COLUMBIA ROAD, Boston, MA",SAM,-71.07794041107695,42.30636606206409
"1780 COLUMBIA ROAD, Boston, MA",SAM,-71.02983879369395,42.331545315229135
"1784 COLUMBIA ROAD, Boston, MA",SAM,-71.02964891370813,42.33163709024443
"1788 COLUMBIA ROAD, Boston, MA",SAM,-71.02952590918596,42.331697701171116
"1790 COLUMBIA ROAD, Boston, MA",SAM,-71.02946440692486,42.33172800663445
"1792 COLUMBIA ROAD, Boston, MA",SAM,-71.0294029046638,42.331758312097826
"1793 COLUMBIA ROAD, Boston, MA",SAM,-71.02852540393152,42.33199242912501
"1794 COLUMBIA ROAD, Boston, MA",SAM,-71.02934140240272,42.33178861756116
"1800 COLUMBIA ROAD, Boston, MA",SAM,-71.02907734522421,42.3319104642429
"1802 COLUMBIA ROAD, Boston, MA",SAM,-71.02894778090875,42.33195960932966
"1808 COLUMBIA ROAD, Boston, MA",SAM,-71.02856482777261,42.33210815358094
"1812 COLUMBIA ROAD, Boston, MA",SAM,-71.0283134905579,42.33221694133487
"1819 COLUMBIA ROAD, Boston, MA",SAM,-71.0283309168011,42.33207661012509
"1825 COLUMBIA ROAD, Boston, MA",SAM,-71.02828603515563,42.33209603650972
"1832 COLUMBIA ROAD, Boston, MA",SAM,-71.02759065527937,42.33248560680796
"1836 COLUMBIA ROAD, Boston, MA",SAM,-71.02756734151325,42.33249313894793
"1849 COLUMBIA ROAD, Boston, MA",SAM,-71.02810650857369,42.33217374204825
"185 COLUMBIA ROAD, Boston, MA",SAM,-71.07760623278062,42.30623024973359
"186 COLUMBIA ROAD, Boston, MA",SAM,-71.07761153882144,42.30651521910655
"193 COLUMBIA ROAD, Boston, MA",SAM,-71.07790749978541,42.30609419366132
"197 COLUMBIA ROAD, Boston, MA",SAM,-71.07807700438607,42.3060367055979
"200 COLUMBIA ROAD, Boston, MA",SAM,-71.07708577590104,42.30682497616377
"208 COLUMBIA ROAD, Boston, MA",SAM,-71.07681370966921,42.307023681251074
"217 COLUMBIA ROAD, Boston, MA",SAM,-71.07592926242438,42.30739856134231
"220 COLUMBIA ROAD, Boston, MA",SAM,-71.07643900466685,42.307334948418166
"223 COLUMBIA ROAD, Boston, MA",SAM,-71.07628738627193,42.3070957651785
"229 COLUMBIA ROAD, Boston, MA",SAM,-71.07511196877674,42.30810115912121
"233 COLUMBIA ROAD, Boston, MA",SAM,-71.0751541416508,42.30806665404065
"235 COLUMBIA ROAD, Boston, MA",SAM,-71.07517522808786,42.308049401500384
"236 COLUMBIA ROAD, Boston, MA",SAM,-71.07597329331611,42.30774552299893
"237 COLUMBIA ROAD, Boston, MA",SAM,-71.07519631452489,42.30803214896008
"238 COLUMBIA ROAD, Boston, MA",SAM,-71.07591736075904,42.30779320321395
"241 COLUMBIA ROAD, Boston, MA",SAM,-71.07523848739895,42.307997643879524
"244 COLUMBIA ROAD, Boston, MA",SAM,-71.07574956308784,42.30793624385902
"245 COLUMBIA ROAD, Boston, MA",SAM,-71.07528066027302,42.30796313879895
"247 COLUMBIA ROAD, Boston, MA",SAM,-71.07530174671005,42.30794588625868
"25 COLUMBIA ROAD, Boston, MA",SAM,-71.0834914683815,42.30338906289755
"250 COLUMBIA ROAD, Boston, MA",SAM,-71.0755318728234,42.30811832490125
"26 COLUMBIA ROAD, Boston, MA",SAM,-71.08386203861731,42.30359057887617
"261 COLUMBIA ROAD, Boston, MA",SAM,-71.0754433162703,42.30782379371479
"264 COLUMBIA ROAD, Boston, MA",SAM,-71.07503475698326,42.30851572062403
"276 COLUMBIA ROAD, Boston, MA",SAM,-71.07441731661591,42.30892693092165
"28 COLUMBIA ROAD, Boston, MA",SAM,-71.08373793163575,42.303599339366194
"282 COLUMBIA ROAD, Boston, MA",SAM,-71.0741514013867,42.309100514482964
"284 COLUMBIA ROAD, Boston, MA",SAM,-71.07406276297696,42.30915837567006
"286 COLUMBIA ROAD, Boston, MA",SAM,-71.07394341030677,42.30923402723163
"288 COLUMBIA ROAD, Boston, MA",SAM,-71.07388767625746,42.309268325109855
"295 COLUMBIA ROAD, Boston, MA",SAM,-71.07578816021638,42.307521699002876
"301 COLUMBIA ROAD, Boston, MA",SAM,-71.07218365127163,42.31003821167358
"310 COLUMBIA ROAD, Boston, MA",SAM,-71.07329796005348,42.30965874281871
"315 COLUMBIA ROAD, Boston, MA",SAM,-71.07189411983767,42.31022214929981
"319 COLUMBIA ROAD, Boston, MA",SAM,-71.07181174093061,42.31027330531138
"325 COLUMBIA ROAD, Boston, MA",SAM,-71.07168564018838,42.31035036687995
"329 COLUMBIA ROAD, Boston, MA",SAM,-71.07160157302691,42.310401741259014
"333 COLUMBIA ROAD, Boston, MA",SAM,-71.0715184062281,42.31045208581354
"34 COLUMBIA ROAD, Boston, MA",SAM,-71.08340356154478,42.30365720666812
"345 COLUMBIA ROAD, Boston, MA",SAM,-71.07126662432145,42.31059832997912
"349 COLUMBIA ROAD, Boston, MA",SAM,-71.07117543798034,42.310642568899034
"353 COLUMBIA ROAD, Boston, MA",SAM,-71.07108425163925,42.31068680781896
"357 COLUMBIA ROAD, Boston, MA",SAM,-71.07099306529815,42.31073104673889
"367 COLUMBIA ROAD, Boston, MA",SAM,-71.07076509944537,42.31084164403867
"369 COLUMBIA ROAD, Boston, MA",SAM,-71.07071950627483,42.310863763498595
"37 COLUMBIA ROAD, Boston, MA",SAM,-71.08406957992392,42.303347636213786
"370 COLUMBIA ROAD, Boston, MA",SAM,-71.072442611375,42.31022195691329
"373 COLUMBIA ROAD, Boston, MA",SAM,-71.07062831993373,42.310908002418515
"375 COLUMBIA ROAD, Boston, MA",SAM,-71.07058272676318,42.310930121878485
"38 COLUMBIA ROAD, Boston, MA",SAM,-71.08319909415958,42.30374085638559
"385 COLUMBIA ROAD, Boston, MA",SAM,-71.07035569288634,42.31103991977409
"387 COLUMBIA ROAD, Boston, MA",SAM,-71.07030957809349,42.311061440011656
"410 COLUMBIA ROAD, Boston, MA",SAM,-71.06940530046815,42.311983681600566
"414 COLUMBIA ROAD, Boston, MA",SAM,-71.06925737795567,42.312111487918514
"422 COLUMBIA ROAD, Boston, MA",SAM,-71.06906490919656,42.312281224155626
"43 COLUMBIA ROAD, Boston, MA",SAM,-71.08332899375937,42.30342567488876
"430 COLUMBIA ROAD, Boston, MA",SAM,-71.06887244043743,42.31245096039275
"432 COLUMBIA ROAD, Boston, MA",SAM,-71.06882432324764,42.312493394452034
"435 COLUMBIA ROAD, Boston, MA",SAM,-71.0678825085344,42.31334786399212
"444 COLUMBIA ROAD, Boston, MA",SAM,-71.06854079954515,42.31280136106041
"445 COLUMBIA ROAD, Boston, MA",SAM,-71.06778180902859,42.31353764383226
"455 COLUMBIA ROAD, Boston, MA",SAM,-71.06767453995914,42.31372357915012
"458 COLUMBIA ROAD, Boston, MA",SAM,-71.06830810413753,42.313210473842325
"459 COLUMBIA ROAD, Boston, MA",SAM,-71.06763120389887,42.31379856514347
"46 COLUMBIA ROAD, Boston, MA",SAM,-71.08283793798957,42.30398738261722
"460 COLUMBIA ROAD, Boston, MA",SAM,-71.06827370396557,42.313268410975304
"461 COLUMBIA ROAD, Boston, MA",SAM,-71.06760953586874,42.31383605814015
"462 COLUMBIA ROAD, Boston, MA",SAM,-71.0682393037936,42.313326348108276
"465 COLUMBIA ROAD, Boston, MA",SAM,-71.06756619980847,42.313911044133505
"466 COLUMBIA ROAD, Boston, MA",SAM,-71.06817050344969,42.31344222237422
"467 COLUMBIA ROAD, Boston, MA",SAM,-71.06754453177835,42.3139485371302
"468 COLUMBIA ROAD, Boston, MA",SAM,-71.06813610327771,42.313500159507186
"471 COLUMBIA ROAD, Boston, MA",SAM,-71.0675011957181,42.314023523123566
"475 COLUMBIA ROAD, Boston, MA",SAM,-71.06745785965782,42.314098509116924
"478 COLUMBIA ROAD, Boston, MA",SAM,-71.06793878708739,42.313836059052875
"480 COLUMBIA ROAD, Boston, MA",SAM,-71.0678978542824,42.31391005297076
"481 COLUMBIA ROAD, Boston, MA",SAM,-71.06739285556745,42.31421098810698
"487 COLUMBIA ROAD, Boston, MA",SAM,-71.06732396038028,42.314319382245166
"489 COLUMBIA ROAD, Boston, MA",SAM,-71.06730007374445,42.31435613091678
"490 COLUMBIA ROAD, Boston, MA",SAM,-71.06769319025742,42.31428002256017
"493 COLUMBIA ROAD, Boston, MA",SAM,-71.06725230047269,42.31442962825997
"495 COLUMBIA ROAD, Boston, MA",SAM,-71.06722841383684,42.31446637693157
"497 COLUMBIA ROAD, Boston, MA",SAM,-71.06720452720096,42.31450312560318
"499 COLUMBIA ROAD, Boston, MA",SAM,-71.06718064056508,42.31453987427477
"50 COLUMBIA ROAD, Boston, MA",SAM,-71.08270964930374,42.30409495901228
"500 COLUMBIA ROAD, Boston, MA",SAM,-71.06745963306602,42.314685004741264
"507 COLUMBIA ROAD, Boston, MA",SAM,-71.06709182098624,42.314664114370245
"519 COLUMBIA ROAD, Boston, MA",SAM,-71.06705261490289,42.31471579511843
"543 COLUMBIA ROAD, Boston, MA",SAM,-71.06697420273616,42.31481915661479
"545 COLUMBIA ROAD, Boston, MA",SAM,-71.06696766838893,42.31482777007283
"555 COLUMBIA ROAD, Boston, MA",SAM,-71.06693499665279,42.31487083736298
"56 COLUMBIA ROAD, Boston, MA",SAM,-71.08246918000216,42.30430219003668
"564 COLUMBIA ROAD, Boston, MA",SAM,-71.06595284858437,42.31649507548522
"568 COLUMBIA ROAD, Boston, MA",SAM,-71.0659043173306,42.31655122735149
"572 COLUMBIA ROAD, Boston, MA",SAM,-71.06585578607685,42.316607379217785
"589 COLUMBIA ROAD, Boston, MA",SAM,-71.06682391274994,42.31501726614952
"592 COLUMBIA ROAD, Boston, MA",SAM,-71.0650496300375,42.317219439300985
"6 COLUMBIA ROAD, Boston, MA",SAM,-71.08480040778679,42.30355878884065
"61 COLUMBIA ROAD, Boston, MA",SAM,-71.0724489716397,42.309381855300394
"611 COLUMBIA ROAD, Boston, MA",SAM,-71.06320679143346,42.31876822665512
"612 COLUMBIA ROAD, Boston, MA",SAM,-71.06447067183235,42.317597567939934
"613 COLUMBIA ROAD, Boston, MA",SAM,-71.06317958504839,42.31880511667009
"619 COLUMBIA ROAD, Boston, MA",SAM,-71.06309796589325,42.31891578671495
"632 COLUMBIA ROAD, Boston, MA",SAM,-71.06400934796328,42.31812273185717
"636 COLUMBIA ROAD, Boston, MA",SAM,-71.06388650460133,42.318295143599094
"638 COLUMBIA ROAD, Boston, MA",SAM,-71.06382508292037,42.318381349470044
"644 COLUMBIA ROAD, Boston, MA",SAM,-71.0637021899494,42.318558273551794
"652 COLUMBIA ROAD, Boston, MA",SAM,-71.063518653072,42.31881752047392
"653 COLUMBIA ROAD, Boston, MA",SAM,-71.0626019996404,42.31952208120896
"654 COLUMBIA ROAD, Boston, MA",SAM,-71.0634759942884,42.318876871827065
"655 COLUMBIA ROAD, Boston, MA",SAM,-71.06257029743013,42.319556953641865
"656 COLUMBIA ROAD, Boston, MA",SAM,-71.0634333355048,42.318936223180195
"658 COLUMBIA ROAD, Boston, MA",SAM,-71.0633906767212,42.31899557453334
"659 COLUMBIA ROAD, Boston, MA",SAM,-71.06250377929123,42.319616300814126
"66 COLUMBIA ROAD, Boston, MA",SAM,-71.0822086118712,42.304471008834405
"660 COLUMBIA ROAD, Boston, MA",SAM,-71.06334801793761,42.319054925886476
"662 COLUMBIA ROAD, Boston, MA",SAM,-71.06330535915401,42.319114277239606
"663 COLUMBIA ROAD, Boston, MA",SAM,-71.06242954119814,42.31967993346859
"664 COLUMBIA ROAD, Boston, MA",SAM,-71.06326270037042,42.31917362859273
"666 COLUMBIA ROAD, Boston, MA",SAM,-71.06318346429458,42.31927612912173
"667 COLUMBIA ROAD, Boston, MA",SAM,-71.06235584809704,42.31974753308009
"67 COLUMBIA ROAD, Boston, MA",SAM,-71.08122392207002,42.304799823525215
"670 COLUMBIA ROAD, Boston, MA",SAM,-71.0630812008045,42.31939944686492
"671 COLUMBIA ROAD, Boston, MA",SAM,-71.0622873194839,42.31980557605298
"673 COLUMBIA ROAD, Boston, MA",SAM,-71.06224726593666,42.3198353833455
"674 COLUMBIA ROAD, Boston, MA",SAM,-71.06297893731443,42.31952276460809
"678 COLUMBIA ROAD, Boston, MA",SAM,-71.06286863858925,42.319647217078696
"679 COLUMBIA ROAD, Boston, MA",SAM,-71.06213108248265,42.31992164622062
"683 COLUMBIA ROAD, Boston, MA",SAM,-71.06204514714622,42.31997664483874
"688 COLUMBIA ROAD, Boston, MA",SAM,-71.06252175518192,42.3199713535686
"690 COLUMBIA ROAD, Boston, MA",SAM,-71.06244424408594,42.320026959357754
"694 COLUMBIA ROAD, Boston, MA",SAM,-71.06228922189398,42.32013817093604
"695 COLUMBIA ROAD, Boston, MA",SAM,-71.06178971011849,42.32014748212473
"696 COLUMBIA ROAD, Boston, MA",SAM,-71.062211710798,42.320193776725176
"698 COLUMBIA ROAD, Boston, MA",SAM,-71.06212774162752,42.32025059744159
"700 COLUMBIA ROAD, Boston, MA",SAM,-71.06204473174759,42.320301680447216
"702 COLUMBIA ROAD, Boston, MA",SAM,-71.06196172186765,42.320352763452846
"704 COLUMBIA ROAD, Boston, MA",SAM,-71.06187871198772,42.32040384645847
"716 COLUMBIA ROAD, Boston, MA",SAM,-71.06118379690544,42.32039601372671
"718 COLUMBIA ROAD, Boston, MA",SAM,-71.06110260811525,42.32034882850045
"720 COLUMBIA ROAD, Boston, MA",SAM,-71.06099453328406,42.32030861459991
"722 COLUMBIA ROAD, Boston, MA",SAM,-71.06088613055412,42.32026802278753
"726 COLUMBIA ROAD, Boston, MA",SAM,-71.06067458833222,42.3201978693598
"73 COLUMBIA ROAD, Boston, MA",SAM,-71.08122392207002,42.304799823525215
"730 COLUMBIA ROAD, Boston, MA",SAM,-71.06044712359959,42.32013684221978
"755 COLUMBIA ROAD, Boston, MA",SAM,-71.05940830374509,42.319947448127195
"760 COLUMBIA ROAD, Boston, MA",SAM,-71.05900946128293,42.320077635510536
"761 COLUMBIA ROAD, Boston, MA",SAM,-71.05909711048844,42.31995949430947
"762 COLUMBIA ROAD, Boston, MA",SAM,-71.05892966814021,42.320080724275215
"763 COLUMBIA ROAD, Boston, MA",SAM,-71.05899337940288,42.31996350970356
"769 COLUMBIA ROAD, Boston, MA",SAM,-71.05867515325355,42.319994643529306
"770 COLUMBIA ROAD, Boston, MA",SAM,-71.05855834311832,42.32013160267291
"771 COLUMBIA ROAD, Boston, MA",SAM,-71.05851787665868,42.32002098647646
"773 COLUMBIA ROAD, Boston, MA",SAM,-71.05843768629924,42.320037024547815
"774 COLUMBIA ROAD, Boston, MA",SAM,-71.05850070629748,42.32014313003669
"777 COLUMBIA ROAD, Boston, MA",SAM,-71.05827507158016,42.32007296584145
"779 COLUMBIA ROAD, Boston, MA",SAM,-71.0581959832057,42.320091759118355
"785 COLUMBIA ROAD, Boston, MA",SAM,-71.0579587180824,42.32014813894907
"787 COLUMBIA ROAD, Boston, MA",SAM,-71.05787564619574,42.32016956790107
"79 COLUMBIA ROAD, Boston, MA",SAM,-71.08182680056836,42.304407270935755
"791 COLUMBIA ROAD, Boston, MA",SAM,-71.05772103755253,42.32021454496144
"793 COLUMBIA ROAD, Boston, MA",SAM,-71.05763467222602,42.32024197430747
"796 COLUMBIA ROAD, Boston, MA",SAM,-71.0581902639945,42.32021348186941
"797 COLUMBIA ROAD, Boston, MA",SAM,-71.05749029552673,42.320302764498955
"799 COLUMBIA ROAD, Boston, MA",SAM,-71.05741810717709,42.32033315959468
"8 COLUMBIA ROAD, Boston, MA",SAM,-71.08471892954151,42.303565056396224
"80 COLUMBIA ROAD, Boston, MA",SAM,-71.08178765286267,42.304758319695345
"800 COLUMBIA ROAD, Boston, MA",SAM,-71.05813341922538,42.32022698953717
"801 COLUMBIA ROAD, Boston, MA",SAM,-71.05734591882744,42.3203635546904
"83 COLUMBIA ROAD, Boston, MA",SAM,-71.08220042949189,42.30412551533216
"832 COLUMBIA ROAD, Boston, MA",SAM,-71.05770121239905,42.320345826324775
"833 COLUMBIA ROAD, Boston, MA",SAM,-71.05548130915176,42.32114387837793
"835 COLUMBIA ROAD, Boston, MA",SAM,-71.05544395451797,42.321154865035055
"839 COLUMBIA ROAD, Boston, MA",SAM,-71.0553692452504,42.321176838349345
"845 COLUMBIA ROAD, Boston, MA",SAM,-71.05526358186108,42.321203867947126
"847 COLUMBIA ROAD, Boston, MA",SAM,-71.05522480856452,42.32121172076643
"853 COLUMBIA ROAD, Boston, MA",SAM,-71.0551084886748,42.32123527922438
"875 COLUMBIA ROAD, Boston, MA",SAM,-71.05469120542102,42.32129151751625
"90 COLUMBIA ROAD, Boston, MA",SAM,-71.08151938717049,42.30492464443291
"93 COLUMBIA ROAD, Boston, MA",SAM,-71.08122392207002,42.304799823525215
"94 COLUMBIA ROAD, Boston, MA",SAM,-71.08140971463985,42.30499136464355
"2 COLUMBIA TERRACE, Boston, MA",SAM,-71.07261291073088,42.30931771340526
"4 COLUMBIA TERRACE, Boston, MA",SAM,-71.07260055152761,42.30931222042472
"6 COLUMBIA TERRACE, Boston, MA",SAM,-71.07258819232433,42.30930672744421
"8 COLUMBIA TERRACE, Boston, MA",SAM,-71.07257583312105,42.30930123446368
"1163 COLUMBUS AVENUE, Boston, MA",SAM,-71.09529176907216,42.33086059776863
"130 COLUMBUS AVENUE, Boston, MA",SAM,-71.07032666993392,42.34966749048678
"135 COLUMBUS AVENUE, Boston, MA",SAM,,
"139 COLUMBUS AVENUE, Boston, MA",SAM,,
"1542 COLUMBUS AVENUE, Boston, MA",SAM,-71.09834808216611,42.32329974573937
"155 COLUMBUS AVENUE, Boston, MA",SAM,,
"1579 COLUMBUS AVENUE, Boston, MA",SAM,-71.09856145948942,42.3219110465169
"1589 COLUMBUS AVENUE, Boston, MA",SAM,-71.0985552470427,42.32182939714338
"1596 COLUMBUS AVENUE, Boston, MA",SAM,-71.09826680306185,42.321588089375844
"1599 COLUMBUS AVENUE, Boston, MA",SAM,-71.09854899280722,42.321650730617236
"1601 COLUMBUS AVENUE, Boston, MA",SAM,-71.09854844977906,42.32163376095408
"1605 COLUMBUS AVENUE, Boston, MA",SAM,-71.09854736372274,42.321599821627736
"1647 COLUMBUS AVENUE, Boston, MA",SAM,-71.09853596013134,42.32124345870108
"1693 COLUMBUS AVENUE, Boston, MA",SAM,-71.09852347048366,42.32085315644811
"1705 COLUMBUS AVENUE, Boston, MA",SAM,-71.09852021231467,42.320751338469066
"172 COLUMBUS AVENUE, Boston, MA",SAM,-71.07098404590927,42.34913287746708
"1785 COLUMBUS AVENUE, Boston, MA",SAM,-71.09849970887389,42.32007293292165
"1845 COLUMBUS AVENUE, Boston, MA",SAM,-71.09848383227855,42.31930619051345
"1849 COLUMBUS AVENUE, Boston, MA",SAM,-71.09848144657074,42.31916543325036
"1853 COLUMBUS AVENUE, Boston, MA",SAM,-71.09847852413586,42.31902356126826
"1857 COLUMBUS AVENUE, Boston, MA",SAM,-71.09847240694359,42.31888286563834
"1861 COLUMBUS AVENUE, Boston, MA",SAM,-71.0984662897513,42.318742170008434
"1865 COLUMBUS AVENUE, Boston, MA",SAM,-71.09846027208904,42.31860161937032
"1870 COLUMBUS AVENUE, Boston, MA",SAM,-71.09818579427997,42.31876229220561
"1871 COLUMBUS AVENUE, Boston, MA",SAM,-71.09845145703247,42.31834736092832
"1890 COLUMBUS AVENUE, Boston, MA",SAM,-71.09816425791826,42.318089072146385
"1891 COLUMBUS AVENUE, Boston, MA",SAM,-71.09844670828723,42.318068182188945
"1899 COLUMBUS AVENUE, Boston, MA",SAM,-71.09844210650172,42.317842694027135
"1900 COLUMBUS AVENUE, Boston, MA",SAM,-71.09813991297806,42.31727704031026
"1901 COLUMBUS AVENUE, Boston, MA",SAM,-71.09844095605536,42.317786321986674
"1903 COLUMBUS AVENUE, Boston, MA",SAM,-71.09843980560898,42.317729949946234
"1905 COLUMBUS AVENUE, Boston, MA",SAM,-71.09843863027002,42.31767349076399
"1907 COLUMBUS AVENUE, Boston, MA",SAM,-71.09843736351668,42.31761712008705
"1909 COLUMBUS AVENUE, Boston, MA",SAM,-71.09843609676335,42.317560749410134
"194 COLUMBUS AVENUE, Boston, MA",SAM,-71.0713283857059,42.34885284207579
"1951 COLUMBUS AVENUE, Boston, MA",SAM,-71.09840858571698,42.31647168293357
"1967 COLUMBUS AVENUE, Boston, MA",SAM,-71.0984028841285,42.31615815545902
"1989 COLUMBUS AVENUE, Boston, MA",SAM,-71.09781811861396,42.31512931315909
"1990 COLUMBUS AVENUE, Boston, MA",SAM,-71.09732967625139,42.31503709685349
"2010 COLUMBUS AVENUE, Boston, MA",SAM,-71.0969563713067,42.31477546543914
"2029 COLUMBUS AVENUE, Boston, MA",SAM,-71.09660808566925,42.31425737660382
"2030 COLUMBUS AVENUE, Boston, MA",SAM,-71.0965793734644,42.314512879818466
"2031 COLUMBUS AVENUE, Boston, MA",SAM,-71.09659455853661,42.31424780862983
"2033 COLUMBUS AVENUE, Boston, MA",SAM,-71.09658103140397,42.31423824065582
"2035 COLUMBUS AVENUE, Boston, MA",SAM,-71.09656750427136,42.314228672681814
"2037 COLUMBUS AVENUE, Boston, MA",SAM,-71.09655397713874,42.314219104707824
"2041 COLUMBUS AVENUE, Boston, MA",SAM,-71.09642913708376,42.31413031876803
"2044 COLUMBUS AVENUE, Boston, MA",SAM,-71.09624038440693,42.31427705921098
"2045 COLUMBUS AVENUE, Boston, MA",SAM,-71.0963025498153,42.31403967601226
"2047 COLUMBUS AVENUE, Boston, MA",SAM,-71.09623925618106,42.31399435463438
"2049 COLUMBUS AVENUE, Boston, MA",SAM,-71.09617596254682,42.313949033256506
"2055 COLUMBUS AVENUE, Boston, MA",SAM,-71.09599637752085,42.313820797321895
"219 COLUMBUS AVENUE, Boston, MA",SAM,-71.07385732830846,42.34708250670238
"286 COLUMBUS AVENUE, Boston, MA",SAM,-71.07434551562163,42.34642100872719
"287 COLUMBUS AVENUE, Boston, MA",SAM,-71.07467851128337,42.34642641792072
"290 COLUMBUS AVENUE, Boston, MA",SAM,-71.07439160335561,42.34638298634467
"294 COLUMBUS AVENUE, Boston, MA",SAM,-71.07443769108957,42.346344963962196
"296 COLUMBUS AVENUE, Boston, MA",SAM,-71.07446073495656,42.346325952770954
"298 COLUMBUS AVENUE, Boston, MA",SAM,-71.07448377882353,42.34630694157969
"300 COLUMBUS AVENUE, Boston, MA",SAM,-71.07450682269052,42.34628793038846
"301 COLUMBUS AVENUE, Boston, MA",SAM,-71.07484757836643,42.346291340818624
"302 COLUMBUS AVENUE, Boston, MA",SAM,-71.07452986655751,42.34626891919721
"304 COLUMBUS AVENUE, Boston, MA",SAM,-71.07455291042449,42.346249908005966
"306 COLUMBUS AVENUE, Boston, MA",SAM,-71.07457595429148,42.34623089681471
"311 COLUMBUS AVENUE, Boston, MA",SAM,-71.07496834056862,42.34619485717426
"317 COLUMBUS AVENUE, Boston, MA",SAM,-71.07504079788995,42.34613696698766
"319 COLUMBUS AVENUE, Boston, MA",SAM,-71.07506495033039,42.346117670258785
"321 COLUMBUS AVENUE, Boston, MA",SAM,-71.07508910277082,42.346098373529905
"331 COLUMBUS AVENUE, Boston, MA",SAM,-71.075209864973,42.34600188988556
"348 COLUMBUS AVENUE, Boston, MA",SAM,-71.07543955985189,42.345528775398726
"350 COLUMBUS AVENUE, Boston, MA",SAM,-71.0754657638158,42.34550748467696
"352 COLUMBUS AVENUE, Boston, MA",SAM,-71.07549196777971,42.345486193955175
"354 COLUMBUS AVENUE, Boston, MA",SAM,-71.07551817174364,42.34546490323339
"356 COLUMBUS AVENUE, Boston, MA",SAM,-71.07554437570755,42.3454436125116
"358 COLUMBUS AVENUE, Boston, MA",SAM,-71.07557057967145,42.34542232178982
"360 COLUMBUS AVENUE, Boston, MA",SAM,-71.07559678363538,42.34540103106804
"368 COLUMBUS AVENUE, Boston, MA",SAM,-71.07578093329988,42.34525235463953
"372 COLUMBUS AVENUE, Boston, MA",SAM,-71.07586292078916,42.34518719901554
"376 COLUMBUS AVENUE, Boston, MA",SAM,-71.07594490827842,42.34512204339154
"380 COLUMBUS AVENUE, Boston, MA",SAM,-71.0760268957677,42.345056887767534
"399 COLUMBUS AVENUE, Boston, MA",SAM,-71.07654269666412,42.34492822479747
"402 COLUMBUS AVENUE, Boston, MA",SAM,-71.07655324007814,42.34463508431801
"404 COLUMBUS AVENUE, Boston, MA",SAM,-71.07660045783602,42.344596422796144
"408 COLUMBUS AVENUE, Boston, MA",SAM,-71.07669489335179,42.3445190997524
"410 COLUMBUS AVENUE, Boston, MA",SAM,-71.07674211110965,42.344480438230526
"412 COLUMBUS AVENUE, Boston, MA",SAM,-71.07678932886753,42.34444177670864
"414 COLUMBUS AVENUE, Boston, MA",SAM,-71.0768365466254,42.34440311518677
"416 COLUMBUS AVENUE, Boston, MA",SAM,-71.0768837643833,42.3443644536649
"418 COLUMBUS AVENUE, Boston, MA",SAM,-71.07693098214116,42.34432579214303
"426 COLUMBUS AVENUE, Boston, MA",SAM,-71.07717478771488,42.3441269773938
"429 COLUMBUS AVENUE, Boston, MA",SAM,-71.07761086477188,42.344069283144925
"431 COLUMBUS AVENUE, Boston, MA",SAM,-71.07768302736399,42.344011787743355
"433 COLUMBUS AVENUE, Boston, MA",SAM,-71.07775518995608,42.3439542923418
"435 COLUMBUS AVENUE, Boston, MA",SAM,-71.0778273525482,42.34389679694021
"437 COLUMBUS AVENUE, Boston, MA",SAM,-71.07789951514029,42.34383930153865
"474 COLUMBUS AVENUE, Boston, MA",SAM,-71.07875277112126,42.34285899199397
"480 COLUMBUS AVENUE, Boston, MA",SAM,-71.07882992246161,42.3427953286469
"484 COLUMBUS AVENUE, Boston, MA",SAM,-71.07888135668851,42.3427528864155
"486 COLUMBUS AVENUE, Boston, MA",SAM,-71.07890707380199,42.34273166529981
"488 COLUMBUS AVENUE, Boston, MA",SAM,-71.07893279091542,42.34271044418412
"495 COLUMBUS AVENUE, Boston, MA",SAM,-71.07938276122736,42.34263758854478
"496 COLUMBUS AVENUE, Boston, MA",SAM,-71.07911507195122,42.34256136536397
"497 COLUMBUS AVENUE, Boston, MA",SAM,-71.0794510987538,42.34258241696094
"500 COLUMBUS AVENUE, Boston, MA",SAM,-71.07925189474469,42.34245190712351
"503 COLUMBUS AVENUE, Boston, MA",SAM,-71.07965611133305,42.342416902209486
"504 COLUMBUS AVENUE, Boston, MA",SAM,-71.07938871753817,42.342342448883066
"506 COLUMBUS AVENUE, Boston, MA",SAM,-71.0794571289349,42.342287719762844
"508 COLUMBUS AVENUE, Boston, MA",SAM,-71.07952554033164,42.34223299064261
"510 COLUMBUS AVENUE, Boston, MA",SAM,-71.07959395172837,42.342178261522385
"511 COLUMBUS AVENUE, Boston, MA",SAM,-71.07995790680583,42.342161503788574
"517 COLUMBUS AVENUE, Boston, MA",SAM,-71.08008678377794,42.342056791243316
"518 COLUMBUS AVENUE, Boston, MA",SAM,-71.079851226935,42.34196944748568
"519 COLUMBUS AVENUE, Boston, MA",SAM,-71.08012974276863,42.34202188706157
"521 COLUMBUS AVENUE, Boston, MA",SAM,-71.08017270175934,42.3419869828798
"522 COLUMBUS AVENUE, Boston, MA",SAM,-71.07993635513921,42.34189947909504
"3 COLUMBUS AVENUE, Boston, MA",SAM,-71.06841106922904,42.3514538478794
"524 COLUMBUS AVENUE, Boston, MA",SAM,-71.07997891924133,42.341864494899724
"526 COLUMBUS AVENUE, Boston, MA",SAM,-71.08002148334344,42.34182951070438
"528 COLUMBUS AVENUE, Boston, MA",SAM,-71.08006404744553,42.34179452650908
"530 COLUMBUS AVENUE, Boston, MA",SAM,-71.08010661154765,42.34175954231376
"535 COLUMBUS AVENUE, Boston, MA",SAM,-71.08050073254533,42.34171535901317
"542 COLUMBUS AVENUE, Boston, MA",SAM,-71.0804255228852,42.34149934086061
"545 COLUMBUS AVENUE, Boston, MA",SAM,-71.08081321336164,42.3414771384116
"546 COLUMBUS AVENUE, Boston, MA",SAM,-71.0805248516534,42.341421247893976
"549 COLUMBUS AVENUE, Boston, MA",SAM,-71.0809145660101,42.34139931405249
"551 COLUMBUS AVENUE, Boston, MA",SAM,-71.08096524233432,42.34136040187294
"552 COLUMBUS AVENUE, Boston, MA",SAM,-71.08067384480567,42.341304108444035
"553 COLUMBUS AVENUE, Boston, MA",SAM,-71.08101591865855,42.34132148969339
"554 COLUMBUS AVENUE, Boston, MA",SAM,-71.08072350918978,42.3412650619607
"555 COLUMBUS AVENUE, Boston, MA",SAM,-71.08106755753505,42.34128163707899
"560 COLUMBUS AVENUE, Boston, MA",SAM,-71.08087250234206,42.34114792251076
"563 COLUMBUS AVENUE, Boston, MA",SAM,-71.08133890502457,42.341066438609886
"566 COLUMBUS AVENUE, Boston, MA",SAM,-71.08107579971728,42.340986408387394
"569 COLUMBUS AVENUE, Boston, MA",SAM,-71.08153982484444,42.34090932076941
"584 COLUMBUS AVENUE, Boston, MA",SAM,-71.08198474231199,42.340242238339684
"596 COLUMBUS AVENUE, Boston, MA",SAM,-71.08227766848982,42.33999717590377
"599 COLUMBUS AVENUE, Boston, MA",SAM,-71.08246412424725,42.3401721641188
"604 COLUMBUS AVENUE, Boston, MA",SAM,-71.08336818474926,42.339184557993086
"764 COLUMBUS AVENUE, Boston, MA",SAM,-71.08621134527976,42.33727518968319
"775 COLUMBUS AVENUE, Boston, MA",SAM,,
"11 COLUMBUS SQUARE, Boston, MA",SAM,-71.06844723118444,42.35142608718491
"4 COLUMBUS SQUARE, Boston, MA",SAM,-71.0682995510079,42.35137423020768
"5 COLUMBUS SQUARE, Boston, MA",SAM,-71.06842010971789,42.35144690770578
"6 COLUMBUS SQUARE, Boston, MA",SAM,-71.0683087798403,42.35136714544711
"7 COLUMBUS SQUARE, Boston, MA",SAM,-71.06842915020674,42.35143996753216
"8 COLUMBUS SQUARE, Boston, MA",SAM,-71.06831800867266,42.35136006068653
"9 COLUMBUS SQUARE, Boston, MA",SAM,-71.06843819069559,42.35143302735854
"23 COLWELL AVENUE, Boston, MA",SAM,-71.15551696773316,42.34255426327062
"24 COLWELL AVENUE, Boston, MA",SAM,-71.15558297363539,42.342450509366515
"27 COLWELL AVENUE, Boston, MA",SAM,-71.15555725901173,42.34256710511571
"28 COLWELL AVENUE, Boston, MA",SAM,-71.15562410431559,42.34246361875004
"31 COLWELL AVENUE, Boston, MA",SAM,-71.1555975502903,42.3425799469608
"32 COLWELL AVENUE, Boston, MA",SAM,-71.15566523499581,42.34247672813353
"35 COLWELL AVENUE, Boston, MA",SAM,-71.15563784156885,42.342592788805874
"3 COMMERCIAL COURT, Boston, MA",SAM,-71.0535316138443,42.35943981109804
"102 COMMERCIAL STREET, Boston, MA",SAM,-71.05285364349923,42.3618039600506
"110 COMMERCIAL STREET, Boston, MA",SAM,-71.05277919134251,42.36188492677473
"132 COMMERCIAL STREET, Boston, MA",SAM,-71.0525274325021,42.36217344897839
"144 COMMERCIAL STREET, Boston, MA",SAM,-71.05243513838177,42.36228552041487
"150 COMMERCIAL STREET, Boston, MA",SAM,-71.05238899132159,42.36234155613312
"154 COMMERCIAL STREET, Boston, MA",SAM,-71.05235822661483,42.36237891327861
"162 COMMERCIAL STREET, Boston, MA",SAM,-71.05229669720129,42.36245362756962
"170 COMMERCIAL STREET, Boston, MA",SAM,-71.05223232575919,42.36252909819989
"174 COMMERCIAL STREET, Boston, MA",SAM,-71.05220002323591,42.36256573986969
"207 COMMERCIAL STREET, Boston, MA",SAM,-71.05133240482708,42.363473007075754
"210 COMMERCIAL STREET, Boston, MA",SAM,-71.05155273846128,42.36337924592383
"220 COMMERCIAL STREET, Boston, MA",SAM,-71.05147878948705,42.36351090186053
"227 COMMERCIAL STREET, Boston, MA",SAM,-71.05128811432205,42.36359462535465
"232 COMMERCIAL STREET, Boston, MA",SAM,-71.05146213704131,42.36355434431423
"236 COMMERCIAL STREET, Boston, MA",SAM,-71.05145642127587,42.36357085652483
"240 COMMERCIAL STREET, Boston, MA",SAM,-71.05145070551043,42.363587368735445
"248 COMMERCIAL STREET, Boston, MA",SAM,-71.05143927397957,42.36362039315663
"252 COMMERCIAL STREET, Boston, MA",SAM,-71.05142013011367,42.36365652191156
"266 COMMERCIAL STREET, Boston, MA",SAM,-71.05135585940056,42.3637147863785
"280 COMMERCIAL STREET, Boston, MA",SAM,-71.05116116936122,42.36431408640119
"326 COMMERCIAL STREET, Boston, MA",SAM,-71.05118014449022,42.36532343711716
"334 COMMERCIAL STREET, Boston, MA",SAM,-71.05119357221551,42.365480569057695
"338 COMMERCIAL STREET, Boston, MA",SAM,-71.05120145550812,42.36556465757624
"342 COMMERCIAL STREET, Boston, MA",SAM,-71.05120933880076,42.365648746094806
"343 COMMERCIAL STREET, Boston, MA",SAM,-71.05106476321204,42.365720609142784
"348 COMMERCIAL STREET, Boston, MA",SAM,-71.05123102606997,42.365769868246204
"366 COMMERCIAL STREET, Boston, MA",SAM,-71.05137000405102,42.36624132344246
"370 COMMERCIAL STREET, Boston, MA",SAM,-71.05138131500856,42.36627148600504
"380 COMMERCIAL STREET, Boston, MA",SAM,-71.05152245627914,42.36650516767417
"392 COMMERCIAL STREET, Boston, MA",SAM,-71.05169193002723,42.36664488932427
"402 COMMERCIAL STREET, Boston, MA",SAM,-71.05200680549032,42.36687333340871
"409 COMMERCIAL STREET, Boston, MA",SAM,-71.0529790421992,42.367450421823165
"420 COMMERCIAL STREET, Boston, MA",SAM,-71.05234861072292,42.36708607185467
"436 COMMERCIAL STREET, Boston, MA",SAM,-71.0528251908569,42.3672716870974
"440 COMMERCIAL STREET, Boston, MA",SAM,-71.05301385504602,42.36733640004457
"450 COMMERCIAL STREET, Boston, MA",SAM,-71.05320769190627,42.36740041957433
"464 COMMERCIAL STREET, Boston, MA",SAM,-71.05364633179336,42.367534443334485
"468 COMMERCIAL STREET, Boston, MA",SAM,-71.05378988588532,42.36757545880027
"471 COMMERCIAL STREET, Boston, MA",SAM,-71.05319977886863,42.367523325695835
"478 COMMERCIAL STREET, Boston, MA",SAM,-71.05404408110444,42.36766143958608
"480 COMMERCIAL STREET, Boston, MA",SAM,-71.05414489264763,42.367699568212764
"488 COMMERCIAL STREET, Boston, MA",SAM,-71.0542700616645,42.367745607402696
"494 COMMERCIAL STREET, Boston, MA",SAM,-71.05436393842716,42.367780136795176
"498 COMMERCIAL STREET, Boston, MA",SAM,-71.05442652293559,42.36780315639015
"500 COMMERCIAL STREET, Boston, MA",SAM,-71.0544578151898,42.36781466618766
"529 COMMERCIAL STREET, Boston, MA",SAM,-71.05756827156682,42.36772034928078
"536 COMMERCIAL STREET, Boston, MA",SAM,-71.05601110542216,42.36820024319857
"540 COMMERCIAL STREET, Boston, MA",SAM,-71.05604054170028,42.36820890092972
"542 COMMERCIAL STREET, Boston, MA",SAM,-71.05616999211807,42.368233119238404
"544 COMMERCIAL STREET, Boston, MA",SAM,-71.05620872166678,42.368235029283966
"560 COMMERCIAL STREET, Boston, MA",SAM,-71.05662515286365,42.36815139780745
"585 COMMERCIAL STREET, Boston, MA",SAM,-71.05773940863486,42.36759731537221
"588 COMMERCIAL STREET, Boston, MA",SAM,-71.05709444574813,42.36786833028727
"600 COMMERCIAL STREET, Boston, MA",SAM,-71.05737905865523,42.367689520828854
"70 COMMERCIAL STREET, Boston, MA",SAM,-71.05315145212602,42.36148009315409
"71 COMMERCIAL STREET, Boston, MA",SAM,-71.052803958525,42.36165409424448
"74 COMMERCIAL STREET, Boston, MA",SAM,-71.05311422604767,42.361520576516156
"78 COMMERCIAL STREET, Boston, MA",SAM,-71.0530769999693,42.36156105987822
"8 COMMERCIAL STREET, Boston, MA",SAM,-71.0536863945686,42.35942975302927
"82 COMMERCIAL STREET, Boston, MA",SAM,-71.05303977389096,42.36160154324027
"86 COMMERCIAL STREET, Boston, MA",SAM,-71.05300254781262,42.36164202660235
"90 COMMERCIAL STREET, Boston, MA",SAM,-71.05296532173428,42.36168250996441
"94 COMMERCIAL STREET, Boston, MA",SAM,-71.05292809565593,42.36172299332647
"33 COMMERCIAL WHARF, Boston, MA",SAM,-71.05021495195912,42.36208044454448
"34 COMMERCIAL WHARF, Boston, MA",SAM,-71.05106753935763,42.362325247329835
"36 COMMERCIAL WHARF, Boston, MA",SAM,-71.05098436978746,42.36230162164179
"38 COMMERCIAL WHARF, Boston, MA",SAM,-71.05083596785114,42.36229164395608
"39 COMMERCIAL WHARF, Boston, MA",SAM,-71.04999615057206,42.36200682910592
"40 COMMERCIAL WHARF, Boston, MA",SAM,-71.05073062278035,42.36225477317207
"41 COMMERCIAL WHARF, Boston, MA",SAM,-71.04992321677635,42.36198229062639
"44 COMMERCIAL WHARF, Boston, MA",SAM,-71.05051994783203,42.362183060004284
"47 COMMERCIAL WHARF, Boston, MA",SAM,-71.05003249739929,42.36220621769597
"48 COMMERCIAL WHARF, Boston, MA",SAM,-71.05030777679,42.36211167533659
"49 COMMERCIAL WHARF, Boston, MA",SAM,-71.05098436978746,42.36230162164179
"51 COMMERCIAL WHARF, Boston, MA",SAM,-71.05074818029215,42.36226091830274
"52 COMMERCIAL WHARF, Boston, MA",SAM,-71.050095605748,42.362040290668915
"53 COMMERCIAL WHARF, Boston, MA",SAM,-71.05055530967235,42.362194957448914
"55 COMMERCIAL WHARF, Boston, MA",SAM,-71.05036081955052,42.36212952150353
"56 COMMERCIAL WHARF, Boston, MA",SAM,-71.04988343470598,42.3619689060012
"58 COMMERCIAL WHARF, Boston, MA",SAM,-71.04977734918496,42.361933213667356
"59 COMMERCIAL WHARF, Boston, MA",SAM,-71.0499718393068,42.36199864961274
"60 COMMERCIAL WHARF, Boston, MA",SAM,-71.0496384629717,42.361886262939905
"62 COMMERCIAL WHARF, Boston, MA",SAM,-71.0489679115681,42.36176939008492
"63 COMMERCIAL WHARF, Boston, MA",SAM,-71.0496384629717,42.361886262939905
"64 COMMERCIAL WHARF, Boston, MA",SAM,-71.05178939435886,42.362806484105555
"65 COMMERCIAL WHARF, Boston, MA",SAM,-71.0489679115681,42.36176939008492
"86 COMMERCIAL WHARF, Boston, MA",SAM,-71.051322311711,42.36249509560361
"88 COMMERCIAL WHARF, Boston, MA",SAM,-71.05127984965212,42.36246678755798
"90 COMMERCIAL WHARF, Boston, MA",SAM,-71.0512373875932,42.362438479512356
"12 COMMON STREET, Boston, MA",SAM,-71.06416120915286,42.34907012489351
"16 COMMON STREET, Boston, MA",SAM,-71.064202465403,42.34908107043228
"2 COMMON STREET, Boston, MA",SAM,-71.06405806852747,42.34904276104661
"22 COMMON STREET, Boston, MA",SAM,-71.06426434977824,42.3490974887404
"23 COMMON STREET, Boston, MA",SAM,-71.0642279598593,42.34920958559455
"24 COMMON STREET, Boston, MA",SAM,-71.0642849779033,42.349102961509764
"26 COMMON STREET, Boston, MA",SAM,-71.06430560602838,42.34910843427916
"27 COMMON STREET, Boston, MA",SAM,-71.06426837414516,42.34922030775497
"5 COMMON STREET, Boston, MA",SAM,-71.0640460955729,42.349161335872694
"1 COMMONWEALTH AVENUE, Boston, MA",SAM,-71.07173479768561,42.353864324020556
"1001 COMMONWEALTH AVENUE, Boston, MA",SAM,-71.12117162483976,42.35192232710346
"1019 COMMONWEALTH AVENUE, Boston, MA",SAM,-71.1215342711865,42.351966003092606
"1035 COMMONWEALTH AVENUE, Boston, MA",SAM,-71.12214484988048,42.35203575230304
"1055 COMMONWEALTH AVENUE, Boston, MA",SAM,-71.12310836510369,42.35215813964833
"1065 COMMONWEALTH AVENUE, Boston, MA",SAM,-71.12346103236386,42.352204046721944
"1075 COMMONWEALTH AVENUE, Boston, MA",SAM,-71.12371319383038,42.352237919170776
"109 COMMONWEALTH AVENUE, Boston, MA",SAM,-71.07665479882675,42.35256872888936
"1104 COMMONWEALTH AVENUE, Boston, MA",SAM,-71.12444824505633,42.35185325345272
"1117 COMMONWEALTH AVENUE, Boston, MA",SAM,-71.1258142333431,42.35155095988857
"1119 COMMONWEALTH AVENUE, Boston, MA",SAM,-71.12590688909053,42.35149073364967
"113 COMMONWEALTH AVENUE, Boston, MA",SAM,-71.07685330759101,42.35251531198532
"114 COMMONWEALTH AVENUE, Boston, MA",SAM,-71.07651376334438,42.3520617152681
"1143 COMMONWEALTH AVENUE, Boston, MA",SAM,-71.12710460969978,42.35088261051432
"115 COMMONWEALTH AVENUE, Boston, MA",SAM,-71.07695256197313,42.35248860353328
"1150 COMMONWEALTH AVENUE, Boston, MA",SAM,-71.12699552271405,42.35039780186818
"1162 COMMONWEALTH AVENUE, Boston, MA",SAM,-71.1274628858136,42.350278849609616
"1168 COMMONWEALTH AVENUE, Boston, MA",SAM,-71.1277105921588,42.350240642187025
"1172 COMMONWEALTH AVENUE, Boston, MA",SAM,-71.12795891433882,42.350217035001165
"119 COMMONWEALTH AVENUE, Boston, MA",SAM,-71.07715107073741,42.35243518662921
"120 COMMONWEALTH AVENUE, Boston, MA",SAM,-71.0767230394862,42.35200667628271
"1202 COMMONWEALTH AVENUE, Boston, MA",SAM,-71.12991260648155,42.35033359434617
"1207 COMMONWEALTH AVENUE, Boston, MA",SAM,-71.13015947171212,42.35081400074549
"1213 COMMONWEALTH AVENUE, Boston, MA",SAM,-71.13043615054939,42.35077875167945
"122 COMMONWEALTH AVENUE, Boston, MA",SAM,-71.07679279820013,42.35198832995425
"123 COMMONWEALTH AVENUE, Boston, MA",SAM,-71.0773495795017,42.35238176972516
"1232 COMMONWEALTH AVENUE, Boston, MA",SAM,-71.13100759814148,42.35000917834213
"1236 COMMONWEALTH AVENUE, Boston, MA",SAM,-71.13123325493711,42.34990652661907
"124 COMMONWEALTH AVENUE, Boston, MA",SAM,-71.0768625569141,42.351969983625786
"1243 COMMONWEALTH AVENUE, Boston, MA",SAM,-71.1317729139945,42.350219623545414
"1249 COMMONWEALTH AVENUE, Boston, MA",SAM,-71.13202434189236,42.350090572052075
"125 COMMONWEALTH AVENUE, Boston, MA",SAM,-71.0775799215033,42.352316892789595
"126 COMMONWEALTH AVENUE, Boston, MA",SAM,-71.07693231562804,42.35195163729732
"1270 COMMONWEALTH AVENUE, Boston, MA",SAM,-71.13274996809717,42.34918052347776
"128 COMMONWEALTH AVENUE, Boston, MA",SAM,-71.07700207434199,42.35193329096885
"1289 COMMONWEALTH AVENUE, Boston, MA",SAM,-71.13390893184757,42.34920301316662
"1293 COMMONWEALTH AVENUE, Boston, MA",SAM,-71.13411071272304,42.34910463589427
"1294 COMMONWEALTH AVENUE, Boston, MA",SAM,-71.13368026529031,42.34874582079159
"13 COMMONWEALTH AVENUE, Boston, MA",SAM,-71.07276451956078,42.353597416074074
"130 COMMONWEALTH AVENUE, Boston, MA",SAM,-71.07707183305594,42.35191494464037
"1301 COMMONWEALTH AVENUE, Boston, MA",SAM,-71.13451047533366,42.34890983500603
"1306 COMMONWEALTH AVENUE, Boston, MA",SAM,-71.13418367817717,42.348508117447736
"1309 COMMONWEALTH AVENUE, Boston, MA",SAM,-71.13491626997217,42.34871835512925
"1316 COMMONWEALTH AVENUE, Boston, MA",SAM,-71.13459755550842,42.348307936443085
"133 COMMONWEALTH AVENUE, Boston, MA",SAM,-71.07779649329002,42.35226189043117
"1349 COMMONWEALTH AVENUE, Boston, MA",SAM,-71.13637778228643,42.34837010154733
"1354 COMMONWEALTH AVENUE, Boston, MA",SAM,-71.1362241682323,42.347904035705426
"1356 COMMONWEALTH AVENUE, Boston, MA",SAM,-71.13629667204984,42.347908443633685
"1360 COMMONWEALTH AVENUE, Boston, MA",SAM,-71.13642074198529,42.347920697460225
"1387 COMMONWEALTH AVENUE, Boston, MA",SAM,-71.13771339883223,42.34875630102757
"1391 COMMONWEALTH AVENUE, Boston, MA",SAM,-71.13790933045638,42.34882545338277
"1395 COMMONWEALTH AVENUE, Boston, MA",SAM,-71.13810526208051,42.348894605737954
"1399 COMMONWEALTH AVENUE, Boston, MA",SAM,-71.13831310446794,42.34896024643755
"1418 COMMONWEALTH AVENUE, Boston, MA",SAM,-71.13935212364245,42.348623199244805
"1431 COMMONWEALTH AVENUE, Boston, MA",SAM,-71.13982727415474,42.3490155451953
"1435 COMMONWEALTH AVENUE, Boston, MA",SAM,-71.14001586385092,42.348945679937316
"1437 COMMONWEALTH AVENUE, Boston, MA",SAM,-71.14011325195898,42.348903842845914
"144 COMMONWEALTH AVENUE, Boston, MA",SAM,-71.07757600433513,42.351784473103606
"1442 COMMONWEALTH AVENUE, Boston, MA",SAM,-71.14015732333426,42.34805369503267
"146 COMMONWEALTH AVENUE, Boston, MA",SAM,-71.07765383133645,42.35176272732365
"1460 COMMONWEALTH AVENUE, Boston, MA",SAM,-71.14027487784337,42.347549040834885
"148 COMMONWEALTH AVENUE, Boston, MA",SAM,-71.07773165833777,42.351740981543706
"151 COMMONWEALTH AVENUE, Boston, MA",SAM,-71.07828377981018,42.35213813512475
"1515 COMMONWEALTH AVENUE, Boston, MA",SAM,-71.14111570537221,42.3473219798985
"1516 COMMONWEALTH AVENUE, Boston, MA",SAM,-71.14126122356674,42.34560628549432
"1520 COMMONWEALTH AVENUE, Boston, MA",SAM,-71.14132828906337,42.34550323363079
"1542 COMMONWEALTH AVENUE, Boston, MA",SAM,-71.14172805909229,42.34490744076212
"1546 COMMONWEALTH AVENUE, Boston, MA",SAM,-71.14179347054751,42.3448121499972
"1550 COMMONWEALTH AVENUE, Boston, MA",SAM,-71.14189536007773,42.344662549982516
"1556 COMMONWEALTH AVENUE, Boston, MA",SAM,-71.14197956474062,42.344537008481346
"1558 COMMONWEALTH AVENUE, Boston, MA",SAM,-71.1420076329616,42.34449516131427
"1564 COMMONWEALTH AVENUE, Boston, MA",SAM,-71.14209183762449,42.344369619813094
"1575 COMMONWEALTH AVENUE, Boston, MA",SAM,-71.14166214492278,42.34620231945226
"1581 COMMONWEALTH AVENUE, Boston, MA",SAM,-71.14173269050389,42.346093787785975
"16 COMMONWEALTH AVENUE, Boston, MA",SAM,-71.07219851493646,42.353243851295176
"1608 COMMONWEALTH AVENUE, Boston, MA",SAM,-71.14282554861109,42.343321696216556
"163 COMMONWEALTH AVENUE, Boston, MA",SAM,-71.07894098206397,42.35195120706172
"1642 COMMONWEALTH AVENUE, Boston, MA",SAM,-71.1437244605194,42.34236782536259
"165 COMMONWEALTH AVENUE, Boston, MA",SAM,-71.07904271645955,42.35192187260376
"167 COMMONWEALTH AVENUE, Boston, MA",SAM,-71.07914445085517,42.35189253814583
"1670 COMMONWEALTH AVENUE, Boston, MA",SAM,-71.14511793735923,42.341644744953584
"1686 COMMONWEALTH AVENUE, Boston, MA",SAM,-71.1454146686484,42.34154315198284
"169 COMMONWEALTH AVENUE, Boston, MA",SAM,-71.07924618525078,42.35186320368788
"1696 COMMONWEALTH AVENUE, Boston, MA",SAM,-71.14560323875915,42.34149600945535
"17 COMMONWEALTH AVENUE, Boston, MA",SAM,-71.07310849306837,42.353509636484745
"171 COMMONWEALTH AVENUE, Boston, MA",SAM,-71.0793479196464,42.351833869229935
"1729 COMMONWEALTH AVENUE, Boston, MA",SAM,-71.14878017882393,42.34184722840563
"173 COMMONWEALTH AVENUE, Boston, MA",SAM,-71.07944965404201,42.35180453477198
"1731 COMMONWEALTH AVENUE, Boston, MA",SAM,-71.14893268194872,42.341819021921886
"1733 COMMONWEALTH AVENUE, Boston, MA",SAM,-71.14902625585913,42.34180067409699
"1734 COMMONWEALTH AVENUE, Boston, MA",SAM,-71.14877408774535,42.341304236069654
"1737 COMMONWEALTH AVENUE, Boston, MA",SAM,-71.1492134036799,42.34176397844722
"1738 COMMONWEALTH AVENUE, Boston, MA",SAM,-71.14900100322784,42.3412657032542
"1739 COMMONWEALTH AVENUE, Boston, MA",SAM,-71.14930697759029,42.341745630622306
"174 COMMONWEALTH AVENUE, Boston, MA",SAM,-71.07913338784792,42.3513654077458
"1743 COMMONWEALTH AVENUE, Boston, MA",SAM,-71.14949606487733,42.34169041287018
"1745 COMMONWEALTH AVENUE, Boston, MA",SAM,-71.14958576809222,42.34166350190534
"1747 COMMONWEALTH AVENUE, Boston, MA",SAM,-71.1496754713071,42.34163659094049
"175 COMMONWEALTH AVENUE, Boston, MA",SAM,-71.07955138843764,42.351775200314044
"1753 COMMONWEALTH AVENUE, Boston, MA",SAM,-71.14994100885967,42.34153892265291
"1755 COMMONWEALTH AVENUE, Boston, MA",SAM,-71.15003424924281,42.341501469668295
"1757 COMMONWEALTH AVENUE, Boston, MA",SAM,-71.15011482289084,42.341461802639785
"1759 COMMONWEALTH AVENUE, Boston, MA",SAM,-71.15019539653893,42.34142213561129
"1761 COMMONWEALTH AVENUE, Boston, MA",SAM,-71.15027597018698,42.34138246858277
"1763 COMMONWEALTH AVENUE, Boston, MA",SAM,-71.15036070160411,42.341330405608105
"177 COMMONWEALTH AVENUE, Boston, MA",SAM,-71.07965312283324,42.351745865856095
"1776 COMMONWEALTH AVENUE, Boston, MA",SAM,-71.23953592539793,42.34161501304222
"1777 COMMONWEALTH AVENUE, Boston, MA",SAM,-71.1507663308047,42.340944706116034
"178 COMMONWEALTH AVENUE, Boston, MA",SAM,-71.07936926482479,42.35130323096936
"1781 COMMONWEALTH AVENUE, Boston, MA",SAM,-71.15088094446071,42.34086672156254
"1782 COMMONWEALTH AVENUE, Boston, MA",SAM,-71.23973383340913,42.34175828390467
"179 COMMONWEALTH AVENUE, Boston, MA",SAM,-71.07975485722885,42.35171653139814
"1795 COMMONWEALTH AVENUE, Boston, MA",SAM,-71.15127747317291,42.34058652423404
"181 COMMONWEALTH AVENUE, Boston, MA",SAM,-71.17801080018072,42.264832293361565
"184 COMMONWEALTH AVENUE, Boston, MA",SAM,-71.07972308029008,42.351209965804706
"1867 COMMONWEALTH AVENUE, Boston, MA",SAM,-71.15284475457472,42.338624003648924
"1871 COMMONWEALTH AVENUE, Boston, MA",SAM,-71.15288040240729,42.33857464755535
"188 COMMONWEALTH AVENUE, Boston, MA",SAM,-71.07995895726694,42.351147789028275
"19 COMMONWEALTH AVENUE, Boston, MA",SAM,-71.07328047982217,42.35346574669009
"191 COMMONWEALTH AVENUE, Boston, MA",SAM,-71.08040916700395,42.35153562729227
"192 COMMONWEALTH AVENUE, Boston, MA",SAM,-71.0801948342438,42.35108561225183
"1954 COMMONWEALTH AVENUE, Boston, MA",SAM,-71.15696711135983,42.33921950756992
"196 COMMONWEALTH AVENUE, Boston, MA",SAM,-71.08042960690774,42.35102259390317
"197 COMMONWEALTH AVENUE, Boston, MA",SAM,-71.0807347119184,42.3514469134649
"198 COMMONWEALTH AVENUE, Boston, MA",SAM,-71.08051916508913,42.35099836051282
"1960 COMMONWEALTH AVENUE, Boston, MA",SAM,-71.15713094024922,42.33927212416105
"1984 COMMONWEALTH AVENUE, Boston, MA",SAM,-71.15778891073468,42.33947351275693
"199 COMMONWEALTH AVENUE, Boston, MA",SAM,-71.08082428051307,42.351422326007395
"2 COMMONWEALTH AVENUE, Boston, MA",SAM,-71.07152366219981,42.353431524629
"20 COMMONWEALTH AVENUE, Boston, MA",SAM,-71.07239133000407,42.353190230342626
"202 COMMONWEALTH AVENUE, Boston, MA",SAM,-71.08069828145189,42.35094989373207
"2022 COMMONWEALTH AVENUE, Boston, MA",SAM,-71.15968742093753,42.339842119126764
"203 COMMONWEALTH AVENUE, Boston, MA",SAM,-71.08100341770242,42.35137315109238
"205 COMMONWEALTH AVENUE, Boston, MA",SAM,-71.08109298629707,42.351348563634886
"2060 COMMONWEALTH AVENUE, Boston, MA",SAM,-71.16360789063606,42.340002038084805
"207 COMMONWEALTH AVENUE, Boston, MA",SAM,-71.08118255489174,42.35132397617737
"21 COMMONWEALTH AVENUE, Boston, MA",SAM,-71.07345246657596,42.353421856895416
"211 COMMONWEALTH AVENUE, Boston, MA",SAM,-71.08136169208109,42.351274801262356
"212 COMMONWEALTH AVENUE, Boston, MA",SAM,-71.08114607235878,42.35082872678026
"2121 COMMONWEALTH AVENUE, Boston, MA",SAM,-71.16496983504643,42.34026414438509
"213 COMMONWEALTH AVENUE, Boston, MA",SAM,-71.08145126067576,42.351250213804846
"214 COMMONWEALTH AVENUE, Boston, MA",SAM,-71.08123563054016,42.35080449338988
"215 COMMONWEALTH AVENUE, Boston, MA",SAM,-71.08154082927044,42.351225626347336
"2150 COMMONWEALTH AVENUE, Boston, MA",SAM,-71.16534468456545,42.33994999039424
"216 COMMONWEALTH AVENUE, Boston, MA",SAM,-71.08132518872152,42.35078025999953
"217 COMMONWEALTH AVENUE, Boston, MA",SAM,-71.0816303978651,42.35120103888982
"218 COMMONWEALTH AVENUE, Boston, MA",SAM,-71.08141474690291,42.35075602660916
"22 COMMONWEALTH AVENUE, Boston, MA",SAM,-71.07248773753787,42.35316341986635
"220 COMMONWEALTH AVENUE, Boston, MA",SAM,-71.08150430508428,42.350731793218806
"2203 COMMONWEALTH AVENUE, Boston, MA",SAM,-71.16623700693079,42.34013261477858
"222 COMMONWEALTH AVENUE, Boston, MA",SAM,-71.08159386326567,42.35070755982842
"223 COMMONWEALTH AVENUE, Boston, MA",SAM,-71.08189910364912,42.3511272765173
"225 COMMONWEALTH AVENUE, Boston, MA",SAM,-71.0819886722438,42.3511026890598
"226 COMMONWEALTH AVENUE, Boston, MA",SAM,-71.08177297962843,42.3506590930477
"227 COMMONWEALTH AVENUE, Boston, MA",SAM,-71.08207824083846,42.35107810160228
"228 COMMONWEALTH AVENUE, Boston, MA",SAM,-71.0818625378098,42.35063485965734
"229 COMMONWEALTH AVENUE, Boston, MA",SAM,-71.08216780943313,42.35105351414479
"23 COMMONWEALTH AVENUE, Boston, MA",SAM,-71.07362445332977,42.35337796710076
"231 COMMONWEALTH AVENUE, Boston, MA",SAM,-71.08225737802779,42.35102892668728
"232 COMMONWEALTH AVENUE, Boston, MA",SAM,-71.08204165417256,42.3505863928766
"233 COMMONWEALTH AVENUE, Boston, MA",SAM,-71.08234694662248,42.35100433922977
"235 COMMONWEALTH AVENUE, Boston, MA",SAM,-71.08243651521715,42.35097975177226
"236 COMMONWEALTH AVENUE, Boston, MA",SAM,-71.08222077053533,42.35053792609586
"239 COMMONWEALTH AVENUE, Boston, MA",SAM,-71.0826156524065,42.350930576857245
"240 COMMONWEALTH AVENUE, Boston, MA",SAM,-71.08239988689807,42.35048945931514
"245 COMMONWEALTH AVENUE, Boston, MA",SAM,-71.08294536011677,42.35084040266452
"246 COMMONWEALTH AVENUE, Boston, MA",SAM,-71.08272464660223,42.3504025052939
"247 COMMONWEALTH AVENUE, Boston, MA",SAM,-71.08304025590333,42.350814541918865
"25 COMMONWEALTH AVENUE, Boston, MA",SAM,-71.07379644008358,42.35333407730609
"251 COMMONWEALTH AVENUE, Boston, MA",SAM,-71.0832300474764,42.35076282042754
"252 COMMONWEALTH AVENUE, Boston, MA",SAM,-71.08299141579242,42.3503318379586
"253 COMMONWEALTH AVENUE, Boston, MA",SAM,-71.08332494326297,42.350736959681875
"255 COMMONWEALTH AVENUE, Boston, MA",SAM,-71.08341983904951,42.35071109893621
"256 COMMONWEALTH AVENUE, Boston, MA",SAM,-71.08316926191921,42.35028472640172
"257 COMMONWEALTH AVENUE, Boston, MA",SAM,-71.08351473483607,42.35068523819056
"258 COMMONWEALTH AVENUE, Boston, MA",SAM,-71.08331017539322,42.350244412721615
"261 COMMONWEALTH AVENUE, Boston, MA",SAM,-71.08370452640918,42.35063351669924
"262 COMMONWEALTH AVENUE, Boston, MA",SAM,-71.08334253167774,42.3502344569416
"263 COMMONWEALTH AVENUE, Boston, MA",SAM,-71.08379942219572,42.35060765595359
"264 COMMONWEALTH AVENUE, Boston, MA",SAM,-71.08356618048121,42.35016470215116
"265 COMMONWEALTH AVENUE, Boston, MA",SAM,-71.08389431798227,42.350581795207916
"268 COMMONWEALTH AVENUE, Boston, MA",SAM,-71.08370722841744,42.35012609955787
"273 COMMONWEALTH AVENUE, Boston, MA",SAM,-71.08427390112848,42.350478352225274
"274 COMMONWEALTH AVENUE, Boston, MA",SAM,-71.08399718148216,42.35004894720361
"28 COMMONWEALTH AVENUE, Boston, MA",SAM,-71.07277696013931,42.35308298843756
"284 COMMONWEALTH AVENUE, Boston, MA",SAM,-71.08458326148268,42.34990373012932
"287 COMMONWEALTH AVENUE, Boston, MA",SAM,-71.0850125975395,42.350283305062725
"294 COMMONWEALTH AVENUE, Boston, MA",SAM,-71.08507292304404,42.349770053975355
"296 COMMONWEALTH AVENUE, Boston, MA",SAM,-71.08517085535631,42.34974331874456
"297 COMMONWEALTH AVENUE, Boston, MA",SAM,-71.08554977666134,42.35014861875278
"3 COMMONWEALTH AVENUE, Boston, MA",SAM,-71.07190640750548,42.353819633963255
"30 COMMONWEALTH AVENUE, Boston, MA",SAM,-71.07287336767313,42.35305617796131
"300 COMMONWEALTH AVENUE, Boston, MA",SAM,-71.08536671998083,42.34968984828298
"302 COMMONWEALTH AVENUE, Boston, MA",SAM,-71.0854646522931,42.34966311305217
"303 COMMONWEALTH AVENUE, Boston, MA",SAM,-71.08587208413446,42.35006780696681
"304 COMMONWEALTH AVENUE, Boston, MA",SAM,-71.08556258460537,42.3496363778214
"305 COMMONWEALTH AVENUE, Boston, MA",SAM,-71.08597951995883,42.350040869704834
"306 COMMONWEALTH AVENUE, Boston, MA",SAM,-71.08566051691763,42.34960964259061
"308 COMMONWEALTH AVENUE, Boston, MA",SAM,-71.08575844922991,42.349582907359796
"31 COMMONWEALTH AVENUE, Boston, MA",SAM,-71.07417282896569,42.35323615314855
"311 COMMONWEALTH AVENUE, Boston, MA",SAM,-71.08634249745674,42.34994820685013
"313 COMMONWEALTH AVENUE, Boston, MA",SAM,-71.08642883786054,42.34992462117871
"314 COMMONWEALTH AVENUE, Boston, MA",SAM,-71.08609989763546,42.34948977684115
"315 COMMONWEALTH AVENUE, Boston, MA",SAM,-71.08651517826438,42.34990103550731
"317 COMMONWEALTH AVENUE, Boston, MA",SAM,-71.08660151866819,42.34987744983591
"319 COMMONWEALTH AVENUE, Boston, MA",SAM,-71.08668785907201,42.34985386416448
"32 COMMONWEALTH AVENUE, Boston, MA",SAM,-71.07296977520693,42.353029367485036
"320 COMMONWEALTH AVENUE, Boston, MA",SAM,-71.08629526754011,42.34943666657556
"321 COMMONWEALTH AVENUE, Boston, MA",SAM,-71.08677419947581,42.34983027849305
"322 COMMONWEALTH AVENUE, Boston, MA",SAM,-71.08636039084163,42.3494189631537
"326 COMMONWEALTH AVENUE, Boston, MA",SAM,-71.08649063744471,42.349383556309974
"327 COMMONWEALTH AVENUE, Boston, MA",SAM,-71.08703322068726,42.34975952147881
"328 COMMONWEALTH AVENUE, Boston, MA",SAM,-71.08655576074625,42.349365852888106
"329 COMMONWEALTH AVENUE, Boston, MA",SAM,-71.08711956109109,42.349735935807416
"330 COMMONWEALTH AVENUE, Boston, MA",SAM,-71.08662088404779,42.349348149466245
"334 COMMONWEALTH AVENUE, Boston, MA",SAM,-71.08675113065088,42.34931274262251
"336 COMMONWEALTH AVENUE, Boston, MA",SAM,-71.08681625395242,42.34929503920066
"337 COMMONWEALTH AVENUE, Boston, MA",SAM,-71.08754427405127,42.34962165969933
"338 COMMONWEALTH AVENUE, Boston, MA",SAM,-71.08688137725396,42.34927733577877
"339 COMMONWEALTH AVENUE, Boston, MA",SAM,-71.08763745733458,42.34959666593227
"34 COMMONWEALTH AVENUE, Boston, MA",SAM,-71.07306618274073,42.35300255700878
"340 COMMONWEALTH AVENUE, Boston, MA",SAM,-71.08702737056431,42.34923793964151
"344 COMMONWEALTH AVENUE, Boston, MA",SAM,-71.08722881991574,42.349183979993626
"347 COMMONWEALTH AVENUE, Boston, MA",SAM,-71.08801019046784,42.3494966908641
"348 COMMONWEALTH AVENUE, Boston, MA",SAM,-71.08743026926719,42.34913002034573
"349 COMMONWEALTH AVENUE, Boston, MA",SAM,-71.08810337375117,42.34947169709706
"35 COMMONWEALTH AVENUE, Boston, MA",SAM,-71.07428687116014,42.35320541401244
"350 COMMONWEALTH AVENUE, Boston, MA",SAM,-71.08753099394292,42.34910304052178
"352 COMMONWEALTH AVENUE, Boston, MA",SAM,-71.08763171861861,42.349076060697854
"354 COMMONWEALTH AVENUE, Boston, MA",SAM,-71.08773244329433,42.3490490808739
"355 COMMONWEALTH AVENUE, Boston, MA",SAM,-71.0883829236011,42.34939671579593
"356 COMMONWEALTH AVENUE, Boston, MA",SAM,-71.08783316797005,42.34902210104996
"36 COMMONWEALTH AVENUE, Boston, MA",SAM,-71.07316259027453,42.35297574653251
"360 COMMONWEALTH AVENUE, Boston, MA",SAM,-71.08803083256862,42.34896691384531
"366 COMMONWEALTH AVENUE, Boston, MA",SAM,-71.08832863948939,42.3488775717678
"37 COMMONWEALTH AVENUE, Boston, MA",SAM,-71.07434389225736,42.353190044444396
"374 COMMONWEALTH AVENUE, Boston, MA",SAM,-71.0889492571319,42.34880849267053
"379 COMMONWEALTH AVENUE, Boston, MA",SAM,-71.08940537146538,42.34929171686871
"38 COMMONWEALTH AVENUE, Boston, MA",SAM,-71.07325899780835,42.35294893605624
"383 COMMONWEALTH AVENUE, Boston, MA",SAM,-71.08961099701861,42.34928760436364
"385 COMMONWEALTH AVENUE, Boston, MA",SAM,-71.08971380979521,42.349285548111105
"389 COMMONWEALTH AVENUE, Boston, MA",SAM,-71.08991943534843,42.34928143560608
"39 COMMONWEALTH AVENUE, Boston, MA",SAM,-71.07440091335461,42.353174674876364
"393 COMMONWEALTH AVENUE, Boston, MA",SAM,-71.09012506090167,42.349277323101006
"397 COMMONWEALTH AVENUE, Boston, MA",SAM,-71.09033068645489,42.34927321059595
"40 COMMONWEALTH AVENUE, Boston, MA",SAM,-71.07335540534216,42.35292212557997
"400 COMMONWEALTH AVENUE, Boston, MA",SAM,-71.09045226523452,42.348778248366095
"401 COMMONWEALTH AVENUE, Boston, MA",SAM,-71.09058811184664,42.34926835123474
"403 COMMONWEALTH AVENUE, Boston, MA",SAM,-71.09062093893246,42.349267817461985
"405 COMMONWEALTH AVENUE, Boston, MA",SAM,-71.09065376601829,42.3492672836892
"407 COMMONWEALTH AVENUE, Boston, MA",SAM,-71.09068659310411,42.34926674991642
"409 COMMONWEALTH AVENUE, Boston, MA",SAM,-71.09071942018993,42.34926621614365
"411 COMMONWEALTH AVENUE, Boston, MA",SAM,-71.09075224727573,42.34926568237087
"413 COMMONWEALTH AVENUE, Boston, MA",SAM,-71.09078507436155,42.34926514859808
"415 COMMONWEALTH AVENUE, Boston, MA",SAM,-71.0908179014474,42.349264614825316
"43 COMMONWEALTH AVENUE, Boston, MA",SAM,-71.07451495554905,42.35314393574024
"44 COMMONWEALTH AVENUE, Boston, MA",SAM,-71.07354822040976,42.35286850462745
"461 COMMONWEALTH AVENUE, Boston, MA",SAM,-71.09295458115737,42.34921475769043
"465 COMMONWEALTH AVENUE, Boston, MA",SAM,-71.09315871889332,42.34921248949957
"470 COMMONWEALTH AVENUE, Boston, MA",SAM,-71.09408858745275,42.34876488182883
"472 COMMONWEALTH AVENUE, Boston, MA",SAM,-71.09414569399223,42.34876333142665
"477 COMMONWEALTH AVENUE, Boston, MA",SAM,-71.0937699761854,42.34920662549668
"478 COMMONWEALTH AVENUE, Boston, MA",SAM,-71.09431701361072,42.34875868022012
"48 COMMONWEALTH AVENUE, Boston, MA",SAM,-71.07374103547738,42.35281488367493
"481 COMMONWEALTH AVENUE, Boston, MA",SAM,-71.09397304726002,42.349197625504864
"482 COMMONWEALTH AVENUE, Boston, MA",SAM,-71.09443122668972,42.34875557941578
"483 COMMONWEALTH AVENUE, Boston, MA",SAM,-71.09407512764061,42.34919762550813
"49 COMMONWEALTH AVENUE, Boston, MA",SAM,-71.07468601884074,42.353097827036095
"491 COMMONWEALTH AVENUE, Boston, MA",SAM,-71.09448694780495,42.34918820211085
"5 COMMONWEALTH AVENUE, Boston, MA",SAM,-71.07207801732537,42.35377494390599
"500 COMMONWEALTH AVENUE, Boston, MA",SAM,-71.09504337151888,42.34873920838349
"52 COMMONWEALTH AVENUE, Boston, MA",SAM,-71.07396968768268,42.35275198430782
"530 COMMONWEALTH AVENUE, Boston, MA",SAM,-71.09632952451705,42.34871162821104
"533 COMMONWEALTH AVENUE, Boston, MA",SAM,-71.09686584385567,42.34902950376886
"54 COMMONWEALTH AVENUE, Boston, MA",SAM,-71.0740526914537,42.352729267486154
"540 COMMONWEALTH AVENUE, Boston, MA",SAM,-71.09656711318434,42.34870503428425
"55 COMMONWEALTH AVENUE, Boston, MA",SAM,-71.07485708213241,42.35305171833194
"565 COMMONWEALTH AVENUE, Boston, MA",SAM,-71.0989685360523,42.34922806198989
"57 COMMONWEALTH AVENUE, Boston, MA",SAM,-71.07491410322963,42.353036348763894
"58 COMMONWEALTH AVENUE, Boston, MA",SAM,-71.07421869899572,42.3526838338428
"585 COMMONWEALTH AVENUE, Boston, MA",SAM,-71.0998478892274,42.34932558665435
"59 COMMONWEALTH AVENUE, Boston, MA",SAM,-71.07497112432685,42.35302097919585
"594 COMMONWEALTH AVENUE, Boston, MA",SAM,-71.10015080014198,42.34907563331827
"60 COMMONWEALTH AVENUE, Boston, MA",SAM,-71.07430170276676,42.35266111702112
"609 COMMONWEALTH AVENUE, Boston, MA",SAM,-71.10089259077715,42.349455776136715
"61 COMMONWEALTH AVENUE, Boston, MA",SAM,-71.0750281454241,42.3530056096278
"612 COMMONWEALTH AVENUE, Boston, MA",SAM,-71.1009421315957,42.34917027295633
"617 COMMONWEALTH AVENUE, Boston, MA",SAM,-71.10116839862867,42.3494893716058
"619 COMMONWEALTH AVENUE, Boston, MA",SAM,-71.10123735059153,42.34949777047307
"62 COMMONWEALTH AVENUE, Boston, MA",SAM,-71.07438470653777,42.35263840019947
"621 COMMONWEALTH AVENUE, Boston, MA",SAM,-71.10130630255442,42.34950616934035
"623 COMMONWEALTH AVENUE, Boston, MA",SAM,-71.10137525451728,42.34951456820762
"625 COMMONWEALTH AVENUE, Boston, MA",SAM,-71.10144420648017,42.349522967074876
"627 COMMONWEALTH AVENUE, Boston, MA",SAM,-71.10151315844304,42.34953136594218
"629 COMMONWEALTH AVENUE, Boston, MA",SAM,-71.1015821104059,42.34953976480942
"631 COMMONWEALTH AVENUE, Boston, MA",SAM,-71.10165106236876,42.34954816367671
"640 COMMONWEALTH AVENUE, Boston, MA",SAM,-71.10154763340091,42.34924498786227
"645 COMMONWEALTH AVENUE, Boston, MA",SAM,-71.10213372610889,42.3496069557476
"65 COMMONWEALTH AVENUE, Boston, MA",SAM,-71.07514218761855,42.352974870491686
"66 COMMONWEALTH AVENUE, Boston, MA",SAM,-71.07455071407979,42.35259296655613
"68 COMMONWEALTH AVENUE, Boston, MA",SAM,-71.07463371785082,42.35257024973444
"7 COMMONWEALTH AVENUE, Boston, MA",SAM,-71.07224962714524,42.35373025384868
"70 COMMONWEALTH AVENUE, Boston, MA",SAM,-71.07471672162184,42.35254753291277
"704 COMMONWEALTH AVENUE, Boston, MA",SAM,-71.1050784288076,42.34967753461531
"708 COMMONWEALTH AVENUE, Boston, MA",SAM,-71.10513919086556,42.34968452881198
"714 COMMONWEALTH AVENUE, Boston, MA",SAM,-71.10523033395245,42.34969502010699
"718 COMMONWEALTH AVENUE, Boston, MA",SAM,-71.10529109601036,42.34970201430366
"726 COMMONWEALTH AVENUE, Boston, MA",SAM,-71.10541262012623,42.349716002697015
"728 COMMONWEALTH AVENUE, Boston, MA",SAM,-71.10544300115521,42.34971949979534
"78 COMMONWEALTH AVENUE, Boston, MA",SAM,-71.07504873670591,42.352456665626086
"785 COMMONWEALTH AVENUE, Boston, MA",SAM,-71.11015846040964,42.35061166835629
"80 COMMONWEALTH AVENUE, Boston, MA",SAM,-71.07513174047693,42.3524339488044
"84 COMMONWEALTH AVENUE, Boston, MA",SAM,-71.07529774801897,42.352388515161074
"86 COMMONWEALTH AVENUE, Boston, MA",SAM,-71.07538075179,42.35236579833939
"871 COMMONWEALTH AVENUE, Boston, MA",SAM,-71.11498566548175,42.35116507842423
"899 COMMONWEALTH AVENUE, Boston, MA",SAM,-71.11566371648242,42.3512564221174
"9 COMMONWEALTH AVENUE, Boston, MA",SAM,-71.07242123696511,42.35368556379141
"949 COMMONWEALTH AVENUE, Boston, MA",SAM,-71.11914125217787,42.35168220305388
"957 COMMONWEALTH AVENUE, Boston, MA",SAM,-71.11935417379347,42.351707339303296
"961 COMMONWEALTH AVENUE, Boston, MA",SAM,-71.11945987963026,42.35171846623848
"963 COMMONWEALTH AVENUE, Boston, MA",SAM,-71.11951273254866,42.35172402970606
"971 COMMONWEALTH AVENUE, Boston, MA",SAM,-71.11972414422223,42.351746283576425
"983 COMMONWEALTH AVENUE, Boston, MA",SAM,-71.12030771522146,42.3518082528496
"989 COMMONWEALTH AVENUE, Boston, MA",SAM,-71.1206774861776,42.351855221827414
"7 COMMONWEALTH COURT, Boston, MA",SAM,-71.14071506045279,42.34629946216306
"8 COMMONWEALTH COURT, Boston, MA",SAM,-71.14065099307795,42.34640382382158
"14 COMMONWEALTH TERRACE, Boston, MA",SAM,-71.1392152359581,42.34640857307643
"15 COMMONWEALTH TERRACE, Boston, MA",SAM,-71.13917453826953,42.34652130719922
"18 COMMONWEALTH TERRACE, Boston, MA",SAM,-71.1392776769096,42.346430873421795
"19 COMMONWEALTH TERRACE, Boston, MA",SAM,-71.13923570491589,42.34654315243549
"21 COMMONWEALTH TERRACE, Boston, MA",SAM,-71.13926628823907,42.34655407505363
"22 COMMONWEALTH TERRACE, Boston, MA",SAM,-71.13934011786108,42.34645317376718
"25 COMMONWEALTH TERRACE, Boston, MA",SAM,-71.13932745488543,42.3465759202899
"3 COMMONWEALTH TERRACE, Boston, MA",SAM,-71.1389910383305,42.346455771490405
"4 COMMONWEALTH TERRACE, Boston, MA",SAM,-71.1390591335794,42.34635282221302
"9 COMMONWEALTH TERRACE, Boston, MA",SAM,-71.13908278830002,42.346488539344804
"101 COMO ROAD, Boston, MA",SAM,-71.14148935985158,42.241190059532535
"105 COMO ROAD, Boston, MA",SAM,-71.14154976060503,42.241210260458516
"15 COMO ROAD, Boston, MA",SAM,-71.1364681776541,42.240253841880914
"23 COMO ROAD, Boston, MA",SAM,-71.13682950123287,42.2403377622202
"27 COMO ROAD, Boston, MA",SAM,-71.13701899232656,42.24037483330602
"31 COMO ROAD, Boston, MA",SAM,-71.13720395124479,42.24040482665441
"34 COMO ROAD, Boston, MA",SAM,-71.13900000002134,42.240620585477124
"36 COMO ROAD, Boston, MA",SAM,-71.13909803490833,42.24063211899803
"38 COMO ROAD, Boston, MA",SAM,-71.13919606979535,42.24064365251895
"39 COMO ROAD, Boston, MA",SAM,-71.13772604247724,42.24057427968672
"40 COMO ROAD, Boston, MA",SAM,-71.13929410468232,42.24065518603986
"41 COMO ROAD, Boston, MA",SAM,-71.1378839133268,42.24060716945699
"42 COMO ROAD, Boston, MA",SAM,-71.13939213956932,42.24066671956077
"43 COMO ROAD, Boston, MA",SAM,-71.13805428613615,42.24062906016861
"44 COMO ROAD, Boston, MA",SAM,-71.13949017445633,42.24067825308168
"45 COMO ROAD, Boston, MA",SAM,-71.13821625651482,42.24064811551519
"46 COMO ROAD, Boston, MA",SAM,-71.13958820934333,42.24068978660259
"47 COMO ROAD, Boston, MA",SAM,-71.13837928805354,42.24066651162862
"48 COMO ROAD, Boston, MA",SAM,-71.13968284800646,42.240699590297275
"49 COMO ROAD, Boston, MA",SAM,-71.13854155133787,42.240684148949846
"50 COMO ROAD, Boston, MA",SAM,-71.13978151245816,42.240707662847626
"51 COMO ROAD, Boston, MA",SAM,-71.13870381462222,42.240701786271075
"52 COMO ROAD, Boston, MA",SAM,-71.13988017690986,42.24071573539798
"54 COMO ROAD, Boston, MA",SAM,-71.13997884136155,42.24072380794833
"55 COMO ROAD, Boston, MA",SAM,-71.13902685629397,42.24073977438335
"56 COMO ROAD, Boston, MA",SAM,-71.14007750581328,42.24073188049869
"57 COMO ROAD, Boston, MA",SAM,-71.13918882697683,42.24075882976574
"61 COMO ROAD, Boston, MA",SAM,-71.13951276834257,42.24079694053049
"63 COMO ROAD, Boston, MA",SAM,-71.13967871452455,42.24081454122987
"64 COMO ROAD, Boston, MA",SAM,-71.14047216362007,42.240764170700096
"65 COMO ROAD, Boston, MA",SAM,-71.1398417253578,42.24082787848696
"68 COMO ROAD, Boston, MA",SAM,-71.14069032935528,42.24079342998712
"69 COMO ROAD, Boston, MA",SAM,-71.1401677470243,42.24085455300118
"71 COMO ROAD, Boston, MA",SAM,-71.14033075785753,42.24086789025827
"75 COMO ROAD, Boston, MA",SAM,-71.14062941968069,42.24089882470462
"76 COMO ROAD, Boston, MA",SAM,-71.14105088670446,42.24091654716161
"79 COMO ROAD, Boston, MA",SAM,-71.14092727140394,42.241000530196594
"80 COMO ROAD, Boston, MA",SAM,-71.14128128151704,42.2409947255939
"83 COMO ROAD, Boston, MA",SAM,-71.14121755646102,42.24109915536559
"84 COMO ROAD, Boston, MA",SAM,-71.14134065852893,42.241014584131314
"85 COMO ROAD, Boston, MA",SAM,-71.14124775683774,42.24110925582857
"87 COMO ROAD, Boston, MA",SAM,-71.14127795721447,42.24111935629158
"88 COMO ROAD, Boston, MA",SAM,-71.14140003554081,42.24103444266872
"89 COMO ROAD, Boston, MA",SAM,-71.14130815759118,42.24112945675459
"90 COMO ROAD, Boston, MA",SAM,-71.14142972404674,42.24104437193744
"91 COMO ROAD, Boston, MA",SAM,-71.14133835796791,42.24113955721756
"93 COMO ROAD, Boston, MA",SAM,-71.14136855834465,42.241149657680566
"94 COMO ROAD, Boston, MA",SAM,-71.14148910105862,42.24106423047485
"4 CONCORD AVENUE, Boston, MA",SAM,-71.06131911976378,42.37766480705561
"5 CONCORD AVENUE, Boston, MA",SAM,-71.12253485733204,42.37779049245759
"6 CONCORD AVENUE, Boston, MA",SAM,-71.06120181992972,42.37762855073386
"7 CONCORD AVENUE, Boston, MA",SAM,-71.12273252954141,42.37788699447261
"9 CONCORD AVENUE, Boston, MA",SAM,-71.12292769464176,42.37798152759009
"10 CONCORD SQUARE, Boston, MA",SAM,-71.07844919582064,42.340789049307
"11 CONCORD SQUARE, Boston, MA",SAM,-71.0783853769937,42.34092131166017
"12 CONCORD SQUARE, Boston, MA",SAM,-71.07851227417103,42.34085548290406
"13 CONCORD SQUARE, Boston, MA",SAM,-71.07844845534412,42.340987745257245
"14 CONCORD SQUARE, Boston, MA",SAM,-71.07857535252144,42.340921916501124
"17 CONCORD SQUARE, Boston, MA",SAM,-71.07857461204493,42.34112061245138
"18 CONCORD SQUARE, Boston, MA",SAM,-71.07870150922228,42.34105478369526
"20 CONCORD SQUARE, Boston, MA",SAM,-71.07876458757266,42.34112121729233
"21 CONCORD SQUARE, Boston, MA",SAM,-71.07870076874575,42.3412534796455
"22 CONCORD SQUARE, Boston, MA",SAM,-71.07882766592309,42.3411876508894
"23 CONCORD SQUARE, Boston, MA",SAM,-71.07876384709614,42.341319913242565
"24 CONCORD SQUARE, Boston, MA",SAM,-71.0788907442735,42.34125408448647
"25 CONCORD SQUARE, Boston, MA",SAM,-71.07882692544656,42.34138634683966
"26 CONCORD SQUARE, Boston, MA",SAM,-71.0789538226239,42.341320518083535
"27 CONCORD SQUARE, Boston, MA",SAM,-71.0789150668223,42.34148002157105
"28 CONCORD SQUARE, Boston, MA",SAM,-71.07904271861625,42.341414993179406
"29 CONCORD SQUARE, Boston, MA",SAM,-71.07895763943462,42.341525679165805
"3 CONCORD SQUARE, Boston, MA",SAM,-71.07813306359206,42.34065557727191
"30 CONCORD SQUARE, Boston, MA",SAM,-71.07909137303034,42.34146717328768
"31 CONCORD SQUARE, Boston, MA",SAM,-71.07900021204695,42.34157133676055
"32 CONCORD SQUARE, Boston, MA",SAM,-71.07914002744442,42.341519353395974
"33 CONCORD SQUARE, Boston, MA",SAM,-71.07904278465928,42.34161699435531
"34 CONCORD SQUARE, Boston, MA",SAM,-71.07918868185853,42.34157153350425
"35 CONCORD SQUARE, Boston, MA",SAM,-71.07908535727161,42.34166265195005
"36 CONCORD SQUARE, Boston, MA",SAM,-71.0792373362726,42.341623713612535
"37 CONCORD SQUARE, Boston, MA",SAM,-71.07912792988394,42.3417083095448
"38 CONCORD SQUARE, Boston, MA",SAM,-71.0792859906867,42.34167589372082
"39 CONCORD SQUARE, Boston, MA",SAM,-71.07917050249627,42.34175396713955
"4 CONCORD SQUARE, Boston, MA",SAM,-71.07825996076942,42.34058974851579
"41 CONCORD SQUARE, Boston, MA",SAM,-71.0792224409373,42.3418017252629
"42 CONCORD SQUARE, Boston, MA",SAM,-71.07938908221459,42.34176955668044
"43 CONCORD SQUARE, Boston, MA",SAM,-71.07927112256489,42.3418439160163
"44 CONCORD SQUARE, Boston, MA",SAM,-71.0794900115244,42.34185177429773
"45 CONCORD SQUARE, Boston, MA",SAM,-71.07937845056597,42.34193134626569
"46 CONCORD SQUARE, Boston, MA",SAM,-71.07949982018626,42.34185928731702
"47 CONCORD SQUARE, Boston, MA",SAM,-71.07938825922783,42.34193885928498
"5 CONCORD SQUARE, Boston, MA",SAM,-71.07819614194248,42.34072201086897
"7 CONCORD SQUARE, Boston, MA",SAM,-71.07825922029289,42.34078844446604
"9 CONCORD SQUARE, Boston, MA",SAM,-71.07832229864329,42.34085487806311
"10 CONCORD STREET, Boston, MA",SAM,-71.06114361594422,42.377485216156614
"11 CONCORD STREET, Boston, MA",SAM,-71.06090490177893,42.377617609114886
"15 CONCORD STREET, Boston, MA",SAM,-71.06089004214184,42.377644982130946
"16 CONCORD STREET, Boston, MA",SAM,-71.0610690939304,42.377623020710935
"17 CONCORD STREET, Boston, MA",SAM,-71.06088261232328,42.37765866863898
"19 CONCORD STREET, Boston, MA",SAM,-71.06087518250474,42.37767235514702
"2 CONCORD STREET, Boston, MA",SAM,-71.06127987057283,42.37723171916978
"20 CONCORD STREET, Boston, MA",SAM,-71.0610521608556,42.37765421321762
"21 CONCORD STREET, Boston, MA",SAM,-71.0608677526862,42.37768604165506
"22 CONCORD STREET, Boston, MA",SAM,-71.06104369431817,42.37766980947094
"23 CONCORD STREET, Boston, MA",SAM,-71.06086032286767,42.377699728163094
"25 CONCORD STREET, Boston, MA",SAM,-71.06085289304913,42.37771341467114
"26 CONCORD STREET, Boston, MA",SAM,-71.06102676124337,42.37770100197764
"28 CONCORD STREET, Boston, MA",SAM,-71.06101829470595,42.37771659823099
"29 CONCORD STREET, Boston, MA",SAM,-71.06083803341203,42.3777407876872
"30 CONCORD STREET, Boston, MA",SAM,-71.06100982816854,42.377732194484324
"32 CONCORD STREET, Boston, MA",SAM,-71.06100136163113,42.37774779073766
"33 CONCORD STREET, Boston, MA",SAM,-71.06082317377495,42.37776816070326
"34 CONCORD STREET, Boston, MA",SAM,-71.06099289509372,42.377763386991006
"36 CONCORD STREET, Boston, MA",SAM,-71.06098442855631,42.37777898324434
"4 CONCORD STREET, Boston, MA",SAM,-71.06124580691568,42.37729509341649
"6 CONCORD STREET, Boston, MA",SAM,-71.06121174325851,42.37735846766321
"8 CONCORD STREET, Boston, MA",SAM,-71.06117767960137,42.377421841909914
"27 CONCORD STREET, Boston, MA",SAM,-71.06084546323056,42.37772710117916
"31 CONCORD STREET, Boston, MA",SAM,-71.0608306035935,42.377754474195235
"35 CONCORD STREET, Boston, MA",SAM,-71.06081574395641,42.377781847211295
"37 CONCORD STREET, Boston, MA",SAM,-71.06080831413787,42.37779553371934
"39 CONCORD STREET, Boston, MA",SAM,-71.06080088431932,42.37780922022738
"41 CONCORD STREET, Boston, MA",SAM,-71.06079306779012,42.377824872615285
"43 CONCORD STREET, Boston, MA",SAM,-71.06078626892996,42.37783873695762
"45 CONCORD STREET, Boston, MA",SAM,-71.0607794700698,42.377852601299985
"47 CONCORD STREET, Boston, MA",SAM,-71.06077267120963,42.37786646564231
"49 CONCORD STREET, Boston, MA",SAM,-71.06076587234948,42.377880329984656
"51 CONCORD STREET, Boston, MA",SAM,-71.06075907348932,42.377894194327006
"53 CONCORD STREET, Boston, MA",SAM,-71.06075227462917,42.37790805866936
"55 CONCORD STREET, Boston, MA",SAM,-71.060745475769,42.3779219230117
"57 CONCORD STREET, Boston, MA",SAM,-71.06073867690885,42.37793578735405
"78 CONCORD STREET, Boston, MA",SAM,-71.06081922383379,42.378107978878795
"79 CONCORD STREET, Boston, MA",SAM,-71.0606638894471,42.37808829511984
"80 CONCORD STREET, Boston, MA",SAM,-71.06081147629546,42.378123777780544
"100 CONCORD STREET, Boston, MA",SAM,-71.07619357315855,42.338831478983344
"102 CONCORD STREET, Boston, MA",SAM,-71.07623479571704,42.33886493498039
"104 CONCORD STREET, Boston, MA",SAM,-71.07627601827558,42.33889839097743
"106 CONCORD STREET, Boston, MA",SAM,-71.07638039681004,42.33898325409542
"108 CONCORD STREET, Boston, MA",SAM,-71.07641173629686,42.33900877947503
"110 CONCORD STREET, Boston, MA",SAM,-71.07644307578366,42.33903430485466
"112 CONCORD STREET, Boston, MA",SAM,-71.0764744152705,42.33905983023426
"114 CONCORD STREET, Boston, MA",SAM,-71.07650575475729,42.33908535561387
"116 CONCORD STREET, Boston, MA",SAM,-71.0765370942441,42.33911088099349
"118 CONCORD STREET, Boston, MA",SAM,-71.07656843373093,42.3391364063731
"119 CONCORD STREET, Boston, MA",SAM,-71.07653038430428,42.33927592815137
"120 CONCORD STREET, Boston, MA",SAM,-71.07659977321774,42.339161931752706
"121 CONCORD STREET, Boston, MA",SAM,-71.07655980504698,42.33929989075263
"122 CONCORD STREET, Boston, MA",SAM,-71.07663111270455,42.339187457132304
"123 CONCORD STREET, Boston, MA",SAM,-71.07658922578972,42.339323853353896
"124 CONCORD STREET, Boston, MA",SAM,-71.07666245219136,42.33921298251192
"125 CONCORD STREET, Boston, MA",SAM,-71.07661864653244,42.33934781595516
"126 CONCORD STREET, Boston, MA",SAM,-71.07669379167815,42.33923850789152
"127 CONCORD STREET, Boston, MA",SAM,-71.07664806727514,42.33937177855644
"128 CONCORD STREET, Boston, MA",SAM,-71.07672513116499,42.33926403327112
"129 CONCORD STREET, Boston, MA",SAM,-71.07667748801786,42.33939574115769
"130 CONCORD STREET, Boston, MA",SAM,-71.07675647065179,42.339289558650734
"131 CONCORD STREET, Boston, MA",SAM,-71.0767069087606,42.339419703758956
"132 CONCORD STREET, Boston, MA",SAM,-71.0767878101386,42.33931508403035
"133 CONCORD STREET, Boston, MA",SAM,-71.07673632950332,42.33944366636022
"134 CONCORD STREET, Boston, MA",SAM,-71.07681914962542,42.33934060940996
"135 CONCORD STREET, Boston, MA",SAM,-71.07676575024604,42.339467628961486
"136 CONCORD STREET, Boston, MA",SAM,-71.07685048911223,42.33936613478955
"137 CONCORD STREET, Boston, MA",SAM,-71.07679517098877,42.339491591562755
"138 CONCORD STREET, Boston, MA",SAM,-71.07688182859906,42.339391660169184
"139 CONCORD STREET, Boston, MA",SAM,-71.0768245917315,42.33951555416402
"140 CONCORD STREET, Boston, MA",SAM,-71.07691316808585,42.33941718554878
"141 CONCORD STREET, Boston, MA",SAM,-71.0768540124742,42.339539516765285
"142 CONCORD STREET, Boston, MA",SAM,-71.07694450757266,42.33944271092839
"143 CONCORD STREET, Boston, MA",SAM,-71.07688343321693,42.33956347936654
"144 CONCORD STREET, Boston, MA",SAM,-71.07697584705949,42.339468236308
"145 CONCORD STREET, Boston, MA",SAM,-71.07691285395966,42.33958744196781
"146 CONCORD STREET, Boston, MA",SAM,-71.0770071865463,42.339493761687606
"147 CONCORD STREET, Boston, MA",SAM,-71.07694227470239,42.339611404569084
"148 CONCORD STREET, Boston, MA",SAM,-71.07703852603312,42.33951928706724
"149 CONCORD STREET, Boston, MA",SAM,-71.0769716954451,42.339635367170345
"150 CONCORD STREET, Boston, MA",SAM,-71.07706986551992,42.339544812446825
"151 CONCORD STREET, Boston, MA",SAM,-71.0770011161878,42.33965932977162
"152 CONCORD STREET, Boston, MA",SAM,-71.07710120500676,42.33957033782642
"153 CONCORD STREET, Boston, MA",SAM,-71.07703053693055,42.3396832923729
"154 CONCORD STREET, Boston, MA",SAM,-71.07713254449355,42.33959586320604
"155 CONCORD STREET, Boston, MA",SAM,-71.07705995767326,42.33970725497414
"156 CONCORD STREET, Boston, MA",SAM,-71.07716388398036,42.33962138858565
"157 CONCORD STREET, Boston, MA",SAM,-71.07708937841598,42.33973121757541
"158 CONCORD STREET, Boston, MA",SAM,-71.07719522346719,42.33964691396527
"160 CONCORD STREET, Boston, MA",SAM,-71.07722656295398,42.33967243934488
"162 CONCORD STREET, Boston, MA",SAM,-71.0772579024408,42.33969796472448
"68 CONCORD STREET, Boston, MA",SAM,-71.06085796152537,42.37802898437008
"82 CONCORD STREET, Boston, MA",SAM,-71.06080372875715,42.37813957668228
"84 CONCORD STREET, Boston, MA",SAM,-71.06079598121882,42.37815537558402
"89 CONCORD STREET, Boston, MA",SAM,-71.0606298951463,42.37815761683156
"96 CONCORD STREET, Boston, MA",SAM,-71.0607494959889,42.378250168994484
"98 CONCORD STREET, Boston, MA",SAM,-71.06074174845058,42.378265967896226
"102 CONDOR STREET, Boston, MA",SAM,-71.03768350906229,42.38265502954231
"121 CONDOR STREET, Boston, MA",SAM,-71.03549824118915,42.38254009428666
"13 CONDOR STREET, Boston, MA",SAM,-71.03965041198238,42.38254847633746
"146 CONDOR STREET, Boston, MA",SAM,-71.03699906976442,42.38265310693791
"15 CONDOR STREET, Boston, MA",SAM,-71.03956546195745,42.3825475960235
"163 CONDOR STREET, Boston, MA",SAM,-71.03424660640431,42.38254838321996
"167 CONDOR STREET, Boston, MA",SAM,-71.03412740309146,42.38254917264221
"171 CONDOR STREET, Boston, MA",SAM,-71.03400819977863,42.382549962064424
"175 CONDOR STREET, Boston, MA",SAM,-71.03388899646578,42.38255075148665
"179 CONDOR STREET, Boston, MA",SAM,-71.03376979315294,42.38255154090884
"187 CONDOR STREET, Boston, MA",SAM,-71.03353138652726,42.38255311975332
"195 CONDOR STREET, Boston, MA",SAM,-71.0332088158975,42.38255187050404
"197 CONDOR STREET, Boston, MA",SAM,-71.03315393841933,42.38255123699595
"199 CONDOR STREET, Boston, MA",SAM,-71.03309906094117,42.382550603487886
"203 CONDOR STREET, Boston, MA",SAM,-71.03298930598483,42.382549336471726
"213 CONDOR STREET, Boston, MA",SAM,-71.032714918594,42.382546168931334
"215 CONDOR STREET, Boston, MA",SAM,-71.03266004111583,42.38254553542325
"225 CONDOR STREET, Boston, MA",SAM,-71.032385653725,42.38254236788284
"235 CONDOR STREET, Boston, MA",SAM,-71.03211126633416,42.38253920034244
"237 CONDOR STREET, Boston, MA",SAM,-71.03205638885598,42.38253856683436
"243 CONDOR STREET, Boston, MA",SAM,-71.03189175642147,42.38253666631014
"245 CONDOR STREET, Boston, MA",SAM,-71.03183687894331,42.382536032802065
"255 CONDOR STREET, Boston, MA",SAM,-71.03156249155248,42.38253286526165
"30 CONDOR STREET, Boston, MA",SAM,-71.03880350064064,42.38265817562223
"300 CONDOR STREET, Boston, MA",SAM,-71.03035276283711,42.38263350543479
"33 CONDOR STREET, Boston, MA",SAM,-71.03878231297561,42.38254352390987
"38 CONDOR STREET, Boston, MA",SAM,-71.03867905713192,42.3826578260578
"41 CONDOR STREET, Boston, MA",SAM,-71.03847742637932,42.382542667477
"42 CONDOR STREET, Boston, MA",SAM,-71.03861683537755,42.38265765127558
"46 CONDOR STREET, Boston, MA",SAM,-71.03855461362322,42.38265747649337
"47 CONDOR STREET, Boston, MA",SAM,-71.03824876143206,42.38254202515236
"49 CONDOR STREET, Boston, MA",SAM,-71.03817253978298,42.382541811044135
"5 CONDOR STREET, Boston, MA",SAM,-71.03999021208206,42.382551997593346
"51 CONDOR STREET, Boston, MA",SAM,-71.0380963181339,42.38254159693591
"57 CONDOR STREET, Boston, MA",SAM,-71.03786765318667,42.38254095461125
"61 CONDOR STREET, Boston, MA",SAM,-71.03771520988849,42.38254052639483
"63 CONDOR STREET, Boston, MA",SAM,-71.03763898823941,42.382540312286615
"65 CONDOR STREET, Boston, MA",SAM,-71.03756276659033,42.3825400981784
"67 CONDOR STREET, Boston, MA",SAM,-71.03748654494125,42.38253988407017
"75 CONDOR STREET, Boston, MA",SAM,-71.03718165834493,42.382539027637314
"77 CONDOR STREET, Boston, MA",SAM,-71.03710543669585,42.3825388135291
"79 CONDOR STREET, Boston, MA",SAM,-71.03702921504676,42.382538599420876
"81 CONDOR STREET, Boston, MA",SAM,-71.03695299339769,42.38253838531267
"85 CONDOR STREET, Boston, MA",SAM,-71.03680055009953,42.38253795709623
"87 CONDOR STREET, Boston, MA",SAM,-71.03672432845046,42.38253774298801
"89 CONDOR STREET, Boston, MA",SAM,-71.03664810680137,42.3825375288798
"9 CONDOR STREET, Boston, MA",SAM,-71.03982031203222,42.38255023696541
"90 CONDOR STREET, Boston, MA",SAM,-71.03787017432535,42.382655553888966
"91 CONDOR STREET, Boston, MA",SAM,-71.03657188515228,42.38253731477159
"93 CONDOR STREET, Boston, MA",SAM,-71.03649566350322,42.38253710066335
"98 CONDOR STREET, Boston, MA",SAM,-71.03774573081664,42.382655204324536
"130 CONGRESS STREET, Boston, MA",SAM,-71.05607918670513,42.35633245628262
"209 CONGRESS STREET, Boston, MA",SAM,-71.05483120592197,42.35476531998843
"218 CONGRESS STREET, Boston, MA",SAM,-71.0543253413991,42.35445652416888
"234 CONGRESS STREET, Boston, MA",SAM,-71.05418586873311,42.354313475247935
"305 CONGRESS STREET, Boston, MA",SAM,-71.05032766434407,42.351476331526534
"308 CONGRESS STREET, Boston, MA",SAM,-71.05002211900499,42.35143347091314
"313 CONGRESS STREET, Boston, MA",SAM,-71.05012313581237,42.351346534544504
"320 CONGRESS STREET, Boston, MA",SAM,-71.04958170109157,42.35115149281252
"326 CONGRESS STREET, Boston, MA",SAM,-71.04941238153103,42.35104219656365
"33 CONGRESS STREET, Boston, MA",SAM,-71.05670740666078,42.35832339640577
"332 CONGRESS STREET, Boston, MA",SAM,-71.04924306197051,42.35093290031477
"343 CONGRESS STREET, Boston, MA",SAM,-71.04918044831949,42.350740335119184
"344 CONGRESS STREET, Boston, MA",SAM,-71.04881421099108,42.350656967570515
"347 CONGRESS STREET, Boston, MA",SAM,-71.04900200400242,42.35062551097024
"348 CONGRESS STREET, Boston, MA",SAM,-71.04864151664867,42.3505465564087
"354 CONGRESS STREET, Boston, MA",SAM,-71.04835153785105,42.350360954209506
"364 CONGRESS STREET, Boston, MA",SAM,-71.04823902800483,42.350288626434946
"369 CONGRESS STREET, Boston, MA",SAM,-71.04789526106325,42.34991741730707
"374 CONGRESS STREET, Boston, MA",SAM,-71.0476414550062,42.34990807885487
"381 CONGRESS STREET, Boston, MA",SAM,-71.04761334763133,42.34974043725972
"48 CONGRESS STREET, Boston, MA",SAM,-71.056388066314,42.35781333615547
"60 CONGRESS STREET, Boston, MA",SAM,-71.05633666420951,42.35770038335999
"601 CONGRESS STREET, Boston, MA",SAM,-71.0388049873128,42.34761786763339
"606 CONGRESS STREET, Boston, MA",SAM,-71.0390014759488,42.34775789017267
"11 CONGREVE STREET, Boston, MA",SAM,-71.13679829518492,42.288371401914986
"15 CONGREVE STREET, Boston, MA",SAM,-71.1369326715233,42.28849640318825
"16 CONGREVE STREET, Boston, MA",SAM,-71.1370637082362,42.288434193156
"19 CONGREVE STREET, Boston, MA",SAM,-71.13706704786166,42.28862140446152
"20 CONGREVE STREET, Boston, MA",SAM,-71.13720088408162,42.28856179862245
"23 CONGREVE STREET, Boston, MA",SAM,-71.1372140474801,42.28874972232385
"24 CONGREVE STREET, Boston, MA",SAM,-71.13733729710918,42.288677937177106
"25 CONGREVE STREET, Boston, MA",SAM,-71.13729336314866,42.28880388913405
"26 CONGREVE STREET, Boston, MA",SAM,-71.1374182651875,42.28873323246249
"27 CONGREVE STREET, Boston, MA",SAM,-71.1373726788172,42.288858055944225
"28 CONGREVE STREET, Boston, MA",SAM,-71.13749923326583,42.28878852774789
"29 CONGREVE STREET, Boston, MA",SAM,-71.13745199448576,42.2889122227544
"30 CONGREVE STREET, Boston, MA",SAM,-71.13758020134414,42.288843823033304
"31 CONGREVE STREET, Boston, MA",SAM,-71.1375313101543,42.28896638956457
"32 CONGREVE STREET, Boston, MA",SAM,-71.13765951140834,42.28889790794595
"33 CONGREVE STREET, Boston, MA",SAM,-71.13761392151537,42.28902041455254
"36 CONGREVE STREET, Boston, MA",SAM,-71.13782586607135,42.289004850253356
"37 CONGREVE STREET, Boston, MA",SAM,-71.13777688118526,42.289125174363875
"40 CONGREVE STREET, Boston, MA",SAM,-71.13799222073436,42.28911179256076
"41 CONGREVE STREET, Boston, MA",SAM,-71.13793984085514,42.28922993417521
"43 CONGREVE STREET, Boston, MA",SAM,-71.13802132069009,42.28928231408088
"44 CONGREVE STREET, Boston, MA",SAM,-71.13815857539737,42.289218734868186
"49 CONGREVE STREET, Boston, MA",SAM,-71.13826576019493,42.2894394537979
"50 CONGREVE STREET, Boston, MA",SAM,-71.1384081073919,42.2893791483293
"53 CONGREVE STREET, Boston, MA",SAM,-71.1384287198648,42.289544213609226
"59 CONGREVE STREET, Boston, MA",SAM,-71.13866837221029,42.28970379560508
"62 CONGREVE STREET, Boston, MA",SAM,-71.13890238180659,42.28970554268241
"63 CONGREVE STREET, Boston, MA",SAM,-71.13882875044747,42.289810714453864
"66 CONGREVE STREET, Boston, MA",SAM,-71.13906610125707,42.289814689007216
"67 CONGREVE STREET, Boston, MA",SAM,-71.13898912868464,42.289917633302665
"70 CONGREVE STREET, Boston, MA",SAM,-71.1392298207075,42.289923835332026
"71 CONGREVE STREET, Boston, MA",SAM,-71.13914950692183,42.290024552151465
"75 CONGREVE STREET, Boston, MA",SAM,-71.13931170484956,42.29013194183843
"76 CONGREVE STREET, Boston, MA",SAM,-71.13947580780336,42.290085213332965
"79 CONGREVE STREET, Boston, MA",SAM,-71.1394753754684,42.29023609589204
"82 CONGREVE STREET, Boston, MA",SAM,-71.13972642843844,42.29024469922756
"83 CONGREVE STREET, Boston, MA",SAM,-71.13963904608723,42.290340249945636
"86 CONGREVE STREET, Boston, MA",SAM,-71.13989350886183,42.29035102315725
"87 CONGREVE STREET, Boston, MA",SAM,-71.13980271670607,42.290444403999224
"90 CONGREVE STREET, Boston, MA",SAM,-71.14006058928523,42.29045734708698
"91 CONGREVE STREET, Boston, MA",SAM,-71.1399663873249,42.29054855805282
"95 CONGREVE STREET, Boston, MA",SAM,-71.14013005794374,42.290652712106436
"11 CONISTON ROAD, Boston, MA",SAM,-71.13180230492739,42.29152971243843
"12 CONISTON ROAD, Boston, MA",SAM,-71.1318955426531,42.2914381184313
"14 CONISTON ROAD, Boston, MA",SAM,-71.13193789673541,42.29146007981235
"15 CONISTON ROAD, Boston, MA",SAM,-71.13188528435396,42.29157273881762
"17 CONISTON ROAD, Boston, MA",SAM,-71.13192677406722,42.29159425200722
"18 CONISTON ROAD, Boston, MA",SAM,-71.13202260490003,42.291504002574435
"21 CONISTON ROAD, Boston, MA",SAM,-71.13200975349379,42.291637278386425
"23 CONISTON ROAD, Boston, MA",SAM,-71.13204811087269,42.29165846598926
"26 CONISTON ROAD, Boston, MA",SAM,-71.13219205874516,42.29159531813445
"30 CONISTON ROAD, Boston, MA",SAM,-71.1322745728753,42.29164147011604
"35 CONISTON ROAD, Boston, MA",SAM,-71.13229060137753,42.29179409630248
"39 CONISTON ROAD, Boston, MA",SAM,-71.13237143154582,42.29183930640687
"40 CONISTON ROAD, Boston, MA",SAM,-71.1324808582006,42.29175685006999
"41 CONISTON ROAD, Boston, MA",SAM,-71.13241184662998,42.29186191145907
"42 CONISTON ROAD, Boston, MA",SAM,-71.13252211526567,42.29177992606077
"43 CONISTON ROAD, Boston, MA",SAM,-71.13245226171408,42.29188451651128
"5 CONISTON ROAD, Boston, MA",SAM,-71.13167783578756,42.29146517286962
"1 CONRAD STREET, Boston, MA",SAM,-71.06161181362612,42.31867656612172
"11 CONRAD STREET, Boston, MA",SAM,-71.061685065164,42.318695915589856
"2 CONRAD STREET, Boston, MA",SAM,-71.06166395094746,42.31856865404545
"3 CONRAD STREET, Boston, MA",SAM,-71.0616264639337,42.31868043601534
"8 CONRAD STREET, Boston, MA",SAM,-71.06170881751441,42.318580505594674
"9 CONRAD STREET, Boston, MA",SAM,-71.06167041485642,42.31869204569624
"10 CONRY CRESCENT, Boston, MA",SAM,-71.12868550277499,42.31188126149266
"11 CONRY CRESCENT, Boston, MA",SAM,-71.12872421402496,42.312175068398496
"14 CONRY CRESCENT, Boston, MA",SAM,-71.12880128295387,42.31204510140818
"15 CONRY CRESCENT, Boston, MA",SAM,-71.12868404303254,42.312188185457515
"17 CONRY CRESCENT, Boston, MA",SAM,-71.12866395753632,42.31219474398702
"18 CONRY CRESCENT, Boston, MA",SAM,-71.12878680823142,42.31227989515842
"20 CONRY CRESCENT, Boston, MA",SAM,-71.12876471418558,42.31228710954089
"3 CONRY CRESCENT, Boston, MA",SAM,-71.12841791298182,42.31175001458302
"4 CONRY CRESCENT, Boston, MA",SAM,-71.12851183250669,42.31163550161938
"6 CONRY CRESCENT, Boston, MA",SAM,-71.12856972259614,42.31171742157715
"1 CONSTANCE ROAD, Boston, MA",SAM,-71.16573604053113,42.276584284219915
"3 CONSTANCE ROAD, Boston, MA",SAM,-71.16531317145432,42.27611276637926
"33 CONSTANCE ROAD, Boston, MA",SAM,-71.1649298381681,42.27542922159251
"39 CONSTANCE ROAD, Boston, MA",SAM,-71.16494015304855,42.27531006133839
"47 CONSTANCE ROAD, Boston, MA",SAM,-71.1650114678852,42.2751424376929
"49 CONSTANCE ROAD, Boston, MA",SAM,-71.16504724878382,42.27510100717693
"5 CONSTANCE ROAD, Boston, MA",SAM,,
"50 CONSTANCE ROAD, Boston, MA",SAM,-71.16502451256353,42.27495832744551
"53 CONSTANCE ROAD, Boston, MA",SAM,-71.1651268570494,42.27504433056698
"54 CONSTANCE ROAD, Boston, MA",SAM,-71.16512009933105,42.27489605121504
"57 CONSTANCE ROAD, Boston, MA",SAM,-71.16522659976334,42.274979346674286
"58 CONSTANCE ROAD, Boston, MA",SAM,-71.16521568609859,42.27483377498454
"59 CONSTANCE ROAD, Boston, MA",SAM,-71.16527647112032,42.274946854727936
"62 CONSTANCE ROAD, Boston, MA",SAM,-71.16531127286613,42.27477149875407
"63 CONSTANCE ROAD, Boston, MA",SAM,-71.16537621383428,42.27488187083528
"66 CONSTANCE ROAD, Boston, MA",SAM,-71.16540685963368,42.27470922252358
"67 CONSTANCE ROAD, Boston, MA",SAM,-71.16547595654822,42.274816886942574
"70 CONSTANCE ROAD, Boston, MA",SAM,-71.1655024464012,42.274646946293075
"105 CONSTITUTION ROAD, Boston, MA",SAM,-71.05916533299296,42.37207687369222
"115 CONSTITUTION ROAD, Boston, MA",SAM,-71.05855965946272,42.37237036374074
"88 CONSTITUTION ROAD, Boston, MA",SAM,-71.05857048237876,42.372501694785775
"16 CONSTITUTION ROAD, Boston, MA",SAM,-71.06041867205705,42.3712677168715
"20 CONSTITUTION ROAD, Boston, MA",SAM,-71.0604888120602,42.37143665222846
"24 CONSTITUTION ROAD, Boston, MA",SAM,-71.06036557527882,42.37164632942489
"4 CONSTITUTION ROAD, Boston, MA",SAM,-71.06089827510552,42.3709914701163
"8 CONSTITUTION ROAD, Boston, MA",SAM,-71.06069076016244,42.371085092137655
"10 CONVERSE STREET, Boston, MA",SAM,-71.15667672082958,42.35628679108637
"11 CONVERSE STREET, Boston, MA",SAM,-71.15658757723038,42.35619175211043
"12 CONVERSE STREET, Boston, MA",SAM,-71.15665589461823,42.356294638644506
"14 CONVERSE STREET, Boston, MA",SAM,-71.15663506840686,42.35630248620265
"15 CONVERSE STREET, Boston, MA",SAM,-71.15654677485715,42.356207126918235
"16 CONVERSE STREET, Boston, MA",SAM,-71.15661424219553,42.356310333760796
"17 CONVERSE STREET, Boston, MA",SAM,-71.15652637367053,42.35621481432212
"19 CONVERSE STREET, Boston, MA",SAM,-71.1565059724839,42.35622250172603
"5 CONVERSE STREET, Boston, MA",SAM,-71.15664878079028,42.35616868989875
"6 CONVERSE STREET, Boston, MA",SAM,-71.15671837325226,42.356271095970065
"7 CONVERSE STREET, Boston, MA",SAM,-71.15662837960366,42.35617637730265
"8 CONVERSE STREET, Boston, MA",SAM,-71.1566975470409,42.35627894352821
"9 CONVERSE STREET, Boston, MA",SAM,-71.15660797841701,42.35618406470655
"10 CONWAY STREET, Boston, MA",SAM,-71.13000558032532,42.288352235886194
"11 CONWAY STREET, Boston, MA",SAM,-71.12999756457279,42.28818357903946
"14 CONWAY STREET, Boston, MA",SAM,-71.12967760091993,42.28863378899732
"15 CONWAY STREET, Boston, MA",SAM,-71.12977891163587,42.28837128111355
"16 CONWAY STREET, Boston, MA",SAM,-71.12951361121723,42.288774565552906
"17 CONWAY STREET, Boston, MA",SAM,-71.1296695851674,42.288465132150606
"18 CONWAY STREET, Boston, MA",SAM,-71.12934962151455,42.28891534210846
"19 CONWAY STREET, Boston, MA",SAM,-71.12956025869896,42.288558983187635
"21 CONWAY STREET, Boston, MA",SAM,-71.12945093223048,42.28865283422468
"22 CONWAY STREET, Boston, MA",SAM,-71.12936480540995,42.288935418737026
"23 CONWAY STREET, Boston, MA",SAM,-71.12934160576204,42.28874668526172
"25 ARBOROUGH ROAD, Boston, MA",SAM,-71.12862691581716,42.289329962786645
"26 CONWAY STREET, Boston, MA",SAM,-71.12939466252635,42.28895883608848
"28 CONWAY STREET, Boston, MA",SAM,-71.12940959108457,42.28897054476421
"29 CONWAY STREET, Boston, MA",SAM,-71.1292533623296,42.28901502070014
"31 CONWAY STREET, Boston, MA",SAM,-71.12926953493432,42.28902770509886
"6 CONWAY STREET, Boston, MA",SAM,-71.13033369276579,42.2880729031936
"7 CONWAY STREET, Boston, MA",SAM,-71.13021921336829,42.28799570864504
"8 CONWAY STREET, Boston, MA",SAM,-71.130169570028,42.28821145933063
"12 COOK STREET, Boston, MA",SAM,-71.064194731813,42.38039450355014
"13 COOK STREET, Boston, MA",SAM,-71.06413595151987,42.38023837436497
"14 COOK STREET, Boston, MA",SAM,-71.06415998477993,42.38043938513627
"16 COOK STREET, Boston, MA",SAM,-71.06412523774686,42.38048426672237
"17 COOK STREET, Boston, MA",SAM,-71.06402532205763,42.38038249751494
"18 COOK STREET, Boston, MA",SAM,-71.0640904907138,42.38052914830848
"19 COOK STREET, Boston, MA",SAM,-71.06399057502458,42.38042737910105
"20 COOK STREET, Boston, MA",SAM,-71.06405574368073,42.380574029894625
"21 COOK STREET, Boston, MA",SAM,-71.0639558279915,42.38047226068714
"23 COOK STREET, Boston, MA",SAM,-71.06392108095844,42.38051714227328
"24 COOK STREET, Boston, MA",SAM,-71.06396568028822,42.38069664067245
"25 COOK STREET, Boston, MA",SAM,-71.0638452215205,42.38061952653178
"26 COOK STREET, Boston, MA",SAM,-71.06394868824323,42.380720629442635
"29 COOK STREET, Boston, MA",SAM,-71.06374063631479,42.38076023241588
"31 COOK STREET, Boston, MA",SAM,-71.06366422261955,42.38086002992169
"33 COOK STREET, Boston, MA",SAM,-71.0636235201931,42.380913256173656
"35 COOK STREET, Boston, MA",SAM,-71.0635474691831,42.38101367510241
"36 COOK STREET, Boston, MA",SAM,-71.06368316632317,42.381069207120724
"37 COOK STREET, Boston, MA",SAM,-71.06351732510329,42.38105287274037
"38 COOK STREET, Boston, MA",SAM,-71.06366794096277,42.38108950760202
"4 COOK STREET, Boston, MA",SAM,-71.06446450302755,42.38003850259403
"41 COOK STREET, Boston, MA",SAM,-71.06340860847554,42.38119526011818
"43 COOK STREET, Boston, MA",SAM,-71.06340334614376,42.381202627382926
"46 COOK STREET, Boston, MA",SAM,-71.06354581224741,42.38124873465438
"48 COOK STREET, Boston, MA",SAM,-71.0635399427235,42.38125695198812
"6 COOK STREET, Boston, MA",SAM,-71.06440014494206,42.38012373357534
"60 COOK STREET, Boston, MA",SAM,-71.0635047255801,42.38130625599058
"7 COOK STREET, Boston, MA",SAM,-71.06426466769092,42.38006791240235
"8 COOK STREET, Boston, MA",SAM,-71.06433578685653,42.38020896455666
"9 COOK STREET, Boston, MA",SAM,-71.06422176230058,42.380124733056554
"7 COOK STREET COURT, Boston, MA",SAM,-71.06438198054971,42.380811319570626
"9 COOK STREET COURT, Boston, MA",SAM,-71.06451187992919,42.380862956026455
"17 COOKSON TERRACE, Boston, MA",SAM,-71.09125149576012,42.27228037349001
"21 COOKSON TERRACE, Boston, MA",SAM,-71.09108575803768,42.2721953797667
"23 COOKSON TERRACE, Boston, MA",SAM,-71.09100288917648,42.27215288290504
"27 COOKSON TERRACE, Boston, MA",SAM,-71.09083715145404,42.27206788918173
"47 COOKSON TERRACE, Boston, MA",SAM,-71.09001418332551,42.271680058149485
"51 COOKSON TERRACE, Boston, MA",SAM,-71.08998433785315,42.27166441100505
"55 COOKSON TERRACE, Boston, MA",SAM,-71.08995449238078,42.27164876386063
"22 COOLIDGE ROAD, Boston, MA",SAM,-71.1296026148027,42.35958767402926
"23 COOLIDGE ROAD, Boston, MA",SAM,-71.12965274634318,42.3597026305294
"26 COOLIDGE ROAD, Boston, MA",SAM,-71.12967199761398,42.35955004267218
"27 COOLIDGE ROAD, Boston, MA",SAM,-71.12970825259221,42.35967252544375
"29 COOLIDGE ROAD, Boston, MA",SAM,-71.12973600571674,42.359657472900906
"30 COOLIDGE ROAD, Boston, MA",SAM,-71.1298537762026,42.35946007580482
"33 COOLIDGE ROAD, Boston, MA",SAM,-71.12988739675035,42.35958001922785
"37 COOLIDGE ROAD, Boston, MA",SAM,-71.1300357463425,42.35951048035356
"38 COOLIDGE ROAD, Boston, MA",SAM,-71.13005157565881,42.359367357305764
"45 COOLIDGE ROAD, Boston, MA",SAM,-71.13033244552682,42.35937140260497
"51 COOLIDGE ROAD, Boston, MA",SAM,-71.1306579644468,42.35921344437893
"53 COOLIDGE ROAD, Boston, MA",SAM,-71.13074060984856,42.3591583474416
"59 COOLIDGE ROAD, Boston, MA",SAM,-71.13096374827366,42.35900958840714
"63 COOLIDGE ROAD, Boston, MA",SAM,-71.13101445239975,42.35897578565466
"5 DAILEY WAY, Boston, MA",SAM,,
"11 COOPER STREET, Boston, MA",SAM,-71.05602180530214,42.36448615673321
"12 COOPER STREET, Boston, MA",SAM,-71.0559859267878,42.364365659659505
"15 COOPER STREET, Boston, MA",SAM,-71.05625719657526,42.364516767199206
"18 COOPER STREET, Boston, MA",SAM,-71.05628768599473,42.36440441203045
"19 COOPER STREET, Boston, MA",SAM,-71.05646069694279,42.36452775025958
"21 COOPER STREET, Boston, MA",SAM,-71.05655640749934,42.364529830927204
"22 COOPER STREET, Boston, MA",SAM,-71.05640145097675,42.3644118213305
"26 COOPER STREET, Boston, MA",SAM,-71.05652906505216,42.36441459555399
"3 COOPER STREET, Boston, MA",SAM,-71.0556798253878,42.364444564564515
"31 COOPER STREET, Boston, MA",SAM,-71.05693190700057,42.36451329609691
"34 COOPER STREET, Boston, MA",SAM,-71.05691019318742,42.3643998334674
"35 COOPER STREET, Boston, MA",SAM,-71.05700681335284,42.36450547006146
"42 COOPER STREET, Boston, MA",SAM,-71.05740801252927,42.364352926346186
"43 COOPER STREET, Boston, MA",SAM,-71.05715662605736,42.36448981799055
"46 COOPER STREET, Boston, MA",SAM,-71.05742813050506,42.36435209673949
"51 COOPER STREET, Boston, MA",SAM,-71.0578146883775,42.3644464617483
"55 COOPER STREET, Boston, MA",SAM,-71.05789845392793,42.36444362145542
"6 COOPER STREET, Boston, MA",SAM,-71.05576608255716,42.36433892183675
"7 COOPER STREET, Boston, MA",SAM,-71.05585081534497,42.36446536064886
"8 COOPER STREET, Boston, MA",SAM,-71.05583936396738,42.36434783444433
"9 COOPER STREET, Boston, MA",SAM,-71.05593631032355,42.364475758691036
"2 COPELAND PARK, Boston, MA",SAM,-71.07920041589955,42.322797293931934
"5 COPELAND PARK, Boston, MA",SAM,-71.07960178166799,42.322914787999885
"1 COPELAND PLACE, Boston, MA",SAM,-71.07922875041073,42.32322980591246
"2 COPELAND PLACE, Boston, MA",SAM,-71.0786590592381,42.323039862650724
"4 COPELAND PLACE, Boston, MA",SAM,-71.07866891192111,42.323045684691984
"6 COPELAND PLACE, Boston, MA",SAM,-71.07867876460409,42.32305150673324
"11 COPELAND STREET, Boston, MA",SAM,-71.08144000449936,42.32189381587266
"12 COPELAND STREET, Boston, MA",SAM,-71.08152550972552,42.3219893900589
"15 COPELAND STREET, Boston, MA",SAM,-71.08128979843994,42.3219672791015
"20 COPELAND STREET, Boston, MA",SAM,-71.08122509760666,42.32213631651658
"22 COPELAND STREET, Boston, MA",SAM,-71.08114999457693,42.32217304813099
"27 COPELAND STREET, Boston, MA",SAM,-71.08078461811543,42.322215688845795
"28 COPELAND STREET, Boston, MA",SAM,-71.08087259592517,42.32231002833162
"30 COPELAND STREET, Boston, MA",SAM,-71.08079192610822,42.32235115412254
"37 COPELAND STREET, Boston, MA",SAM,-71.08040998878674,42.32233674361882
"39 COPELAND STREET, Boston, MA",SAM,-71.08031386250863,42.32238388450715
"41 COPELAND STREET, Boston, MA",SAM,-71.08024289575208,42.32242259364896
"42 COPELAND STREET, Boston, MA",SAM,-71.08029792525096,42.322543734018446
"45 COPELAND STREET, Boston, MA",SAM,-71.08011094756286,42.32252448371543
"46 COPELAND STREET, Boston, MA",SAM,-71.08016491113749,42.32265014531472
"49 COPELAND STREET, Boston, MA",SAM,-71.07994590887392,42.32265673106
"50 COPELAND STREET, Boston, MA",SAM,-71.08000473212013,42.322778732635214
"51 COPELAND STREET, Boston, MA",SAM,-71.07989064249468,42.32270117206827
"52 COPELAND STREET, Boston, MA",SAM,-71.0799494657409,42.3228231736435
"53 COPELAND STREET, Boston, MA",SAM,-71.07983537611545,42.322745613076556
"54 COPELAND STREET, Boston, MA",SAM,-71.07989419936165,42.32286761465178
"55 COPELAND STREET, Boston, MA",SAM,-71.07978010973622,42.32279005408484
"57 COPELAND STREET, Boston, MA",SAM,-71.07972484335698,42.322834495093126
"58 COPELAND STREET, Boston, MA",SAM,-71.07978366660318,42.32295649666833
"59 COPELAND STREET, Boston, MA",SAM,-71.07966957697774,42.3228789361014
"62 COPELAND STREET, Boston, MA",SAM,-71.07961968746197,42.32308536063348
"68 COPELAND STREET, Boston, MA",SAM,-71.07948226972185,42.32319317951193
"69 COPELAND STREET, Boston, MA",SAM,-71.07928634768136,42.32318480532433
"7 COPELAND STREET, Boston, MA",SAM,-71.08159021055879,42.32182035264384
"76 COPELAND STREET, Boston, MA",SAM,-71.07925238786596,42.32338642524564
"82 COPELAND STREET, Boston, MA",SAM,-71.07915184446935,42.323490211982545
"11 COPENGER STREET, Boston, MA",SAM,-71.10971835709223,42.332061629265766
"1 COPLEY STREET, Boston, MA",SAM,-71.10098438632541,42.31652204240636
"15 COPLEY STREET, Boston, MA",SAM,-71.1000524227643,42.317029291446495
"16 COPLEY STREET, Boston, MA",SAM,-71.10001682369546,42.31719208022189
"18 COPLEY STREET, Boston, MA",SAM,-71.1000125728835,42.317194491130294
"19 COPLEY STREET, Boston, MA",SAM,-71.09992240169521,42.317101214405426
"2 COPLEY STREET, Boston, MA",SAM,-71.10107762437032,42.31661357372995
"20 COPLEY STREET, Boston, MA",SAM,-71.10000832207153,42.31719690203869
"5 COPLEY STREET, Boston, MA",SAM,-71.100719997113,42.3166692971647
"6 COPLEY STREET, Boston, MA",SAM,-71.10070555218458,42.31681936157458
"7 COPLEY STREET, Boston, MA",SAM,-71.10058756825171,42.31674113617038
"9 COPLEY STREET, Boston, MA",SAM,-71.10045378187985,42.316813174989434
"2 COPPERSMITH WAY, Boston, MA",SAM,-71.04138870783287,42.37172564314623
"4 COPPERSMITH WAY, Boston, MA",SAM,-71.04140021838043,42.371730307552234
"6 COPPERSMITH WAY, Boston, MA",SAM,-71.04141172892798,42.37173497195823
"1 CORAL PLACE, Boston, MA",SAM,-71.06302193437683,42.38033277555777
"2 CORAL PLACE, Boston, MA",SAM,-71.06310796592342,42.38023742071965
"2 CORBET STREET, Boston, MA",SAM,-71.08321891330073,42.28339081400264
"20 CORBET STREET, Boston, MA",SAM,-71.08362686679331,42.28281380744795
"21 CORBET STREET, Boston, MA",SAM,-71.08378278517797,42.28283416866773
"25 CORBET STREET, Boston, MA",SAM,-71.0838293970246,42.28268419036605
"26 CORBET STREET, Boston, MA",SAM,-71.08367059628752,42.28263916835016
"29 CORBET STREET, Boston, MA",SAM,-71.0837917638795,42.28253364652219
"30 CORBET STREET, Boston, MA",SAM,-71.08361232740776,42.282506839428024
"34 CORBET STREET, Boston, MA",SAM,-71.0835182168803,42.28233911296964
"40 CORBET STREET, Boston, MA",SAM,-71.08341100127124,42.28215101536148
"41 CORBET STREET, Boston, MA",SAM,-71.08355371732046,42.2821064886994
"44 CORBET STREET, Boston, MA",SAM,-71.08333952419858,42.28202561695607
"45 CORBET STREET, Boston, MA",SAM,-71.08348224024776,42.281981090293975
"48 CORBET STREET, Boston, MA",SAM,-71.08326564392227,42.28190236264222
"49 CORBET STREET, Boston, MA",SAM,-71.08340700402825,42.28185552987967
"50 CORBET STREET, Boston, MA",SAM,-71.08322805470372,42.28184025870022
"55 CORBET STREET, Boston, MA",SAM,-71.08329423637257,42.28166921805371
"7 CORBET STREET, Boston, MA",SAM,-71.08347842230154,42.28325706822486
"74 CORBET STREET, Boston, MA",SAM,-71.08290297792688,42.28128493651536
"76 CORBET STREET, Boston, MA",SAM,-71.0828821643663,42.28124880730658
"79 CORBET STREET, Boston, MA",SAM,-71.08314120344386,42.281406201032674
"80 CORBET STREET, Boston, MA",SAM,-71.08284053724512,42.28117654888901
"83 CORBET STREET, Boston, MA",SAM,-71.08312455259538,42.28137729766564
"84 CORBET STREET, Boston, MA",SAM,-71.08279891012391,42.28110429047144
"87 CORBET STREET, Boston, MA",SAM,-71.08310790174691,42.281348394298604
"9 CORBET STREET, Boston, MA",SAM,-71.08351844763477,42.28319585300758
"90 CORBET STREET, Boston, MA",SAM,-71.08273646944212,42.28099590284505
"93 CORBET STREET, Boston, MA",SAM,-71.08308292547419,42.28130503924808
"94 CORBET STREET, Boston, MA",SAM,-71.08269484232095,42.28092364442747
"98 CORBET STREET, Boston, MA",SAM,-71.08261358259661,42.28078158750238
"10 CORCORAN DRIVE, Boston, MA",SAM,-71.11023012019753,42.2553032425112
"11 CORCORAN DRIVE, Boston, MA",SAM,-71.11032917851841,42.255391729521996
"6 CORCORAN DRIVE, Boston, MA",SAM,-71.11020894492958,42.2553143557729
"7 CORCORAN DRIVE, Boston, MA",SAM,-71.1103084353988,42.25540261598244
"11 CORDIS STREET, Boston, MA",SAM,-71.06283964132807,42.37508208833624
"12 CORDIS STREET, Boston, MA",SAM,-71.0629654772916,42.37516754912318
"13 CORDIS STREET, Boston, MA",SAM,-71.06280899034927,42.37515282136357
"14 CORDIS STREET, Boston, MA",SAM,-71.06293044760154,42.375248386868684
"15 CORDIS STREET, Boston, MA",SAM,-71.06277833937048,42.37522355439089
"16 CORDIS STREET, Boston, MA",SAM,-71.06289541791149,42.37532922461419
"17 CORDIS STREET, Boston, MA",SAM,-71.06274768839168,42.37529428741821
"18 CORDIS STREET, Boston, MA",SAM,-71.06284874238645,42.37543812403374
"20 CORDIS STREET, Boston, MA",SAM,-71.06282291375493,42.37549905311249
"21 CORDIS STREET, Boston, MA",SAM,-71.0626748863636,42.375464807243304
"22 CORDIS STREET, Boston, MA",SAM,-71.0627970851234,42.37555998219123
"23 CORDIS STREET, Boston, MA",SAM,-71.06264905773209,42.37552573632207
"27 CORDIS STREET, Boston, MA",SAM,-71.06259740046906,42.37564759447956
"29 CORDIS STREET, Boston, MA",SAM,-71.06257157183754,42.3757085235583
"3 CORDIS STREET, Boston, MA",SAM,-71.06296224524323,42.37479915622696
"32 CORDIS STREET, Boston, MA",SAM,-71.06265877030567,42.375862764451085
"33 CORDIS STREET, Boston, MA",SAM,-71.06251631703368,42.37581741491899
"4 CORDIS STREET, Boston, MA",SAM,-71.0631055960518,42.37484419814115
"5 CORDIS STREET, Boston, MA",SAM,-71.06293159426444,42.37486988925428
"7 CORDIS STREET, Boston, MA",SAM,-71.06290094328565,42.3749406222816
"8 CORDIS STREET, Boston, MA",SAM,-71.06303553667169,42.37500587363214
"9 CORDIS STREET, Boston, MA",SAM,-71.06287029230685,42.37501135530893
"17 CORDIS STREET AVENUE, Boston, MA",SAM,-71.06239333379995,42.37518446697292
"5 CORDIS STREET AVENUE, Boston, MA",SAM,-71.062340427165,42.375168760311524
"121 COREY ROAD, Boston, MA",SAM,-71.14042658379189,42.34231830630807
"165 COREY ROAD, Boston, MA",SAM,-71.13927505953761,42.34322477818384
"170 COREY ROAD, Boston, MA",SAM,-71.13965033535368,42.3430953378575
"171 COREY ROAD, Boston, MA",SAM,-71.13910202715284,42.343360112773624
"180 COREY ROAD, Boston, MA",SAM,-71.13954104157051,42.34318497449004
"185 COREY ROAD, Boston, MA",SAM,-71.13900146902601,42.343442258853266
"190 COREY ROAD, Boston, MA",SAM,-71.13942655781965,42.34327400081963
"195 COREY ROAD, Boston, MA",SAM,-71.13892964179259,42.34350093462446
"200 COREY ROAD, Boston, MA",SAM,-71.13890996859082,42.34368631747479
"235 COREY ROAD, Boston, MA",SAM,-71.13748117362334,42.344672142418986
"236 COREY ROAD, Boston, MA",SAM,-71.13790108655229,42.344497180434054
"239 COREY ROAD, Boston, MA",SAM,-71.1374042031445,42.3447357100814
"240 COREY ROAD, Boston, MA",SAM,-71.1377261536458,42.344641652394095
"244 COREY ROAD, Boston, MA",SAM,-71.13755122073933,42.344786124354115
"246 COREY ROAD, Boston, MA",SAM,-71.13746375428609,42.34485836033414
"248 COREY ROAD, Boston, MA",SAM,-71.13737189991467,42.34493201455375
"249 COREY ROAD, Boston, MA",SAM,-71.13721042183667,42.34488918940081
"252 COREY ROAD, Boston, MA",SAM,-71.13717251756415,42.345081327400266
"260 COREY ROAD, Boston, MA",SAM,-71.13689783013626,42.345296300181026
"263 COREY ROAD, Boston, MA",SAM,-71.1368022787726,42.34520418466624
"264 COREY ROAD, Boston, MA",SAM,-71.13676048642233,42.34540378657142
"267 COREY ROAD, Boston, MA",SAM,-71.13669927098714,42.34528479945902
"268 COREY ROAD, Boston, MA",SAM,-71.13662314270836,42.3455112729618
"63 COREY ROAD, Boston, MA",SAM,-71.14237455818261,42.34024343478793
"74 COREY ROAD, Boston, MA",SAM,-71.14235777681726,42.34062982404055
"85 COREY ROAD, Boston, MA",SAM,-71.14202170774651,42.340900104975006
"96 COREY ROAD, Boston, MA",SAM,-71.1418807256267,42.34126820021983
"12 COREY STREET, Boston, MA",SAM,-71.15428515373695,42.285275576399265
"100 COREY STREET, Boston, MA",SAM,-71.15627107359946,42.28743833090117
"101 COREY STREET, Boston, MA",SAM,-71.15585721595252,42.287273730718525
"102 COREY STREET, Boston, MA",SAM,-71.15631904028368,42.28747647309234
"105 COREY STREET, Boston, MA",SAM,-71.15600504258896,42.28739502247806
"106 COREY STREET, Boston, MA",SAM,-71.15641681669256,42.28755552934115
"108 COREY STREET, Boston, MA",SAM,-71.15646203790585,42.28759546496709
"111 COREY STREET, Boston, MA",SAM,-71.15622743357945,42.28757186354627
"117 COREY STREET, Boston, MA",SAM,-71.15643784855632,42.28775255194984
"120 COREY STREET, Boston, MA",SAM,-71.1567333651856,42.287835078722665
"121 COREY STREET, Boston, MA",SAM,-71.1565776232156,42.287875989339085
"125 COREY STREET, Boston, MA",SAM,-71.15672352901157,42.287998530670016
"129 COREY STREET, Boston, MA",SAM,-71.15686990740016,42.28811770602196
"130 COREY STREET, Boston, MA",SAM,-71.15696732982295,42.288026623973764
"135 COREY STREET, Boston, MA",SAM,-71.15708947498304,42.28829646904993
"136 COREY STREET, Boston, MA",SAM,-71.1571094029648,42.28814229416831
"144 COREY STREET, Boston, MA",SAM,-71.1573577383083,42.28834503768796
"145 COREY STREET, Boston, MA",SAM,-71.15737136264073,42.288527238227296
"151 COREY STREET, Boston, MA",SAM,-71.1575049274528,42.28863671760602
"152 COREY STREET, Boston, MA",SAM,-71.15755561210396,42.28850722936013
"155 COREY STREET, Boston, MA",SAM,-71.15759397066083,42.2887097038585
"159 COREY STREET, Boston, MA",SAM,-71.15774149940592,42.28883123413802
"162 COREY STREET, Boston, MA",SAM,-71.15785722783143,42.288755064181615
"168 COREY STREET, Boston, MA",SAM,-71.15802977338723,42.288898529057995
"169 COREY STREET, Boston, MA",SAM,-71.15812288699102,42.289149632761614
"173 COREY STREET, Boston, MA",SAM,-71.15827229692714,42.28927970732349
"174 COREY STREET, Boston, MA",SAM,-71.15820231894304,42.289041993934354
"176 COREY STREET, Boston, MA",SAM,-71.15825960661573,42.289091691102776
"177 COREY STREET, Boston, MA",SAM,-71.15842170686322,42.28940978188537
"182 COREY STREET, Boston, MA",SAM,-71.15842769279384,42.28923802498487
"185 COREY STREET, Boston, MA",SAM,-71.15865950491147,42.289599351647965
"188 COREY STREET, Boston, MA",SAM,-71.1586403820325,42.28941832502554
"189 COREY STREET, Boston, MA",SAM,-71.15874704039139,42.289667354432744
"194 COREY STREET, Boston, MA",SAM,-71.15890298847225,42.289622333379825
"199 COREY STREET, Boston, MA",SAM,-71.15896587909117,42.28983736139463
"2 COREY STREET, Boston, MA",SAM,-71.15527825090487,42.28458332789667
"200 COREY STREET, Boston, MA",SAM,-71.15918431043448,42.289847846161784
"206 COREY STREET, Boston, MA",SAM,-71.15934203321255,42.289990106416504
"211 COREY STREET, Boston, MA",SAM,-71.1593803958581,42.290201164682934
"215 COREY STREET, Boston, MA",SAM,-71.15951963525313,42.29031636626111
"221 COREY STREET, Boston, MA",SAM,-71.1596733431752,42.29043766198555
"225 COREY STREET, Boston, MA",SAM,-71.15977268754358,42.29052426991593
"230 COREY STREET, Boston, MA",SAM,-71.15996009784541,42.29052059630599
"236 COREY STREET, Boston, MA",SAM,-71.16012830940575,42.29072835649306
"241 COREY STREET, Boston, MA",SAM,-71.16023154418059,42.29112666789656
"244 COREY STREET, Boston, MA",SAM,-71.16026378351965,42.290917993313315
"249 COREY STREET, Boston, MA",SAM,-71.16033788315968,42.29128413142347
"250 COREY STREET, Boston, MA",SAM,-71.16041332270899,42.291139426398026
"253 COREY STREET, Boston, MA",SAM,-71.16039105264922,42.29136286318691
"258 COREY STREET, Boston, MA",SAM,-71.16061270829478,42.291434670510974
"260 COREY STREET, Boston, MA",SAM,-71.16066255469121,42.29150848153922
"264 COREY STREET, Boston, MA",SAM,-71.16082007513029,42.29170521111086
"265 COREY STREET, Boston, MA",SAM,-71.16060309026821,42.291664268995824
"266 COREY STREET, Boston, MA",SAM,-71.16091419420114,42.29179153195202
"270 COREY STREET, Boston, MA",SAM,-71.16111921232606,42.29197252691605
"271 COREY STREET, Boston, MA",SAM,-71.16082251875154,42.291888622782814
"275 COREY STREET, Boston, MA",SAM,-71.16099796417781,42.292043849102356
"278 COREY STREET, Boston, MA",SAM,-71.16135374170995,42.29219069383416
"279 COREY STREET, Boston, MA",SAM,-71.16111522886979,42.292152932561386
"28 COREY STREET, Boston, MA",SAM,-71.15451998096118,42.285582117399684
"282 COREY STREET, Boston, MA",SAM,-71.16147044596192,42.29229884058612
"284 COREY STREET, Boston, MA",SAM,-71.16153034279391,42.2923526255086
"285 COREY STREET, Boston, MA",SAM,-71.16129112590771,42.29231655774999
"289 COREY STREET, Boston, MA",SAM,-71.1614107763705,42.29242548543803
"293 COREY STREET, Boston, MA",SAM,-71.16153057003443,42.292533055282995
"294 COREY STREET, Boston, MA",SAM,-71.16182982695378,42.29262155012098
"297 COREY STREET, Boston, MA",SAM,-71.16165036369837,42.29264062512794
"298 COREY STREET, Boston, MA",SAM,-71.1619496206177,42.292729119965905
"301 COREY STREET, Boston, MA",SAM,-71.16177015736231,42.29274819497289
"302 COREY STREET, Boston, MA",SAM,-71.16206941428166,42.292836689810855
"305 COREY STREET, Boston, MA",SAM,-71.16188995102625,42.29285576481784
"310 COREY STREET, Boston, MA",SAM,-71.16229824363859,42.293044166214365
"311 COREY STREET, Boston, MA",SAM,-71.16208245816742,42.29302955848977
"314 COREY STREET, Boston, MA",SAM,-71.16238517536692,42.29312319507614
"330 COREY STREET, Boston, MA",SAM,-71.16361191701563,42.29381133266919
"334 COREY STREET, Boston, MA",SAM,-71.16380690401661,42.29385406955881
"335 COREY STREET, Boston, MA",SAM,-71.16288711622772,42.29370045936903
"343 COREY STREET, Boston, MA",SAM,-71.16351472784031,42.2939095469321
"347 COREY STREET, Boston, MA",SAM,-71.16383450828724,42.29398670440106
"351 COREY STREET, Boston, MA",SAM,-71.16414756521206,42.29410456115456
"354 COREY STREET, Boston, MA",SAM,-71.16469637441483,42.294250659548695
"355 COREY STREET, Boston, MA",SAM,-71.16442580093415,42.29424845367511
"357 COREY STREET, Boston, MA",SAM,-71.16456868694591,42.29432400261818
"359 COREY STREET, Boston, MA",SAM,-71.16470013088548,42.294398821622266
"360 COREY STREET, Boston, MA",SAM,-71.1649342761266,42.29440238563131
"361 COREY STREET, Boston, MA",SAM,-71.16482943240456,42.29448674667498
"363 COREY STREET, Boston, MA",SAM,-71.1649103068411,42.29456156621117
"364 COREY STREET, Boston, MA",SAM,-71.16506209169317,42.29452695676109
"365 COREY STREET, Boston, MA",SAM,-71.16506746687479,42.294763887222125
"367 COREY STREET, Boston, MA",SAM,-71.16522462690845,42.29496620823308
"368 COREY STREET, Boston, MA",SAM,-71.16509701614508,42.29457191698575
"369 COREY STREET, Boston, MA",SAM,-71.16530316349001,42.29506583037192
"370 COREY STREET, Boston, MA",SAM,-71.16511447837107,42.294594397098074
"43 COREY STREET, Boston, MA",SAM,-71.15468242644471,42.28602658333062
"44 COREY STREET, Boston, MA",SAM,-71.15475480818543,42.285888658400125
"570 COREY STREET, Boston, MA",SAM,-71.16986863686344,42.30026587259471
"75 COREY STREET, Boston, MA",SAM,-71.15515794075165,42.28665591226086
"77 COREY STREET, Boston, MA",SAM,-71.15519271938584,42.28669596415708
"81 COREY STREET, Boston, MA",SAM,-71.15525971643788,42.28675849475312
"88 COREY STREET, Boston, MA",SAM,-71.15598730576707,42.28720992448134
"90 COREY STREET, Boston, MA",SAM,-71.15603124017836,42.28724761994524
"91 COREY STREET, Boston, MA",SAM,-71.15550300235077,42.286968134601224
"92 COREY STREET, Boston, MA",SAM,-71.15607920686259,42.287285762136435
"94 COREY STREET, Boston, MA",SAM,-71.1561271735468,42.287323904327614
"95 COREY STREET, Boston, MA",SAM,-71.15564468779147,42.287090373048144
"98 COREY STREET, Boston, MA",SAM,-71.15622310691523,42.287400188709974
"10 COREY TERRACE, Boston, MA",SAM,-71.15728353540594,42.28818560944745
"11 COREY TERRACE, Boston, MA",SAM,-71.15738810624188,42.28827122156558
"14 COREY TERRACE, Boston, MA",SAM,-71.15731670630483,42.28816818634824
"15 COREY TERRACE, Boston, MA",SAM,-71.15742060018363,42.28825415403983
"18 COREY TERRACE, Boston, MA",SAM,-71.15734987720369,42.28815076324904
"7 COREY TERRACE, Boston, MA",SAM,-71.15735561230014,42.28828828909134
"10 CORINNE ROAD, Boston, MA",SAM,-71.15906766075591,42.3556635213522
"11 CORINNE ROAD, Boston, MA",SAM,-71.15903570517095,42.35578200394939
"14 CORINNE ROAD, Boston, MA",SAM,-71.1591489476636,42.35565423142126
"17 CORINNE ROAD, Boston, MA",SAM,-71.15914083985261,42.35577111168176
"20 CORINNE ROAD, Boston, MA",SAM,-71.1592841231732,42.355653034972065
"21 CORINNE ROAD, Boston, MA",SAM,-71.15921438670928,42.35576762634521
"22 CORINNE ROAD, Boston, MA",SAM,-71.15932524980181,42.355653034973386
"26 CORINNE ROAD, Boston, MA",SAM,-71.1594138757034,42.35565656392833
"27 CORINNE ROAD, Boston, MA",SAM,-71.15934313093803,42.35576762634935
"28 CORINNE ROAD, Boston, MA",SAM,-71.1594548547356,42.355659136604665
"29 CORINNE ROAD, Boston, MA",SAM,-71.15937936871951,42.355769401789004
"3 CORINNE ROAD, Boston, MA",SAM,-71.16087879463718,42.35585405618998
"8 CORINNE ROAD, Boston, MA",SAM,-71.15902701730207,42.35566816631766
"9 CORINNE ROAD, Boston, MA",SAM,-71.15899698045844,42.35579567149534
"10 CORINTH STREET, Boston, MA",SAM,-71.13082039607868,42.28681882731287
"11 CORINTH STREET, Boston, MA",SAM,-71.1303922103009,42.28649159978248
"19 CORINTH STREET, Boston, MA",SAM,-71.13012737202105,42.2863260758203
"20 CORINTH STREET, Boston, MA",SAM,-71.13077157344902,42.28681172583686
"26 CORINTH STREET, Boston, MA",SAM,-71.13074227987126,42.286807464951266
"41 CORINTH STREET, Boston, MA",SAM,-71.12962975271796,42.28601444355261
"44 CORINTH STREET, Boston, MA",SAM,-71.13062678963057,42.286770786095815
"1 CORMAN ROAD, Boston, MA",SAM,-71.10229577151512,42.27085524590344
"10 CORMAN ROAD, Boston, MA",SAM,-71.1024594962338,42.271019164984
"11 CORMAN ROAD, Boston, MA",SAM,-71.1022952575455,42.27102045905339
"12 CORMAN ROAD, Boston, MA",SAM,-71.10243979535446,42.27106185022249
"14 CORMAN ROAD, Boston, MA",SAM,-71.10242009447511,42.27110453546097
"15 CORMAN ROAD, Boston, MA",SAM,-71.1022555967284,42.27109832040011
"18 CORMAN ROAD, Boston, MA",SAM,-71.10236886442176,42.27119193475129
"19 CORMAN ROAD, Boston, MA",SAM,-71.10220713579568,42.27117908862306
"2 CORMAN ROAD, Boston, MA",SAM,-71.10243117534664,42.27079963943226
"20 CORMAN ROAD, Boston, MA",SAM,-71.10234412915402,42.27123316019843
"22 CORMAN ROAD, Boston, MA",SAM,-71.10229952331403,42.271284142582644
"4 CORMAN ROAD, Boston, MA",SAM,-71.10246075485759,42.27083907878963
"6 CORMAN ROAD, Boston, MA",SAM,-71.10247264925863,42.27091013461215
"7 CORMAN ROAD, Boston, MA",SAM,-71.10231962750306,42.27095599031889
"8 CORMAN ROAD, Boston, MA",SAM,-71.10247452777925,42.27095521917575
"9 CORMAN ROAD, Boston, MA",SAM,-71.1023145563661,42.27097864494225
"10 CORNAUBA STREET EXTENSION, Boston, MA",SAM,-71.12436821893688,42.28120353747061
"13 CORNAUBA STREET, Boston, MA",SAM,-71.12413496000896,42.28122669012527
"14 CORNAUBA STREET, Boston, MA",SAM,-71.12425903822206,42.28129573162814
"19 CORNAUBA STREET, Boston, MA",SAM,-71.124112920363,42.28124551565715
"23 CORNAUBA STREET, Boston, MA",SAM,-71.12409822726569,42.28125806601173
"26 CORNAUBA STREET, Boston, MA",SAM,-71.12421290873054,42.28133513390414
"9 CORNAUBA STREET, Boston, MA",SAM,-71.12414965310626,42.281214139770704
"10 CORNELL STREET, Boston, MA",SAM,-71.12843873102803,42.274776571545935
"102 CORNELL STREET, Boston, MA",SAM,-71.13191443108234,42.27700384471374
"103 CORNELL STREET, Boston, MA",SAM,-71.13183840819909,42.2771073160865
"106 CORNELL STREET, Boston, MA",SAM,-71.13205954639122,42.27710010212617
"108 CORNELL STREET, Boston, MA",SAM,-71.13213210404565,42.27714823083236
"109 CORNELL STREET, Boston, MA",SAM,-71.13206321798087,42.27725643617622
"11 CORNELL STREET, Boston, MA",SAM,-71.12831820388176,42.27485211852637
"114 CORNELL STREET, Boston, MA",SAM,-71.13234977700897,42.27729261695098
"115 CORNELL STREET, Boston, MA",SAM,-71.13228802776267,42.27740555626593
"117 CORNELL STREET, Boston, MA",SAM,-71.13236296435659,42.27745526296251
"118 CORNELL STREET, Boston, MA",SAM,-71.13249489231785,42.277388874363396
"119 CORNELL STREET, Boston, MA",SAM,-71.13243790095053,42.277504969659084
"12 CORNELL STREET, Boston, MA",SAM,-71.12853624648085,42.27483371437198
"122 CORNELL STREET, Boston, MA",SAM,-71.13264000762673,42.277485131775805
"124 CORNELL STREET, Boston, MA",SAM,-71.13271256528118,42.27753326048201
"125 CORNELL STREET, Boston, MA",SAM,-71.13266271073233,42.277654089748786
"127 CORNELL STREET, Boston, MA",SAM,-71.13273516444627,42.27770378768851
"128 CORNELL STREET, Boston, MA",SAM,-71.13285754676178,42.277631636668936
"129 CORNELL STREET, Boston, MA",SAM,-71.13280848779502,42.277754795246885
"133 CORNELL STREET, Boston, MA",SAM,-71.13295513449249,42.27785681036365
"137 CORNELL STREET, Boston, MA",SAM,-71.13310178118999,42.277958825480376
"144 CORNELL STREET, Boston, MA",SAM,-71.1334673364132,42.27805549905574
"147 CORNELL STREET, Boston, MA",SAM,-71.13350882597591,42.278240764819884
"148 CORNELL STREET, Boston, MA",SAM,-71.13360462086978,42.278150178012524
"15 CORNELL STREET, Boston, MA",SAM,-71.12846447706102,42.274937832765445
"155 CORNELL STREET, Boston, MA",SAM,-71.13380300695425,42.2784436482987
"158 CORNELL STREET, Boston, MA",SAM,-71.13394768194836,42.27838669791014
"159 CORNELL STREET, Boston, MA",SAM,-71.13395070279796,42.27854490616021
"16 CORNELL STREET, Boston, MA",SAM,-71.12875560229836,42.27496536546748
"162 CORNELL STREET, Boston, MA",SAM,-71.1340854188419,42.27848101776054
"163 CORNELL STREET, Boston, MA",SAM,-71.13409827804105,42.27864596314278
"166 CORNELL STREET, Boston, MA",SAM,-71.13422315573544,42.27857533761096
"173 CORNELL STREET, Boston, MA",SAM,-71.13446721614874,42.278898605599224
"174 CORNELL STREET, Boston, MA",SAM,-71.13449862952253,42.27876397731179
"177 CORNELL STREET, Boston, MA",SAM,-71.13461479139181,42.2789996625818
"178 CORNELL STREET, Boston, MA",SAM,-71.13463636641606,42.27885829716218
"179 CORNELL STREET, Boston, MA",SAM,-71.13468857901337,42.27905019107308
"181 CORNELL STREET, Boston, MA",SAM,-71.1347623666349,42.279100719564376
"184 CORNELL STREET, Boston, MA",SAM,-71.13484297175637,42.2789997769378
"185 CORNELL STREET, Boston, MA",SAM,-71.13490994187798,42.279201776546955
"187 CORNELL STREET, Boston, MA",SAM,-71.13498372949951,42.27925230503825
"188 CORNELL STREET, Boston, MA",SAM,-71.1349807086499,42.279094096788214
"19 CORNELL STREET, Boston, MA",SAM,-71.1286544726216,42.2750521529809
"190 CORNELL STREET, Boston, MA",SAM,-71.13504957709668,42.279141256713416
"191 CORNELL STREET, Boston, MA",SAM,-71.13513130474259,42.27935336202082
"194 CORNELL STREET, Boston, MA",SAM,-71.1351873139902,42.27923557656384
"195 CORNELL STREET, Boston, MA",SAM,-71.13527887998566,42.279454419003415
"198 CORNELL STREET, Boston, MA",SAM,-71.13532505088375,42.27932989641424
"199 CORNELL STREET, Boston, MA",SAM,-71.13542645522874,42.27955547598597
"20 CORNELL STREET, Boston, MA",SAM,-71.12890320241416,42.27505952916331
"202 CORNELL STREET, Boston, MA",SAM,-71.13546278777729,42.27942421626462
"226 CORNELL STREET, Boston, MA",SAM,-71.13620103812045,42.27990666399841
"23 CORNELL STREET, Boston, MA",SAM,-71.1288069120855,42.27514940401103
"231 CORNELL STREET, Boston, MA",SAM,-71.13634116624854,42.280156779980366
"232 CORNELL STREET, Boston, MA",SAM,-71.13636414327127,42.28001703592973
"233 CORNELL STREET, Boston, MA",SAM,-71.1363937223527,42.28019234426934
"236 CORNELL STREET, Boston, MA",SAM,-71.13647288003847,42.280090617217276
"238 CORNELL STREET, Boston, MA",SAM,-71.13652724842208,42.280127407861045
"239 CORNELL STREET, Boston, MA",SAM,-71.13655139066515,42.28029903713629
"243 CORNELL STREET, Boston, MA",SAM,-71.13665650287346,42.280370165714224
"246 CORNELL STREET, Boston, MA",SAM,-71.1367447219565,42.28027457043612
"247 CORNELL STREET, Boston, MA",SAM,-71.13675873762826,42.28044154085657
"25 CORNELL STREET, Boston, MA",SAM,-71.12888313181743,42.275198029526095
"250 CORNELL STREET, Boston, MA",SAM,-71.13685359772488,42.28035006788572
"251 CORNELL STREET, Boston, MA",SAM,-71.13686149618556,42.28051452825942
"256 CORNELL STREET, Boston, MA",SAM,-71.13701305065862,42.28046332420048
"257 CORNELL STREET, Boston, MA",SAM,-71.1370156340215,42.280624009363684
"261 CORNELL STREET, Boston, MA",SAM,-71.1371183925788,42.28069699676652
"266 CORNELL STREET, Boston, MA",SAM,-71.13733683735803,42.28068709008147
"268 CORNELL STREET, Boston, MA",SAM,-71.13742098173745,42.280737779478116
"275 CORNELL STREET, Boston, MA",SAM,-71.13762457094671,42.281013630644026
"276 CORNELL STREET, Boston, MA",SAM,-71.13775575071098,42.2809470885969
"280 CORNELL STREET, Boston, MA",SAM,-71.137915958146,42.28105539787301
"285 CORNELL STREET, Boston, MA",SAM,-71.13798775075807,42.28125301995431
"29 CORNELL STREET, Boston, MA",SAM,-71.12903557128129,42.2752952805562
"290 CORNELL STREET, Boston, MA",SAM,-71.13824118927263,42.28126125888911
"294 CORNELL STREET, Boston, MA",SAM,-71.13834677658589,42.281327145387415
"298 CORNELL STREET, Boston, MA",SAM,-71.13845236389916,42.28139303188572
"300 CORNELL STREET, Boston, MA",SAM,-71.13850515755577,42.28142597513485
"301 CORNELL STREET, Boston, MA",SAM,-71.13844445184017,42.28153896547093
"304 CORNELL STREET, Boston, MA",SAM,-71.13861018976931,42.281497229106904
"305 CORNELL STREET, Boston, MA",SAM,-71.13855390931958,42.28161558572368
"307 CORNELL STREET, Boston, MA",SAM,-71.13866907823979,42.28169426313336
"312 CORNELL STREET, Boston, MA",SAM,-71.13892888501069,42.281713217077005
"314 CORNELL STREET, Boston, MA",SAM,-71.13900694736581,42.281765258658766
"315 CORNELL STREET, Boston, MA",SAM,-71.13910622742853,42.28198569599122
"317 CORNELL STREET, Boston, MA",SAM,-71.13921551472572,42.28205855420569
"32 CORNELL STREET, Boston, MA",SAM,-71.12934600276161,42.27534202025084
"320 CORNELL STREET, Boston, MA",SAM,-71.1392411344312,42.28192138340405
"324 CORNELL STREET, Boston, MA",SAM,-71.13943407709381,42.28204804237216
"328 CORNELL STREET, Boston, MA",SAM,-71.13957559258992,42.28213758892091
"330 CORNELL STREET, Boston, MA",SAM,-71.13964635033797,42.282182362195286
"334 CORNELL STREET, Boston, MA",SAM,-71.13978786583408,42.28227190874403
"335 CORNELL STREET, Boston, MA",SAM,-71.13985903394904,42.282467728606555
"336 CORNELL STREET, Boston, MA",SAM,-71.13985862358213,42.28231668201842
"337 CORNELL STREET, Boston, MA",SAM,-71.13992473757223,42.28250930378991
"338 CORNELL STREET, Boston, MA",SAM,-71.13992938133018,42.2823614552928
"343 CORNELL STREET, Boston, MA",SAM,-71.14011628862671,42.28263393593205
"344 CORNELL STREET, Boston, MA",SAM,-71.14014165457434,42.28249577511594
"346 CORNELL STREET, Boston, MA",SAM,-71.14021358549775,42.28254423429508
"347 CORNELL STREET, Boston, MA",SAM,-71.14024139509802,42.28272224640219
"35 CORNELL STREET, Boston, MA",SAM,-71.1292642304771,42.27544115710139
"350 CORNELL STREET, Boston, MA",SAM,-71.14034831554375,42.28263933787828
"351 CORNELL STREET, Boston, MA",SAM,-71.140637546401,42.28298601291511
"353 CORNELL STREET, Boston, MA",SAM,-71.14074991550255,42.28306234133472
"354 CORNELL STREET, Boston, MA",SAM,-71.1406004017297,42.28280806250614
"355 CORNELL STREET, Boston, MA",SAM,-71.14080689094023,42.28310222415002
"357 CORNELL STREET, Boston, MA",SAM,-71.14086386637791,42.283142106965336
"36 CORNELL STREET, Boston, MA",SAM,-71.12949360287745,42.27543618394667
"361 CORNELL STREET, Boston, MA",SAM,-71.14097781725323,42.28322187259594
"37 CORNELL STREET, Boston, MA",SAM,-71.12934045020906,42.27548978261646
"372 CORNELL STREET, Boston, MA",SAM,-71.14103584050449,42.283104734090394
"38 CORNELL STREET, Boston, MA",SAM,-71.12956740293535,42.27548326579459
"381 CORNELL STREET, Boston, MA",SAM,-71.14158716135212,42.283641550413975
"385 CORNELL STREET, Boston, MA",SAM,-71.14169332987032,42.28371072082771
"39 CORNELL STREET, Boston, MA",SAM,-71.129416669941,42.275538408131524
"395 CORNELL STREET, Boston, MA",SAM,-71.14215733232456,42.28400364207573
"41 CORNELL STREET, Boston, MA",SAM,-71.12949288967295,42.27558703364659
"42 CORNELL STREET, Boston, MA",SAM,-71.12971500305116,42.27557742949042
"45 CORNELL STREET, Boston, MA",SAM,-71.1296453291368,42.27568428467671
"48 CORNELL STREET, Boston, MA",SAM,-71.12993640322489,42.27571867503418
"52 CORNELL STREET, Boston, MA",SAM,-71.1300840033407,42.275812838730026
"53 CORNELL STREET, Boston, MA",SAM,-71.12995020806456,42.27587878673696
"56 CORNELL STREET, Boston, MA",SAM,-71.13023160345652,42.27590700242583
"57 CORNELL STREET, Boston, MA",SAM,-71.13010264752845,42.27597603776709
"60 CORNELL STREET, Boston, MA",SAM,-71.13037920357236,42.27600116612166
"61 CORNELL STREET, Boston, MA",SAM,-71.13025508699232,42.276073288797186
"64 CORNELL STREET, Boston, MA",SAM,-71.13052680368816,42.27609532981751
"65 CORNELL STREET, Boston, MA",SAM,-71.13040752645621,42.27617053982734
"68 CORNELL STREET, Boston, MA",SAM,-71.13067440380398,42.27618949351335
"7 CORNELL STREET, Boston, MA",SAM,-71.12817193070254,42.27476640428731
"75 CORNELL STREET, Boston, MA",SAM,-71.1307886251159,42.27641366740264
"76 CORNELL STREET, Boston, MA",SAM,-71.13096960403561,42.27637782090501
"77 CORNELL STREET, Boston, MA",SAM,-71.13086484484784,42.27646229291769
"8 CORNELL STREET, Boston, MA",SAM,-71.12834121557519,42.27471942871987
"80 CORNELL STREET, Boston, MA",SAM,-71.13111629688349,42.27647442894549
"82 CORNELL STREET, Boston, MA",SAM,-71.13118885453791,42.276522557651695
"83 CORNELL STREET, Boston, MA",SAM,-71.13108904225979,42.27661024912077
"85 CORNELL STREET, Boston, MA",SAM,-71.1311639788537,42.27665995581733
"87 CORNELL STREET, Boston, MA",SAM,-71.13123891544763,42.27670966251391
"91 CORNELL STREET, Boston, MA",SAM,-71.13138878863549,42.276809075907046
"93 CORNELL STREET, Boston, MA",SAM,-71.13146372522942,42.27685878260363
"95 CORNELL STREET, Boston, MA",SAM,-71.13153866182336,42.2769084893002
"99 CORNELL STREET, Boston, MA",SAM,-71.13168853501121,42.27700790269335
"11 CORNWALL STREET, Boston, MA",SAM,-71.10287348467715,42.31166292656686
"15 CORNWALL STREET, Boston, MA",SAM,-71.10298558580783,42.31171029325308
"18 CORNWALL STREET, Boston, MA",SAM,-71.10317456342034,42.3116581646289
"25 CORNWALL STREET, Boston, MA",SAM,-71.103362190969,42.31184980273508
"29 CORNWALL STREET, Boston, MA",SAM,-71.10348078256646,42.31188789055718
"33 CORNWALL STREET, Boston, MA",SAM,-71.10359937416393,42.311925978379264
"62 CORNWALL STREET, Boston, MA",SAM,-71.10454944732957,42.312133935538114
"8 CORNWALL STREET, Boston, MA",SAM,-71.10285927899025,42.31152494582391
"9 CORNWALL STREET, Boston, MA",SAM,-71.10281743411178,42.31163924322375
"10 CORONA STREET, Boston, MA",SAM,-71.07156819565377,42.30084132018164
"11 CORONA STREET, Boston, MA",SAM,-71.07144172235701,42.30075099417789
"14 CORONA STREET, Boston, MA",SAM,-71.07137038236995,42.3008882788242
"16 CORONA STREET, Boston, MA",SAM,-71.07127147572804,42.30091175814547
"19 CORONA STREET, Boston, MA",SAM,-71.0710619208521,42.30084115477162
"20 CORONA STREET, Boston, MA",SAM,-71.07107366244423,42.300958716788045
"21 CORONA STREET, Boston, MA",SAM,-71.07096697047588,42.300863694920054
"23 CORONA STREET, Boston, MA",SAM,-71.07087202009964,42.300886235068475
"26 CORONA STREET, Boston, MA",SAM,-71.07077694251853,42.30102915475187
"27 CORONA STREET, Boston, MA",SAM,-71.0706821193472,42.30093131536534
"28 CORONA STREET, Boston, MA",SAM,-71.07067803587663,42.30105263407316
"31 CORONA STREET, Boston, MA",SAM,-71.07049221859475,42.30097639566218
"33 CORONA STREET, Boston, MA",SAM,-71.07039551072272,42.30100170890086
"34 CORONA STREET, Boston, MA",SAM,-71.07038579639787,42.30112619718707
"37 CORONA STREET, Boston, MA",SAM,-71.07020800132163,42.301051969152866
"38 CORONA STREET, Boston, MA",SAM,-71.07019047410508,42.301178551616246
"39 CORONA STREET, Boston, MA",SAM,-71.07011424662109,42.301077099278885
"42 CORONA STREET, Boston, MA",SAM,-71.0699938844871,42.3012303181008
"46 CORONA STREET, Boston, MA",SAM,-71.06979772824918,42.30128093906541
"49 CORONA STREET, Boston, MA",SAM,-71.06964468594873,42.30119906731596
"5 CORONA STREET, Boston, MA",SAM,-71.0717265734857,42.300683373732625
"50 CORONA STREET, Boston, MA",SAM,-71.06960157201125,42.30133156003001
"52 CORONA STREET, Boston, MA",SAM,-71.06945917335638,42.30137062969934
"55 CORONA STREET, Boston, MA",SAM,-71.06936089451034,42.301276083083906
"56 CORONA STREET, Boston, MA",SAM,-71.06937603629416,42.30139481502681
"57 CORONA STREET, Boston, MA",SAM,-71.06931932597924,42.30128817574763
"60 CORONA STREET, Boston, MA",SAM,-71.06929289923194,42.30141900035428
"61 CORONA STREET, Boston, MA",SAM,-71.069236188917,42.301312361075084
"65 CORONA STREET, Boston, MA",SAM,-71.06915305185476,42.30133654640259
"68 CORONA STREET, Boston, MA",SAM,-71.06912662510747,42.30146737100922
"74 CORONA STREET, Boston, MA",SAM,-71.06900191951414,42.30150364900043
"9 CORONA STREET, Boston, MA",SAM,-71.07153667273325,42.300728454029475
"12 CORONADO ROAD, Boston, MA",SAM,-71.10332346485846,42.262873628047714
"15 CORONADO ROAD, Boston, MA",SAM,-71.10343501570307,42.262959627509694
"16 CORONADO ROAD, Boston, MA",SAM,-71.10336575923426,42.26285710680663
"19 CORONADO ROAD, Boston, MA",SAM,-71.10347644692833,42.2629434434368
"8 CORONADO ROAD, Boston, MA",SAM,-71.10328117048267,42.262890149288815
"9 CORONADO ROAD, Boston, MA",SAM,-71.10337286886518,42.262983903619066
"11 CORTES STREET, Boston, MA",SAM,-71.06958570062108,42.34829112020335
"15 CORTES STREET, Boston, MA",SAM,-71.06958358549525,42.348296436037394
"17 CORTES STREET, Boston, MA",SAM,-71.06962549174584,42.348304400057394
"7 CORTES STREET, Boston, MA",SAM,-71.06952607235041,42.34834359308421
"9 CORTES STREET, Boston, MA",SAM,-71.06955588648574,42.34831735664378
"10 CORWIN STREET, Boston, MA",SAM,-71.06204538985901,42.30173831358036
"12 CORWIN STREET, Boston, MA",SAM,-71.06205214299584,42.30174938872756
"15 CORWIN STREET, Boston, MA",SAM,-71.0619234483007,42.30181706646968
"17 CORWIN STREET, Boston, MA",SAM,-71.0619300636184,42.30182791559347
"5 CORWIN STREET, Boston, MA",SAM,-71.0618903717121,42.301762820850726
"6 CORWIN STREET, Boston, MA",SAM,-71.0620318835853,42.30171616328597
"8 CORWIN STREET, Boston, MA",SAM,-71.06203863672215,42.30172723843316
"9 CORWIN STREET, Boston, MA",SAM,-71.06190360234754,42.30178451909829
"2 COTTAGE COURT, Boston, MA",SAM,-71.07633038129289,42.319755072400476
"3 COTTAGE COURT, Boston, MA",SAM,-71.07617531765983,42.319760844913766
"4 COTTAGE COURT, Boston, MA",SAM,-71.07632933095938,42.31974807017336
"12 COTTAGE PLACE, Boston, MA",SAM,-71.13040273518905,42.253156654923195
"14 COTTAGE PLACE, Boston, MA",SAM,-71.13041243447286,42.253147837392035
"9 COTTAGE PLACE, Boston, MA",SAM,-71.13051229881694,42.25323854350301
"13 COTTAGE ROAD, Boston, MA",SAM,-71.16258450988623,42.26685005196893
"145 COTTAGE ROAD, Boston, MA",SAM,-71.16044146291152,42.265377511990714
"15 COTTAGE ROAD, Boston, MA",SAM,-71.16254026886955,42.26685005196751
"151 COTTAGE ROAD, Boston, MA",SAM,-71.15878373439807,42.26403636467863
"156 COTTAGE ROAD, Boston, MA",SAM,-71.15836421840818,42.26387430298215
"180 COTTAGE ROAD, Boston, MA",SAM,-71.15812827229223,42.263364725125136
"182 COTTAGE ROAD, Boston, MA",SAM,-71.15820016986393,42.26326625657502
"19 COTTAGE ROAD, Boston, MA",SAM,-71.16245178683614,42.266850051964674
"221 COTTAGE ROAD, Boston, MA",SAM,-71.15935681476996,42.26244205936223
"227 COTTAGE ROAD, Boston, MA",SAM,-71.15941919843394,42.26239579731689
"231 COTTAGE ROAD, Boston, MA",SAM,-71.15954884542445,42.26229143626599
"241 COTTAGE ROAD, Boston, MA",SAM,-71.15986007287893,42.26201098953482
"245 COTTAGE ROAD, Boston, MA",SAM,-71.15996388120875,42.261913978969936
"251 COTTAGE ROAD, Boston, MA",SAM,-71.1599817531232,42.26189672332756
"29 COTTAGE ROAD, Boston, MA",SAM,-71.16226027784695,42.26685194198137
"35 COTTAGE ROAD, Boston, MA",SAM,-71.16218108001242,42.26681894097018
"40 COTTAGE ROAD, Boston, MA",SAM,-71.16181687934535,42.266670058509014
"46 COTTAGE ROAD, Boston, MA",SAM,-71.16170226456404,42.26656861642644
"51 COTTAGE ROAD, Boston, MA",SAM,-71.16195722381708,42.26661607124741
"55 COTTAGE ROAD, Boston, MA",SAM,-71.16190027237822,42.26656495594284
"56 COTTAGE ROAD, Boston, MA",SAM,-71.16150969337461,42.26639882243626
"57 COTTAGE ROAD, Boston, MA",SAM,-71.16187183109484,42.26653987867658
"66 COTTAGE ROAD, Boston, MA",SAM,-71.16131597996129,42.26623311484872
"71 COTTAGE ROAD, Boston, MA",SAM,-71.16167274211132,42.266364337812895
"10 COTTAGE STREET, Boston, MA",SAM,-71.05337096979343,42.33372080631778
"100 COTTAGE STREET, Boston, MA",SAM,-71.03504526120835,42.36807083591645
"101 COTTAGE STREET, Boston, MA",SAM,-71.03487154466154,42.36806057457223
"102 COTTAGE STREET, Boston, MA",SAM,-71.03501449199312,42.36810764395118
"103 COTTAGE STREET, Boston, MA",SAM,-71.03484297324738,42.36809475346165
"113 COTTAGE STREET, Boston, MA",SAM,-71.03464441734565,42.368314867533115
"114 COTTAGE STREET, Boston, MA",SAM,-71.03476006597897,42.368391225503565
"117 COTTAGE STREET, Boston, MA",SAM,-71.03449140073687,42.36844137367214
"119 COTTAGE STREET, Boston, MA",SAM,-71.03441489243252,42.36850462674167
"12 COTTAGE STREET, Boston, MA",SAM,-71.05338544654974,42.33371115514642
"123 COTTAGE STREET, Boston, MA",SAM,-71.03426187582376,42.368631132880694
"127 COTTAGE STREET, Boston, MA",SAM,-71.03410885921501,42.368757639019734
"129 COTTAGE STREET, Boston, MA",SAM,-71.03403235091064,42.36882089208924
"131 COTTAGE STREET, Boston, MA",SAM,-71.03395584260625,42.36888414515876
"133 COTTAGE STREET, Boston, MA",SAM,-71.03387933430189,42.36894739822828
"135 COTTAGE STREET, Boston, MA",SAM,-71.03380282599751,42.369010651297785
"137 COTTAGE STREET, Boston, MA",SAM,-71.03372631769312,42.36907390436731
"139 COTTAGE STREET, Boston, MA",SAM,-71.03364980938878,42.36913715743682
"14 COTTAGE STREET, Boston, MA",SAM,-71.05339992330605,42.33370150397504
"149 COTTAGE STREET, Boston, MA",SAM,-71.03326726786688,42.36945342278441
"15 COTTAGE STREET, Boston, MA",SAM,-71.05351614712129,42.33377832874536
"151 COTTAGE STREET, Boston, MA",SAM,-71.03316399036873,42.369539761476396
"152 COTTAGE STREET, Boston, MA",SAM,-71.0332807768638,42.36961517000373
"154 COTTAGE STREET, Boston, MA",SAM,-71.03326377426018,42.36962954333949
"155 COTTAGE STREET, Boston, MA",SAM,-71.03306055786334,42.36962719926898
"156 COTTAGE STREET, Boston, MA",SAM,-71.03324677165654,42.36964391667526
"157 COTTAGE STREET, Boston, MA",SAM,-71.03300884161064,42.36967091816528
"158 COTTAGE STREET, Boston, MA",SAM,-71.03322976905292,42.36965829001103
"159 COTTAGE STREET, Boston, MA",SAM,-71.03295712535794,42.36971463706159
"16 COTTAGE STREET, Boston, MA",SAM,-71.05341440006234,42.33369185280368
"161 COTTAGE STREET, Boston, MA",SAM,-71.03290540910524,42.36975835595786
"163 COTTAGE STREET, Boston, MA",SAM,-71.03285369285253,42.36980207485418
"165 COTTAGE STREET, Boston, MA",SAM,-71.03280197659984,42.36984579375048
"167 COTTAGE STREET, Boston, MA",SAM,-71.03275026034713,42.36988951264678
"168 COTTAGE STREET, Boston, MA",SAM,-71.03314475603477,42.369730156689876
"17 COTTAGE STREET, Boston, MA",SAM,-71.0535303284336,42.33376887453666
"170 COTTAGE STREET, Boston, MA",SAM,-71.03312775343115,42.369744530025656
"172 COTTAGE STREET, Boston, MA",SAM,-71.03311075082753,42.369758903361415
"174 COTTAGE STREET, Boston, MA",SAM,-71.03309374822389,42.36977327669721
"18 COTTAGE STREET, Boston, MA",SAM,-71.05342887681864,42.33368220163233
"182 COTTAGE STREET, Boston, MA",SAM,-71.0330257378094,42.36983077004027
"184 COTTAGE STREET, Boston, MA",SAM,-71.03300873520577,42.369845143376025
"186 COTTAGE STREET, Boston, MA",SAM,-71.03299173260214,42.3698595167118
"190 COTTAGE STREET, Boston, MA",SAM,-71.03295772739487,42.36988826338334
"192 COTTAGE STREET, Boston, MA",SAM,-71.03294072479125,42.36990263671911
"2 COTTAGE STREET, Boston, MA",SAM,-71.05331306276824,42.33375941100325
"31 COTTAGE STREET, Boston, MA",SAM,-71.05362959761965,42.33370269507586
"32 COTTAGE STREET, Boston, MA",SAM,-71.05353021411274,42.333614643432746
"33 COTTAGE STREET, Boston, MA",SAM,-71.05364377893194,42.33369324086719
"34 COTTAGE STREET, Boston, MA",SAM,-71.05354469086906,42.333604992261385
"35 COTTAGE STREET, Boston, MA",SAM,-71.05365796024425,42.3336837866585
"36 COTTAGE STREET, Boston, MA",SAM,-71.05355916762534,42.33359534109003
"37 COTTAGE STREET, Boston, MA",SAM,-71.05367214155655,42.3336743324498
"38 COTTAGE STREET, Boston, MA",SAM,-71.05357364438164,42.33358568991866
"39 COTTAGE STREET, Boston, MA",SAM,-71.05368632286884,42.33366487824114
"42 COTTAGE STREET, Boston, MA",SAM,-71.05360259789425,42.333566387575914
"43 COTTAGE STREET, Boston, MA",SAM,-71.05371468549342,42.33364596982377
"44 COTTAGE STREET, Boston, MA",SAM,-71.05361707465055,42.33355673640455
"47 COTTAGE STREET, Boston, MA",SAM,-71.05374304811801,42.333627061406396
"49 COTTAGE STREET, Boston, MA",SAM,-71.0537572294303,42.3336176071977
"59 COTTAGE STREET, Boston, MA",SAM,-71.05382813599176,42.33357033615429
"64 COTTAGE STREET, Boston, MA",SAM,-71.05376184221355,42.3334602246909
"66 COTTAGE STREET, Boston, MA",SAM,-71.05377631896985,42.333450573519535
"67 COTTAGE STREET, Boston, MA",SAM,-71.05388486124095,42.33353251931955
"69 COTTAGE STREET, Boston, MA",SAM,-71.05389904255324,42.33352306511085
"70 COTTAGE STREET, Boston, MA",SAM,-71.05380527248248,42.333431271176806
"72 COTTAGE STREET, Boston, MA",SAM,-71.05381974923876,42.33342162000543
"76 COTTAGE STREET, Boston, MA",SAM,-71.05384870275137,42.333402317662696
"78 COTTAGE STREET, Boston, MA",SAM,-71.05386317950766,42.333392666491356
"79 COTTAGE STREET, Boston, MA",SAM,-71.05396994911473,42.333475794067425
"80 COTTAGE STREET, Boston, MA",SAM,-71.05387765626396,42.33338301531997
"86 COTTAGE STREET, Boston, MA",SAM,-71.05392108653287,42.33335406180586
"87 COTTAGE STREET, Boston, MA",SAM,-71.0540266743639,42.33343797723269
"88 COTTAGE STREET, Boston, MA",SAM,-71.05393556328916,42.333344410634496
"89 COTTAGE STREET, Boston, MA",SAM,-71.0540408556762,42.33342852302399
"93 COTTAGE STREET, Boston, MA",SAM,-71.05406921830078,42.33340961460663
"95 COTTAGE STREET, Boston, MA",SAM,-71.05408339961308,42.333400160397936
"96 COTTAGE STREET, Boston, MA",SAM,-71.05399347031437,42.33330580594903
"99 COTTAGE STREET, Boston, MA",SAM,-71.05411176223767,42.333381251980576
"1 COTTAGE STREET, Boston, MA",SAM,-71.05341687793525,42.333844508206134
"3 COTTAGE STREET, Boston, MA",SAM,-71.05343105924754,42.33383505399746
"7 COTTAGE STREET, Boston, MA",SAM,-71.05345942187212,42.333816145580094
"11 COTTAGE STREET, Boston, MA",SAM,-71.05348778449671,42.33379723716272
"120 COTTAGE STREET, Boston, MA",SAM,-71.03453054106585,42.36858098471211
"153 COTTAGE STREET, Boston, MA",SAM,-71.03311227411602,42.3695834803727
"187 COTTAGE STREET, Boston, MA",SAM,-71.03223309782011,42.370326701609756
"19 COTTAGE STREET, Boston, MA",SAM,-71.05354450974588,42.33375942032797
"199 COTTAGE STREET, Boston, MA",SAM,-71.03192280030392,42.370589014987544
"20 COTTAGE STREET, Boston, MA",SAM,-71.05344335357495,42.333672550460946
"205 COTTAGE STREET, Boston, MA",SAM,-71.06063051748396,42.319650785043535
"209 COTTAGE STREET, Boston, MA",SAM,-71.06056791462616,42.3196003289976
"21 COTTAGE STREET, Boston, MA",SAM,-71.05355869105817,42.33374996611929
"211 COTTAGE STREET, Boston, MA",SAM,-71.06053661319729,42.31957510097462
"218 COTTAGE STREET, Boston, MA",SAM,-71.03271969094409,42.370089490084105
"22 COTTAGE STREET, Boston, MA",SAM,-71.05345783033124,42.33366289928957
"222 COTTAGE STREET, Boston, MA",SAM,-71.03268568573684,42.370118236755644
"226 COTTAGE STREET, Boston, MA",SAM,-71.0326516805296,42.37014698342717
"23 COTTAGE STREET, Boston, MA",SAM,-71.05357287237047,42.33374051191061
"24 COTTAGE STREET, Boston, MA",SAM,-71.05347230708755,42.33365324811821
"25 COTTAGE STREET, Boston, MA",SAM,-71.05358705368276,42.333731057701925
"252 COTTAGE STREET, Boston, MA",SAM,-71.03243064668243,42.370333836792184
"253 COTTAGE STREET, Boston, MA",SAM,-71.05816017175319,42.31854768823088
"254 COTTAGE STREET, Boston, MA",SAM,-71.0324136440788,42.37034821012795
"256 COTTAGE STREET, Boston, MA",SAM,-71.03239664147517,42.3703625834637
"257 COTTAGE STREET, Boston, MA",SAM,-71.05804595814878,42.318526080244816
"258 COTTAGE STREET, Boston, MA",SAM,-71.03237963887153,42.370376956799504
"260 COTTAGE STREET, Boston, MA",SAM,-71.03236263626792,42.37039133013527
"261 COTTAGE STREET, Boston, MA",SAM,-71.05793174454436,42.318504472258745
"263 COTTAGE STREET, Boston, MA",SAM,-71.05787463774213,42.31849366826568
"264 COTTAGE STREET, Boston, MA",SAM,-71.03232863106066,42.3704200768068
"265 COTTAGE STREET, Boston, MA",SAM,-71.05781753093994,42.31848286427266
"266 COTTAGE STREET, Boston, MA",SAM,-71.03231162845704,42.37043445014256
"267 COTTAGE STREET, Boston, MA",SAM,-71.05776042413774,42.31847206027963
"268 COTTAGE STREET, Boston, MA",SAM,-71.03229462585341,42.37044882347834
"269 COTTAGE STREET, Boston, MA",SAM,-71.05770331733551,42.31846125628659
"272 COTTAGE STREET, Boston, MA",SAM,-71.03226062064616,42.37047757014988
"274 COTTAGE STREET, Boston, MA",SAM,-71.03224361804253,42.37049194348566
"276 COTTAGE STREET, Boston, MA",SAM,-71.03222661543889,42.37050631682143
"278 COTTAGE STREET, Boston, MA",SAM,-71.03220961283527,42.37052069015718
"29 COTTAGE STREET, Boston, MA",SAM,-71.05361541630735,42.33371214928456
"30 COTTAGE STREET, Boston, MA",SAM,-71.05351573735643,42.333624294604114
"50 COTTAGE STREET, Boston, MA",SAM,-71.05366050491945,42.333527782890464
"54 COTTAGE STREET, Boston, MA",SAM,-71.05368945843206,42.333508480547735
"56 COTTAGE STREET, Boston, MA",SAM,-71.05370393518834,42.33349882937637
"74 COTTAGE STREET, Boston, MA",SAM,-71.05383422599506,42.333411968834056
"83 COTTAGE STREET, Boston, MA",SAM,-71.0539983117393,42.33345688565006
"9 COTTAGE STREET, Boston, MA",SAM,-71.05347360318441,42.33380669137141
"94 COTTAGE STREET, Boston, MA",SAM,-71.05397899355808,42.333315457120406
"98 COTTAGE STREET, Boston, MA",SAM,-71.05400794707066,42.33329615477767
"27 COTTAGE STREET, Boston, MA",SAM,-71.05360123499506,42.33372160349323
"28 COTTAGE STREET, Boston, MA",SAM,-71.05350126060014,42.33363394577548
"4 COTTAGE STREET, Boston, MA",SAM,-71.05332753952455,42.333749759831875
"46 COTTAGE STREET, Boston, MA",SAM,-71.05363155140684,42.3335470852332
"53 COTTAGE STREET, Boston, MA",SAM,-71.0537855920549,42.33359869878033
"71 COTTAGE STREET, Boston, MA",SAM,-71.05391322386555,42.33351361090216
"73 COTTAGE STREET, Boston, MA",SAM,-71.05392740517784,42.33350415669348
"75 COTTAGE STREET, Boston, MA",SAM,-71.05394158649014,42.333494702484785
"77 COTTAGE STREET, Boston, MA",SAM,-71.05395576780244,42.33348524827612
"81 COTTAGE STREET, Boston, MA",SAM,-71.05398413042701,42.333466339858745
"84 COTTAGE STREET, Boston, MA",SAM,-71.05390660977658,42.33336371297723
"90 COTTAGE STREET, Boston, MA",SAM,-71.05395004004548,42.33333475946315
"11 COTTON STREET, Boston, MA",SAM,-71.12877544331249,42.29073366373629
"12 COTTON STREET, Boston, MA",SAM,-71.12888687081741,42.290653950205915
"15 COTTON STREET, Boston, MA",SAM,-71.12885320917528,42.29078898711416
"16 COTTON STREET, Boston, MA",SAM,-71.12896625680234,42.290710426154156
"19 COTTON STREET, Boston, MA",SAM,-71.12893097503806,42.29084431049201
"20 COTTON STREET, Boston, MA",SAM,-71.12904564278726,42.29076690210238
"24 COTTON STREET, Boston, MA",SAM,-71.12912502877218,42.290823378050625
"25 COTTON STREET, Boston, MA",SAM,-71.12904762383222,42.290927295558824
"27 COTTON STREET, Boston, MA",SAM,-71.12908650676363,42.290954957247735
"28 COTTON STREET, Boston, MA",SAM,-71.1292044147571,42.290879853998845
"31 COTTON STREET, Boston, MA",SAM,-71.12916427262641,42.2910102806256
"32 COTTON STREET, Boston, MA",SAM,-71.12928380074202,42.290936329947094
"35 COTTON STREET, Boston, MA",SAM,-71.12924203848918,42.29106560400346
"36 COTTON STREET, Boston, MA",SAM,-71.12936318672696,42.2909928058953
"39 COTTON STREET, Boston, MA",SAM,-71.12931980435197,42.291120927381336
"4 COTTON STREET, Boston, MA",SAM,-71.12872809884756,42.29054099830944
"40 COTTON STREET, Boston, MA",SAM,-71.12944257271187,42.29104928184353
"43 COTTON STREET, Boston, MA",SAM,-71.12939757021476,42.291176250759186
"44 COTTON STREET, Boston, MA",SAM,-71.1295219586968,42.29110575779177
"45 COTTON STREET, Boston, MA",SAM,-71.12943645314614,42.291203912448125
"51 COTTON STREET, Boston, MA",SAM,-71.12955310194032,42.291286897514915
"8 COTTON STREET, Boston, MA",SAM,-71.12880748483249,42.29059747425769
"7 COTTRELL STREET, Boston, MA",SAM,-71.05505159241193,42.32174028068373
"11 COTUIT STREET, Boston, MA",SAM,-71.1697211578473,42.28346591989412
"12 COTUIT STREET, Boston, MA",SAM,-71.1696591683763,42.28336087990833
"17 COTUIT STREET, Boston, MA",SAM,-71.16980456740971,42.283437450761355
"20 COTUIT STREET, Boston, MA",SAM,-71.16977269805845,42.283322130255414
"25 COTUIT STREET, Boston, MA",SAM,-71.16991578015957,42.2833994919177
"28 COTUIT STREET, Boston, MA",SAM,-71.16988622774059,42.28328338060248
"29 COTUIT STREET, Boston, MA",SAM,-71.16997138653451,42.28338051249584
"32 COTUIT STREET, Boston, MA",SAM,-71.16994299258167,42.283264005776026
"33 COTUIT STREET, Boston, MA",SAM,-71.17002699290943,42.28336153307401
"36 COTUIT STREET, Boston, MA",SAM,-71.16999975742274,42.28324463094956
"37 COTUIT STREET, Boston, MA",SAM,-71.17008259928436,42.283342553652176
"40 COTUIT STREET, Boston, MA",SAM,-71.1700565222638,42.2832252561231
"41 COTUIT STREET, Boston, MA",SAM,-71.1701382056593,42.283323574230344
"5 COTUIT STREET, Boston, MA",SAM,-71.16963774828491,42.283494389026885
"7 COTUIT STREET, Boston, MA",SAM,-71.16966555147239,42.28348489931596
"8 COTUIT STREET, Boston, MA",SAM,-71.16960240353524,42.28338025473477
"11 COUNTRYSIDE DRIVE, Boston, MA",SAM,-71.07705047708816,42.27690711619618
"12 COUNTRYSIDE DRIVE, Boston, MA",SAM,-71.07691678728972,42.27684922315016
"15 COUNTRYSIDE DRIVE, Boston, MA",SAM,-71.07707895161224,42.2768694422091
"16 COUNTRYSIDE DRIVE, Boston, MA",SAM,-71.07694585503305,42.27681076428835
"19 COUNTRYSIDE DRIVE, Boston, MA",SAM,-71.07710742613631,42.276831768222024
"20 COUNTRYSIDE DRIVE, Boston, MA",SAM,-71.07697492277636,42.27677230542653
"23 COUNTRYSIDE DRIVE, Boston, MA",SAM,-71.07713590066034,42.27679409423493
"24 COUNTRYSIDE DRIVE, Boston, MA",SAM,-71.07700399051967,42.27673384656473
"27 COUNTRYSIDE DRIVE, Boston, MA",SAM,-71.07716437518441,42.27675642024785
"28 COUNTRYSIDE DRIVE, Boston, MA",SAM,-71.077033058263,42.27669538770293
"3 COUNTRYSIDE DRIVE, Boston, MA",SAM,-71.07699352804003,42.276982464170345
"4 COUNTRYSIDE DRIVE, Boston, MA",SAM,-71.07685865180311,42.27692614087379
"7 COUNTRYSIDE DRIVE, Boston, MA",SAM,-71.07702200256409,42.276944790183265
"8 COUNTRYSIDE DRIVE, Boston, MA",SAM,-71.07688771954642,42.27688768201198
"15 COURT SQUARE, Boston, MA",SAM,-71.05872752792985,42.35855576826302
"1 COURT STREET, Boston, MA",SAM,-71.05787503602394,42.35898435983273
"17 COURT STREET, Boston, MA",SAM,-71.058308919233,42.35903717926244
"25 COURT STREET, Boston, MA",SAM,-71.05863755595689,42.35911450510829
"40 COURT STREET, Boston, MA",SAM,-71.05930137944675,42.359164350752714
"63 COURT STREET, Boston, MA",SAM,-71.05928119005912,42.359282442624064
"10 COURTLAND ROAD, Boston, MA",SAM,-71.09371933435126,42.286365171207436
"11 COURTLAND ROAD, Boston, MA",SAM,-71.09379211364913,42.286469211837485
"12 COURTLAND ROAD, Boston, MA",SAM,-71.09375465574902,42.28635798719457
"15 COURTLAND ROAD, Boston, MA",SAM,-71.0938582830932,42.28645767266496
"22 COURTLAND ROAD, Boston, MA",SAM,-71.0939369007808,42.28632727839501
"30 COURTLAND ROAD, Boston, MA",SAM,-71.09407990896327,42.286303662366414
"328 COURTLAND ROAD, Boston, MA",SAM,,
"33 COURTLAND ROAD, Boston, MA",SAM,-71.09417348480152,42.2864056210101
"35 COURTLAND ROAD, Boston, MA",SAM,-71.09420850721355,42.28639983749289
"5 COURTLAND ROAD, Boston, MA",SAM,-71.09368831199038,42.286490324038596
"6 COURTLAND ROAD, Boston, MA",SAM,-71.09364869155571,42.28637953923321
"7 COURTLAND ROAD, Boston, MA",SAM,-71.09372291254329,42.28648328663822
"9 COURTLAND ROAD, Boston, MA",SAM,-71.09375751309622,42.28647624923786
"1 COURTNEY ROAD, Boston, MA",SAM,-71.15211430903497,42.294448236920424
"11 COURTNEY ROAD, Boston, MA",SAM,-71.15000597063107,42.29494325763823
"12 COURTNEY ROAD, Boston, MA",SAM,-71.14971285368432,42.29510666892107
"15 COURTNEY ROAD, Boston, MA",SAM,-71.14987777049639,42.294963482594355
"16 COURTNEY ROAD, Boston, MA",SAM,-71.14949589961024,42.295140895769904
"19 COURTNEY ROAD, Boston, MA",SAM,-71.14974957036172,42.29498370755048
"20 COURTNEY ROAD, Boston, MA",SAM,-71.14927894553618,42.295175122618744
"23 COURTNEY ROAD, Boston, MA",SAM,-71.14962137022704,42.29500393250662
"27 COURTNEY ROAD, Boston, MA",SAM,-71.14949317009237,42.295024157462755
"28 COURTNEY ROAD, Boston, MA",SAM,-71.14884503738806,42.29524357631642
"3 COURTNEY ROAD, Boston, MA",SAM,-71.15210716984998,42.29457674213334
"31 COURTNEY ROAD, Boston, MA",SAM,-71.1493649699577,42.29504438241887
"32 COURTNEY ROAD, Boston, MA",SAM,-71.148628083314,42.295277803165256
"35 COURTNEY ROAD, Boston, MA",SAM,-71.14923676982302,42.295064607375
"36 COURTNEY ROAD, Boston, MA",SAM,-71.14841112923995,42.29531203001409
"4 COURTNEY ROAD, Boston, MA",SAM,-71.1501888460659,42.295032490519375
"40 COURTNEY ROAD, Boston, MA",SAM,-71.14819520943503,42.29534720524384
"43 COURTNEY ROAD, Boston, MA",SAM,-71.14898036955366,42.29510505728727
"47 COURTNEY ROAD, Boston, MA",SAM,-71.148852169419,42.29512528224339
"48 COURTNEY ROAD, Boston, MA",SAM,-71.14775889657507,42.29541669871819
"5 COURTNEY ROAD, Boston, MA",SAM,,
"52 COURTNEY ROAD, Boston, MA",SAM,-71.14754084412024,42.295446869495045
"56 COURTNEY ROAD, Boston, MA",SAM,-71.14732279166543,42.29547704027189
"6 COURTNEY ROAD, Boston, MA",SAM,-71.15003828479541,42.29505532864781
"7 COURTNEY ROAD, Boston, MA",SAM,-71.15093391985089,42.294807193358736
"70 COURTNEY ROAD, Boston, MA",SAM,-71.14685244073374,42.29554438504826
"8 COURTNEY ROAD, Boston, MA",SAM,-71.14992980775837,42.29507244207225
"8 COVENTRY STREET, Boston, MA",SAM,-71.08567049742179,42.33676629498607
"29 COVINGTON STREET, Boston, MA",SAM,-71.0461184536053,42.33142796938641
"30 COVINGTON STREET, Boston, MA",SAM,-71.04627149222792,42.33132282270399
"32 COVINGTON STREET, Boston, MA",SAM,-71.04627169334807,42.33133348210634
"33 COVINGTON STREET, Boston, MA",SAM,-71.04611873271081,42.33144276202641
"34 COVINGTON STREET, Boston, MA",SAM,-71.04627189446823,42.33134414150868
"36 COVINGTON STREET, Boston, MA",SAM,-71.04627209558836,42.331354800911015
"8 COVINGTON STREET, Boston, MA",SAM,-71.0462473296796,42.33065863728882
"10 COWING STREET, Boston, MA",SAM,-71.14590497432467,42.27229852931133
"100 COWING STREET, Boston, MA",SAM,-71.14914172934445,42.274443244721944
"102 COWING STREET, Boston, MA",SAM,-71.14915984898684,42.27445655711525
"108 COWING STREET, Boston, MA",SAM,-71.14921636827312,42.27450603693501
"112 COWING STREET, Boston, MA",SAM,-71.149247068816,42.27453623419717
"18 COWING STREET, Boston, MA",SAM,-71.14616655293936,42.27247350523397
"19 COWING STREET, Boston, MA",SAM,-71.14591771253687,42.27246029573328
"25 COWING STREET, Boston, MA",SAM,-71.14612755855784,42.272602449521294
"29 COWING STREET, Boston, MA",SAM,-71.14627264787619,42.272695483003396
"30 COWING STREET, Boston, MA",SAM,-71.14645905385692,42.272663077786234
"37 COWING STREET, Boston, MA",SAM,-71.1465600033578,42.27287872422128
"38 COWING STREET, Boston, MA",SAM,-71.14665661075054,42.272789056123536
"4 COWING STREET, Boston, MA",SAM,-71.14540219630535,42.27197675130666
"41 COWING STREET, Boston, MA",SAM,-71.14670368109864,42.2729703448302
"49 COWING STREET, Boston, MA",SAM,-71.14699575757712,42.27315937563952
"52 COWING STREET, Boston, MA",SAM,-71.14770559968056,42.2734694102443
"64 COWING STREET, Boston, MA",SAM,-71.1482288902073,42.27382155676937
"70 COWING STREET, Boston, MA",SAM,-71.14842238651308,42.273963898911184
"71 COWING STREET, Boston, MA",SAM,-71.14845765108915,42.27413967191227
"75 COWING STREET, Boston, MA",SAM,-71.14860406871792,42.27421953609162
"76 COWING STREET, Boston, MA",SAM,-71.14862275280886,42.27408736570618
"79 COWING STREET, Boston, MA",SAM,-71.14873085006249,42.27430421511414
"83 COWING STREET, Boston, MA",SAM,-71.14890577369451,42.27443137368123
"87 COWING STREET, Boston, MA",SAM,-71.14913865929945,42.274620220228066
"9 COWING STREET, Boston, MA",SAM,-71.14546848289268,42.27217068159122
"100 COWPER STREET, Boston, MA",SAM,-71.01573366350682,42.381491788324645
"102 COWPER STREET, Boston, MA",SAM,-71.01571196245712,42.38151238593219
"106 COWPER STREET, Boston, MA",SAM,-71.01566856035765,42.3815535811473
"110 COWPER STREET, Boston, MA",SAM,-71.01562515825819,42.3815947763624
"114 COWPER STREET, Boston, MA",SAM,-71.01558175615872,42.38163597157751
"118 COWPER STREET, Boston, MA",SAM,-71.01550078992182,42.38168889116512
"151 COWPER STREET, Boston, MA",SAM,-71.01421902786156,42.38172739294002
"155 COWPER STREET, Boston, MA",SAM,-71.01402784237933,42.381797927391936
"157 COWPER STREET, Boston, MA",SAM,-71.01393224963822,42.38183319461791
"159 COWPER STREET, Boston, MA",SAM,-71.01383665689711,42.38186846184387
"172 COWPER STREET, Boston, MA",SAM,-71.01342735396612,42.382149086709994
"174 COWPER STREET, Boston, MA",SAM,-71.0134084508694,42.38215613134252
"176 COWPER STREET, Boston, MA",SAM,-71.0133895477727,42.38216317597506
"177 COWPER STREET, Boston, MA",SAM,-71.01345099697049,42.382011926037414
"178 COWPER STREET, Boston, MA",SAM,-71.01337064467597,42.382170220607605
"179 COWPER STREET, Boston, MA",SAM,-71.01342015507582,42.38202341991157
"181 COWPER STREET, Boston, MA",SAM,-71.01338931318118,42.382034913785716
"184 COWPER STREET, Boston, MA",SAM,-71.01331393538581,42.38219135450522
"94 COWPER STREET, Boston, MA",SAM,-71.015798766656,42.38142999550198
"98 COWPER STREET, Boston, MA",SAM,-71.01575536455655,42.381471190717086
"99 COWPER STREET, Boston, MA",SAM,-71.01562710964345,42.38140634542643
"5 CRAFT PLACE, Boston, MA",SAM,-71.11433700287654,42.29683548630682
"6 CRAFT PLACE, Boston, MA",SAM,-71.11424993735032,42.29693026987257
"7 CRAFT PLACE, Boston, MA",SAM,-71.11432970388219,42.29683183680881
"10 CRAGMERE TERRACE, Boston, MA",SAM,-71.0860093508866,42.274057856907866
"11 CRAGMERE TERRACE, Boston, MA",SAM,-71.08607180237246,42.27395115786383
"14 CRAGMERE TERRACE, Boston, MA",SAM,-71.08595966661186,42.27403381612418
"15 CRAGMERE TERRACE, Boston, MA",SAM,-71.0860231320625,42.273927607708394
"2 CRAGMERE TERRACE, Boston, MA",SAM,-71.08610871943614,42.27410593847523
"3 CRAGMERE TERRACE, Boston, MA",SAM,-71.0861691429924,42.2739982581747
"6 CRAGMERE TERRACE, Boston, MA",SAM,-71.08605903516138,42.27408189769155
"1 CRANDALL STREET, Boston, MA",SAM,-71.12818357471525,42.281640549496025
"10 CRANDALL STREET, Boston, MA",SAM,-71.1279902911959,42.281668812780865
"14 CRANDALL STREET, Boston, MA",SAM,-71.12794409334498,42.281639470895996
"15 CRANDALL STREET, Boston, MA",SAM,-71.12802518208358,42.281539948747906
"2 CRANDALL STREET, Boston, MA",SAM,-71.12808268689768,42.2817274965506
"20 CRANDALL STREET, Boston, MA",SAM,-71.12787479656863,42.28159545806868
"21 CRANDALL STREET, Boston, MA",SAM,-71.12795729952717,42.28149683414155
"24 CRANDALL STREET, Boston, MA",SAM,-71.12782859871774,42.281566116183804
"25 CRANDALL STREET, Boston, MA",SAM,-71.12791204448953,42.28146809107064
"26 CRANDALL STREET, Boston, MA",SAM,-71.12780549979229,42.281551445241355
"5 CRANDALL STREET, Boston, MA",SAM,-71.12813831967762,42.28161180642512
"6 CRANDALL STREET, Boston, MA",SAM,-71.12803648904678,42.28169815466573
"9 CRANDALL STREET, Boston, MA",SAM,-71.12809306464,42.281583063354226
"1 CRANE STREET, Boston, MA",SAM,-71.11758928278869,42.27022124013194
"11 CRANE STREET, Boston, MA",SAM,-71.11751061338511,42.27025083852234
"12 CRANE STREET, Boston, MA",SAM,-71.11757915964104,42.27035360174155
"2 CRANE STREET, Boston, MA",SAM,-71.11765946799055,42.27032338671803
"3 CRANE STREET, Boston, MA",SAM,-71.11757354890797,42.27022715981004
"4 CRANE STREET, Boston, MA",SAM,-71.11764340632065,42.27032942972273
"5 CRANE STREET, Boston, MA",SAM,-71.11755781502725,42.2702330794881
"7 CRANE STREET, Boston, MA",SAM,-71.11754208114652,42.270238999166196
"8 CRANE STREET, Boston, MA",SAM,-71.11761128298086,42.270341515732134
"15 CRANMORE ROAD, Boston, MA",SAM,-71.12504084314314,42.24014184901001
"16 CRANMORE ROAD, Boston, MA",SAM,-71.12491161306139,42.24035455756257
"19 CRANMORE ROAD, Boston, MA",SAM,-71.1248293967075,42.240257257399065
"23 CRANMORE ROAD, Boston, MA",SAM,-71.12464581283223,42.2403532217019
"27 CRANMORE ROAD, Boston, MA",SAM,-71.12446222895697,42.240449186004746
"31 CRANMORE ROAD, Boston, MA",SAM,-71.12427380166648,42.24053860702372
"35 CRANMORE ROAD, Boston, MA",SAM,-71.124117225697,42.240621657275106
"39 CRANMORE ROAD, Boston, MA",SAM,-71.12405920432427,42.24065308552013
"43 CRANMORE ROAD, Boston, MA",SAM,-71.12400118295156,42.24068451376518
"47 CRANMORE ROAD, Boston, MA",SAM,-71.12394172322406,42.240720336272595
"5 CRANMORE ROAD, Boston, MA",SAM,-71.12548932917986,42.23991573906798
"50 CRANMORE ROAD, Boston, MA",SAM,-71.12448113240112,42.24057478028939
"51 CRANMORE ROAD, Boston, MA",SAM,-71.12388643620139,42.24075435905749
"54 CRANMORE ROAD, Boston, MA",SAM,-71.1244366476118,42.240594385091974
"55 CRANMORE ROAD, Boston, MA",SAM,-71.12383391802246,42.24078226030213
"62 CRANMORE ROAD, Boston, MA",SAM,-71.1230489181235,42.24120041875239
"9 CRANMORE ROAD, Boston, MA",SAM,-71.12530689777255,42.24000207421121
"6 CRANSTON STREET, Boston, MA",SAM,-71.10909096888672,42.32149457241316
"13 CRANSTON STREET, Boston, MA",SAM,-71.10957457401736,42.32121872608101
"14 CRANSTON STREET, Boston, MA",SAM,-71.10935048928286,42.321179254930854
"15 CRANSTON STREET, Boston, MA",SAM,-71.10943949281855,42.321084875273165
"16 CRANSTON STREET, Boston, MA",SAM,-71.10919254685378,42.321112568111566
"17 CRANSTON STREET, Boston, MA",SAM,-71.10930584922471,42.32102844796453
"18 CRANSTON STREET, Boston, MA",SAM,-71.10902950425059,42.32104329429906
"19 CRANSTON STREET, Boston, MA",SAM,-71.10917220563084,42.320972020655894
"20 CRANSTON STREET, Boston, MA",SAM,-71.10887925109787,42.32096751443064
"21 CRANSTON STREET, Boston, MA",SAM,-71.10904748992863,42.320913653825656
"22 CRANSTON STREET, Boston, MA",SAM,-71.10872899794515,42.320891734562245
"23 CRANSTON STREET, Boston, MA",SAM,-71.10892035264555,42.32084953239852
"24 CRANSTON STREET, Boston, MA",SAM,-71.10857874479244,42.320815954693806
"25 CRANSTON STREET, Boston, MA",SAM,-71.10879321536248,42.320785410971396
"27 CRANSTON STREET, Boston, MA",SAM,-71.10866607807942,42.32072128954428
"29 CRANSTON STREET, Boston, MA",SAM,-71.10853406428392,42.32065732979073
"3 CRANSTON STREET, Boston, MA",SAM,-71.1090732475229,42.32168702159066
"30 CRANSTON STREET, Boston, MA",SAM,-71.10837531480665,42.32071887113797
"31 CRANSTON STREET, Boston, MA",SAM,-71.10849486168836,42.32063909602108
"33 CRANSTON STREET, Boston, MA",SAM,-71.1084556590928,42.320620862251445
"35 CRANSTON STREET, Boston, MA",SAM,-71.10841645649721,42.320602628481794
"36 CRANSTON STREET, Boston, MA",SAM,-71.10826097390292,42.320665689309834
"39 CRANSTON STREET, Boston, MA",SAM,-71.10833805130608,42.320566160942505
"40 CRANSTON STREET, Boston, MA",SAM,-71.10818474663374,42.32063023475775
"43 CRANSTON STREET, Boston, MA",SAM,-71.10825964611493,42.32052969340323
"44 CRANSTON STREET, Boston, MA",SAM,-71.10810851936458,42.32059478020565
"45 CRANSTON STREET, Boston, MA",SAM,-71.10822044351937,42.32051145963357
"46 CRANSTON STREET, Boston, MA",SAM,-71.10807040572999,42.32057705292963
"47 CRANSTON STREET, Boston, MA",SAM,-71.1081812409238,42.32049322586394
"51 CRANSTON STREET, Boston, MA",SAM,-71.10810283573267,42.32045675832466
"10 CRAWFORD STREET, Boston, MA",SAM,-71.08400945107273,42.310551802189764
"100 CRAWFORD STREET, Boston, MA",SAM,-71.09053534351344,42.31358669507671
"101 CRAWFORD STREET, Boston, MA",SAM,-71.08943846867585,42.31333245906013
"102 CRAWFORD STREET, Boston, MA",SAM,-71.09074485739609,42.31368321421099
"104 CRAWFORD STREET, Boston, MA",SAM,-71.09090265370966,42.31381572326109
"106 CRAWFORD STREET, Boston, MA",SAM,-71.09103689086945,42.31395535591175
"108 CRAWFORD STREET, Boston, MA",SAM,-71.09116132719191,42.31409602309149
"121 CRAWFORD STREET, Boston, MA",SAM,-71.09189289863792,42.31505652195378
"123 CRAWFORD STREET, Boston, MA",SAM,-71.09191459531348,42.31513623727616
"125 CRAWFORD STREET, Boston, MA",SAM,-71.09191927657928,42.31521982210732
"126 CRAWFORD STREET, Boston, MA",SAM,-71.09168652268548,42.31465392972022
"127 CRAWFORD STREET, Boston, MA",SAM,-71.09190694291125,42.31531232458959
"129 CRAWFORD STREET, Boston, MA",SAM,-71.09187929550774,42.315389768458054
"130 CRAWFORD STREET, Boston, MA",SAM,-71.09174483953606,42.314687947890754
"131 CRAWFORD STREET, Boston, MA",SAM,-71.09184030979846,42.31547813606505
"134 CRAWFORD STREET, Boston, MA",SAM,-71.09180844155334,42.314730958020554
"139 CRAWFORD STREET, Boston, MA",SAM,-71.0917033846588,42.31582578258036
"14 CRAWFORD STREET, Boston, MA",SAM,-71.08427931006658,42.31069930593143
"151 CRAWFORD STREET, Boston, MA",SAM,-71.09167785696408,42.31627152466809
"153 CRAWFORD STREET, Boston, MA",SAM,-71.0916863931974,42.31637965981245
"157 CRAWFORD STREET, Boston, MA",SAM,-71.09168188761788,42.31642922116217
"163 CRAWFORD STREET, Boston, MA",SAM,-71.09167512924861,42.316503563186735
"17 CRAWFORD STREET, Boston, MA",SAM,-71.08444589667612,42.31094097610334
"19 CRAWFORD STREET, Boston, MA",SAM,-71.08457689120655,42.311016661849195
"20 CRAWFORD STREET, Boston, MA",SAM,-71.08467229365787,42.31092636316896
"22 CRAWFORD STREET, Boston, MA",SAM,-71.0848032881883,42.31100204891482
"24 CRAWFORD STREET, Boston, MA",SAM,-71.08493428271872,42.31107773466067
"25 CRAWFORD STREET, Boston, MA",SAM,-71.08496494146107,42.31124423520238
"26 CRAWFORD STREET, Boston, MA",SAM,-71.08506557740044,42.311157098382616
"29 CRAWFORD STREET, Boston, MA",SAM,-71.0852249346586,42.311403260036656
"31 CRAWFORD STREET, Boston, MA",SAM,-71.08535811814843,42.31147682807637
"32 CRAWFORD STREET, Boston, MA",SAM,-71.08545085214348,42.31138502139597
"33 CRAWFORD STREET, Boston, MA",SAM,-71.08549130163831,42.3115503961161
"34 CRAWFORD STREET, Boston, MA",SAM,-71.08558403563335,42.31145858943569
"36 CRAWFORD STREET, Boston, MA",SAM,-71.0857172191232,42.311532157475426
"40 CRAWFORD STREET, Boston, MA",SAM,-71.08596810598218,42.311676430460636
"42 CRAWFORD STREET, Boston, MA",SAM,-71.0861049148252,42.31174570077686
"43 CRAWFORD STREET, Boston, MA",SAM,-71.086099454695,42.31188181470665
"44 CRAWFORD STREET, Boston, MA",SAM,-71.08624172366822,42.31181497109308
"45 CRAWFORD STREET, Boston, MA",SAM,-71.08620976584075,42.31193727808458
"49 CRAWFORD STREET, Boston, MA",SAM,-71.08643010327384,42.312046536341114
"50 CRAWFORD STREET, Boston, MA",SAM,-71.0866541163692,42.312019647854235
"52 CRAWFORD STREET, Boston, MA",SAM,-71.08679182726488,42.312087934264554
"53 CRAWFORD STREET, Boston, MA",SAM,-71.08665044070692,42.31215579459766
"55 CRAWFORD STREET, Boston, MA",SAM,-71.08676185029071,42.31221041561541
"57 CRAWFORD STREET, Boston, MA",SAM,-71.08687299098375,42.312263957859514
"58 CRAWFORD STREET, Boston, MA",SAM,-71.08720764306388,42.31228841373168
"59 CRAWFORD STREET, Boston, MA",SAM,-71.08698413167681,42.312317500103624
"60 CRAWFORD STREET, Boston, MA",SAM,-71.08734656893019,42.312355341536815
"61 CRAWFORD STREET, Boston, MA",SAM,-71.08709527236987,42.312371042347735
"62 CRAWFORD STREET, Boston, MA",SAM,-71.08748585160814,42.31242364732383
"63 CRAWFORD STREET, Boston, MA",SAM,-71.0872064130629,42.31242458459187
"64 CRAWFORD STREET, Boston, MA",SAM,-71.0876232073625,42.31249232521687
"65 CRAWFORD STREET, Boston, MA",SAM,-71.08731755375594,42.312478126835984
"66 CRAWFORD STREET, Boston, MA",SAM,-71.08776056311684,42.31256100310989
"67 CRAWFORD STREET, Boston, MA",SAM,-71.0874265250111,42.31253231149884
"68 CRAWFORD STREET, Boston, MA",SAM,-71.08789791887118,42.31262968100293
"69 CRAWFORD STREET, Boston, MA",SAM,-71.08753640961459,42.312587253813255
"71 CRAWFORD STREET, Boston, MA",SAM,-71.08764629421806,42.31264219612768
"73 CRAWFORD STREET, Boston, MA",SAM,-71.08775617882151,42.312697138442104
"75 CRAWFORD STREET, Boston, MA",SAM,-71.087866063425,42.31275208075652
"80 CRAWFORD STREET, Boston, MA",SAM,-71.0887485877248,42.31298850941748
"82 CRAWFORD STREET, Boston, MA",SAM,-71.08890004777614,42.31303840215297
"84 CRAWFORD STREET, Boston, MA",SAM,-71.08905150782749,42.313088294888445
"86 CRAWFORD STREET, Boston, MA",SAM,-71.08920254668394,42.313135323228096
"94 CRAWFORD STREET, Boston, MA",SAM,-71.08992019353964,42.313360454557746
"96 CRAWFORD STREET, Boston, MA",SAM,-71.09012501285088,42.31343335636459
"98 CRAWFORD STREET, Boston, MA",SAM,-71.0903298321621,42.31350625817145
"11 CREHORE ROAD, Boston, MA",SAM,-71.14503731128293,42.297282742232866
"14 CREHORE ROAD, Boston, MA",SAM,-71.14500810835669,42.297400198032854
"15 CREHORE ROAD, Boston, MA",SAM,-71.14495690560263,42.297288927283454
"18 CREHORE ROAD, Boston, MA",SAM,-71.14492602755803,42.29740651193865
"19 CREHORE ROAD, Boston, MA",SAM,-71.14487649992233,42.29729511233405
"22 CREHORE ROAD, Boston, MA",SAM,-71.14484972844032,42.29741328633745
"23 CREHORE ROAD, Boston, MA",SAM,-71.14479103487406,42.29730462781661
"26 CREHORE ROAD, Boston, MA",SAM,-71.14476848589116,42.297423999639406
"27 CREHORE ROAD, Boston, MA",SAM,-71.14471145033612,42.29731512247979
"30 CREHORE ROAD, Boston, MA",SAM,-71.14468724334198,42.2974347129414
"31 CREHORE ROAD, Boston, MA",SAM,-71.14463186579815,42.29732561714295
"34 CREHORE ROAD, Boston, MA",SAM,-71.14460600079285,42.29744542624337
"37 CREHORE ROAD, Boston, MA",SAM,-71.14451248899123,42.29734135913769
"41 CREHORE ROAD, Boston, MA",SAM,-71.14443290445327,42.29735185380086
"47 CREHORE ROAD, Boston, MA",SAM,-71.14431352764635,42.297367595795606
"5 CREHORE ROAD, Boston, MA",SAM,-71.14515791980341,42.297273464656996
"8 CREHORE ROAD, Boston, MA",SAM,-71.14513122955466,42.29739072717413
"14 CREIGHTON STREET, Boston, MA",SAM,-71.10843603655512,42.32286956276711
"16 CREIGHTON STREET, Boston, MA",SAM,-71.1084174711916,42.32293707317439
"20 CREIGHTON STREET, Boston, MA",SAM,-71.10838034046458,42.32307209398894
"24 CREIGHTON STREET, Boston, MA",SAM,-71.10832146338578,42.32325602864983
"30 CREIGHTON STREET, Boston, MA",SAM,-71.10823957396633,42.32345130341656
"38 CREIGHTON STREET, Boston, MA",SAM,-71.10802615283252,42.32369638057884
"4 CREIGHTON STREET, Boston, MA",SAM,-71.10850512970828,42.322525531777195
"40 CREIGHTON STREET, Boston, MA",SAM,-71.10796963009427,42.32375021176077
"47 CREIGHTON STREET, Boston, MA",SAM,-71.10768754417789,42.323913510417405
"49 CREIGHTON STREET, Boston, MA",SAM,-71.10768139075566,42.32393812410384
"53 CREIGHTON STREET, Boston, MA",SAM,-71.1076838080479,42.324001759699385
"55 CREIGHTON STREET, Boston, MA",SAM,-71.10768573037188,42.32402674993373
"56 CREIGHTON STREET, Boston, MA",SAM,-71.10783806682319,42.32398900549955
"59 CREIGHTON STREET, Boston, MA",SAM,-71.107697063033,42.32409291153043
"10 CRESCENT AVENUE, Boston, MA",SAM,-71.05604957724148,42.31887618866502
"30 CRESCENT AVENUE, Boston, MA",SAM,-71.05508601350031,42.31898911909321
"37 CRESCENT AVENUE, Boston, MA",SAM,-71.054617263713,42.31889908423742
"39 CRESCENT AVENUE, Boston, MA",SAM,-71.0545918235667,42.318900253898654
"40 CRESCENT AVENUE, Boston, MA",SAM,-71.0547032021708,42.319009945754885
"48 CRESCENT AVENUE, Boston, MA",SAM,-71.05427219172367,42.31901430417271
"49 CRESCENT AVENUE, Boston, MA",SAM,-71.05424053365442,42.31889857250373
"50 CRESCENT AVENUE, Boston, MA",SAM,-71.054156788841,42.31901055122923
"52 CRESCENT AVENUE, Boston, MA",SAM,-71.05404138595831,42.31900679828576
"53 CRESCENT AVENUE, Boston, MA",SAM,-71.05408666314416,42.31889356857908
"54 CRESCENT AVENUE, Boston, MA",SAM,-71.05392598307562,42.31900304534228
"56 CRESCENT AVENUE, Boston, MA",SAM,-71.05377442475908,42.319002629963244
"60 CRESCENT AVENUE, Boston, MA",SAM,-71.05359445525855,42.31900639333502
"63 CRESCENT AVENUE, Boston, MA",SAM,-71.05358098412049,42.31889223568025
"72 CRESCENT AVENUE, Boston, MA",SAM,-71.05312700895763,42.31916143826975
"73 CRESCENT AVENUE, Boston, MA",SAM,-71.05306522645687,42.31905447417832
"76 CRESCENT AVENUE, Boston, MA",SAM,-71.05308890540343,42.31918140175521
"82 CRESCENT AVENUE, Boston, MA",SAM,-71.0530254367089,42.319218425162184
"1 CRESCENT STREET, Boston, MA",SAM,-71.08062785149555,42.381582304971225
"35 CRESCENT STREET, Boston, MA",SAM,-71.0796306797659,42.382910673207356
"41 CRESCENT STREET, Boston, MA",SAM,-71.0796086715966,42.382941992526206
"10 CRESCENT CIRCUIT, Boston, MA",SAM,-71.1691238704032,42.34837209957816
"14 CRESCENT CIRCUIT, Boston, MA",SAM,-71.16891568814891,42.348314385670285
"15 CRESCENT CIRCUIT, Boston, MA",SAM,-71.16870413256706,42.348133348842296
"18 CRESCENT CIRCUIT, Boston, MA",SAM,-71.16870750589464,42.34825667176242
"21 CRESCENT CIRCUIT, Boston, MA",SAM,-71.16830218158701,42.348023372463736
"24 CRESCENT CIRCUIT, Boston, MA",SAM,-71.1683952325132,42.348170100900624
"25 CRESCENT CIRCUIT, Boston, MA",SAM,-71.16817964181845,42.34799180918125
"26 CRESCENT CIRCUIT, Boston, MA",SAM,-71.1682511549063,42.34813158025192
"28 CRESCENT CIRCUIT, Boston, MA",SAM,-71.16817103274992,42.34811094272107
"29 CRESCENT CIRCUIT, Boston, MA",SAM,-71.16805710204987,42.347960245898754
"30 CRESCENT CIRCUIT, Boston, MA",SAM,-71.16809091059355,42.348090305190226
"32 CRESCENT CIRCUIT, Boston, MA",SAM,-71.16801078843719,42.34806966765937
"33 CRESCENT CIRCUIT, Boston, MA",SAM,-71.16793456228132,42.34792868261628
"36 CRESCENT CIRCUIT, Boston, MA",SAM,-71.16785054412443,42.348028392597634
"37 CRESCENT CIRCUIT, Boston, MA",SAM,-71.16781202251273,42.34789711933378
"40 CRESCENT CIRCUIT, Boston, MA",SAM,-71.16769029981171,42.347987117535915
"41 CRESCENT CIRCUIT, Boston, MA",SAM,-71.16768948274417,42.347865556051296
"44 CRESCENT CIRCUIT, Boston, MA",SAM,-71.16753005549896,42.34794584247418
"45 CRESCENT CIRCUIT, Boston, MA",SAM,-71.1675669429756,42.3478339927688
"47 CRESCENT CIRCUIT, Boston, MA",SAM,-71.16750567309131,42.34781821112756
"48 CRESCENT CIRCUIT, Boston, MA",SAM,-71.16736981118622,42.347904567412485
"5 CRESCENT CIRCUIT, Boston, MA",SAM,-71.16932917303872,42.34829924091264
"50 CRESCENT CIRCUIT, Boston, MA",SAM,-71.16728968902984,42.34788392988162
"52 CRESCENT CIRCUIT, Boston, MA",SAM,-71.16720956687347,42.347863292350766
"56 CRESCENT CIRCUIT, Boston, MA",SAM,-71.16702486044065,42.34781261353523
"57 CRESCENT CIRCUIT, Boston, MA",SAM,-71.16711751924218,42.34771623151819
"60 CRESCENT CIRCUIT, Boston, MA",SAM,-71.16695135730596,42.347791612634005
"61 CRESCENT CIRCUIT, Boston, MA",SAM,-71.16704051595823,42.34769423057405
"64 CRESCENT CIRCUIT, Boston, MA",SAM,-71.16687785417128,42.34777061173277
"65 CRESCENT CIRCUIT, Boston, MA",SAM,-71.16696351267427,42.3476722296299
"69 CRESCENT CIRCUIT, Boston, MA",SAM,-71.16688650939031,42.34765022868574
"75 CRESCENT CIRCUIT, Boston, MA",SAM,-71.16677100446437,42.347617227269524
"11 CRESCENT CIRCUIT, Boston, MA",SAM,-71.16895857754452,42.348203888063004
"12 CRESCENT CIRCUIT, Boston, MA",SAM,-71.16901977927607,42.34834324262422
"19 CRESCENT CIRCUIT, Boston, MA",SAM,-71.16844968758961,42.34806280962158
"20 CRESCENT CIRCUIT, Boston, MA",SAM,-71.16860341476749,42.348227814808496
"27 CRESCENT CIRCUIT, Boston, MA",SAM,-71.16811837193416,42.34797602754001
"53 CRESCENT CIRCUIT, Boston, MA",SAM,-71.16732186343846,42.347770866203824
"58 CRESCENT CIRCUIT, Boston, MA",SAM,-71.1669881088733,42.347802113084626
"66 CRESCENT CIRCUIT, Boston, MA",SAM,-71.16684110260393,42.34776011128214
"70 CRESCENT CIRCUIT, Boston, MA",SAM,-71.16676759946924,42.3477391103809
"73 CRESCENT CIRCUIT, Boston, MA",SAM,-71.16680950610635,42.3476282277416
"76 CRESCENT CIRCUIT, Boston, MA",SAM,-71.16665734476719,42.347707609029065
"9 CRESCENT CIRCUIT, Boston, MA",SAM,-71.16908580003324,42.34823915767336
"20 CREST STREET, Boston, MA",SAM,-71.16148971620468,42.28770635639863
"26 CREST STREET, Boston, MA",SAM,-71.1612802182723,42.28785533271379
"5 CREST STREET, Boston, MA",SAM,-71.16185667471196,42.287260443561586
"59 CREST STREET, Boston, MA",SAM,-71.16023264230867,42.28844832341742
"62 CREST STREET, Boston, MA",SAM,-71.16038641756535,42.28849711128478
"66 CREST STREET, Boston, MA",SAM,-71.16032748849655,42.28854005959136
"70 CREST STREET, Boston, MA",SAM,-71.16026855942775,42.28858300789794
"8 CREST STREET, Boston, MA",SAM,-71.16186913878491,42.287416555030504
"14 CRESTHILL ROAD, Boston, MA",SAM,-71.15820762285206,42.356073637941904
"15 CRESTHILL ROAD, Boston, MA",SAM,-71.15681816764122,42.355800604690884
"18 CRESTHILL ROAD, Boston, MA",SAM,-71.15821740371842,42.35607133656163
"19 CRESTHILL ROAD, Boston, MA",SAM,-71.15686492362639,42.355788223315
"2 CRESTHILL ROAD, Boston, MA",SAM,-71.15817828025304,42.356080542082786
"22 CRESTHILL ROAD, Boston, MA",SAM,-71.15822718458477,42.35606903518133
"23 CRESTHILL ROAD, Boston, MA",SAM,-71.15691167961155,42.35577584193911
"26 CRESTHILL ROAD, Boston, MA",SAM,-71.1582369654511,42.35606673380105
"27 CRESTHILL ROAD, Boston, MA",SAM,-71.15695843559674,42.35576346056323
"32 CRESTHILL ROAD, Boston, MA",SAM,-71.15825163675063,42.356063281730606
"46 CRESTHILL ROAD, Boston, MA",SAM,-71.15828586978287,42.35605522689958
"5 CRESTHILL ROAD, Boston, MA",SAM,-71.15670127767827,42.3558315581306
"50 CRESTHILL ROAD, Boston, MA",SAM,-71.15829565064921,42.35605292551929
"54 CRESTHILL ROAD, Boston, MA",SAM,-71.15830543151554,42.356050624139016
"58 CRESTHILL ROAD, Boston, MA",SAM,-71.15831521238192,42.35604832275872
"6 CRESTHILL ROAD, Boston, MA",SAM,-71.15818806111938,42.356078240702494
"62 CRESTHILL ROAD, Boston, MA",SAM,-71.15832499324824,42.356046021378425
"70 CRESTHILL ROAD, Boston, MA",SAM,-71.15834455498096,42.356041418617856
"74 CRESTHILL ROAD, Boston, MA",SAM,-71.1583543358473,42.35603911723754
"75 CRESTHILL ROAD, Boston, MA",SAM,-71.15751950741885,42.35561488405259
"78 CRESTHILL ROAD, Boston, MA",SAM,-71.15836411671366,42.35603681585727
"79 CRESTHILL ROAD, Boston, MA",SAM,-71.15756626340404,42.355602502676696
"82 CRESTHILL ROAD, Boston, MA",SAM,-71.15837389758,42.356034514476974
"83 CRESTHILL ROAD, Boston, MA",SAM,-71.15761301938922,42.355590121300835
"87 CRESTHILL ROAD, Boston, MA",SAM,-71.15765977537438,42.35557773992494
"9 CRESTHILL ROAD, Boston, MA",SAM,-71.15674803366345,42.35581917675473
"90 CRESTHILL ROAD, Boston, MA",SAM,-71.15839345931269,42.3560299117164
"91 CRESTHILL ROAD, Boston, MA",SAM,-71.15770653135957,42.35556535854905
"94 CRESTHILL ROAD, Boston, MA",SAM,-71.15840324017906,42.3560276103361
"95 CRESTHILL ROAD, Boston, MA",SAM,-71.15775328734475,42.355552977173154
"99 CRESTHILL ROAD, Boston, MA",SAM,-71.1578000433299,42.355540595797265
"1 CRESTON PARK, Boston, MA",SAM,-71.07946110938389,42.31241977431562
"2 CRESTON PARK, Boston, MA",SAM,-71.07933912979804,42.312349100599654
"3 CRESTON PARK, Boston, MA",SAM,-71.0794548863532,42.31242564773813
"4 CRESTON PARK, Boston, MA",SAM,-71.07933277712091,42.31235509638512
"5 CRESTON PARK, Boston, MA",SAM,-71.07944866332252,42.31243152116064
"6 CRESTON PARK, Boston, MA",SAM,-71.07932642444375,42.3123610921706
"7 CRESTON PARK, Boston, MA",SAM,-71.07944244029187,42.312437394583135
"8 CRESTON PARK, Boston, MA",SAM,-71.0793200717666,42.312367087956055
"11 CRESTON STREET, Boston, MA",SAM,-71.07955688988478,42.31233094392516
"15 CRESTON STREET, Boston, MA",SAM,-71.07940419974476,42.312241511317126
"17 CRESTON STREET, Boston, MA",SAM,-71.07937398315495,42.31222409836309
"19 CRESTON STREET, Boston, MA",SAM,-71.07934376656513,42.3122066854091
"23 CRESTON STREET, Boston, MA",SAM,-71.07928333338548,42.312171859501056
"24 CRESTON STREET, Boston, MA",SAM,-71.07904096238751,42.31218394962464
"25 CRESTON STREET, Boston, MA",SAM,-71.07925311679566,42.312154446547034
"28 CRESTON STREET, Boston, MA",SAM,-71.07898440665997,42.31215519246844
"30 CRESTON STREET, Boston, MA",SAM,-71.07895612879618,42.31214081389034
"31 CRESTON STREET, Boston, MA",SAM,-71.07915572330236,42.31210323577512
"33 CRESTON STREET, Boston, MA",SAM,-71.07912415731492,42.31208718526932
"34 CRESTON STREET, Boston, MA",SAM,-71.07889957306865,42.312112056734115
"5 CRESTON STREET, Boston, MA",SAM,-71.07985861014421,42.312501104851655
"8 CRESTON STREET, Boston, MA",SAM,-71.07925795798012,42.312302513953156
"9 CRESTON STREET, Boston, MA",SAM,-71.07965651316962,42.312390717909565
"1 CRESTVIEW ROAD, Boston, MA",SAM,-71.12973528575361,42.280321318291755
"11 CRESTVIEW ROAD, Boston, MA",SAM,-71.12967234097071,42.280287747733226
"2 CRESTVIEW ROAD, Boston, MA",SAM,-71.12982585459261,42.28022836134834
"3 CRESTVIEW ROAD, Boston, MA",SAM,-71.12972269679702,42.280314604180056
"5 CRESTVIEW ROAD, Boston, MA",SAM,-71.12971010784047,42.28030789006835
"7 CRESTVIEW ROAD, Boston, MA",SAM,-71.12969751888389,42.28030117595664
"9 CRESTVIEW ROAD, Boston, MA",SAM,-71.1296849299273,42.28029446184491
"14 CRESTWAY ROAD, Boston, MA",SAM,-71.00493194853193,42.39212253674437
"15 CRESTWAY ROAD, Boston, MA",SAM,-71.00485537602131,42.39222417576685
"26 CRESTWAY ROAD, Boston, MA",SAM,-71.00507886750536,42.39221028004005
"3 CRESTWAY ROAD, Boston, MA",SAM,-71.00471145539427,42.392138223150674
"7 CRESTWAY ROAD, Boston, MA",SAM,-71.0047594289366,42.39216687402272
"11 CRICKET LANE, Boston, MA",SAM,-71.16401650019506,42.29458047367147
"15 CRICKET LANE, Boston, MA",SAM,-71.1637822751561,42.29452504673904
"19 CRICKET LANE, Boston, MA",SAM,-71.16353812035959,42.294599665799346
"20 CRICKET LANE, Boston, MA",SAM,-71.16366207269984,42.29466840249985
"23 CRICKET LANE, Boston, MA",SAM,-71.16341395026465,42.2947221802989
"27 CRICKET LANE, Boston, MA",SAM,-71.16328978016972,42.294844694798435
"3 CRICKET LANE, Boston, MA",SAM,-71.16435615922757,42.29472680014268
"30 CRICKET LANE, Boston, MA",SAM,-71.16335164746252,42.29497468874871
"31 CRICKET LANE, Boston, MA",SAM,-71.16316807106304,42.294978324172845
"35 CRICKET LANE, Boston, MA",SAM,-71.16309112318585,42.29514488576174
"43 CRICKET LANE, Boston, MA",SAM,-71.16339010967985,42.29539697256589
"47 CRICKET LANE, Boston, MA",SAM,-71.16358321200453,42.295452144673355
"51 CRICKET LANE, Boston, MA",SAM,-71.16374247051031,42.29550630152235
"55 CRICKET LANE, Boston, MA",SAM,-71.16379385956104,42.295525878308354
"59 CRICKET LANE, Boston, MA",SAM,-71.16384524861175,42.29554545509436
"60 CRICKET LANE, Boston, MA",SAM,-71.16418918496048,42.295547582381545
"63 CRICKET LANE, Boston, MA",SAM,-71.16389663766246,42.295565031880365
"66 CRICKET LANE, Boston, MA",SAM,-71.16439789509407,42.29556751981529
"67 CRICKET LANE, Boston, MA",SAM,-71.16394802671316,42.295584608666374
"7 CRICKET LANE, Boston, MA",SAM,-71.16419542325487,42.29465747855093
"70 CRICKET LANE, Boston, MA",SAM,-71.16451370266495,42.29550384105384
"71 CRICKET LANE, Boston, MA",SAM,-71.16399941576387,42.29560418545236
"8 CRICKET LANE, Boston, MA",SAM,-71.16411751445028,42.29475652454825
"15 CROCKERS LANE, Boston, MA",SAM,-71.15087559752892,42.2752702349575
"16 CROCKERS LANE, Boston, MA",SAM,-71.15076338088512,42.27519117887652
"19 CROCKERS LANE, Boston, MA",SAM,-71.15091999034074,42.2752334960769
"23 CROCKERS LANE, Boston, MA",SAM,-71.15096438315257,42.275196757196255
"24 CROCKERS LANE, Boston, MA",SAM,-71.15085401620925,42.27511617032859
"27 CROCKERS LANE, Boston, MA",SAM,-71.1510087759644,42.27516001831564
"28 CROCKERS LANE, Boston, MA",SAM,-71.15089933387132,42.27507866605461
"31 CROCKERS LANE, Boston, MA",SAM,-71.15105316877622,42.27512327943502
"5 CROCKERS LANE, Boston, MA",SAM,-71.15076461549938,42.27536208215907
"9 CROCKERS LANE, Boston, MA",SAM,-71.1508090083112,42.27532534327843
"10 CROCKETT AVENUE, Boston, MA",SAM,-71.05147034743732,42.27994463251548
"11 CROCKETT AVENUE, Boston, MA",SAM,-71.05137586965424,42.28010614427268
"12 CROCKETT AVENUE, Boston, MA",SAM,-71.0515242136141,42.280073203167795
"14 CROCKETT AVENUE, Boston, MA",SAM,-71.05157607807445,42.28020105513077
"15 CROCKETT AVENUE, Boston, MA",SAM,-71.05147959857493,42.280361848198645
"16 CROCKETT AVENUE, Boston, MA",SAM,-71.0516279425348,42.28032890709373
"17 CROCKETT AVENUE, Boston, MA",SAM,-71.05153146303529,42.28048970016161
"18 CROCKETT AVENUE, Boston, MA",SAM,-71.05167980699515,42.28045675905672
"19 CROCKETT AVENUE, Boston, MA",SAM,-71.05158545381705,42.2806178521986
"20 CROCKETT AVENUE, Boston, MA",SAM,-71.05173320424856,42.28058347924759
"21 CROCKETT AVENUE, Boston, MA",SAM,-71.05163957307187,42.28074519165831
"22 CROCKETT AVENUE, Boston, MA",SAM,-71.0517873235034,42.280710818707306
"23 CROCKETT AVENUE, Boston, MA",SAM,-71.05169369232671,42.280872531118
"24 CROCKETT AVENUE, Boston, MA",SAM,-71.05184144275823,42.28083815816699
"25 CROCKETT AVENUE, Boston, MA",SAM,-71.05174781158154,42.28099987057768
"26 CROCKETT AVENUE, Boston, MA",SAM,-71.05189556201304,42.280965497626696
"3 CROCKETT AVENUE, Boston, MA",SAM,-71.0511571605809,42.279598503783696
"35 CROCKETT AVENUE, Boston, MA",SAM,-71.05190651202005,42.28131778704078
"36 CROCKETT AVENUE, Boston, MA",SAM,-71.0520542796184,42.28128287583215
"39 CROCKETT AVENUE, Boston, MA",SAM,-71.05195187769202,42.28141893110853
"40 CROCKETT AVENUE, Boston, MA",SAM,-71.05210374160728,42.28139449946443
"43 CROCKETT AVENUE, Boston, MA",SAM,-71.05199552471942,42.28152460288981
"44 CROCKETT AVENUE, Boston, MA",SAM,-71.0521486356926,42.281503190439444
"47 CROCKETT AVENUE, Boston, MA",SAM,-71.05203917174684,42.28163027467109
"5 CROCKETT AVENUE, Boston, MA",SAM,-71.05121240984025,42.279725577116366
"50 CROCKETT AVENUE, Boston, MA",SAM,-71.05221597682059,42.28166622690201
"51 CROCKETT AVENUE, Boston, MA",SAM,-71.05208281877424,42.28173594645238
"52 CROCKETT AVENUE, Boston, MA",SAM,-71.05223842386324,42.28172057238952
"55 CROCKETT AVENUE, Boston, MA",SAM,-71.05212646580165,42.28184161823366
"56 CROCKETT AVENUE, Boston, MA",SAM,-71.0522833179486,42.28182926336455
"59 CROCKETT AVENUE, Boston, MA",SAM,-71.05217011282905,42.281947290014934
"60 CROCKETT AVENUE, Boston, MA",SAM,-71.05232821203393,42.28193795433958
"63 CROCKETT AVENUE, Boston, MA",SAM,-71.05221375985646,42.28205296179622
"64 CROCKETT AVENUE, Boston, MA",SAM,-71.05237310611926,42.28204664531461
"67 CROCKETT AVENUE, Boston, MA",SAM,-71.05225740688384,42.28215863357751
"68 CROCKETT AVENUE, Boston, MA",SAM,-71.05241800020457,42.28215533628965
"7 CROCKETT AVENUE, Boston, MA",SAM,-71.05126765909961,42.27985265044901
"71 CROCKETT AVENUE, Boston, MA",SAM,-71.05230105391125,42.28226430535877
"72 CROCKETT AVENUE, Boston, MA",SAM,-71.0524628942899,42.28226402726468
"8 CROCKETT AVENUE, Boston, MA",SAM,-71.05141509817796,42.27981755918284
"80 CROCKETT AVENUE, Boston, MA",SAM,-71.0525573322923,42.282478427721465
"9 CROCKETT AVENUE, Boston, MA",SAM,-71.05132290835897,42.279979723781686
"11 CROFTLAND AVENUE, Boston, MA",SAM,-71.07043423622886,42.28065300259901
"7 CROFTLAND AVENUE, Boston, MA",SAM,-71.07046577391245,42.28064324093489
"8 CROFTLAND AVENUE, Boston, MA",SAM,-71.07024081117059,42.280836848432095
"32 CROMWELL ROAD, Boston, MA",SAM,-71.11465043922011,42.26240563386277
"50 CROMWELL ROAD, Boston, MA",SAM,-71.11438762567336,42.26235396895009
"51 CROMWELL ROAD, Boston, MA",SAM,-71.1144825265743,42.26225153090199
"54 CROMWELL ROAD, Boston, MA",SAM,-71.11432451135435,42.262349113999775
"55 CROMWELL ROAD, Boston, MA",SAM,-71.11441546717634,42.262240901916236
"7 CROSS ROAD, Boston, MA",SAM,-71.15809736498983,42.26163528535785
"150 CROSS STREET, Boston, MA",SAM,-71.09020162119022,42.3823522321153
"28 CROSS STREET, Boston, MA",SAM,-71.13532854669626,42.24049452005065
"40 CROSS STREET, Boston, MA",SAM,-71.13528128615857,42.240480667820435
"46 CROSS STREET, Boston, MA",SAM,-71.13525765588973,42.24047374170532
"10 CROSS STREET, Boston, MA",SAM,-71.13539943750281,42.240515298395955
"11 CROSS STREET, Boston, MA",SAM,-71.13544934201185,42.24040668034196
"12 CROSS STREET, Boston, MA",SAM,-71.13539156074651,42.24051298969092
"13 CROSS STREET, Boston, MA",SAM,-71.13544162600569,42.24040441875336
"15 CROSS STREET, Boston, MA",SAM,-71.13543390999955,42.24040215716476
"16 CROSS STREET, Boston, MA",SAM,-71.13537580723396,42.24050837228085
"17 CROSS STREET, Boston, MA",SAM,-71.13542619399338,42.240399895576154
"19 CROSS STREET, Boston, MA",SAM,-71.13541847798723,42.24039763398754
"21 CROSS STREET, Boston, MA",SAM,-71.13541076198106,42.240395372398936
"22 CROSS STREET, Boston, MA",SAM,-71.13535217696511,42.24050144616575
"23 CROSS STREET, Boston, MA",SAM,-71.13540304597494,42.24039311081033
"26 CROSS STREET, Boston, MA",SAM,-71.13533642345254,42.240496828755674
"27 CROSS STREET, Boston, MA",SAM,-71.13538761396262,42.24038858763313
"29 CROSS STREET, Boston, MA",SAM,-71.13537989795645,42.24038632604452
"30 CROSS STREET, Boston, MA",SAM,-71.13532066993997,42.24049221134561
"32 CROSS STREET, Boston, MA",SAM,-71.13531279318369,42.24048990264058
"34 CROSS STREET, Boston, MA",SAM,-71.13530491642742,42.24048759393553
"36 CROSS STREET, Boston, MA",SAM,-71.13529703967112,42.240485285230505
"38 CROSS STREET, Boston, MA",SAM,-71.13528916291484,42.240482976525456
"4 CROSS STREET, Boston, MA",SAM,-71.13542306777164,42.24052222451106
"5 CROSS STREET, Boston, MA",SAM,-71.13547249003032,42.240413465107785
"6 CROSS STREET, Boston, MA",SAM,-71.13541519101537,42.24051991580603
"7 CROSS STREET, Boston, MA",SAM,-71.13546477402416,42.24041120351919
"9 CROSS STREET, Boston, MA",SAM,-71.135457058018,42.240408941930575
"1 CROSSLAND PLACE, Boston, MA",SAM,-71.15171533086536,42.347136302248366
"10 CROSSMAN STREET, Boston, MA",SAM,-71.09128508209166,42.27410220830211
"14 CROSSMAN STREET, Boston, MA",SAM,-71.09100282132748,42.27394247589075
"15 CROSSMAN STREET, Boston, MA",SAM,-71.09096384563716,42.27377816381183
"17 CROSSMAN STREET, Boston, MA",SAM,-71.09085434046,42.273703512479706
"18 CROSSMAN STREET, Boston, MA",SAM,-71.09074064918187,42.27378132128328
"21 CROSSMAN STREET, Boston, MA",SAM,-71.0906318273966,42.27352550198915
"23 CROSSMAN STREET, Boston, MA",SAM,-71.0905252151207,42.27344134256143
"24 CROSSMAN STREET, Boston, MA",SAM,-71.09041293379207,42.27352026395134
"25 CROSSMAN STREET, Boston, MA",SAM,-71.09051092960199,42.27343021489174
"27 CROSSMAN STREET, Boston, MA",SAM,-71.09049664408329,42.27341908722204
"29 CROSSMAN STREET, Boston, MA",SAM,-71.09048235856459,42.273407959552344
"31 CROSSMAN STREET, Boston, MA",SAM,-71.09046807304587,42.273396831882664
"6 CROSSMAN STREET, Boston, MA",SAM,-71.09163127201369,42.274117920333076
"9 CROSSMAN STREET, Boston, MA",SAM,-71.09132368960964,42.27399123487424
"10 CROSSTOWN AVENUE, Boston, MA",SAM,-71.1639515089354,42.26216669116434
"14 CROSSTOWN AVENUE, Boston, MA",SAM,-71.1641158525288,42.26213727366511
"15 CROSSTOWN AVENUE, Boston, MA",SAM,-71.16424558598655,42.26222792681664
"18 CROSSTOWN AVENUE, Boston, MA",SAM,-71.16428555809809,42.26209923621063
"19 CROSSTOWN AVENUE, Boston, MA",SAM,-71.16441529155583,42.26218988936215
"22 CROSSTOWN AVENUE, Boston, MA",SAM,-71.16445526366738,42.26206119875614
"25 CROSSTOWN AVENUE, Boston, MA",SAM,-71.16467641950527,42.26212386160623
"26 CROSSTOWN AVENUE, Boston, MA",SAM,-71.16461202225477,42.26201965125127
"29 CROSSTOWN AVENUE, Boston, MA",SAM,-71.16483767364808,42.26206928327969
"30 CROSSTOWN AVENUE, Boston, MA",SAM,-71.16477327639755,42.26196507292473
"34 CROSSTOWN AVENUE, Boston, MA",SAM,-71.1649763326581,42.26189419398272
"35 CROSSTOWN AVENUE, Boston, MA",SAM,-71.16526754784121,42.26191799265242
"38 CROSSTOWN AVENUE, Boston, MA",SAM,-71.16510450904943,42.261848741360474
"39 CROSSTOWN AVENUE, Boston, MA",SAM,-71.16557217402911,42.26180426694926
"42 CROSSTOWN AVENUE, Boston, MA",SAM,-71.16523268544078,42.261803288738214
"46 CROSSTOWN AVENUE, Boston, MA",SAM,-71.16536086183214,42.26175783611596
"50 CROSSTOWN AVENUE, Boston, MA",SAM,-71.16546854284962,42.261719125894466
"55 CROSSTOWN AVENUE, Boston, MA",SAM,-71.16595244909686,42.261592585891606
"59 CROSSTOWN AVENUE, Boston, MA",SAM,-71.16604915500429,42.26157585188158
"6 CROSSTOWN AVENUE, Boston, MA",SAM,-71.16378715039342,42.26217335750914
"63 CROSSTOWN AVENUE, Boston, MA",SAM,-71.16615328596153,42.2615617801321
"69 CROSSTOWN AVENUE, Boston, MA",SAM,-71.16630948239735,42.261540672507905
"75 CROSSTOWN AVENUE, Boston, MA",SAM,-71.1668226208852,42.262017230601785
"81 CROSSTOWN AVENUE, Boston, MA",SAM,-71.16701044236729,42.262328665599576
"83 CROSSTOWN AVENUE, Boston, MA",SAM,-71.16702478203366,42.262396599322514
"85 CROSSTOWN AVENUE, Boston, MA",SAM,-71.16702426910054,42.26248887893321
"87 CROSSTOWN AVENUE, Boston, MA",SAM,-71.16701545066171,42.26259470013973
"89 CROSSTOWN AVENUE, Boston, MA",SAM,-71.1670066322229,42.26270052134626
"10 CROWELL STREET, Boston, MA",SAM,-71.0821705392514,42.28365938679637
"11 CROWELL STREET, Boston, MA",SAM,-71.08230249845282,42.283591561520645
"12 CROWELL STREET, Boston, MA",SAM,-71.08215475788697,42.28362616286217
"14 CROWELL STREET, Boston, MA",SAM,-71.08213897652257,42.283592938927946
"15 CROWELL STREET, Boston, MA",SAM,-71.08227157986131,42.28352646973118
"16 CROWELL STREET, Boston, MA",SAM,-71.08212319515815,42.28355971499375
"17 CROWELL STREET, Boston, MA",SAM,-71.08225612056557,42.283493923836446
"18 CROWELL STREET, Boston, MA",SAM,-71.08210741379374,42.28352649105954
"19 CROWELL STREET, Boston, MA",SAM,-71.08224066126981,42.283461377941705
"21 CROWELL STREET, Boston, MA",SAM,-71.0822264779719,42.28343001923119
"22 CROWELL STREET, Boston, MA",SAM,-71.08207612373397,42.28345846936367
"23 CROWELL STREET, Boston, MA",SAM,-71.0822121189656,42.283397198636045
"24 CROWELL STREET, Boston, MA",SAM,-71.0820614655817,42.283424965006105
"25 CROWELL STREET, Boston, MA",SAM,-71.0821977599593,42.28336437804089
"26 CROWELL STREET, Boston, MA",SAM,-71.08204680742942,42.28339146064854
"27 CROWELL STREET, Boston, MA",SAM,-71.082183400953,42.28333155744571
"28 CROWELL STREET, Boston, MA",SAM,-71.08203214927715,42.283357956291
"29 CROWELL STREET, Boston, MA",SAM,-71.08216904194668,42.28329873685056
"32 CROWELL STREET, Boston, MA",SAM,-71.08200283297262,42.28329094757586
"5 CROWELL STREET, Boston, MA",SAM,-71.08234887634008,42.28368919920483
"7 CROWELL STREET, Boston, MA",SAM,-71.08233341704432,42.2836566533101
"8 CROWELL STREET, Boston, MA",SAM,-71.08218632061582,42.283692610730576
"9 CROWELL STREET, Boston, MA",SAM,-71.08231795774857,42.283624107415385
"1 CROWN STREET, Boston, MA",SAM,-71.10826119905322,42.26661021167575
"2 CROWN STREET, Boston, MA",SAM,-71.10819420235758,42.2665069011518
"3 CROWN STREET, Boston, MA",SAM,-71.10827342594456,42.26660586941517
"4 CROWN STREET, Boston, MA",SAM,-71.10820668397585,42.26650246842744
"1 CRYSTAL PLACE, Boston, MA",SAM,-71.06880258361369,42.379784082933774
"2 CRYSTAL PLACE, Boston, MA",SAM,-71.06869458388539,42.379866342105046
"3 CRYSTAL PLACE, Boston, MA",SAM,-71.06880646406664,42.37978686296038
"4 CRYSTAL PLACE, Boston, MA",SAM,-71.0686985451811,42.37986918004889
"11 CUFFLIN STREET, Boston, MA",SAM,-71.17419001521424,42.35108488894162
"12 CUFFLIN STREET, Boston, MA",SAM,-71.17401525660617,42.351094621223595
"16 CUFFLIN STREET, Boston, MA",SAM,-71.1741063394997,42.35093958650809
"20 CUFFLIN STREET, Boston, MA",SAM,-71.17421095226851,42.350757770124765
"21 CUFFLIN STREET, Boston, MA",SAM,-71.17436774005127,42.35077682182695
"7 CUFFLIN STREET, Boston, MA",SAM,-71.17408820336009,42.35126126796093
"11 CULBERT STREET, Boston, MA",SAM,-71.09395388957094,42.27346681285042
"12 CULBERT STREET, Boston, MA",SAM,-71.0941010777827,42.27343110616075
"14 CULBERT STREET, Boston, MA",SAM,-71.09409725825944,42.27342546053151
"6 CULBERT STREET, Boston, MA",SAM,-71.09407048449717,42.27336652031802
"7 CULBERT STREET, Boston, MA",SAM,-71.09393391028244,42.27342463434087
"8 CULBERT STREET, Boston, MA",SAM,-71.094080682259,42.27338804893228
"9 CULBERT STREET, Boston, MA",SAM,-71.0939438999267,42.27344572359565
"10 CUMBERLAND STREET, Boston, MA",SAM,-71.08228516318346,42.34385455564059
"12 CUMBERLAND STREET, Boston, MA",SAM,-71.08223024914334,42.34382099705294
"17 CUMBERLAND STREET, Boston, MA",SAM,-71.08187384111348,42.34342535790083
"18 CUMBERLAND STREET, Boston, MA",SAM,-71.08175992590685,42.343503551282375
"20 CUMBERLAND STREET, Boston, MA",SAM,-71.08175150186953,42.343497770079004
"21 CUMBERLAND STREET, Boston, MA",SAM,-71.08185699303887,42.34341379549408
"22 CUMBERLAND STREET, Boston, MA",SAM,-71.08174307783221,42.34349198887564
"23 CUMBERLAND STREET, Boston, MA",SAM,-71.08184856900156,42.343408014290716
"24 CUMBERLAND STREET, Boston, MA",SAM,-71.08173465379491,42.34348620767228
"25 CUMBERLAND STREET, Boston, MA",SAM,-71.08184014496426,42.34340223308735
"26 CUMBERLAND STREET, Boston, MA",SAM,-71.08172622975762,42.34348042646889
"27 CUMBERLAND STREET, Boston, MA",SAM,-71.08183172092694,42.34339645188398
"28 CUMBERLAND STREET, Boston, MA",SAM,-71.08171780572032,42.34347464526553
"30 CUMBERLAND STREET, Boston, MA",SAM,-71.08170938168301,42.34346886406217
"31 CUMBERLAND STREET, Boston, MA",SAM,-71.08181487285235,42.34338488947726
"12 CUMMINGS ROAD, Boston, MA",SAM,-71.14312384802355,42.34036145004411
"16 CUMMINGS ROAD, Boston, MA",SAM,-71.1433671006442,42.34035303736933
"24 CUMMINGS ROAD, Boston, MA",SAM,-71.1438689710706,42.340357384197254
"36 CUMMINGS ROAD, Boston, MA",SAM,-71.14460084331083,42.340554747518155
"44 EGREMONT ROAD, Boston, MA",SAM,-71.14438888376874,42.341093732964005
"53 CUMMINGS ROAD, Boston, MA",SAM,-71.14481986710447,42.341127893222975
"55 CUMMINGS ROAD, Boston, MA",SAM,-71.14482047936528,42.34115238371552
"57 CUMMINGS ROAD, Boston, MA",SAM,-71.14482109162607,42.341176874208074
"6 CUMMINGS ROAD, Boston, MA",SAM,-71.14277026412614,42.34031486470998
"62 CUMMINGS ROAD, Boston, MA",SAM,-71.14497528857758,42.34114242962349
"7 CUMMINGS ROAD, Boston, MA",SAM,-71.14287456089943,42.34045249040442
"140 CUMMINGS STREET, Boston, MA",SAM,-71.06611332425857,42.33296213654104
"93 CUMMINGS STREET, Boston, MA",SAM,-71.06627840645139,42.33243587042025
"100 CUMMINGTON MALL, Boston, MA",SAM,-71.1051985798891,42.34916075337079
"110 CUMMINGTON MALL, Boston, MA",SAM,-71.10519733883767,42.349166648364324
"2 CUMMINGTON MALL, Boston, MA",SAM,-71.10081953831578,42.348294293960116
"24 CUMMINGTON MALL, Boston, MA",SAM,-71.1017229764726,42.348448177488144
"36 CUMMINGTON MALL, Boston, MA",SAM,-71.10220897472875,42.348537465556134
"48 CUMMINGTON MALL, Boston, MA",SAM,-71.10270061934824,42.34861783056962
"64 CUMMINGTON MALL, Boston, MA",SAM,-71.10347534899093,42.34874781691523
"74 CUMMINGTON MALL, Boston, MA",SAM,-71.10394692998898,42.34882851129798
"80 CUMMINGTON MALL, Boston, MA",SAM,-71.10422928255025,42.34887797453676
"100 CUMMINS HIGHWAY, Boston, MA",SAM,-71.12439047665286,42.283879626649835
"105 CUMMINS HIGHWAY, Boston, MA",SAM,-71.12447705510512,42.28374278766851
"118 CUMMINS HIGHWAY, Boston, MA",SAM,-71.1241268910566,42.28334458610077
"120 CUMMINS HIGHWAY, Boston, MA",SAM,-71.12410489351063,42.28328438227214
"123 CUMMINS HIGHWAY, Boston, MA",SAM,-71.1242833606146,42.28333369471065
"125 CUMMINS HIGHWAY, Boston, MA",SAM,-71.12426599413094,42.28328616537227
"129 CUMMINS HIGHWAY, Boston, MA",SAM,-71.12422694335024,42.283185102199205
"133 CUMMINS HIGHWAY, Boston, MA",SAM,-71.12417743271543,42.28309369792637
"139 CUMMINS HIGHWAY, Boston, MA",SAM,-71.1240841899857,42.28294565231239
"140 CUMMINS HIGHWAY, Boston, MA",SAM,-71.12383182838514,42.28288058111988
"143 CUMMINS HIGHWAY, Boston, MA",SAM,-71.12394703090484,42.28280189016917
"144 CUMMINS HIGHWAY, Boston, MA",SAM,-71.12381375928149,42.282860589766585
"145 CUMMINS HIGHWAY, Boston, MA",SAM,-71.12389734086986,42.282746913947584
"149 CUMMINS HIGHWAY, Boston, MA",SAM,-71.12377977302862,42.28263326347324
"153 CUMMINS HIGHWAY, Boston, MA",SAM,-71.12365291409193,42.28254006096831
"169 CUMMINS HIGHWAY, Boston, MA",SAM,-71.12295885774549,42.2820847034784
"190 CUMMINS HIGHWAY, Boston, MA",SAM,-71.12358990485556,42.28265526304478
"195 CUMMINS HIGHWAY, Boston, MA",SAM,-71.12219019618864,42.28159108714256
"20 CUMMINS HIGHWAY, Boston, MA",SAM,-71.12710021187358,42.2858624490094
"200 CUMMINS HIGHWAY, Boston, MA",SAM,-71.12190403998252,42.28155481581532
"207 CUMMINS HIGHWAY, Boston, MA",SAM,-71.12188357646653,42.28138746015585
"208 CUMMINS HIGHWAY, Boston, MA",SAM,-71.12151897210887,42.2812997708028
"210 CUMMINS HIGHWAY, Boston, MA",SAM,-71.12142270514045,42.28123600954967
"214 CUMMINS HIGHWAY, Boston, MA",SAM,-71.12121114242419,42.28109701376162
"218 CUMMINS HIGHWAY, Boston, MA",SAM,-71.12115964248105,42.281063906647844
"221 CUMMINS HIGHWAY, Boston, MA",SAM,-71.12159477556128,42.28119617639646
"222 CUMMINS HIGHWAY, Boston, MA",SAM,-71.12110814253788,42.281030799534086
"223 CUMMINS HIGHWAY, Boston, MA",SAM,-71.12155351828912,42.28116885014512
"225 CUMMINS HIGHWAY, Boston, MA",SAM,-71.12151226101695,42.28114152389379
"227 CUMMINS HIGHWAY, Boston, MA",SAM,-71.12147100374474,42.28111419764244
"229 CUMMINS HIGHWAY, Boston, MA",SAM,-71.12142974647259,42.28108687139109
"233 CUMMINS HIGHWAY, Boston, MA",SAM,-71.12128054203716,42.28098982204352
"236 CUMMINS HIGHWAY, Boston, MA",SAM,-71.12092728494497,42.280918659387666
"237 CUMMINS HIGHWAY, Boston, MA",SAM,-71.1212161671082,42.28094843815135
"241 CUMMINS HIGHWAY, Boston, MA",SAM,-71.12115179217926,42.28090705425914
"25 CUMMINS HIGHWAY, Boston, MA",SAM,-71.12703351531943,42.285673669984924
"26 CUMMINS HIGHWAY, Boston, MA",SAM,-71.12698236407513,42.28579086736752
"260 CUMMINS HIGHWAY, Boston, MA",SAM,-71.11894126026908,42.28002660686734
"290 CUMMINS HIGHWAY, Boston, MA",SAM,-71.11802725537318,42.27963696145207
"291 CUMMINS HIGHWAY, Boston, MA",SAM,-71.11823052308358,42.279586136407815
"301 CUMMINS HIGHWAY, Boston, MA",SAM,-71.11797290834473,42.279486770698696
"304 CUMMINS HIGHWAY, Boston, MA",SAM,-71.11755500302903,42.279455182829494
"305 CUMMINS HIGHWAY, Boston, MA",SAM,-71.1178698624492,42.27944702441504
"308 CUMMINS HIGHWAY, Boston, MA",SAM,-71.11744900317352,42.2794145253408
"309 CUMMINS HIGHWAY, Boston, MA",SAM,-71.1177138507769,42.27938703642568
"31 CUMMINS HIGHWAY, Boston, MA",SAM,-71.12693334469073,42.285612825589325
"312 CUMMINS HIGHWAY, Boston, MA",SAM,-71.117343003318,42.27937386785207
"316 CUMMINS HIGHWAY, Boston, MA",SAM,-71.11723700346249,42.27933321036335
"32 CUMMINS HIGHWAY, Boston, MA",SAM,-71.12686451627668,42.28571928572564
"342 CUMMINS HIGHWAY, Boston, MA",SAM,-71.1161492887845,42.27876471188563
"346 CUMMINS HIGHWAY, Boston, MA",SAM,-71.11609121240495,42.2787187557837
"354 CUMMINS HIGHWAY, Boston, MA",SAM,-71.11597505964585,42.278626843579865
"355 CUMMINS HIGHWAY, Boston, MA",SAM,-71.11728985135484,42.279224406470796
"360 CUMMINS HIGHWAY, Boston, MA",SAM,-71.11588794507655,42.278557909426965
"366 CUMMINS HIGHWAY, Boston, MA",SAM,-71.11580083050725,42.278488975274065
"39 CUMMINS HIGHWAY, Boston, MA",SAM,-71.12679978385249,42.28553169972854
"427 CUMMINS HIGHWAY, Boston, MA",SAM,-71.11103320896564,42.275390963650175
"43 CUMMINS HIGHWAY, Boston, MA",SAM,-71.12664716148524,42.285438668959394
"44 CUMMINS HIGHWAY, Boston, MA",SAM,-71.12654834312166,42.28552691102693
"47 CUMMINS HIGHWAY, Boston, MA",SAM,-71.12642780063004,42.285304221953325
"48 CUMMINS HIGHWAY, Boston, MA",SAM,-71.12643866269404,42.28545968752389
"495 CUMMINS HIGHWAY, Boston, MA",SAM,-71.11051145972044,42.275074909461615
"499 CUMMINS HIGHWAY, Boston, MA",SAM,-71.11048112069231,42.27505549247926
"505 CUMMINS HIGHWAY, Boston, MA",SAM,-71.11027565881702,42.274939541176664
"51 CUMMINS HIGHWAY, Boston, MA",SAM,-71.12620843977483,42.28516977494723
"511 CUMMINS HIGHWAY, Boston, MA",SAM,-71.11015776450274,42.274876790962786
"515 CUMMINS HIGHWAY, Boston, MA",SAM,-71.11007916829323,42.27483495748685
"52 CUMMINS HIGHWAY, Boston, MA",SAM,-71.12632898226646,42.28539246402085
"525 CUMMINS HIGHWAY, Boston, MA",SAM,-71.10962746785474,42.27458512453535
"531 CUMMINS HIGHWAY, Boston, MA",SAM,-71.10950685510706,42.27451402695399
"548 CUMMINS HIGHWAY, Boston, MA",SAM,-71.10871890489568,42.27392212011049
"560 CUMMINS HIGHWAY, Boston, MA",SAM,-71.10862717216241,42.273817071310965
"564 CUMMINS HIGHWAY, Boston, MA",SAM,-71.10852643962598,42.27370915977045
"568 CUMMINS HIGHWAY, Boston, MA",SAM,-71.10839928211625,42.273584597283666
"571 CUMMINS HIGHWAY, Boston, MA",SAM,-71.108195624377,42.27317931378176
"572 CUMMINS HIGHWAY, Boston, MA",SAM,-71.10824788658655,42.27343049207287
"575 CUMMINS HIGHWAY, Boston, MA",SAM,-71.10816777196152,42.27315047833325
"580 CUMMINS HIGHWAY, Boston, MA",SAM,-71.10801392629647,42.27318827430543
"581 CUMMINS HIGHWAY, Boston, MA",SAM,-71.10805094800827,42.27302855197412
"586 CUMMINS HIGHWAY, Boston, MA",SAM,-71.1078483839148,42.27301422103949
"590 CUMMINS HIGHWAY, Boston, MA",SAM,-71.10777270544241,42.27293419321129
"601 CUMMINS HIGHWAY, Boston, MA",SAM,,
"61 CUMMINS HIGHWAY, Boston, MA",SAM,-71.12588295234075,42.284959806746095
"610 CUMMINS HIGHWAY, Boston, MA",SAM,-71.10726457943566,42.27239358825418
"615 CUMMINS HIGHWAY, Boston, MA",SAM,-71.1069181771275,42.271908454241114
"619 CUMMINS HIGHWAY, Boston, MA",SAM,-71.10682248105904,42.27184776891575
"62 CUMMINS HIGHWAY, Boston, MA",SAM,-71.12599008170882,42.285182434195164
"621 CUMMINS HIGHWAY, Boston, MA",SAM,-71.10677463302478,42.27181742625309
"622 CUMMINS HIGHWAY, Boston, MA",SAM,-71.10691193658649,42.272069156134826
"623 CUMMINS HIGHWAY, Boston, MA",SAM,-71.10672318826107,42.271786425287225
"624 CUMMINS HIGHWAY, Boston, MA",SAM,-71.10686007747489,42.27202702059722
"627 CUMMINS HIGHWAY, Boston, MA",SAM,-71.10652742100422,42.27169121010278
"628 CUMMINS HIGHWAY, Boston, MA",SAM,-71.10675360690217,42.27195500768192
"631 CUMMINS HIGHWAY, Boston, MA",SAM,-71.10632224835702,42.27162143776475
"632 CUMMINS HIGHWAY, Boston, MA",SAM,-71.10663860491705,42.271882971807536
"635 CUMMINS HIGHWAY, Boston, MA",SAM,-71.10611635373245,42.27156942226614
"637 CUMMINS HIGHWAY, Boston, MA",SAM,-71.10601340642017,42.27154341451684
"640 CUMMINS HIGHWAY, Boston, MA",SAM,-71.10630178147322,42.27173982630482
"643 CUMMINS HIGHWAY, Boston, MA",SAM,-71.10569820438589,42.271471430067216
"644 CUMMINS HIGHWAY, Boston, MA",SAM,-71.10614352883303,42.27169737326881
"648 CUMMINS HIGHWAY, Boston, MA",SAM,-71.10597623945057,42.27165511067617
"654 CUMMINS HIGHWAY, Boston, MA",SAM,-71.10572687889956,42.27159690300314
"658 CUMMINS HIGHWAY, Boston, MA",SAM,-71.10555710988412,42.27156045540701
"662 CUMMINS HIGHWAY, Boston, MA",SAM,-71.10538734086866,42.27152400781089
"669 CUMMINS HIGHWAY, Boston, MA",SAM,-71.10396229385042,42.271085687397104
"670 CUMMINS HIGHWAY, Boston, MA",SAM,-71.10498477505139,42.27143848231537
"673 CUMMINS HIGHWAY, Boston, MA",SAM,-71.10375887542365,42.27103750933489
"677 CUMMINS HIGHWAY, Boston, MA",SAM,-71.1035554569969,42.27098933127265
"682 CUMMINS HIGHWAY, Boston, MA",SAM,-71.10439820568409,42.27130924738663
"687 CUMMINS HIGHWAY, Boston, MA",SAM,-71.10301005808402,42.27086698674963
"69 CUMMINS HIGHWAY, Boston, MA",SAM,-71.12568073390345,42.28482274247761
"690 CUMMINS HIGHWAY, Boston, MA",SAM,-71.10409307804396,42.27123698029328
"700 CUMMINS HIGHWAY, Boston, MA",SAM,-71.10371166849379,42.27114664642663
"711 CUMMINS HIGHWAY, Boston, MA",SAM,-71.10198886796759,42.27064000510098
"714 CUMMINS HIGHWAY, Boston, MA",SAM,-71.1030397300844,42.27099294083813
"715 CUMMINS HIGHWAY, Boston, MA",SAM,-71.10187446168514,42.27061374791378
"718 CUMMINS HIGHWAY, Boston, MA",SAM,-71.10281923719319,42.270944798271195
"719 CUMMINS HIGHWAY, Boston, MA",SAM,-71.10175188168152,42.270588975087925
"72 CUMMINS HIGHWAY, Boston, MA",SAM,-71.1256162550883,42.284937192916125
"722 CUMMINS HIGHWAY, Boston, MA",SAM,-71.10259874430196,42.270896655704256
"728 CUMMINS HIGHWAY, Boston, MA",SAM,-71.10222900907785,42.27081509589708
"730 CUMMINS HIGHWAY, Boston, MA",SAM,-71.102143204366,42.27079540300668
"731 CUMMINS HIGHWAY, Boston, MA",SAM,-71.10125121044027,42.27050141783957
"733 CUMMINS HIGHWAY, Boston, MA",SAM,-71.10116213848103,42.27048397717078
"734 CUMMINS HIGHWAY, Boston, MA",SAM,-71.1019715949423,42.270756017225885
"738 CUMMINS HIGHWAY, Boston, MA",SAM,-71.1017999855186,42.27071663144508
"739 CUMMINS HIGHWAY, Boston, MA",SAM,-71.10089492260327,42.2704316551644
"742 CUMMINS HIGHWAY, Boston, MA",SAM,-71.10163240355024,42.27068763559253
"747 CUMMINS HIGHWAY, Boston, MA",SAM,-71.10043837828367,42.270384235170084
"748 CUMMINS HIGHWAY, Boston, MA",SAM,-71.10132496131108,42.270634393691516
"751 CUMMINS HIGHWAY, Boston, MA",SAM,-71.10021292877775,42.270358652236524
"753 CUMMINS HIGHWAY, Boston, MA",SAM,-71.1001002040248,42.27034586076975
"754 CUMMINS HIGHWAY, Boston, MA",SAM,-71.1011306224909,42.27059634132326
"755 CUMMINS HIGHWAY, Boston, MA",SAM,-71.09999354346483,42.27033359993607
"760 CUMMINS HIGHWAY, Boston, MA",SAM,-71.10093628367072,42.27055828895497
"77 CUMMINS HIGHWAY, Boston, MA",SAM,-71.12548348211342,42.284676394342576
"770 CUMMINS HIGHWAY, Boston, MA",SAM,-71.10052763007711,42.27051029388748
"81 CUMMINS HIGHWAY, Boston, MA",SAM,-71.12538485621842,42.28460322027505
"82 CUMMINS HIGHWAY, Boston, MA",SAM,-71.12526695504349,42.28467803476036
"820 CUMMINS HIGHWAY, Boston, MA",SAM,-71.09777047643135,42.27004641762297
"821 CUMMINS HIGHWAY, Boston, MA",SAM,-71.09710984750997,42.26956710424703
"825 CUMMINS HIGHWAY, Boston, MA",SAM,-71.09706919251317,42.26953853586449
"833 CUMMINS HIGHWAY, Boston, MA",SAM,-71.09686551458621,42.26938375801839
"837 CUMMINS HIGHWAY, Boston, MA",SAM,-71.09678783577095,42.26932215066838
"839 CUMMINS HIGHWAY, Boston, MA",SAM,-71.09667896683658,42.269238317944
"849 CUMMINS HIGHWAY, Boston, MA",SAM,-71.0964926832784,42.26909904048619
"853 CUMMINS HIGHWAY, Boston, MA",SAM,-71.09641816985513,42.26904332950308
"864 CUMMINS HIGHWAY, Boston, MA",SAM,-71.09625516397095,42.269084354645244
"869 CUMMINS HIGHWAY, Boston, MA",SAM,-71.09585391733562,42.26864146720699
"88 CUMMINS HIGHWAY, Boston, MA",SAM,-71.12501808418419,42.284488238433326
"885 CUMMINS HIGHWAY, Boston, MA",SAM,-71.09550807313869,42.268401681843464
"889 CUMMINS HIGHWAY, Boston, MA",SAM,-71.09535732589421,42.26829332956859
"897 CUMMINS HIGHWAY, Boston, MA",SAM,-71.09484217169549,42.267898480753146
"9 CUMMINS HIGHWAY, Boston, MA",SAM,-71.1273006369959,42.28583592170652
"92 CUMMINS HIGHWAY, Boston, MA",SAM,-71.12479058661127,42.28429725277365
"920 CUMMINS HIGHWAY, Boston, MA",SAM,-71.09511450546603,42.26827219525428
"93 CUMMINS HIGHWAY, Boston, MA",SAM,-71.12490679428845,42.284221490151545
"97 CUMMINS HIGHWAY, Boston, MA",SAM,-71.12470109970587,42.28402506771944
"1 CUMSTON STREET, Boston, MA",SAM,-71.07502118602316,42.338873964236505
"10 CUMSTON STREET, Boston, MA",SAM,-71.07523152363402,42.3385358437512
"11 CUMSTON STREET, Boston, MA",SAM,-71.07532745370418,42.338625860659896
"12 CUMSTON STREET, Boston, MA",SAM,-71.07523671742145,42.33853281952042
"13 CUMSTON STREET, Boston, MA",SAM,-71.0753326474916,42.3386228364291
"14 CUMSTON STREET, Boston, MA",SAM,-71.07524191120888,42.338529795289595
"15 CUMSTON STREET, Boston, MA",SAM,-71.07533784127904,42.33861981219829
"4 CUMSTON STREET, Boston, MA",SAM,-71.07500370803653,42.33871262571071
"5 CUMSTON STREET, Boston, MA",SAM,-71.07515507445858,42.338758060808914
"6 CUMSTON STREET, Boston, MA",SAM,-71.07510412436308,42.338625698140014
"7 CUMSTON STREET, Boston, MA",SAM,-71.07522201867627,42.33870010909511
"8 CUMSTON STREET, Boston, MA",SAM,-71.0752263298466,42.33853886798201
"9 CUMSTON STREET, Boston, MA",SAM,-71.07532225991675,42.33862888489071
"24 CUNARD STREET, Boston, MA",SAM,-71.08619668805174,42.33637523056094
"33 CUNARD STREET, Boston, MA",SAM,-71.08611913879419,42.33649045688128
"35 CUNARD STREET, Boston, MA",SAM,-71.08612901331014,42.33650033139948
"40 CUNARD STREET, Boston, MA",SAM,-71.086277329932,42.336455872459574
"13 CUNNINGHAM STREET, Boston, MA",SAM,-71.07381531063555,42.31432685551528
"14 CUNNINGHAM STREET, Boston, MA",SAM,-71.07383050340262,42.31421281609376
"15 CUNNINGHAM STREET, Boston, MA",SAM,-71.07391570901261,42.314334169308594
"16 CUNNINGHAM STREET, Boston, MA",SAM,-71.07393090177969,42.31422012988705
"17 CUNNINGHAM STREET, Boston, MA",SAM,-71.07401610738967,42.3143414831019
"19 CUNNINGHAM STREET, Boston, MA",SAM,-71.07411650576674,42.314348796895196
"24 CUNNINGHAM STREET, Boston, MA",SAM,-71.07433249528795,42.31424938506027
"26 CUNNINGHAM STREET, Boston, MA",SAM,-71.07443289366502,42.314256698853576
"28 CUNNINGHAM STREET, Boston, MA",SAM,-71.07458735649318,42.314268153759514
"29 CUNNINGHAM STREET, Boston, MA",SAM,-71.07458721461064,42.314383329769406
"30 CUNNINGHAM STREET, Boston, MA",SAM,-71.07460339463263,42.314269364185826
"31 CUNNINGHAM STREET, Boston, MA",SAM,-71.0746028072462,42.31438450657274
"33 CUNNINGHAM STREET, Boston, MA",SAM,-71.07461839988176,42.3143856833761
"34 CUNNINGHAM STREET, Boston, MA",SAM,-71.07463547091149,42.31427178503843
"35 CUNNINGHAM STREET, Boston, MA",SAM,-71.07463399251732,42.31438686017944
"36 CUNNINGHAM STREET, Boston, MA",SAM,-71.07465150905091,42.31427299546472
"38 CUNNINGHAM STREET, Boston, MA",SAM,-71.07466754719034,42.314274205891024
"1 CURLEW STREET, Boston, MA",SAM,-71.15097753951491,42.273714645710776
"14 CURLEW STREET, Boston, MA",SAM,-71.15100925505966,42.27356922740415
"5 CURLEW STREET, Boston, MA",SAM,-71.15101299591676,42.27369964492481
"6 CURLEW STREET, Boston, MA",SAM,-71.1509368649059,42.27359985400879
"8 CURLEW STREET, Boston, MA",SAM,-71.15095496244435,42.27359219735764
"1 CURLEY STREET, Boston, MA",SAM,-71.10863588232188,42.284996246142974
"12 CURLEY STREET, Boston, MA",SAM,-71.10882979630092,42.2850804265357
"16 CURLEY STREET, Boston, MA",SAM,-71.10884781948172,42.28512677187167
"3 CURLEY STREET, Boston, MA",SAM,-71.10864471000227,42.28501894589937
"5 CURLEY STREET, Boston, MA",SAM,-71.10865353768266,42.285041645655745
"7 CURLEY STREET, Boston, MA",SAM,-71.10866236536305,42.28506434541214
"50 CURRIER STREET, Boston, MA",SAM,-71.10164133483123,42.27751728712389
"57 CURRIER STREET, Boston, MA",SAM,-71.10086923971453,42.27766241500621
"59 CURRIER STREET, Boston, MA",SAM,-71.10087706244596,42.277666326372824
"1 CURTIS STREET, Boston, MA",SAM,-71.0207337246571,42.38249931193605
"7 CURTIS STREET, Boston, MA",SAM,-71.0211136902774,42.38305406187764
"8 CURTIS STREET, Boston, MA",SAM,-71.02106213332895,42.382724955297036
"10 CUSHING AVENUE, Boston, MA",SAM,-71.0647749597036,42.31631397129493
"101 CUSHING AVENUE, Boston, MA",SAM,-71.06289863259617,42.31347823122884
"102 CUSHING AVENUE, Boston, MA",SAM,-71.0627818073688,42.31356154402457
"105 CUSHING AVENUE, Boston, MA",SAM,-71.06272942201004,42.31340960034525
"106 CUSHING AVENUE, Boston, MA",SAM,-71.06252799148956,42.3134585976992
"108 CUSHING AVENUE, Boston, MA",SAM,-71.06240108354996,42.3134071245365
"113 CUSHING AVENUE, Boston, MA",SAM,-71.06234021896911,42.313251443982715
"114 CUSHING AVENUE, Boston, MA",SAM,-71.06217526946998,42.31331484060857
"118 CUSHING AVENUE, Boston, MA",SAM,-71.06208546187445,42.31327801948559
"119 CUSHING AVENUE, Boston, MA",SAM,-71.0622023747527,42.31319492784045
"120 CUSHING AVENUE, Boston, MA",SAM,-71.06204055807667,42.31325960892408
"121 CUSHING AVENUE, Boston, MA",SAM,-71.06215642668056,42.31317608912636
"123 CUSHING AVENUE, Boston, MA",SAM,-71.06211047860843,42.31315725041229
"124 CUSHING AVENUE, Boston, MA",SAM,-71.06195075048113,42.313222787801095
"125 CUSHING AVENUE, Boston, MA",SAM,-71.06206453053629,42.31313841169819
"128 CUSHING AVENUE, Boston, MA",SAM,-71.0618609428856,42.3131859666781
"129 CUSHING AVENUE, Boston, MA",SAM,-71.06197263439203,42.31310073427
"130 CUSHING AVENUE, Boston, MA",SAM,-71.06181603908784,42.31316755611661
"131 CUSHING AVENUE, Boston, MA",SAM,-71.06192668631988,42.31308189555592
"134 CUSHING AVENUE, Boston, MA",SAM,-71.0617262314923,42.313130734993614
"135 CUSHING AVENUE, Boston, MA",SAM,-71.06183479017562,42.31304421812775
"138 CUSHING AVENUE, Boston, MA",SAM,-71.06163642389676,42.31309391387063
"139 CUSHING AVENUE, Boston, MA",SAM,-71.06174289403135,42.31300654069958
"14 CUSHING AVENUE, Boston, MA",SAM,-71.06456421337762,42.316226207640106
"15 CUSHING AVENUE, Boston, MA",SAM,-71.06478111016217,42.31618514415502
"20 CUSHING AVENUE, Boston, MA",SAM,-71.06428067923159,42.31598490422833
"21 CUSHING AVENUE, Boston, MA",SAM,-71.06442901110128,42.31601808321222
"30 CUSHING AVENUE, Boston, MA",SAM,-71.06440894810787,42.31565087947052
"31 CUSHING AVENUE, Boston, MA",SAM,-71.06457511012167,42.315634743996036
"35 CUSHING AVENUE, Boston, MA",SAM,-71.0646160419552,42.31548064769515
"36 CUSHING AVENUE, Boston, MA",SAM,-71.06446625253577,42.31545000122789
"51 CUSHING AVENUE, Boston, MA",SAM,-71.06468937009369,42.31481863749504
"57 CUSHING AVENUE, Boston, MA",SAM,-71.06461790725481,42.314547256759184
"6 CUSHING AVENUE, Boston, MA",SAM,-71.06500810225326,42.31641452782909
"61 CUSHING AVENUE, Boston, MA",SAM,-71.06454807511652,42.31439010274507
"63 CUSHING AVENUE, Boston, MA",SAM,-71.06450626069947,42.31431842086897
"65 CUSHING AVENUE, Boston, MA",SAM,-71.06444924266259,42.3142428974124
"7 CUSHING AVENUE, Boston, MA",SAM,-71.0652944933284,42.31642614239715
"71 CUSHING AVENUE, Boston, MA",SAM,-71.0642099993381,42.31402231001395
"73 CUSHING AVENUE, Boston, MA",SAM,-71.06409092073704,42.313952952398466
"8 CUSHING AVENUE, Boston, MA",SAM,-71.06487942712167,42.31635728706398
"90 CUSHING AVENUE, Boston, MA",SAM,-71.06348203026573,42.31383628747261
"95 CUSHING AVENUE, Boston, MA",SAM,-71.06314061818891,42.31357654121665
"97 CUSHING AVENUE, Boston, MA",SAM,-71.06311916375844,42.31356780052065
"99 CUSHING AVENUE, Boston, MA",SAM,-71.06298323788927,42.313512546670616
"10 CUSHMAN ROAD, Boston, MA",SAM,-71.148067845013,42.3541679754692
"15 CUSHMAN ROAD, Boston, MA",SAM,-71.14770005817692,42.35395056184513
"16 CUSHMAN ROAD, Boston, MA",SAM,-71.14782055230377,42.35410379739569
"20 CUSHMAN ROAD, Boston, MA",SAM,-71.14765636436074,42.35406069804875
"32 CUSHMAN ROAD, Boston, MA",SAM,-71.1470717501745,42.35391085194563
"34 CUSHMAN ROAD, Boston, MA",SAM,-71.14696048142817,42.353883829528115
"35 CUSHMAN ROAD, Boston, MA",SAM,-71.1470557426877,42.35378634409203
"39 CUSHMAN ROAD, Boston, MA",SAM,-71.14699718018959,42.35377212176704
"40 CUSHMAN ROAD, Boston, MA",SAM,-71.1466266751891,42.353802762275556
"41 CUSHMAN ROAD, Boston, MA",SAM,-71.14696789894056,42.35376501060452
"42 CUSHMAN ROAD, Boston, MA",SAM,-71.14651540644273,42.35377573985805
"45 CUSHMAN ROAD, Boston, MA",SAM,-71.14690933644248,42.353750788279534
"46 CUSHMAN ROAD, Boston, MA",SAM,-71.14629286895001,42.353721695023
"49 CUSHMAN ROAD, Boston, MA",SAM,-71.14685077394438,42.353736565954506
"7 CUSHMAN ROAD, Boston, MA",SAM,-71.1481265817569,42.3540617280251
"9 CUSHMAN ROAD, Boston, MA",SAM,-71.14802022466587,42.354034605571634
"10 CUSTER STREET, Boston, MA",SAM,-71.11600844066436,42.30747477965202
"14 CUSTER STREET, Boston, MA",SAM,-71.11623523113991,42.30742302675866
"16 CUSTER STREET, Boston, MA",SAM,-71.11634870113197,42.3073965013063
"18 CUSTER STREET, Boston, MA",SAM,-71.11646217112403,42.30736997585393
"19 CUSTER STREET, Boston, MA",SAM,-71.1167890191957,42.30741343456599
"21 CUSTER STREET, Boston, MA",SAM,-71.11692056460248,42.30738414789811
"22 CUSTER STREET, Boston, MA",SAM,-71.11671557919543,42.30731046318296
"26 CUSTER STREET, Boston, MA",SAM,-71.11692961608748,42.30726260239687
"28 CUSTER STREET, Boston, MA",SAM,-71.11703608039551,42.307239180249574
"32 CUSTER STREET, Boston, MA",SAM,-71.11759896663735,42.30711186593726
"34 CUSTER STREET, Boston, MA",SAM,-71.11762280172331,42.307107001634165
"37 CUSTER STREET, Boston, MA",SAM,-71.11790237065503,42.30716882113728
"38 CUSTER STREET, Boston, MA",SAM,-71.11767047189522,42.30709727302795
"40 CUSTER STREET, Boston, MA",SAM,-71.11769430698116,42.30709240872484
"43 CUSTER STREET, Boston, MA",SAM,-71.11816232861426,42.3071233310062
"45 CUSTER STREET, Boston, MA",SAM,-71.11825103223424,42.30710947106663
"47 CUSTER STREET, Boston, MA",SAM,-71.1183370202434,42.307097556012174
"49 CUSTER STREET, Boston, MA",SAM,-71.11842641405582,42.307086381787016
"53 CUSTER STREET, Boston, MA",SAM,-71.11859750666189,42.30707040102221
"7 CUSTER STREET, Boston, MA",SAM,-71.115988858635,42.30759908002095
"9 CUSTER STREET, Boston, MA",SAM,-71.1161188857988,42.307569589324494
"19 CUSTOM HOUSE STREET, Boston, MA",SAM,-71.05306624768188,42.357750695392426
"11 CUTHBERT ROAD, Boston, MA",SAM,-71.1503250382658,42.27887668806155
"12 CUTHBERT ROAD, Boston, MA",SAM,-71.15044063359584,42.2789529611435
"3 CUTHBERT ROAD, Boston, MA",SAM,-71.15036189608202,42.27884552372754
"4 CUTHBERT ROAD, Boston, MA",SAM,-71.1504782592832,42.27892114755257
"7 CUTHBERT ROAD, Boston, MA",SAM,-71.15034346717391,42.27886110589455
"8 CUTHBERT ROAD, Boston, MA",SAM,-71.15045944643953,42.278937054348035
"1 CUTLER COURT, Boston, MA",SAM,-71.03435224837357,42.333898469420575
"2 CUTLER COURT, Boston, MA",SAM,-71.03419729383089,42.33390164480619
"3 CUTLER COURT, Boston, MA",SAM,-71.03435206052754,42.33389346018464
"1 CUTTER ROAD, Boston, MA",SAM,-71.16800327857501,42.280636516620596
"5 CUTTER ROAD, Boston, MA",SAM,-71.16796914012674,42.28064316304388
"9 CUTTER ROAD, Boston, MA",SAM,-71.16793500167847,42.280649809467185
"5 CYGNET STREET, Boston, MA",SAM,-71.13994762162814,42.35974728494125
"6 CYGNET STREET, Boston, MA",SAM,-71.14000982092341,42.35964231283441
"2 CYPRESS ROAD, Boston, MA",SAM,-71.14998204801576,42.35463057589636
"4 CYPRESS ROAD, Boston, MA",SAM,-71.14997250498094,42.354626171417685
"5 CYPRESS ROAD, Boston, MA",SAM,-71.15004549351866,42.35452475396667
"6 CYPRESS ROAD, Boston, MA",SAM,-71.1499629619461,42.35462176693907
"7 CYPRESS ROAD, Boston, MA",SAM,-71.15003614523964,42.35452043937535
"8 CYPRESS ROAD, Boston, MA",SAM,-71.1499534189113,42.354617362460424
"11 CYPRESS STREET, Boston, MA",SAM,-71.1678048142208,42.27472372966765
"12 CYPRESS STREET, Boston, MA",SAM,-71.1674222059882,42.2745994515939
"18 CYPRESS STREET, Boston, MA",SAM,-71.16780778249797,42.27460915933389
"20 CYPRESS STREET, Boston, MA",SAM,-71.16782544431956,42.27460940985675
"22 CYPRESS STREET, Boston, MA",SAM,-71.16784310614112,42.27460966037964
"26 CYPRESS STREET, Boston, MA",SAM,-71.16787842978425,42.27461016142545
"4 CYPRESS STREET, Boston, MA",SAM,-71.16695778221955,42.27458649091392
"9 CYPRESS STREET, Boston, MA",SAM,-71.1676485810473,42.274720441918504
"10 CYPRESS TERRACE, Boston, MA",SAM,-71.16765559268646,42.27454843836267
"14 CYPRESS TERRACE, Boston, MA",SAM,-71.16765663052226,42.27451937900346
"15 CYPRESS TERRACE, Boston, MA",SAM,-71.16781188941204,42.2745099521343
"5 CYPRESS TERRACE, Boston, MA",SAM,-71.16780934777334,42.274581117911936
"6 CYPRESS TERRACE, Boston, MA",SAM,-71.16765455485066,42.27457749772188
"9 CYPRESS TERRACE, Boston, MA",SAM,-71.16781036442882,42.27455265160087
"101 D STREET, Boston, MA",SAM,-71.05496195733431,42.33525769647353
"102 D STREET, Boston, MA",SAM,-71.05506083368009,42.335347816588886
"104 D STREET, Boston, MA",SAM,-71.05504435015362,42.335361391258445
"105 D STREET, Boston, MA",SAM,-71.05480894972118,42.33538359377458
"109 D STREET, Boston, MA",SAM,-71.05471008037671,42.33546480788317
"110 D STREET, Boston, MA",SAM,-71.05489451756732,42.33548461162042
"111 D STREET, Boston, MA",SAM,-71.05466064570447,42.33550541493746
"118 D STREET, Boston, MA",SAM,-71.05477587435395,42.33558206855073
"122 D STREET, Boston, MA",SAM,-71.05463958190785,42.33569831491238
"124 D STREET, Boston, MA",SAM,-71.05460376113875,42.33572954327677
"126 D STREET, Boston, MA",SAM,-71.05456794036965,42.33576077164117
"131 D STREET, Boston, MA",SAM,-71.05420594765393,42.33589657556963
"136 D STREET, Boston, MA",SAM,-71.05432115411631,42.33597324826354
"137 D STREET, Boston, MA",SAM,-71.05408453116293,42.33599626490421
"138 D STREET, Boston, MA",SAM,-71.05421322834655,42.33606186100541
"140 D STREET, Boston, MA",SAM,-71.05410530257679,42.33615047374729
"141 D STREET, Boston, MA",SAM,-71.0540035868356,42.33606272446064
"142 D STREET, Boston, MA",SAM,-71.05399737680702,42.336239086489144
"144 D STREET, Boston, MA",SAM,-71.0538915995745,42.33632431356345
"146 D STREET, Boston, MA",SAM,-71.05385143763156,42.336356069519965
"151 D STREET, Boston, MA",SAM,-71.05370807531614,42.336301629572674
"153 D STREET, Boston, MA",SAM,-71.05363779191603,42.33635720249659
"157 D STREET, Boston, MA",SAM,-71.05349722511579,42.33646834834441
"161 D STREET, Boston, MA",SAM,-71.05332669240255,42.33661298963085
"163 D STREET, Boston, MA",SAM,-71.05326170268563,42.33666985563606
"165 D STREET, Boston, MA",SAM,-71.05319671296873,42.33672672164125
"167 D STREET, Boston, MA",SAM,-71.05313172325182,42.336783587646444
"181 D STREET, Boston, MA",SAM,-71.05292926307102,42.33696242674907
"183 D STREET, Boston, MA",SAM,-71.0529121834637,42.33697756057909
"193 D STREET, Boston, MA",SAM,-71.05282678542711,42.33705322972929
"200 D STREET, Boston, MA",SAM,-71.05251244450821,42.337482132175026
"203 D STREET, Boston, MA",SAM,-71.05222899233668,42.33754584978233
"205 D STREET, Boston, MA",SAM,-71.05216442422673,42.33760073267861
"209 D STREET, Boston, MA",SAM,-71.05203528800689,42.337710498471125
"215 D STREET, Boston, MA",SAM,-71.0518283749271,42.33787545199966
"221 D STREET, Boston, MA",SAM,-71.0516709348697,42.33799833205085
"227 D STREET, Boston, MA",SAM,-71.05151154655202,42.338134832786054
"233 D STREET, Boston, MA",SAM,-71.05143166952239,42.33820644667832
"247 D STREET, Boston, MA",SAM,-71.05117293948007,42.338434508895446
"256 D STREET, Boston, MA",SAM,-71.0500989014996,42.339511968147804
"27 D STREET, Boston, MA",SAM,-71.05618292970404,42.33422781297349
"279 D STREET, Boston, MA",SAM,-71.04999290783731,42.339427906273
"289 D STREET, Boston, MA",SAM,-71.04979616901247,42.33958904466785
"291 D STREET, Boston, MA",SAM,-71.04968649934976,42.33968481254721
"293 D STREET, Boston, MA",SAM,-71.04957682968704,42.33978058042659
"295 D STREET, Boston, MA",SAM,-71.04947669753396,42.33986829682674
"30 D STREET, Boston, MA",SAM,-71.05663074398042,42.33402949324688
"305 D STREET, Boston, MA",SAM,-71.04942739527603,42.33991162305559
"339 D STREET, Boston, MA",SAM,-71.04914317985984,42.34015588603076
"346 D STREET, Boston, MA",SAM,-71.04861438435877,42.34076105554318
"371 D STREET, Boston, MA",SAM,-71.04774860732279,42.34134349908275
"41 D STREET, Boston, MA",SAM,-71.05579529798952,42.33454829590364
"437 D STREET, Boston, MA",SAM,-71.04369635906713,42.34482692565189
"451 D STREET, Boston, MA",SAM,-71.04285741471176,42.345549011224676
"49 D STREET, Boston, MA",SAM,-71.05557379415265,42.334731429006574
"4 DABNEY STREET, Boston, MA",SAM,-71.08446700690178,42.325220075849394
"5 DABNEY STREET, Boston, MA",SAM,-71.08466768082856,42.32418735472869
"108 DACIA STREET, Boston, MA",SAM,-71.07650886915916,42.31745334561796
"110 DACIA STREET, Boston, MA",SAM,-71.07649971973228,42.317474031278586
"112 DACIA STREET, Boston, MA",SAM,-71.07649057030541,42.31749471693923
"120 DACIA STREET, Boston, MA",SAM,-71.07645397259788,42.317577459581756
"122 DACIA STREET, Boston, MA",SAM,-71.07644482317099,42.31759814524238
"13 DACIA STREET, Boston, MA",SAM,-71.07734283344756,42.31471854594706
"15 DACIA STREET, Boston, MA",SAM,-71.07732589658661,42.31476344832139
"16 DACIA STREET, Boston, MA",SAM,-71.07747516501837,42.31479423501805
"18 DACIA STREET, Boston, MA",SAM,-71.07745822815741,42.31483913739238
"19 DACIA STREET, Boston, MA",SAM,-71.07729202286468,42.314853253070076
"20 DACIA STREET, Boston, MA",SAM,-71.07744129129644,42.314884039766724
"21 DACIA STREET, Boston, MA",SAM,-71.07727508600371,42.314898155444425
"22 DACIA STREET, Boston, MA",SAM,-71.07742435443548,42.314928942141066
"30 DACIA STREET, Boston, MA",SAM,-71.07735483010813,42.31510860020981
"32 DACIA STREET, Boston, MA",SAM,-71.07733746511198,42.315153413102
"37 DACIA STREET, Boston, MA",SAM,-71.07711165371033,42.31532239318041
"38 DACIA STREET, Boston, MA",SAM,-71.0772610777019,42.315352770062745
"39 DACIA STREET, Boston, MA",SAM,-71.07709332707135,42.31537168551827
"40 DACIA STREET, Boston, MA",SAM,-71.07722966060649,42.31543727121342
"87 DACIA STREET, Boston, MA",SAM,-71.07656612581923,42.316973581756294
"10 DACY STREET, Boston, MA",SAM,-71.12675807379368,42.24917025668117
"12 DACY STREET, Boston, MA",SAM,-71.126763819253,42.24917360819985
"14 DACY STREET, Boston, MA",SAM,-71.1267695647123,42.24917695971854
"16 DACY STREET, Boston, MA",SAM,-71.1267753101716,42.24918031123721
"8 DACY STREET, Boston, MA",SAM,-71.12675977066539,42.249171442851846
"101 DAKOTA STREET, Boston, MA",SAM,-71.06831799052146,42.299734260370826
"105 DAKOTA STREET, Boston, MA",SAM,-71.06808962022113,42.29979509658078
"106 DAKOTA STREET, Boston, MA",SAM,-71.06800351039583,42.29994022714721
"113 DAKOTA STREET, Boston, MA",SAM,-71.06771867711997,42.299894965877634
"114 DAKOTA STREET, Boston, MA",SAM,-71.06781803884525,42.299990161795634
"115 DAKOTA STREET, Boston, MA",SAM,-71.06762594134467,42.29991993320184
"116 DAKOTA STREET, Boston, MA",SAM,-71.0677716709576,42.300002645457745
"126 DAKOTA STREET, Boston, MA",SAM,-71.06743706858481,42.30009049534675
"127 DAKOTA STREET, Boston, MA",SAM,-71.0672779128868,42.30000815666708
"129 DAKOTA STREET, Boston, MA",SAM,-71.06725005316913,42.300014827303656
"133 DAKOTA STREET, Boston, MA",SAM,-71.06719433373385,42.300028168576766
"135 DAKOTA STREET, Boston, MA",SAM,-71.06716647401619,42.30003483921333
"137 DAKOTA STREET, Boston, MA",SAM,-71.06713861429854,42.30004150984988
"15 DAKOTA STREET, Boston, MA",SAM,-71.07223124053537,42.29862850107964
"19 DAKOTA STREET, Boston, MA",SAM,-71.07198899617184,42.29870069185432
"24 DAKOTA STREET, Boston, MA",SAM,-71.07204897400138,42.298806347919324
"39 DAKOTA STREET, Boston, MA",SAM,-71.07085691681964,42.299036257089256
"43 DAKOTA STREET, Boston, MA",SAM,-71.07069320964982,42.299081641255455
"47 DAKOTA STREET, Boston, MA",SAM,-71.07052950248,42.299127025421654
"51 DAKOTA STREET, Boston, MA",SAM,-71.0703657953102,42.299172409587854
"55 DAKOTA STREET, Boston, MA",SAM,-71.07020208814036,42.29921779375405
"59 DAKOTA STREET, Boston, MA",SAM,-71.07003838097054,42.299263177920245
"6 DAKOTA STREET, Boston, MA",SAM,-71.07281369305551,42.298581264149156
"71 DAKOTA STREET, Boston, MA",SAM,-71.06954704028303,42.29939849377705
"75 DAKOTA STREET, Boston, MA",SAM,-71.06938318035556,42.29944357693197
"77 DAKOTA STREET, Boston, MA",SAM,-71.06930125039183,42.29946611850943
"81 DAKOTA STREET, Boston, MA",SAM,-71.06913739046438,42.299511201664345
"83 DAKOTA STREET, Boston, MA",SAM,-71.06905456685143,42.29953514040516
"87 DAKOTA STREET, Boston, MA",SAM,-71.06889402433755,42.299581576708405
"92 DAKOTA STREET, Boston, MA",SAM,-71.06858261992464,42.299785845255805
"93 DAKOTA STREET, Boston, MA",SAM,-71.0686471527021,42.29964701256374
"94 DAKOTA STREET, Boston, MA",SAM,-71.0684844021772,42.29981187887568
"95 DAKOTA STREET, Boston, MA",SAM,-71.06856486215693,42.2996688245155
"96 DAKOTA STREET, Boston, MA",SAM,-71.06838618442976,42.29983791249553
"97 DAKOTA STREET, Boston, MA",SAM,-71.06848257161178,42.29969063646729
"99 DAKOTA STREET, Boston, MA",SAM,-71.06840028106662,42.29971244841905
"1 DALE STREET, Boston, MA",SAM,-71.12820615844656,42.27416683868873
"100 DALE STREET, Boston, MA",SAM,-71.12420010213418,42.27209550610513
"104 DALE STREET, Boston, MA",SAM,-71.12404693753584,42.271945161689445
"108 DALE STREET, Boston, MA",SAM,-71.12398804986782,42.27188747579748
"112 DALE STREET, Boston, MA",SAM,-71.12392916219983,42.271829789905524
"120 DALE STREET, Boston, MA",SAM,-71.12381138686382,42.27171441812159
"124 DALE STREET, Boston, MA",SAM,-71.1237524991958,42.27165673222964
"128 DALE STREET, Boston, MA",SAM,-71.1236936115278,42.271599046337684
"132 DALE STREET, Boston, MA",SAM,-71.12363639255898,42.271545166875164
"15 DALE STREET, Boston, MA",SAM,-71.12758140592366,42.27396879156384
"16 DALE STREET, Boston, MA",SAM,-71.12763631959893,42.274107657483334
"19 DALE STREET, Boston, MA",SAM,-71.12740134080893,42.273916794137236
"20 DALE STREET, Boston, MA",SAM,-71.12748803068092,42.274064836073194
"25 DALE STREET, Boston, MA",SAM,-71.12713124313684,42.27383879799735
"37 DALE STREET, Boston, MA",SAM,-71.12657159401002,42.27367178362585
"38 DALE STREET, Boston, MA",SAM,-71.12674972993365,42.27385036944727
"40 DALE STREET, Boston, MA",SAM,-71.12660730804933,42.273806744714626
"45 DALE STREET, Boston, MA",SAM,-71.1262589518898,42.27357269075682
"49 DALE STREET, Boston, MA",SAM,-71.12610279627542,42.27352063887219
"5 DALE STREET, Boston, MA",SAM,-71.12802920257484,42.274109292049104
"50 DALE STREET, Boston, MA",SAM,-71.12589574302113,42.273573209607484
"53 DALE STREET, Boston, MA",SAM,-71.12581227026656,42.273409416122405
"59 DALE STREET, Boston, MA",SAM,-71.12547844512966,42.27314494000833
"62 DALE STREET, Boston, MA",SAM,-71.12545249621584,42.27330585271537
"65 DALE STREET, Boston, MA",SAM,-71.1253082368617,42.27298310260218
"66 DALE STREET, Boston, MA",SAM,-71.12529138745172,42.27315366467677
"68 DALE STREET, Boston, MA",SAM,-71.1252265462068,42.27309201233156
"71 DALE STREET, Boston, MA",SAM,-71.12513802859372,42.272821265196015
"72 DALE STREET, Boston, MA",SAM,-71.12509686371693,42.27296870764115
"75 DALE STREET, Boston, MA",SAM,-71.12502455641508,42.27271337359191
"76 DALE STREET, Boston, MA",SAM,-71.12496718122706,42.272845402950765
"80 DALE STREET, Boston, MA",SAM,-71.12469033341225,42.272575721133386
"84 DALE STREET, Boston, MA",SAM,-71.12466613431953,42.27255235648681
"85 DALE STREET, Boston, MA",SAM,-71.12453099346122,42.27223012075383
"88 DALE STREET, Boston, MA",SAM,-71.12455995787381,42.27244904866644
"9 DALE STREET, Boston, MA",SAM,-71.12785224670313,42.2740517454095
"91 DALE STREET, Boston, MA",SAM,-71.12441649390773,42.272117629938876
"92 DALE STREET, Boston, MA",SAM,-71.1244400059606,42.27233120114601
"96 DALE STREET, Boston, MA",SAM,-71.12432005404739,42.27221335362557
"101 DALE STREET, Boston, MA",SAM,-71.12417050697358,42.27187609274966
"111 DALE STREET, Boston, MA",SAM,-71.12402929674928,42.27173776433528
"113 DALE STREET, Boston, MA",SAM,,
"115 DALE STREET, Boston, MA",SAM,-71.12397281265956,42.27168243296952
"17 DALE STREET, Boston, MA",SAM,-71.12749137336631,42.27394279285054
"31 DALE STREET, Boston, MA",SAM,-71.1268089638172,42.2737444915136
"33 DALE STREET, Boston, MA",SAM,-71.12672984054814,42.27372025555101
"35 DALE STREET, Boston, MA",SAM,-71.12665071727908,42.273696019588414
"39 DALE STREET, Boston, MA",SAM,-71.12649247074096,42.27364754766325
"41 DALE STREET, Boston, MA",SAM,-71.12641334747188,42.27362331170067
"42 DALE STREET, Boston, MA",SAM,-71.12646488616502,42.273763119981965
"43 DALE STREET, Boston, MA",SAM,-71.12633702969696,42.27359871669912
"46 DALE STREET, Boston, MA",SAM,-71.12617972780083,42.27367196478233
"47 DALE STREET, Boston, MA",SAM,-71.1261808740826,42.27354666481451
"48 DALE STREET, Boston, MA",SAM,-71.12603918774789,42.27362511808617
"51 DALE STREET, Boston, MA",SAM,-71.12596814054552,42.2734719108871
"52 DALE STREET, Boston, MA",SAM,-71.12581474804344,42.27354151591289
"54 DALE STREET, Boston, MA",SAM,-71.1257296575864,42.27350634115768
"56 DALE STREET, Boston, MA",SAM,-71.1256521597567,42.27347017549537
"67 DALE STREET, Boston, MA",SAM,-71.12525150077235,42.272929156800146
"69 DALE STREET, Boston, MA",SAM,-71.12519476468304,42.27287521099808
"70 DALE STREET, Boston, MA",SAM,-71.12516170496188,42.273030359986365
"73 DALE STREET, Boston, MA",SAM,-71.12508129250442,42.27276731939398
"74 DALE STREET, Boston, MA",SAM,-71.12503202247201,42.27290705529595
"77 DALE STREET, Boston, MA",SAM,-71.12468365953258,42.27238010850713
"79 DALE STREET, Boston, MA",SAM,-71.12464549301475,42.2723426115688
"97 DALE STREET, Boston, MA",SAM,-71.1243019943542,42.2720051391239
"10 DALIN PLACE, Boston, MA",SAM,-71.07697059071863,42.319437022534885
"8 DALIN PLACE, Boston, MA",SAM,-71.07696926181714,42.31942196163939
"9 DALIN PLACE, Boston, MA",SAM,-71.07681583300086,42.31944325332518
"7 DALKEITH STREET, Boston, MA",SAM,-71.07542715917971,42.315061770406324
"11 DALRYMPLE STREET, Boston, MA",SAM,-71.10098035697759,42.31496273892957
"12 DALRYMPLE STREET, Boston, MA",SAM,-71.10119005747484,42.31499805672332
"14 DALRYMPLE STREET, Boston, MA",SAM,-71.10127215246504,42.31509880968952
"15 DALRYMPLE STREET, Boston, MA",SAM,-71.10111376133668,42.315126462499656
"16 DALRYMPLE STREET, Boston, MA",SAM,-71.10135424745523,42.31519956265574
"17 DALRYMPLE STREET, Boston, MA",SAM,-71.10118046351622,42.31520832428472
"20 DALRYMPLE STREET, Boston, MA",SAM,-71.1015199618999,42.315398703609276
"22 DALRYMPLE STREET, Boston, MA",SAM,-71.10160540208332,42.315497924490565
"26 DALRYMPLE STREET, Boston, MA",SAM,-71.10177359195046,42.31570357750196
"28 DALRYMPLE STREET, Boston, MA",SAM,-71.10184635738092,42.315808177833745
"29 DALRYMPLE STREET, Boston, MA",SAM,-71.10159216365554,42.31569590074769
"31 DALRYMPLE STREET, Boston, MA",SAM,-71.10164942917132,42.3157756070736
"35 DALRYMPLE STREET, Boston, MA",SAM,-71.10192021675269,42.315901710900164
"36 DALRYMPLE STREET, Boston, MA",SAM,-71.10188607352228,42.31578115359759
"38 DALRYMPLE STREET, Boston, MA",SAM,-71.10190308402287,42.31577287821856
"39 DALRYMPLE STREET, Boston, MA",SAM,-71.10195636406642,42.31588412571975
"43 DALRYMPLE STREET, Boston, MA",SAM,-71.10199251138016,42.31586654053932
"6 DALRYMPLE STREET, Boston, MA",SAM,-71.10094377250424,42.31469579782466
"7 DALRYMPLE STREET, Boston, MA",SAM,-71.10084695261851,42.31479901535945
"39 DALTON STREET, Boston, MA",SAM,-71.08419259463751,42.34508454890114
"50 DALTON STREET, Boston, MA",SAM,-71.08512866045967,42.34676926756402
"35 DALY STREET, Boston, MA",SAM,-71.05583003894253,42.29253242010401
"37 DALY STREET, Boston, MA",SAM,-71.05582538288739,42.29252310799119
"40 DALY STREET, Boston, MA",SAM,-71.05536451391055,42.291987896272865
"8 DAMON PLACE, Boston, MA",SAM,-71.13317238756373,42.24543317451357
"10 DAMRELL STREET, Boston, MA",SAM,-71.05657128443589,42.33334536181118
"24 DAMRELL STREET, Boston, MA",SAM,-71.05593827333817,42.333107423457264
"35 DAMRELL STREET, Boston, MA",SAM,-71.05527454068724,42.33274247820688
"38 DAMRELL STREET, Boston, MA",SAM,-71.05551754159148,42.33295684574216
"8 DAMRELL STREET, Boston, MA",SAM,-71.05665847025294,42.33337853495943
"89 DAMRELL STREET, Boston, MA",SAM,-71.05401769378805,42.332281905687324
"106 DANA AVENUE, Boston, MA",SAM,-71.12208251416695,42.24978083194042
"108 DANA AVENUE, Boston, MA",SAM,-71.12199394029734,42.249694472397984
"11 DANA AVENUE, Boston, MA",SAM,-71.12474739125948,42.254080551180266
"110 DANA AVENUE, Boston, MA",SAM,-71.12190536642777,42.249608112855555
"113 DANA AVENUE, Boston, MA",SAM,-71.12194009123574,42.24945246247879
"114 DANA AVENUE, Boston, MA",SAM,-71.12172821868856,42.24943539377068
"115 DANA AVENUE, Boston, MA",SAM,-71.12185151736615,42.24936610293636
"116 DANA AVENUE, Boston, MA",SAM,-71.12163964481894,42.249349034228246
"118 DANA AVENUE, Boston, MA",SAM,-71.12155107094935,42.249262674685816
"12 DANA AVENUE, Boston, MA",SAM,-71.12466123911966,42.25417576094102
"121 DANA AVENUE, Boston, MA",SAM,-71.12158579575734,42.24910702430906
"123 DANA AVENUE, Boston, MA",SAM,-71.12149722188772,42.24902066476663
"124 DANA AVENUE, Boston, MA",SAM,-71.12128534934057,42.24900359605851
"125 DANA AVENUE, Boston, MA",SAM,-71.12140864801815,42.24893430522419
"126 DANA AVENUE, Boston, MA",SAM,-71.12119677547096,42.248917236516085
"127 DANA AVENUE, Boston, MA",SAM,-71.12132007414853,42.24884794568177
"128 DANA AVENUE, Boston, MA",SAM,-71.12110820160134,42.248830876973635
"129 DANA AVENUE, Boston, MA",SAM,-71.12123150027894,42.24876158613934
"130 DANA AVENUE, Boston, MA",SAM,-71.1210195635282,42.24874491995597
"132 DANA AVENUE, Boston, MA",SAM,-71.12093040097466,42.2486588937542
"133 DANA AVENUE, Boston, MA",SAM,-71.1210532216793,42.24858914123139
"134 DANA AVENUE, Boston, MA",SAM,-71.12084123842112,42.248572867552404
"135 DANA AVENUE, Boston, MA",SAM,-71.12096405912577,42.24850311502961
"136 DANA AVENUE, Boston, MA",SAM,-71.12075207586757,42.24848684135062
"137 DANA AVENUE, Boston, MA",SAM,-71.12087489657222,42.24841708882783
"138 DANA AVENUE, Boston, MA",SAM,-71.12066291331406,42.24840081514884
"139 DANA AVENUE, Boston, MA",SAM,-71.12078573401871,42.24833106262604
"141 DANA AVENUE, Boston, MA",SAM,-71.12069657146516,42.24824503642426
"142 DANA AVENUE, Boston, MA",SAM,-71.12048458820696,42.24822876274529
"144 DANA AVENUE, Boston, MA",SAM,-71.12039542565343,42.24814273654349
"145 DANA AVENUE, Boston, MA",SAM,-71.12051824635809,42.2480729840207
"147 DANA AVENUE, Boston, MA",SAM,-71.12042908380455,42.2479869578189
"148 DANA AVENUE, Boston, MA",SAM,-71.12021710054637,42.247970684139936
"15 DANA AVENUE, Boston, MA",SAM,-71.12448328653139,42.253949627438715
"157 DANA AVENUE, Boston, MA",SAM,-71.12003917161948,42.24760182566679
"159 DANA AVENUE, Boston, MA",SAM,-71.1199680882998,42.247531626021654
"160 DANA AVENUE, Boston, MA",SAM,-71.11977421735722,42.247533633907146
"164 DANA AVENUE, Boston, MA",SAM,-71.11963102940423,42.24739710582807
"165 DANA AVENUE, Boston, MA",SAM,-71.1197533063703,42.24732683390305
"167 DANA AVENUE, Boston, MA",SAM,-71.1196817123938,42.24725856986351
"168 DANA AVENUE, Boston, MA",SAM,-71.11948784145125,42.247260577749
"170 DANA AVENUE, Boston, MA",SAM,-71.11941624747475,42.24719231370947
"171 DANA AVENUE, Boston, MA",SAM,-71.11953852444081,42.24712204178446
"172 DANA AVENUE, Boston, MA",SAM,-71.11934465349826,42.24712404966994
"174 DANA AVENUE, Boston, MA",SAM,-71.11927305952176,42.2470557856304
"175 DANA AVENUE, Boston, MA",SAM,-71.11939533648781,42.246985513705376
"176 DANA AVENUE, Boston, MA",SAM,-71.11920146554525,42.24698752159086
"179 DANA AVENUE, Boston, MA",SAM,-71.11925214853483,42.24684898562631
"181 DANA AVENUE, Boston, MA",SAM,-71.11918257857614,42.24678123342924
"187 DANA AVENUE, Boston, MA",SAM,-71.11895020356968,42.24655006674051
"188 DANA AVENUE, Boston, MA",SAM,-71.11876585830092,42.24655987052429
"189 DANA AVENUE, Boston, MA",SAM,-71.11887602948914,42.24647779454309
"191 DANA AVENUE, Boston, MA",SAM,-71.11880185540858,42.24640552234566
"192 DANA AVENUE, Boston, MA",SAM,-71.11864368922707,42.24644083396383
"194 DANA AVENUE, Boston, MA",SAM,-71.11858260469015,42.24638131568359
"195 DANA AVENUE, Boston, MA",SAM,-71.11865350724747,42.24626097795082
"196 DANA AVENUE, Boston, MA",SAM,-71.11852152015322,42.24632179740334
"198 DANA AVENUE, Boston, MA",SAM,-71.1184604356163,42.24626227912312
"199 DANA AVENUE, Boston, MA",SAM,-71.11850515908638,42.24611643355595
"200 DANA AVENUE, Boston, MA",SAM,-71.11839935107936,42.24620276084287
"203 DANA AVENUE, Boston, MA",SAM,-71.1183585525196,42.24597155363999
"207 DANA AVENUE, Boston, MA",SAM,-71.11821193956524,42.24582604300564
"210 DANA AVENUE, Boston, MA",SAM,-71.1180964801698,42.24590311422579
"211 DANA AVENUE, Boston, MA",SAM,-71.11806532661089,42.2456805323713
"213 DANA AVENUE, Boston, MA",SAM,-71.11799202013371,42.24560777705412
"215 DANA AVENUE, Boston, MA",SAM,-71.11791871365654,42.24553502173694
"220 DANA AVENUE, Boston, MA",SAM,-71.11779462996965,42.24560353350802
"221 DANA AVENUE, Boston, MA",SAM,-71.11625416820158,42.24389564917661
"222 DANA AVENUE, Boston, MA",SAM,-71.1177026467069,42.24550909316834
"224 DANA AVENUE, Boston, MA",SAM,-71.11758076939063,42.24537959849016
"225 DANA AVENUE, Boston, MA",SAM,-71.11766715282502,42.245270926668894
"227 DANA AVENUE, Boston, MA",SAM,-71.11750464973666,42.245098267097994
"229 DANA AVENUE, Boston, MA",SAM,-71.11734214664827,42.24492560752705
"232 DANA AVENUE, Boston, MA",SAM,-71.11712497140336,42.24490941743676
"256 DANA AVENUE, Boston, MA",SAM,-71.11674408963263,42.24460033951567
"27 DANA AVENUE, Boston, MA",SAM,-71.12407572914888,42.253444139883996
"28 DANA AVENUE, Boston, MA",SAM,-71.12397199561993,42.25354503898158
"3 DANA AVENUE, Boston, MA",SAM,-71.12527560071564,42.25434239866337
"31 DANA AVENUE, Boston, MA",SAM,-71.12395380871851,42.25326053278629
"32 DANA AVENUE, Boston, MA",SAM,-71.12385904273172,42.253378781593284
"34 DANA AVENUE, Boston, MA",SAM,-71.12380483621742,42.253295711849475
"35 DANA AVENUE, Boston, MA",SAM,-71.12383264121588,42.253074847476626
"36 DANA AVENUE, Boston, MA",SAM,-71.12375062970307,42.2532126421057
"37 DANA AVENUE, Boston, MA",SAM,-71.12377205746456,42.25298200482182
"38 DANA AVENUE, Boston, MA",SAM,-71.12369642318872,42.253129572361914
"39 DANA AVENUE, Boston, MA",SAM,-71.12371147371324,42.252889162166994
"40 DANA AVENUE, Boston, MA",SAM,-71.1236422166744,42.253046502618105
"42 DANA AVENUE, Boston, MA",SAM,-71.12358801016005,42.25296343287434
"43 DANA AVENUE, Boston, MA",SAM,-71.12357913753866,42.25270489831452
"44 DANA AVENUE, Boston, MA",SAM,-71.1235330732186,42.252883434785645
"47 DANA AVENUE, Boston, MA",SAM,-71.12344718458442,42.25252328560268
"48 DANA AVENUE, Boston, MA",SAM,-71.12341501004902,42.25272093920136
"49 DANA AVENUE, Boston, MA",SAM,-71.1233812081073,42.25243247924676
"52 DANA AVENUE, Boston, MA",SAM,-71.12329694687945,42.25255844361708
"56 DANA AVENUE, Boston, MA",SAM,-71.1231788837099,42.25239594803281
"6 DANA AVENUE, Boston, MA",SAM,-71.12505739621179,42.25437214655335
"61 DANA AVENUE, Boston, MA",SAM,-71.12280614480312,42.25161091714459
"7 DANA AVENUE, Boston, MA",SAM,-71.12501149598755,42.25421147492181
"8 DANA AVENUE, Boston, MA",SAM,-71.12492534384774,42.25430668468258
"10 DANA ROAD, Boston, MA",SAM,-71.16204445777667,42.26569564356861
"115 DANA ROAD, Boston, MA",SAM,-71.16223525153578,42.26511256011584
"119 DANA ROAD, Boston, MA",SAM,-71.16224443567552,42.26497785949621
"141 DANA ROAD, Boston, MA",SAM,-71.16134987832496,42.263399085199474
"16 DANA ROAD, Boston, MA",SAM,-71.16205243760636,42.265519867432104
"32 DANA ROAD, Boston, MA",SAM,-71.16206835678187,42.26528638635808
"36 DANA ROAD, Boston, MA",SAM,-71.16207233657575,42.26522801608959
"42 DANA ROAD, Boston, MA",SAM,-71.1620783062666,42.2651404606868
"7 DANA ROAD, Boston, MA",SAM,-71.16216218874158,42.26603803959351
"9 DANA ROAD, Boston, MA",SAM,-71.16216384068477,42.266030881173826
"10 DANBURY ROAD, Boston, MA",SAM,-71.10841477832328,42.26457077383746
"14 DANBURY ROAD, Boston, MA",SAM,-71.10846365706995,42.26455588362301
"15 DANBURY ROAD, Boston, MA",SAM,-71.10854354696929,42.264655466575476
"18 DANBURY ROAD, Boston, MA",SAM,-71.1085125358166,42.264540993408566
"19 DANBURY ROAD, Boston, MA",SAM,-71.10859142819051,42.26464088024294
"5 DANBURY ROAD, Boston, MA",SAM,-71.10842384391623,42.26469193240675
"6 DANBURY ROAD, Boston, MA",SAM,-71.10836589957663,42.26458566405189
"9 DANBURY ROAD, Boston, MA",SAM,-71.10847172513745,42.26467734607424
"1 DANE STREET, Boston, MA",SAM,-71.11765675394518,42.31173453476684
"11 DANE STREET, Boston, MA",SAM,-71.11875560606013,42.311246992762044
"16 DANE STREET, Boston, MA",SAM,-71.11881925491987,42.3110919244529
"19 DANE STREET, Boston, MA",SAM,-71.11920391631075,42.3110713809203
"23 DANE STREET, Boston, MA",SAM,-71.11944286551652,42.31098202743726
"27 DANE STREET, Boston, MA",SAM,-71.119481053353,42.31096929815815
"32 DANE STREET, Boston, MA",SAM,-71.1193791880178,42.31087755867713
"11 DANFORTH STREET, Boston, MA",SAM,-71.10446919687459,42.31879608310648
"13 DANFORTH STREET, Boston, MA",SAM,-71.10453782818475,42.318706564002945
"2 DANFORTH STREET, Boston, MA",SAM,-71.10392392580766,42.31912561442911
"21 DANFORTH STREET, Boston, MA",SAM,-71.10480104022072,42.31834140708768
"25 DANFORTH STREET, Boston, MA",SAM,-71.10492870935916,42.31815852966721
"28 DANFORTH STREET, Boston, MA",SAM,-71.10487365482076,42.31800191859746
"30 DANFORTH STREET, Boston, MA",SAM,-71.10489766700435,42.31797515091616
"35 DANFORTH STREET, Boston, MA",SAM,-71.1050961826,42.31796116325651
"37 DANFORTH STREET, Boston, MA",SAM,-71.10511952777851,42.31793513912196
"39 DANFORTH STREET, Boston, MA",SAM,-71.105142872957,42.31790911498738
"41 DANFORTH STREET, Boston, MA",SAM,-71.10516621813551,42.3178830908528
"43 DANFORTH STREET, Boston, MA",SAM,-71.105189563314,42.317857066718226
"45 DANFORTH STREET, Boston, MA",SAM,-71.10521290849252,42.31783104258365
"46 DANFORTH STREET, Boston, MA",SAM,-71.10508976447318,42.31776100946598
"48 DANFORTH STREET, Boston, MA",SAM,-71.10511035003528,42.31773696907855
"54 DANFORTH STREET, Boston, MA",SAM,-71.10517532058225,42.317653435514934
"55 DANFORTH STREET, Boston, MA",SAM,-71.10532289720642,42.317693547809775
"9 DANFORTH STREET, Boston, MA",SAM,-71.10439389517379,42.31888820709729
"12 DANIA STREET, Boston, MA",SAM,-71.08926912832811,42.27177428046093
"14 DANIA STREET, Boston, MA",SAM,-71.08917585241912,42.27188494679829
"15 DANIA STREET, Boston, MA",SAM,-71.0889418493974,42.27194603849632
"19 DANIA STREET, Boston, MA",SAM,-71.08888607223182,42.2720152020549
"23 DANIA STREET, Boston, MA",SAM,-71.08878078712934,42.27214019837004
"27 DANIA STREET, Boston, MA",SAM,-71.08848453328659,42.27244334185139
"28 DANIA STREET, Boston, MA",SAM,-71.08861002200315,42.27251049015644
"29 DANIA STREET, Boston, MA",SAM,-71.08841767076187,42.272575119384136
"31 DANIA STREET, Boston, MA",SAM,-71.08842750251796,42.272648716892554
"32 DANIA STREET, Boston, MA",SAM,-71.08873049423775,42.272692374066864
"35 DANIA STREET, Boston, MA",SAM,-71.0885825641032,42.27276015376604
"36 DANIA STREET, Boston, MA",SAM,-71.08900929011179,42.2728125598065
"39 DANIA STREET, Boston, MA",SAM,-71.08871837846007,42.272820808735766
"51 DANIA STREET, Boston, MA",SAM,-71.08915349282832,42.27285992065819
"2 DANIA TERRACE, Boston, MA",SAM,-71.0893483642689,42.272992361917154
"3 DANIA TERRACE, Boston, MA",SAM,-71.08905026830261,42.27297463244182
"4 DANIA TERRACE, Boston, MA",SAM,-71.08934395034453,42.27299000782363
"10 DANIEL COURT, Boston, MA",SAM,-71.1412921175449,42.252650841225645
"14 DANIEL COURT, Boston, MA",SAM,-71.14126863938043,42.252643797774475
"2 DANIEL COURT, Boston, MA",SAM,-71.14133907387382,42.25266492812801
"5 DANIEL COURT, Boston, MA",SAM,-71.14137422662641,42.252551828364574
"6 DANIEL COURT, Boston, MA",SAM,-71.14131559570937,42.25265788467684
"9 DANIEL COURT, Boston, MA",SAM,-71.14135122760814,42.2525449286573
"100 DANNY ROAD, Boston, MA",SAM,-71.14125674992171,42.24171119887433
"11 DANNY ROAD, Boston, MA",SAM,-71.13640090143127,42.24087261406384
"12 DANNY ROAD, Boston, MA",SAM,-71.1365687892278,42.24080114410389
"14 DANNY ROAD, Boston, MA",SAM,-71.1367614162909,42.24086214268953
"15 DANNY ROAD, Boston, MA",SAM,-71.13674334954344,42.24098105599387
"16 DANNY ROAD, Boston, MA",SAM,-71.13695404335398,42.240923141275154
"17 DANNY ROAD, Boston, MA",SAM,-71.13691457359951,42.24103527695889
"20 DANNY ROAD, Boston, MA",SAM,-71.13729680944616,42.24105742267307
"21 DANNY ROAD, Boston, MA",SAM,-71.1371899962166,42.24114035715818
"24 DANNY ROAD, Boston, MA",SAM,-71.13754072031414,42.24112701036944
"26 DANNY ROAD, Boston, MA",SAM,-71.13769056916163,42.24115198518583
"27 DANNY ROAD, Boston, MA",SAM,-71.13767700738012,42.24126718431656
"28 DANNY ROAD, Boston, MA",SAM,-71.13783307323402,42.24117486328694
"3 DANNY ROAD, Boston, MA",SAM,-71.13571725111605,42.240651546732316
"31 DANNY ROAD, Boston, MA",SAM,-71.13800140736528,42.24130554159955
"32 DANNY ROAD, Boston, MA",SAM,-71.13813800233436,42.241202458694325
"35 DANNY ROAD, Boston, MA",SAM,-71.13832019687929,42.241334391343635
"39 DANNY ROAD, Boston, MA",SAM,-71.13863898639326,42.241363241087704
"40 DANNY ROAD, Boston, MA",SAM,-71.13874786053505,42.24125764950908
"44 DANNY ROAD, Boston, MA",SAM,-71.13905345035374,42.24129044608166
"48 DANNY ROAD, Boston, MA",SAM,-71.13935753227625,42.24132276398151
"52 DANNY ROAD, Boston, MA",SAM,-71.13966161419876,42.24135508188134
"53 DANNY ROAD, Boston, MA",SAM,-71.1397501938242,42.24148026241952
"57 DANNY ROAD, Boston, MA",SAM,-71.14006755559687,42.24151466429579
"6 DANNY ROAD, Boston, MA",SAM,-71.13599285832808,42.24061691185001
"60 DANNY ROAD, Boston, MA",SAM,-71.14026991832864,42.24142113665405
"62 DANNY ROAD, Boston, MA",SAM,-71.14042183998964,42.24143790043083
"64 DANNY ROAD, Boston, MA",SAM,-71.14058210664835,42.241457545562724
"65 DANNY ROAD, Boston, MA",SAM,-71.14064303423933,42.24161978891154
"66 DANNY ROAD, Boston, MA",SAM,-71.1407359403131,42.24152813463726
"68 DANNY ROAD, Boston, MA",SAM,-71.14085347646463,42.24157913267939
"72 DANNY ROAD, Boston, MA",SAM,-71.14090388564675,42.24159564095377
"73 DANNY ROAD, Boston, MA",SAM,-71.14109803876123,42.24178452561862
"76 DANNY ROAD, Boston, MA",SAM,-71.1409542948289,42.24161214922813
"77 DANNY ROAD, Boston, MA",SAM,-71.14130282606365,42.241851590483236
"8 DANNY ROAD, Boston, MA",SAM,-71.13618353510161,42.240679146932614
"80 DANNY ROAD, Boston, MA",SAM,-71.14100470401104,42.2416286575025
"83 DANNY ROAD, Boston, MA",SAM,-71.1416060014361,42.24195424733563
"84 DANNY ROAD, Boston, MA",SAM,-71.14105511319316,42.24164516577687
"88 DANNY ROAD, Boston, MA",SAM,-71.14110552237531,42.24166167405124
"92 DANNY ROAD, Boston, MA",SAM,-71.14115593155744,42.2416781823256
"96 DANNY ROAD, Boston, MA",SAM,-71.14120634073956,42.24169469059997
"10 DANUBE STREET, Boston, MA",SAM,-71.07512257469782,42.318109767051986
"12 DANUBE STREET, Boston, MA",SAM,-71.07513416608647,42.31807576564671
"14 DANUBE STREET, Boston, MA",SAM,-71.07514575747513,42.31804176424142
"20 DANUBE STREET, Boston, MA",SAM,-71.07518053164111,42.31793976002557
"34 DANUBE STREET, Boston, MA",SAM,-71.075271676023,42.31770173177977
"40 DANUBE STREET, Boston, MA",SAM,-71.07531111851092,42.31760066040676
"46 DANUBE STREET, Boston, MA",SAM,-71.07535574375156,42.31749643445536
"8 DANUBE STREET, Boston, MA",SAM,-71.07511098330913,42.31814376845729
"11 DANVILLE STREET, Boston, MA",SAM,-71.15162172329681,42.28094806458347
"12 DANVILLE STREET, Boston, MA",SAM,-71.1515092977536,42.28086920851146
"15 DANVILLE STREET, Boston, MA",SAM,-71.15166370124322,42.2809138964858
"16 DANVILLE STREET, Boston, MA",SAM,-71.15155215024056,42.280834328578436
"19 DANVILLE STREET, Boston, MA",SAM,-71.15170567918965,42.280879728388136
"20 DANVILLE STREET, Boston, MA",SAM,-71.15159500272753,42.280799448645396
"21 DANVILLE STREET, Boston, MA",SAM,-71.15172666816285,42.280862644339315
"4 DANVILLE STREET, Boston, MA",SAM,-71.1514235927797,42.28093896837752
"7 DANVILLE STREET, Boston, MA",SAM,-71.1515797453504,42.28098223268113
"8 DANVILLE STREET, Boston, MA",SAM,-71.15146644526665,42.2809040884445
"1 DARLINGTON STREET, Boston, MA",SAM,-71.07599118877246,42.28990729039298
"12 DARLINGTON STREET, Boston, MA",SAM,-71.07570403595024,42.28878854607193
"14 DARLINGTON STREET, Boston, MA",SAM,-71.07571442789947,42.28881376698979
"16 DARLINGTON STREET, Boston, MA",SAM,-71.07572481984869,42.288838987907624
"18 DARLINGTON STREET, Boston, MA",SAM,-71.07573521179792,42.28886420882551
"20 DARLINGTON STREET, Boston, MA",SAM,-71.07574560374717,42.28888942974334
"22 DARLINGTON STREET, Boston, MA",SAM,-71.0757559956964,42.288914650661184
"4 DARLINGTON STREET, Boston, MA",SAM,-71.07566246815328,42.28868766240052
"6 DARLINGTON STREET, Boston, MA",SAM,-71.07567286010251,42.28871288331837
"8 DARLINGTON STREET, Boston, MA",SAM,-71.07568325205176,42.28873810423623
"1 DARTMOUTH PLACE, Boston, MA",SAM,-71.07468881103455,42.34490232469089
"10 DARTMOUTH PLACE, Boston, MA",SAM,-71.07450471524821,42.34482850166135
"12 DARTMOUTH PLACE, Boston, MA",SAM,-71.07447148306998,42.3448370887875
"15 DARTMOUTH PLACE, Boston, MA",SAM,-71.07446093324097,42.34496120784166
"16 DARTMOUTH PLACE, Boston, MA",SAM,-71.07440501871355,42.34485426303981
"17 DARTMOUTH PLACE, Boston, MA",SAM,-71.07442837927046,42.34496961972033
"18 DARTMOUTH PLACE, Boston, MA",SAM,-71.07437178653532,42.34486285016596
"19 DARTMOUTH PLACE, Boston, MA",SAM,-71.07439582529996,42.344978031599034
"2 DARTMOUTH PLACE, Boston, MA",SAM,-71.07463764396114,42.34479415315674
"20 DARTMOUTH PLACE, Boston, MA",SAM,-71.07433855435708,42.34487143729211
"21 DARTMOUTH PLACE, Boston, MA",SAM,-71.07436327132945,42.3449864434777
"22 DARTMOUTH PLACE, Boston, MA",SAM,-71.07430532217887,42.344880024418245
"23 DARTMOUTH PLACE, Boston, MA",SAM,-71.07433071735893,42.34499485535638
"3 DARTMOUTH PLACE, Boston, MA",SAM,-71.07465625706402,42.34491073656957
"4 DARTMOUTH PLACE, Boston, MA",SAM,-71.07460441178291,42.34480274028289
"5 DARTMOUTH PLACE, Boston, MA",SAM,-71.07462370309352,42.34491914844825
"6 DARTMOUTH PLACE, Boston, MA",SAM,-71.07457117960467,42.34481132740903
"7 DARTMOUTH PLACE, Boston, MA",SAM,-71.07459114912301,42.34492756032695
"8 DARTMOUTH PLACE, Boston, MA",SAM,-71.07453794742645,42.34481991453518
"9 DARTMOUTH PLACE, Boston, MA",SAM,-71.07455859515251,42.344935972205604
"10 DARTMOUTH STREET, Boston, MA",SAM,-71.16193427114281,42.367906815782156
"100 DARTMOUTH STREET, Boston, MA",SAM,-71.07546451308289,42.346140496578606
"11 DARTMOUTH STREET, Boston, MA",SAM,-71.0739388020841,42.34338139090804
"12 DARTMOUTH STREET, Boston, MA",SAM,-71.16197934249263,42.36793398208133
"128 DARTMOUTH STREET, Boston, MA",SAM,-71.07585350947986,42.34692481472982
"13 DARTMOUTH STREET, Boston, MA",SAM,-71.07395254444745,42.34341018443918
"131 DARTMOUTH STREET, Boston, MA",SAM,-71.0754963409902,42.346537619205364
"14 DARTMOUTH STREET, Boston, MA",SAM,-71.0740162966402,42.34319930199192
"145 DARTMOUTH STREET, Boston, MA",SAM,-71.07563099358917,42.346809113950016
"15 DARTMOUTH STREET, Boston, MA",SAM,-71.0739662868108,42.34343897797031
"16 DARTMOUTH STREET, Boston, MA",SAM,-71.07405065254858,42.34327128581977
"165 DARTMOUTH STREET, Boston, MA",SAM,-71.07619675529028,42.34808252184871
"17 DARTMOUTH STREET, Boston, MA",SAM,-71.07398002917417,42.34346777150145
"18 DARTMOUTH STREET, Boston, MA",SAM,-71.07408500845696,42.3433432696476
"19 DARTMOUTH STREET, Boston, MA",SAM,-71.07399377153752,42.34349656503258
"20 DARTMOUTH STREET, Boston, MA",SAM,-71.07411936436536,42.343415253475456
"205 DARTMOUTH STREET, Boston, MA",SAM,-71.07691505100235,42.349404730442735
"22 DARTMOUTH STREET, Boston, MA",SAM,-71.07415372027374,42.34348723730328
"230 DARTMOUTH STREET, Boston, MA",SAM,-71.07665094277225,42.34859298754544
"24 DARTMOUTH STREET, Boston, MA",SAM,-71.07420652518203,42.34359333805271
"25 DARTMOUTH STREET, Boston, MA",SAM,-71.0740851067952,42.343679401644536
"26 DARTMOUTH STREET, Boston, MA",SAM,-71.07422373771784,42.343626548130686
"265 DARTMOUTH STREET, Boston, MA",SAM,-71.07753921136654,42.35060455411459
"28 DARTMOUTH STREET, Boston, MA",SAM,-71.07424095025367,42.343659758208624
"283 DARTMOUTH STREET, Boston, MA",SAM,-71.07789384846357,42.351346690041275
"287 DARTMOUTH STREET, Boston, MA",SAM,-71.0779312954565,42.3514232483588
"30 DARTMOUTH STREET, Boston, MA",SAM,-71.07425816278948,42.34369296828658
"303 DARTMOUTH STREET, Boston, MA",SAM,-71.07849308788045,42.35255300469503
"306 DARTMOUTH STREET, Boston, MA",SAM,-71.07857575470852,42.35238772572748
"312 DARTMOUTH STREET, Boston, MA",SAM,-71.07865058454465,42.35253738454941
"314 DARTMOUTH STREET, Boston, MA",SAM,-71.07866112719405,42.35255846985397
"315 DARTMOUTH STREET, Boston, MA",SAM,-71.07854730722029,42.352661443404074
"32 DARTMOUTH STREET, Boston, MA",SAM,-71.07427537532527,42.343726178364555
"321 DARTMOUTH STREET, Boston, MA",SAM,-71.07868996764736,42.35293968685305
"326 DARTMOUTH STREET, Boston, MA",SAM,-71.07891056509273,42.353053922121
"328 DARTMOUTH STREET, Boston, MA",SAM,-71.07895452727064,42.35314399099789
"34 DARTMOUTH STREET, Boston, MA",SAM,-71.07429258786111,42.343759388442486
"38 DARTMOUTH STREET, Boston, MA",SAM,-71.07432701293273,42.343825808598396
"4 DARTMOUTH STREET, Boston, MA",SAM,-71.07389239737938,42.34294002994789
"40 DARTMOUTH STREET, Boston, MA",SAM,-71.07434422546854,42.343859018676355
"42 DARTMOUTH STREET, Boston, MA",SAM,-71.07436143800435,42.34389222875431
"44 DARTMOUTH STREET, Boston, MA",SAM,-71.07437865054015,42.343925438832265
"46 DARTMOUTH STREET, Boston, MA",SAM,-71.07439586307598,42.34395864891022
"6 DARTMOUTH STREET, Boston, MA",SAM,-71.07392881936327,42.343016016730836
"61 DARTMOUTH STREET, Boston, MA",SAM,-71.07461126073919,42.344735273153454
"63 DARTMOUTH STREET, Boston, MA",SAM,-71.07462465910818,42.34476440005068
"65 DARTMOUTH STREET, Boston, MA",SAM,-71.07463805747717,42.3447935269479
"67 DARTMOUTH STREET, Boston, MA",SAM,-71.07468951652714,42.344902573424115
"69 DARTMOUTH STREET, Boston, MA",SAM,-71.07471711347388,42.34495960712961
"71 DARTMOUTH STREET, Boston, MA",SAM,-71.07474471042059,42.345016640835105
"73 DARTMOUTH STREET, Boston, MA",SAM,-71.07477230736733,42.34507367454062
"76 DARTMOUTH STREET, Boston, MA",SAM,-71.07504822200963,42.34530515864664
"79 DARTMOUTH STREET, Boston, MA",SAM,-71.07485239413832,42.345239996290935
"8 DARTMOUTH STREET, Boston, MA",SAM,-71.0739647201038,42.34309123735072
"81 DARTMOUTH STREET, Boston, MA",SAM,-71.07486644613579,42.345269247395684
"82 DARTMOUTH STREET, Boston, MA",SAM,-71.07508713523332,42.34538616170596
"83 DARTMOUTH STREET, Boston, MA",SAM,-71.07488049813324,42.34529849850043
"84 DARTMOUTH STREET, Boston, MA",SAM,-71.0751001063079,42.34541316272573
"85 DARTMOUTH STREET, Boston, MA",SAM,-71.0748945501307,42.34532774960521
"86 DARTMOUTH STREET, Boston, MA",SAM,-71.07511307738247,42.3454401637455
"87 DARTMOUTH STREET, Boston, MA",SAM,-71.07490860212815,42.34535700070996
"9 DARTMOUTH STREET, Boston, MA",SAM,-71.07392505972075,42.34335259737689
"90 DARTMOUTH STREET, Boston, MA",SAM,-71.0751390195316,42.34549416578505
"11 DAVID ROAD, Boston, MA",SAM,-71.12779532005473,42.30655803087684
"2 DAVID ROAD, Boston, MA",SAM,-71.12763486307745,42.30645904331114
"3 DAVID ROAD, Boston, MA",SAM,-71.12766321849341,42.30657363468738
"5 DAVID ROAD, Boston, MA",SAM,-71.12769157391601,42.3065736346883
"7 DAVID ROAD, Boston, MA",SAM,-71.12774077616085,42.306569513801556
"9 DAVID ROAD, Boston, MA",SAM,-71.12776804810778,42.306563772339196
"20 DAVID G MUGAR WAY, Boston, MA",SAM,-71.07119056327977,42.36070956268244
"30 DAVID G MUGAR WAY, Boston, MA",SAM,-71.07127136597566,42.36072340777695
"32 DAVID G MUGAR WAY, Boston, MA",SAM,-71.07129128100341,42.36072488296503
"1 DAVIDSON AVENUE, Boston, MA",SAM,-71.07039159709043,42.30646528036903
"2 DAVIDSON AVENUE, Boston, MA",SAM,-71.07031449779781,42.30636588227185
"3 DAVIDSON AVENUE, Boston, MA",SAM,-71.0704008688036,42.306461346914816
"4 DAVIDSON AVENUE, Boston, MA",SAM,-71.07032396267168,42.306361866870674
"1 DAVIS COURT, Boston, MA",SAM,-71.03668727630098,42.375211028760745
"3 DAVIS COURT, Boston, MA",SAM,-71.03667934842127,42.375204830598875
"32 DAVISON STREET, Boston, MA",SAM,-71.11932164627223,42.256754528134735
"102 DAVISON STREET, Boston, MA",SAM,-71.1170617023741,42.258445576488754
"106 DAVISON STREET, Boston, MA",SAM,-71.11701838919667,42.25849171444072
"110 DAVISON STREET, Boston, MA",SAM,-71.11697507601924,42.25853785239272
"111 DAVISON STREET, Boston, MA",SAM,-71.116830910821,42.25849059240789
"112 DAVISON STREET, Boston, MA",SAM,-71.11695341943054,42.25856092136871
"13 DAVISON STREET, Boston, MA",SAM,-71.1198355733116,42.255456974015246
"14 DAVISON STREET, Boston, MA",SAM,-71.11977618076506,42.256123647204134
"16 DAVISON STREET, Boston, MA",SAM,-71.11974121936056,42.25619738398457
"18 DAVISON STREET, Boston, MA",SAM,-71.11970052288056,42.25627480445643
"19 DAVISON STREET, Boston, MA",SAM,-71.1197826525017,42.255763941447974
"21 DAVISON STREET, Boston, MA",SAM,-71.1197254429307,42.255884601634165
"22 DAVISON STREET, Boston, MA",SAM,-71.11960986365128,42.25642110910193
"27 DAVISON STREET, Boston, MA",SAM,-71.11955154760332,42.256240525242966
"29 DAVISON STREET, Boston, MA",SAM,-71.1194803467723,42.25635703569641
"30 DAVISON STREET, Boston, MA",SAM,-71.11938151055566,42.25669015793456
"31 DAVISON STREET, Boston, MA",SAM,-71.11939996225787,42.25646487390409
"33 DAVISON STREET, Boston, MA",SAM,-71.11930840091878,42.2565666668777
"35 DAVISON STREET, Boston, MA",SAM,-71.11921044118226,42.256671999932536
"36 DAVISON STREET, Boston, MA",SAM,-71.11920191770535,42.25688326853509
"38 DAVISON STREET, Boston, MA",SAM,-71.11914205342192,42.256947638735255
"39 DAVISON STREET, Boston, MA",SAM,-71.11901452170918,42.25688266604222
"55 DAVISON STREET, Boston, MA",SAM,-71.11832052951287,42.257278465096235
"56 DAVISON STREET, Boston, MA",SAM,-71.1183519633796,42.25740210748151
"59 DAVISON STREET, Boston, MA",SAM,-71.11814299666811,42.25737084602105
"60 DAVISON STREET, Boston, MA",SAM,-71.11818589184317,42.25748979715729
"62 DAVISON STREET, Boston, MA",SAM,-71.11810304025212,42.257534988936364
"63 DAVISON STREET, Boston, MA",SAM,-71.11796976152327,42.25746533792272
"65 DAVISON STREET, Boston, MA",SAM,-71.11788314395086,42.257512583873556
"66 DAVISON STREET, Boston, MA",SAM,-71.11793733707012,42.25762537249446
"67 DAVISON STREET, Boston, MA",SAM,-71.11779318453374,42.25756237894701
"69 DAVISON STREET, Boston, MA",SAM,-71.11771064962126,42.257613471990645
"70 DAVISON STREET, Boston, MA",SAM,-71.11778127435913,42.257719142129226
"71 DAVISON STREET, Boston, MA",SAM,-71.11762811470875,42.25766456503428
"74 DAVISON STREET, Boston, MA",SAM,-71.11763624863322,42.25781915400563
"75 DAVISON STREET, Boston, MA",SAM,-71.11747018458495,42.25778056089242
"77 DAVISON STREET, Boston, MA",SAM,-71.11739986742876,42.257854882806406
"78 DAVISON STREET, Boston, MA",SAM,-71.11751892783282,42.25792943430665
"92 DAVISON STREET, Boston, MA",SAM,-71.11716998531766,42.2583302316088
"94 DAVISON STREET, Boston, MA",SAM,-71.11714832872896,42.25835330058479
"98 DAVISON STREET, Boston, MA",SAM,-71.11710501555153,42.25839943853678
"14 DAVITT STREET, Boston, MA",SAM,-71.04968130277564,42.312698299082626
"3 DAVITT STREET, Boston, MA",SAM,-71.04954067635077,42.31261660793831
"4 DAVITT STREET, Boston, MA",SAM,-71.04969399755463,42.31263323835112
"5 DAVITT STREET, Boston, MA",SAM,-71.04953818921041,42.31262935453062
"8 DAVITT STREET, Boston, MA",SAM,-71.04968891964303,42.312659262643734
"10 DAWES STREET, Boston, MA",SAM,-71.06027016601539,42.318851680482666
"11 DAWES STREET, Boston, MA",SAM,-71.06045415208243,42.31882791047246
"12 DAWES STREET, Boston, MA",SAM,-71.06027961499788,42.318835999192224
"14 DAWES STREET, Boston, MA",SAM,-71.06028906398039,42.3188203179018
"15 DAWES STREET, Boston, MA",SAM,-71.06047112168363,42.318799748154944
"16 DAWES STREET, Boston, MA",SAM,-71.06029851296285,42.318804636611354
"17 DAWES STREET, Boston, MA",SAM,-71.06047960648424,42.318785666996185
"19 DAWES STREET, Boston, MA",SAM,-71.06048809128485,42.3187715858374
"23 DAWES STREET, Boston, MA",SAM,-71.06050506088604,42.31874342351988
"24 DAWES STREET, Boston, MA",SAM,-71.0603363088928,42.318741911449585
"4 DAWES STREET, Boston, MA",SAM,-71.06010505448376,42.3191266418651
"7 DAWES STREET, Boston, MA",SAM,-71.06043718248125,42.31885607278998
"5 DAWES TERRACE, Boston, MA",SAM,-71.06065152281984,42.319083367844044
"6 DAWES TERRACE, Boston, MA",SAM,-71.06042206247825,42.31889737405549
"14 DAWSON STREET, Boston, MA",SAM,-71.05837927628095,42.28957702064425
"15 DAWSON STREET, Boston, MA",SAM,-71.05823718887949,42.28962451647985
"16 DAWSON STREET, Boston, MA",SAM,-71.05838560364965,42.28959162226851
"18 DAWSON STREET, Boston, MA",SAM,-71.05839193101836,42.28960622389275
"20 DAWSON STREET, Boston, MA",SAM,-71.05839825838706,42.28962082551698
"22 DAWSON STREET, Boston, MA",SAM,-71.05840458575577,42.28963542714122
"23 DAWSON STREET, Boston, MA",SAM,-71.05826198183439,42.289681731007484
"24 DAWSON STREET, Boston, MA",SAM,-71.05841091312446,42.289650028765465
"5 DAWSON STREET, Boston, MA",SAM,-71.05820619768583,42.289552998320296
"9 DAWSON STREET, Boston, MA",SAM,-71.0582185941633,42.28958160558411
"101 DAY STREET, Boston, MA",SAM,-71.1092878751602,42.32377039750496
"105 DAY STREET, Boston, MA",SAM,-71.10930066382622,42.32375819014134
"120 DAY STREET, Boston, MA",SAM,-71.10964919506164,42.32295501603377
"124 DAY STREET, Boston, MA",SAM,-71.10967338849149,42.32289107625662
"136 DAY STREET, Boston, MA",SAM,-71.10974965901666,42.32268174496317
"40 DAY STREET, Boston, MA",SAM,-71.10753086471941,42.32540451965406
"53 DAY STREET, Boston, MA",SAM,-71.10787478311104,42.32495980222503
"60 DAY STREET, Boston, MA",SAM,-71.10783272339438,42.32472455599127
"64 DAY STREET, Boston, MA",SAM,-71.10804281175498,42.32454703450062
"65 DAY STREET, Boston, MA",SAM,-71.1079598008466,42.32479016038261
"71 DAY STREET, Boston, MA",SAM,-71.10812134014098,42.32464829821092
"85 DAY STREET, Boston, MA",SAM,-71.1091531412253,42.32390316921109
"86 DAY STREET, Boston, MA",SAM,-71.10894049819626,42.32392740887185
"88 DAY STREET, Boston, MA",SAM,-71.10898345708074,42.32388230204104
"94 DAY STREET, Boston, MA",SAM,-71.10929365750418,42.32357395116403
"96 DAY STREET, Boston, MA",SAM,-71.10944696032988,42.32339409748679
"98 DAY STREET, Boston, MA",SAM,-71.10950553404346,42.32330026376047
"1 DAYTON STREET, Boston, MA",SAM,-71.06500273623904,42.293449715459616
"3 DAYTON STREET, Boston, MA",SAM,-71.06501447687435,42.29344817063934
"100 DE SOTO ROAD, Boston, MA",SAM,-71.15219742989312,42.26029879962965
"105 DE SOTO ROAD, Boston, MA",SAM,-71.15225222587915,42.260171109571885
"106 DE SOTO ROAD, Boston, MA",SAM,-71.15213119162253,42.260242751849646
"109 DE SOTO ROAD, Boston, MA",SAM,-71.15220881548714,42.26013437769346
"110 DE SOTO ROAD, Boston, MA",SAM,-71.15208703277548,42.26020538666298
"115 DE SOTO ROAD, Boston, MA",SAM,-71.15214369989911,42.260079279875846
"15 DE SOTO ROAD, Boston, MA",SAM,-71.15486767839526,42.26237103272974
"18 DE SOTO ROAD, Boston, MA",SAM,-71.15468102358405,42.26238755603023
"20 DE SOTO ROAD, Boston, MA",SAM,-71.15461057456251,42.26232834886056
"21 DE SOTO ROAD, Boston, MA",SAM,-71.15465633133067,42.262193411220714
"25 DE SOTO ROAD, Boston, MA",SAM,-71.15451848852503,42.262075186219924
"28 DE SOTO ROAD, Boston, MA",SAM,-71.15433128113368,42.26208781181464
"33 DE SOTO ROAD, Boston, MA",SAM,-71.15424582181211,42.26183257720027
"36 DE SOTO ROAD, Boston, MA",SAM,-71.15405861442076,42.26184520279498
"37 DE SOTO ROAD, Boston, MA",SAM,-71.15410948845566,42.26171127269044
"39 DE SOTO ROAD, Boston, MA",SAM,-71.15404132177741,42.26165062043553
"41 DE SOTO ROAD, Boston, MA",SAM,-71.15397315509918,42.26158996818061
"45 DE SOTO ROAD, Boston, MA",SAM,-71.15383682174273,42.26146866367079
"49 DE SOTO ROAD, Boston, MA",SAM,-71.15370048838626,42.261347359160965
"54 DE SOTO ROAD, Boston, MA",SAM,-71.15344511431668,42.261299332500755
"57 DE SOTO ROAD, Boston, MA",SAM,-71.15342782167335,42.261104750141314
"59 DE SOTO ROAD, Boston, MA",SAM,-71.15335229119401,42.26104447986506
"62 DE SOTO ROAD, Boston, MA",SAM,-71.1531663881581,42.26106510517261
"63 DE SOTO ROAD, Boston, MA",SAM,-71.1532066995845,42.26092921981508
"67 DE SOTO ROAD, Boston, MA",SAM,-71.15306110797502,42.26081395976509
"68 DE SOTO ROAD, Boston, MA",SAM,-71.15294800074385,42.260892215097655
"71 DE SOTO ROAD, Boston, MA",SAM,-71.15291551636552,42.260698699715114
"74 DE SOTO ROAD, Boston, MA",SAM,-71.1527296133296,42.26071932502268
"76 DE SOTO ROAD, Boston, MA",SAM,-71.15265909127885,42.26066366076112
"77 DE SOTO ROAD, Boston, MA",SAM,-71.15269109033626,42.260526569203506
"83 DE SOTO ROAD, Boston, MA",SAM,-71.15249098303526,42.260373134903126
"84 DE SOTO ROAD, Boston, MA",SAM,-71.15237406528132,42.26044826037627
"86 DE SOTO ROAD, Boston, MA",SAM,-71.1523519858578,42.26042957778294
"90 DE SOTO ROAD, Boston, MA",SAM,-71.15230782701076,42.26039221259627
"91 DE SOTO ROAD, Boston, MA",SAM,-71.15240416225123,42.26029967114631
"94 DE SOTO ROAD, Boston, MA",SAM,-71.15226366816371,42.26035484740964
"95 DE SOTO ROAD, Boston, MA",SAM,-71.1523607518592,42.26026293926788
"99 DE SOTO ROAD, Boston, MA",SAM,-71.1523173414672,42.26022620738948
"1 DEACONESS ROAD, Boston, MA",SAM,-71.10842375036297,42.33797706732603
"10 DEAN STREET, Boston, MA",SAM,-71.07382556378101,42.31928057768798
"11 DEAN STREET, Boston, MA",SAM,-71.07375316380079,42.319385797021745
"14 DEAN STREET, Boston, MA",SAM,-71.07403016666832,42.31940489999996
"15 DEAN STREET, Boston, MA",SAM,-71.07393462323024,42.31949512450191
"16 DEAN STREET, Boston, MA",SAM,-71.07414258931996,42.319450875478424
"23 DEAN STREET, Boston, MA",SAM,-71.07415604434865,42.31957627961026
"27 DEAN STREET, Boston, MA",SAM,-71.07420006659979,42.31958801888044
"29 DEAN STREET, Boston, MA",SAM,-71.07422207772534,42.31959388851552
"35 DEAN STREET, Boston, MA",SAM,-71.07429783832367,42.319613467718675
"7 DEAN STREET, Boston, MA",SAM,-71.07357901180356,42.319274339718454
"9 DEAN STREET, Boston, MA",SAM,-71.07366608780218,42.319330068370114
"32 DEARBORN STREET, Boston, MA",SAM,-71.07896924617019,42.32918206426785
"20 DECATUR STREET, Boston, MA",SAM,-71.05522689679881,42.37705981572983
"22 DECATUR STREET, Boston, MA",SAM,-71.0552212838337,42.37706503709296
"24 DECATUR STREET, Boston, MA",SAM,-71.0552156708686,42.37707025845613
"26 DECATUR STREET, Boston, MA",SAM,-71.05521005790347,42.37707547981928
"28 DECATUR STREET, Boston, MA",SAM,-71.05520444493837,42.377080701182436
"30 DECATUR STREET, Boston, MA",SAM,-71.05519883197323,42.377085922545604
"34 DECATUR STREET, Boston, MA",SAM,-71.05518760604302,42.37709636527191
"20 DECKARD STREET, Boston, MA",SAM,-71.08403699911806,42.31552114262324
"28 DECKARD STREET, Boston, MA",SAM,-71.08432795882206,42.31559953593267
"32 DECKARD STREET, Boston, MA",SAM,-71.08447343867404,42.31563873258741
"34 DECKARD STREET, Boston, MA",SAM,-71.0845468596905,42.31565917865711
"38 DECKARD STREET, Boston, MA",SAM,-71.08469161746659,42.315699812429706
"40 DECKARD STREET, Boston, MA",SAM,-71.08476399635465,42.31572012931602
"42 DECKARD STREET, Boston, MA",SAM,-71.08483637524272,42.315740446202334
"44 DECKARD STREET, Boston, MA",SAM,-71.08490875413075,42.31576076308863
"46 DECKARD STREET, Boston, MA",SAM,-71.0849811330188,42.31578107997491
"48 DECKARD STREET, Boston, MA",SAM,-71.08505351190685,42.315801396861225
"50 DEDHAM PARKWAY, Boston, MA",SAM,-71.14288590610012,42.255723655611476
"10 DEDHAM STREET, Boston, MA",SAM,-71.13340877454216,42.25364772020332
"12 DEDHAM STREET, Boston, MA",SAM,-71.13349812138118,42.25356204514804
"16 DEDHAM STREET, Boston, MA",SAM,-71.13367681505922,42.25339069503749
"20 DEDHAM STREET, Boston, MA",SAM,-71.1338321505441,42.25324426705727
"26 DEDHAM STREET, Boston, MA",SAM,-71.13400974475073,42.25307797484673
"4 DEDHAM STREET, Boston, MA",SAM,-71.13314326192295,42.25390681924526
"40 DEDHAM STREET, Boston, MA",SAM,-71.13441673286945,42.252684173768905
"42 DEDHAM STREET, Boston, MA",SAM,-71.13447459749177,42.25262767602474
"44 DEDHAM STREET, Boston, MA",SAM,-71.13453246211405,42.25257117828053
"48 DEDHAM STREET, Boston, MA",SAM,-71.13464819135868,42.25245818279216
"50 DEDHAM STREET, Boston, MA",SAM,-71.13470605598098,42.252401685047964
"54 DEDHAM STREET, Boston, MA",SAM,-71.13482269411818,42.252288351127824
"57 DEDHAM STREET, Boston, MA",SAM,-71.13353132776334,42.25371773955322
"58 DEDHAM STREET, Boston, MA",SAM,-71.13494022035134,42.25217637730968
"64 DEDHAM STREET, Boston, MA",SAM,-71.13511650970109,42.252008416582434
"70 DEDHAM STREET, Boston, MA",SAM,-71.13529279905084,42.251840455855195
"74 DEDHAM STREET, Boston, MA",SAM,-71.135410325284,42.25172848203705
"78 DEDHAM STREET, Boston, MA",SAM,-71.13552785151714,42.25161650821889
"8 DEDHAM STREET, Boston, MA",SAM,-71.13331988970796,42.25373429907481
"9 DEDHAM STREET, Boston, MA",SAM,-71.13322880392413,42.25401299728859
"114 DEDHAM STREET, Boston, MA",SAM,-71.069290151233,42.339070564311754
"72 DEDHAM STREET, Boston, MA",SAM,-71.1353515621674,42.25178446894612
"75 DEDHAM STREET, Boston, MA",SAM,-71.13364620227065,42.25360758591071
"100 DEDHAM STREET, Boston, MA",SAM,-71.06932726668019,42.33910230071577
"111 DEDHAM STREET, Boston, MA",SAM,-71.06861516476233,42.33834089249006
"113 DEDHAM STREET, Boston, MA",SAM,-71.06852409937576,42.338263718416286
"115 DEDHAM STREET, Boston, MA",SAM,-71.0684330339892,42.33818654434251
"80 DEDHAM STREET, Boston, MA",SAM,-71.13558661463374,42.25156052130982
"12 DEER STREET, Boston, MA",SAM,-71.05807143115437,42.312562609470426
"16 DEER STREET, Boston, MA",SAM,-71.05809100408,42.31247351892423
"20 DEER STREET, Boston, MA",SAM,-71.05811057700562,42.31238442837801
"3 DEER STREET, Boston, MA",SAM,-71.05818911102713,42.31276123622744
"34 DEER STREET, Boston, MA",SAM,-71.05833704814407,42.31136272987223
"35 DEER STREET, Boston, MA",SAM,-71.05833921112934,42.31206897964048
"4 DEER STREET, Boston, MA",SAM,-71.05803550890583,42.31274507171466
"11 DEERFIELD STREET, Boston, MA",SAM,-71.09725284418533,42.34933113809603
"53 DEERFIELD STREET, Boston, MA",SAM,-71.09771828945419,42.35032779108416
"58 DEERFIELD STREET, Boston, MA",SAM,-71.0978875776756,42.35037046149898
"10 DEERING ROAD, Boston, MA",SAM,-71.09222842354113,42.283651262330615
"102 DEERING ROAD, Boston, MA",SAM,-71.09545348006186,42.285287726905
"103 DEERING ROAD, Boston, MA",SAM,-71.09539854310505,42.28539856707241
"104 DEERING ROAD, Boston, MA",SAM,-71.09547136620492,42.285296669978564
"106 DEERING ROAD, Boston, MA",SAM,-71.09548925234793,42.28530561305213
"107 DEERING ROAD, Boston, MA",SAM,-71.09543299049162,42.28541579076967
"108 DEERING ROAD, Boston, MA",SAM,-71.09550713849094,42.28531455612572
"11 DEERING ROAD, Boston, MA",SAM,-71.09224371721368,42.283798044029616
"110 DEERING ROAD, Boston, MA",SAM,-71.09552502463397,42.2853234991993
"115 DEERING ROAD, Boston, MA",SAM,-71.09550188526475,42.28545023816419
"19 DEERING ROAD, Boston, MA",SAM,-71.09257113413996,42.2839643929901
"22 DEERING ROAD, Boston, MA",SAM,-71.09268786342156,42.283884687484836
"23 DEERING ROAD, Boston, MA",SAM,-71.09273484260311,42.28404756747035
"26 DEERING ROAD, Boston, MA",SAM,-71.09284101004837,42.28396249586957
"27 DEERING ROAD, Boston, MA",SAM,-71.09289855106624,42.2841307419506
"28 DEERING ROAD, Boston, MA",SAM,-71.09291758336178,42.28400140006194
"31 DEERING ROAD, Boston, MA",SAM,-71.09306225952938,42.28421391643082
"32 DEERING ROAD, Boston, MA",SAM,-71.09307072998858,42.284079208446684
"35 DEERING ROAD, Boston, MA",SAM,-71.09322596799254,42.28429709091107
"36 DEERING ROAD, Boston, MA",SAM,-71.0932238766154,42.284157016831436
"39 DEERING ROAD, Boston, MA",SAM,-71.09338967645567,42.28438026539131
"4 DEERING ROAD, Boston, MA",SAM,-71.09199064186308,42.28353809714411
"40 DEERING ROAD, Boston, MA",SAM,-71.0933770232422,42.28423482521619
"44 DEERING ROAD, Boston, MA",SAM,-71.09353016986901,42.28431263360091
"48 DEERING ROAD, Boston, MA",SAM,-71.09368331649583,42.284390441985664
"52 DEERING ROAD, Boston, MA",SAM,-71.09383646312264,42.28446825037038
"56 DEERING ROAD, Boston, MA",SAM,-71.09398960974946,42.28454605875514
"60 DEERING ROAD, Boston, MA",SAM,-71.09414275637626,42.284623867139885
"64 DEERING ROAD, Boston, MA",SAM,-71.09429590300306,42.28470167552462
"65 DEERING ROAD, Boston, MA",SAM,-71.0944546778361,42.28492116843099
"69 DEERING ROAD, Boston, MA",SAM,-71.09457335411936,42.28498134233493
"73 DEERING ROAD, Boston, MA",SAM,-71.09469203040264,42.28504151623889
"77 DEERING ROAD, Boston, MA",SAM,-71.0948107066859,42.28510169014283
"82 DEERING ROAD, Boston, MA",SAM,-71.0949347890367,42.28502568288804
"85 DEERING ROAD, Boston, MA",SAM,-71.09504805925242,42.285222037950724
"86 DEERING ROAD, Boston, MA",SAM,-71.09506259426482,42.28509048555382
"87 DEERING ROAD, Boston, MA",SAM,-71.09510739739405,42.285252124902705
"90 DEERING ROAD, Boston, MA",SAM,-71.09519039949294,42.28515528821961
"91 DEERING ROAD, Boston, MA",SAM,-71.09529520094536,42.28534689598067
"95 DEERING ROAD, Boston, MA",SAM,-71.09532964833193,42.28536411967793
"98 DEERING ROAD, Boston, MA",SAM,-71.09541770777582,42.28526984075785
"99 DEERING ROAD, Boston, MA",SAM,-71.09536409571848,42.28538134337517
"10 DEFOREST STREET, Boston, MA",SAM,-71.12832661952777,42.265735498396865
"100 DEFOREST STREET, Boston, MA",SAM,-71.13100972540008,42.26920862998174
"103 DEFOREST STREET, Boston, MA",SAM,-71.13088430968124,42.26928711540455
"104 DEFOREST STREET, Boston, MA",SAM,-71.13104851994375,42.26928441469195
"105 DEFOREST STREET, Boston, MA",SAM,-71.13090370695306,42.269325007759676
"108 DEFOREST STREET, Boston, MA",SAM,-71.1310873144874,42.26936019940218
"109 DEFOREST STREET, Boston, MA",SAM,-71.13094250149673,42.26940079246988
"11 DEFOREST STREET, Boston, MA",SAM,-71.12814433880636,42.26581724350807
"112 DEFOREST STREET, Boston, MA",SAM,-71.13112610903109,42.26943598411238
"113 DEFOREST STREET, Boston, MA",SAM,-71.13098129604039,42.2694765771801
"116 DEFOREST STREET, Boston, MA",SAM,-71.13116490357474,42.269511768822596
"117 DEFOREST STREET, Boston, MA",SAM,-71.13102009058409,42.2695523618903
"120 DEFOREST STREET, Boston, MA",SAM,-71.13120154999713,42.26959081169809
"121 DEFOREST STREET, Boston, MA",SAM,-71.13105444578966,42.2696266124825
"124 DEFOREST STREET, Boston, MA",SAM,-71.13123576479049,42.26966779500484
"125 DEFOREST STREET, Boston, MA",SAM,-71.131088660583,42.26970359578924
"128 DEFOREST STREET, Boston, MA",SAM,-71.13126997958382,42.26974477831159
"129 DEFOREST STREET, Boston, MA",SAM,-71.13112287537633,42.269780579096
"132 DEFOREST STREET, Boston, MA",SAM,-71.13130419437718,42.26982176161836
"133 DEFOREST STREET, Boston, MA",SAM,-71.13115709016968,42.26985756240277
"137 DEFOREST STREET, Boston, MA",SAM,-71.13119130496302,42.2699345457095
"14 DEFOREST STREET, Boston, MA",SAM,-71.12829686701913,42.265879604409015
"141 DEFOREST STREET, Boston, MA",SAM,-71.13122551975637,42.27001152901627
"145 DEFOREST STREET, Boston, MA",SAM,-71.13125973454972,42.27008851232302
"149 DEFOREST STREET, Boston, MA",SAM,-71.13129394934307,42.27016549562978
"153 DEFOREST STREET, Boston, MA",SAM,-71.13132816413642,42.27024247893654
"157 DEFOREST STREET, Boston, MA",SAM,-71.13136237892977,42.27031946224329
"19 DEFOREST STREET, Boston, MA",SAM,-71.12829342097247,42.266188784643575
"2 DEFOREST STREET, Boston, MA",SAM,-71.12861818875209,42.26550326524802
"22 DEFOREST STREET, Boston, MA",SAM,-71.12846468095456,42.266180999585295
"25 DEFOREST STREET, Boston, MA",SAM,-71.12848572390955,42.26642997172431
"29 DEFOREST STREET, Boston, MA",SAM,-71.1286302861814,42.26657760982285
"30 DEFOREST STREET, Boston, MA",SAM,-71.12871519845291,42.26646903348651
"32 DEFOREST STREET, Boston, MA",SAM,-71.12878315006316,42.26653781848466
"33 DEFOREST STREET, Boston, MA",SAM,-71.12878348022481,42.26672330661325
"36 DEFOREST STREET, Boston, MA",SAM,-71.12892951272649,42.26667531071466
"37 DEFOREST STREET, Boston, MA",SAM,-71.12893594133247,42.26686652768613
"40 DEFOREST STREET, Boston, MA",SAM,-71.12907470023566,42.26681151512125
"41 DEFOREST STREET, Boston, MA",SAM,-71.1290944135622,42.26700813852709
"44 DEFOREST STREET, Boston, MA",SAM,-71.12922603014383,42.266946030625434
"45 DEFOREST STREET, Boston, MA",SAM,-71.12924733541527,42.267148135458235
"48 DEFOREST STREET, Boston, MA",SAM,-71.12937617985118,42.267084156535354
"49 DEFOREST STREET, Boston, MA",SAM,-71.1293973321405,42.267292775190334
"52 DEFOREST STREET, Boston, MA",SAM,-71.12952017670739,42.26722301067816
"58 DEFOREST STREET, Boston, MA",SAM,-71.1296942538463,42.26741284920126
"59 DEFOREST STREET, Boston, MA",SAM,-71.1296659491463,42.26759104280072
"6 DEFOREST STREET, Boston, MA",SAM,-71.12844949040644,42.26561889723594
"61 DEFOREST STREET, Boston, MA",SAM,-71.12971166004122,42.26764315323299
"65 DEFOREST STREET, Boston, MA",SAM,-71.12980308183104,42.26774737409753
"69 DEFOREST STREET, Boston, MA",SAM,-71.12994167724078,42.26789668921359
"7 DEFOREST STREET, Boston, MA",SAM,-71.12824554141616,42.26561220710009
"73 DEFOREST STREET, Boston, MA",SAM,-71.13013665375182,42.268085278558054
"79 DEFOREST STREET, Boston, MA",SAM,-71.13037071017762,42.26839707854809
"83 DEFOREST STREET, Boston, MA",SAM,-71.13046863066879,42.26854395932097
"87 DEFOREST STREET, Boston, MA",SAM,-71.13056226524262,42.26868784192927
"88 DEFOREST STREET, Boston, MA",SAM,-71.13078234691018,42.268783486384756
"9 DEFOREST STREET, Boston, MA",SAM,-71.1281736480621,42.26571250357778
"91 DEFOREST STREET, Boston, MA",SAM,-71.13064597063509,42.26883945928339
"92 DEFOREST STREET, Boston, MA",SAM,-71.1308521014039,42.268909834179844
"95 DEFOREST STREET, Boston, MA",SAM,-71.13072967602754,42.26899107663751
"96 DEFOREST STREET, Boston, MA",SAM,-71.13092185589764,42.26903618197495
"99 DEFOREST STREET, Boston, MA",SAM,-71.13081040705563,42.269141492687965
"2 DELANO COURT, Boston, MA",SAM,-71.12579879043425,42.280326734931606
"4 DELANO COURT, Boston, MA",SAM,-71.12580884179626,42.28033273574607
"1 DELANO PARK, Boston, MA",SAM,-71.12537148035331,42.280706170257346
"10 DELANO PARK, Boston, MA",SAM,-71.12568216739606,42.28025451725567
"11 DELANO PARK, Boston, MA",SAM,-71.12579913674188,42.28032962876185
"15 DELANO PARK, Boston, MA",SAM,-71.12584972224958,42.28028650668749
"16 DELANO PARK, Boston, MA",SAM,-71.12575804565765,42.280189834144146
"17 DELANO PARK, Boston, MA",SAM,-71.12587501500344,42.28026494565032
"20 DELANO PARK, Boston, MA",SAM,-71.12580863116537,42.28014671206979
"21 DELANO PARK, Boston, MA",SAM,-71.12592560051118,42.28022182357597
"25 DELANO PARK, Boston, MA",SAM,-71.12597618601889,42.28017870150163
"29 DELANO PARK, Boston, MA",SAM,-71.12602677152661,42.28013557942727
"30 DELANO PARK, Boston, MA",SAM,-71.12593509493468,42.28003890688393
"35 DELANO PARK, Boston, MA",SAM,-71.1261026497882,42.28007089631576
"38 DELANO PARK, Boston, MA",SAM,-71.12603626595012,42.27995266273523
"39 DELANO PARK, Boston, MA",SAM,-71.12615323529593,42.280027774241425
"4 DELANO PARK, Boston, MA",SAM,-71.12536206540037,42.28053592820786
"40 DELANO PARK, Boston, MA",SAM,-71.126061558704,42.27993110169806
"42 DELANO PARK, Boston, MA",SAM,-71.12608685145786,42.27990954066089
"43 DELANO PARK, Boston, MA",SAM,-71.12620382080365,42.279984652167066
"44 DELANO PARK, Boston, MA",SAM,-71.12611214421172,42.27988797962371
"47 DELANO PARK, Boston, MA",SAM,-71.12625440631138,42.27994153009271
"5 DELANO PARK, Boston, MA",SAM,-71.12553553407398,42.28056111222335
"8 DELANO PARK, Boston, MA",SAM,-71.1255808036946,42.28034251749587
"7 DELANO STREET, Boston, MA",SAM,-71.06920215061524,42.303569429124416
"5 DELAWARE PLACE, Boston, MA",SAM,-71.15282214099348,42.3518427474516
"6 DELAWARE PLACE, Boston, MA",SAM,-71.15267500766997,42.35180658159481
"10 DELFORD STREET, Boston, MA",SAM,-71.12079492115092,42.292279431672576
"11 DELFORD STREET, Boston, MA",SAM,-71.12092622081354,42.292341574721334
"14 DELFORD STREET, Boston, MA",SAM,-71.12081917275545,42.292257267953424
"15 DELFORD STREET, Boston, MA",SAM,-71.12094997748738,42.292319863322994
"17 DELFORD STREET, Boston, MA",SAM,-71.12096185582428,42.29230900762381
"19 DELFORD STREET, Boston, MA",SAM,-71.12097373416118,42.29229815192465
"21 DELFORD STREET, Boston, MA",SAM,-71.12098561249809,42.29228729622547
"23 DELFORD STREET, Boston, MA",SAM,-71.12099749083502,42.29227644052629
"25 DELFORD STREET, Boston, MA",SAM,-71.12100936917193,42.29226558482713
"6 DELFORD STREET, Boston, MA",SAM,-71.1207706695464,42.29230159539172
"7 DELFORD STREET, Boston, MA",SAM,-71.12090246413973,42.292363286119674
"9 DELFORD STREET, Boston, MA",SAM,-71.12091434247665,42.29235243042051
"100 DELHI STREET, Boston, MA",SAM,-71.08861661501636,42.27697446240649
"104 DELHI STREET, Boston, MA",SAM,-71.08864428495076,42.276947828243735
"108 DELHI STREET, Boston, MA",SAM,-71.08867195488514,42.276921194080984
"112 DELHI STREET, Boston, MA",SAM,-71.08869962481955,42.27689455991822
"116 DELHI STREET, Boston, MA",SAM,-71.08872729475397,42.276867925755454
"120 DELHI STREET, Boston, MA",SAM,-71.08875358293251,42.27684183587009
"124 DELHI STREET, Boston, MA",SAM,-71.08878058799438,42.27681483080694
"128 DELHI STREET, Boston, MA",SAM,-71.08880759305622,42.2767878257438
"149 DELHI STREET, Boston, MA",SAM,-71.08938187438277,42.27639484541837
"153 DELHI STREET, Boston, MA",SAM,-71.08941057381864,42.2763653100752
"157 DELHI STREET, Boston, MA",SAM,-71.0895506616112,42.2762313295679
"165 DELHI STREET, Boston, MA",SAM,-71.08974628068395,42.27605075810714
"173 DELHI STREET, Boston, MA",SAM,-71.08997398667506,42.27581582020431
"174 DELHI STREET, Boston, MA",SAM,-71.09010040673144,42.27550600698727
"177 DELHI STREET, Boston, MA",SAM,-71.09004519388546,42.27574725029465
"181 DELHI STREET, Boston, MA",SAM,-71.09011640109586,42.27567868038501
"189 DELHI STREET, Boston, MA",SAM,-71.09025881551662,42.27554154056571
"195 DELHI STREET, Boston, MA",SAM,-71.09036562633223,42.27543868570122
"197 DELHI STREET, Boston, MA",SAM,-71.0904600885806,42.275348418625605
"199 DELHI STREET, Boston, MA",SAM,-71.090534347264,42.27527800090513
"200 DELHI STREET, Boston, MA",SAM,-71.09033799009121,42.27527792567911
"201 DELHI STREET, Boston, MA",SAM,-71.0906086059474,42.275207583184645
"203 DELHI STREET, Boston, MA",SAM,-71.09068286463079,42.27513716546416
"204 DELHI STREET, Boston, MA",SAM,-71.09048650745801,42.27513709023817
"205 DELHI STREET, Boston, MA",SAM,-71.09075712331419,42.2750667477437
"207 DELHI STREET, Boston, MA",SAM,-71.0908313819976,42.27499633002321
"211 DELHI STREET, Boston, MA",SAM,-71.09097959252468,42.27485348189184
"216 DELHI STREET, Boston, MA",SAM,-71.09095490386103,42.27469256001791
"217 DELHI STREET, Boston, MA",SAM,-71.09111272751646,42.27473233397066
"220 DELHI STREET, Boston, MA",SAM,-71.0909970079397,42.27465614567775
"228 DELHI STREET, Boston, MA",SAM,-71.091071585224,42.27458991998189
"232 DELHI STREET, Boston, MA",SAM,-71.09110495594928,42.27454884831835
"235 DELHI STREET, Boston, MA",SAM,-71.09127874175775,42.274550553479784
"239 DELHI STREET, Boston, MA",SAM,-71.09130550779594,42.27450937495833
"10 DELL AVENUE, Boston, MA",SAM,-71.12042731018362,42.259722197008834
"11 DELL AVENUE, Boston, MA",SAM,-71.12041453930401,42.25984316633858
"12 DELL AVENUE, Boston, MA",SAM,-71.12048229433151,42.25974002970999
"15 DELL AVENUE, Boston, MA",SAM,-71.12052226334883,42.25987810387554
"16 DELL AVENUE, Boston, MA",SAM,-71.12059226262726,42.25977569511228
"19 DELL AVENUE, Boston, MA",SAM,-71.12060559198598,42.25991543816425
"20 DELL AVENUE, Boston, MA",SAM,-71.12070956092577,42.25983013372557
"21 DELL AVENUE, Boston, MA",SAM,-71.12065194614952,42.2599422205759
"24 DELL AVENUE, Boston, MA",SAM,-71.1208042006763,42.25988481448272
"27 DELL AVENUE, Boston, MA",SAM,-71.12078602428856,42.26002174722575
"28 DELL AVENUE, Boston, MA",SAM,-71.1209002570604,42.259943500908136
"29 DELL AVENUE, Boston, MA",SAM,-71.1208301751544,42.260050496633205
"3 DELL AVENUE, Boston, MA",SAM,-71.12019909121436,42.2597732912647
"31 DELL AVENUE, Boston, MA",SAM,-71.12087432602024,42.26007924604066
"32 DELL AVENUE, Boston, MA",SAM,-71.12099039841146,42.26000219761502
"35 DELL AVENUE, Boston, MA",SAM,-71.12096002203516,42.260135634045156
"7 DELL AVENUE, Boston, MA",SAM,-71.12030681525921,42.25980822880163
"3 DELL TERRACE, Boston, MA",SAM,-71.11980484967192,42.25939538050822
"6 DELL TERRACE, Boston, MA",SAM,-71.11997127389914,42.259666308577145
"7 DELL TERRACE, Boston, MA",SAM,-71.11940365500665,42.259117480719965
"16 DELLE AVENUE, Boston, MA",SAM,-71.0981949045513,42.33082779870314
"17 DELLE AVENUE, Boston, MA",SAM,-71.09823853140605,42.330974902912835
"26 DELLE AVENUE, Boston, MA",SAM,-71.098515535332,42.33094990834673
"30 DELLE AVENUE, Boston, MA",SAM,-71.09858396583381,42.330974708668975
"35 DELLE AVENUE, Boston, MA",SAM,-71.09889894465206,42.33121648294269
"36 DELLE AVENUE, Boston, MA",SAM,-71.09868661158652,42.33101190915231
"40 DELLE AVENUE, Boston, MA",SAM,-71.09875504208831,42.331036709474525
"41 DELLE AVENUE, Boston, MA",SAM,-71.09908844840075,42.33128964473286
"47 DELLE AVENUE, Boston, MA",SAM,-71.09927914425957,42.33136651439987
"49 DELLE AVENUE, Boston, MA",SAM,-71.09934270954585,42.33139213762221
"53 DELLE AVENUE, Boston, MA",SAM,-71.0994698401184,42.33144338406688
"55 DELLE AVENUE, Boston, MA",SAM,-71.09953340540466,42.331469007289215
"56 DELLE AVENUE, Boston, MA",SAM,-71.09902876409554,42.33113591076343
"57 DELLE AVENUE, Boston, MA",SAM,-71.09960119535101,42.331494467070165
"7 DELLE AVENUE, Boston, MA",SAM,-71.09791056198881,42.330845499982225
"5 DELLMORE ROAD, Boston, MA",SAM,-71.11824670517308,42.290217741597864
"6 DELLMORE ROAD, Boston, MA",SAM,-71.11825936076991,42.290103532164785
"7 DELLMORE ROAD, Boston, MA",SAM,-71.11826274717096,42.29021866267015
"11 DELMONT STREET, Boston, MA",SAM,-71.05447491768986,42.285913637978474
"15 DELMONT STREET, Boston, MA",SAM,-71.05437183282855,42.28590935462825
"19 DELMONT STREET, Boston, MA",SAM,-71.05427700054611,42.28590634407618
"20 DELMONT STREET, Boston, MA",SAM,-71.05426146924826,42.28602054784337
"23 DELMONT STREET, Boston, MA",SAM,-71.0541821682637,42.28590333352408
"27 DELMONT STREET, Boston, MA",SAM,-71.05408030240821,42.28590623217028
"31 DELMONT STREET, Boston, MA",SAM,-71.05398549326696,42.28590961820847
"35 DELMONT STREET, Boston, MA",SAM,-71.05388399107972,42.285915130094004
"39 DELMONT STREET, Boston, MA",SAM,-71.05378997076629,42.28592477320137
"43 DELMONT STREET, Boston, MA",SAM,-71.05368364805541,42.28594181861865
"51 DELMONT STREET, Boston, MA",SAM,-71.05350357369782,42.285986281422744
"7 DELMONT STREET, Boston, MA",SAM,-71.05456875512532,42.28592421121517
"11 DELNORE PLACE, Boston, MA",SAM,-71.09121124411034,42.27042249873754
"10 DELORE CIRCLE, Boston, MA",SAM,-71.12251859125404,42.28031246947758
"11 DELORE CIRCLE, Boston, MA",SAM,-71.12238185051133,42.2802582751877
"14 DELORE CIRCLE, Boston, MA",SAM,-71.12250854424443,42.28032465765367
"2 DELORE CIRCLE, Boston, MA",SAM,-71.12253868527327,42.28028809312539
"3 DELORE CIRCLE, Boston, MA",SAM,-71.12240153444853,42.280234396312096
"6 DELORE CIRCLE, Boston, MA",SAM,-71.12252863826366,42.280300281301486
"7 DELORE CIRCLE, Boston, MA",SAM,-71.12239169247992,42.2802463357499
"11 DENBY ROAD, Boston, MA",SAM,-71.13445593492764,42.35502872843996
"29 DENBY ROAD, Boston, MA",SAM,-71.13461853787906,42.35523198217733
"1 DENNIS STREET, Boston, MA",SAM,-71.07403073400528,42.32376989691475
"10 DENNIS STREET, Boston, MA",SAM,-71.07435445706135,42.32340727656955
"11 DENNIS STREET, Boston, MA",SAM,-71.0745649229969,42.32340156168322
"12 DENNIS STREET, Boston, MA",SAM,-71.07444376376571,42.3233301011286
"14 DENNIS STREET, Boston, MA",SAM,-71.07453300053493,42.323247393874944
"16 DENNIS STREET, Boston, MA",SAM,-71.07461465855322,42.323159850190955
"17 DENNIS STREET, Boston, MA",SAM,-71.07482975639759,42.323116064938155
"18 DENNIS STREET, Boston, MA",SAM,-71.07464529557087,42.32312155391735
"19 DENNIS STREET, Boston, MA",SAM,-71.07491145511135,42.32301394154187
"20 DENNIS STREET, Boston, MA",SAM,-71.07467593258853,42.32308325764376
"22 DENNIS STREET, Boston, MA",SAM,-71.0747065696062,42.32304496137014
"23 DENNIS STREET, Boston, MA",SAM,-71.07507489780424,42.32282486417011
"25 DENNIS STREET, Boston, MA",SAM,-71.07516691040962,42.32274085265663
"27 DENNIS STREET, Boston, MA",SAM,-71.07526007712721,42.32265119953529
"3 DENNIS STREET, Boston, MA",SAM,-71.07414315385611,42.32370443725152
"33 DENNIS STREET, Boston, MA",SAM,-71.07551078734916,42.322380326842946
"35 DENNIS STREET, Boston, MA",SAM,-71.07553013599498,42.32236097819621
"37 DENNIS STREET, Boston, MA",SAM,-71.07554948464082,42.32234162954945
"39 DENNIS STREET, Boston, MA",SAM,-71.07556883328662,42.32232228090269
"40 DENNIS STREET, Boston, MA",SAM,-71.07551590452279,42.322185473321234
"42 DENNIS STREET, Boston, MA",SAM,-71.07556145636538,42.32214642888274
"50 DENNIS STREET, Boston, MA",SAM,-71.07592251114161,42.32180609926281
"52 DENNIS STREET, Boston, MA",SAM,-71.07593097848688,42.3217885806174
"65 DENNIS STREET, Boston, MA",SAM,-71.0760684560953,42.321844661678014
"67 DENNIS STREET, Boston, MA",SAM,-71.07608040999447,42.32181992947274
"8 DENNIS STREET, Boston, MA",SAM,-71.07425733372806,42.32348497524023
"10 DENNISON STREET, Boston, MA",SAM,-71.09296028544588,42.3174513089128
"27 DENNISON STREET, Boston, MA",SAM,-71.09316670589382,42.31769505991182
"28 DENNISON STREET, Boston, MA",SAM,-71.09322593706014,42.317584634998894
"32 DENNISON STREET, Boston, MA",SAM,-71.09329223777208,42.31763180387907
"35 DENNISON STREET, Boston, MA",SAM,-71.09322397882461,42.317757165638966
"36 DENNISON STREET, Boston, MA",SAM,-71.09333406127543,42.31767362739197
"4 DENNISON STREET, Boston, MA",SAM,-71.09280676003337,42.317352490379726
"40 DENNISON STREET, Boston, MA",SAM,-71.09337621718316,42.31772263661933
"5 DENNISON STREET, Boston, MA",SAM,-71.09287111292063,42.31754508378234
"6 DENNISON STREET, Boston, MA",SAM,-71.09290795338752,42.31742225248779
"9 DENNISON STREET, Boston, MA",SAM,-71.09292616848909,42.31757204978131
"12 DENNY STREET, Boston, MA",SAM,-71.05070265649469,42.309412221593576
"13 DENNY STREET, Boston, MA",SAM,-71.05085461907815,42.309441418565555
"17 DENNY STREET, Boston, MA",SAM,-71.05087745977434,42.30940319535882
"18 DENNY STREET, Boston, MA",SAM,-71.05073763131074,42.309353692308264
"21 DENNY STREET, Boston, MA",SAM,-71.05090030047056,42.30936497215209
"24 DENNY STREET, Boston, MA",SAM,-71.0507726061268,42.30929516302295
"25 DENNY STREET, Boston, MA",SAM,-71.05092314116676,42.30932674894534
"28 DENNY STREET, Boston, MA",SAM,-71.05079592267083,42.30925614349941
"8 DENNY STREET, Boston, MA",SAM,-71.05067933995063,42.30945124111712
"9 DENNY STREET, Boston, MA",SAM,-71.05083177838195,42.30947964177228
"1 DENT STREET, Boston, MA",SAM,-71.16003958194564,42.28160152311917
"10 DENT STREET, Boston, MA",SAM,-71.16108359221809,42.28136468135061
"102 DENT STREET, Boston, MA",SAM,-71.16374125557877,42.283600786517546
"105 DENT STREET, Boston, MA",SAM,-71.16355813989409,42.28362108329529
"106 DENT STREET, Boston, MA",SAM,-71.1638616755043,42.28370061653
"110 DENT STREET, Boston, MA",SAM,-71.1639820954298,42.283800446542486
"114 DENT STREET, Boston, MA",SAM,-71.16415800180101,42.28395656861669
"118 DENT STREET, Boston, MA",SAM,-71.16430438601742,42.28409016200939
"119 DENT STREET, Boston, MA",SAM,-71.16396448798699,42.28396193347127
"12 DENT STREET, Boston, MA",SAM,-71.161309268913,42.28156871786051
"122 DENT STREET, Boston, MA",SAM,-71.1644507702338,42.28422375540209
"123 DENT STREET, Boston, MA",SAM,-71.16433044852795,42.284295916953
"127 DENT STREET, Boston, MA",SAM,-71.1645229804816,42.28445327789711
"128 DENT STREET, Boston, MA",SAM,-71.16467275879485,42.28440371293151
"132 DENT STREET, Boston, MA",SAM,-71.16479665799817,42.284500767329185
"135 DENT STREET, Boston, MA",SAM,-71.16486989825091,42.28472503021064
"136 DENT STREET, Boston, MA",SAM,-71.16492055720148,42.284597821726884
"139 DENT STREET, Boston, MA",SAM,-71.16500771233969,42.28483725777143
"140 DENT STREET, Boston, MA",SAM,-71.16508871174695,42.284732152973874
"144 DENT STREET, Boston, MA",SAM,-71.16528029510106,42.28489180580482
"148 DENT STREET, Boston, MA",SAM,-71.16547187845515,42.285051458635756
"152 DENT STREET, Boston, MA",SAM,-71.1656274366354,42.28518484381887
"156 DENT STREET, Boston, MA",SAM,-71.16573320797,42.28527681891315
"160 DENT STREET, Boston, MA",SAM,-71.16583736861844,42.285367195043044
"164 DENT STREET, Boston, MA",SAM,-71.16594738886333,42.285456400667
"168 DENT STREET, Boston, MA",SAM,-71.16611144472718,42.28558936665121
"17 DENT STREET, Boston, MA",SAM,-71.16088254969168,42.28136648828944
"172 DENT STREET, Boston, MA",SAM,-71.16623074897856,42.285686044255904
"176 DENT STREET, Boston, MA",SAM,-71.16635005322993,42.2857827218606
"177 DENT STREET, Boston, MA",SAM,-71.16611321602913,42.285760761165065
"180 DENT STREET, Boston, MA",SAM,-71.16646935748132,42.28587939946528
"181 DENT STREET, Boston, MA",SAM,-71.166157170227,42.285796379229964
"184 DENT STREET, Boston, MA",SAM,-71.16662259202216,42.28600459753053
"188 DENT STREET, Boston, MA",SAM,-71.16672025594245,42.286084732047215
"2 DENT STREET, Boston, MA",SAM,-71.15993873149604,42.28151455250391
"25 DENT STREET, Boston, MA",SAM,-71.16129157420708,42.281730216648654
"26 DENT STREET, Boston, MA",SAM,-71.16159268758172,42.28180942655633
"27 DENT STREET, Boston, MA",SAM,-71.16138407343038,42.28180773982464
"30 DENT STREET, Boston, MA",SAM,-71.16165435373058,42.281861108673674
"31 DENT STREET, Boston, MA",SAM,-71.16156907187698,42.28196278617661
"34 DENT STREET, Boston, MA",SAM,-71.16171601987945,42.28191279079098
"37 DENT STREET, Boston, MA",SAM,-71.16181329577722,42.28216938865213
"4 DENT STREET, Boston, MA",SAM,-71.16020918847686,42.28134288519008
"40 DENT STREET, Boston, MA",SAM,-71.16188010709298,42.282051280427716
"5 DENT STREET, Boston, MA",SAM,-71.16028545192817,42.281445461924804
"51 DENT STREET, Boston, MA",SAM,-71.16216636632882,42.28247202062151
"54 DENT STREET, Boston, MA",SAM,-71.16229370402486,42.28240579216327
"57 DENT STREET, Boston, MA",SAM,-71.16232055351387,42.28260151431518
"58 DENT STREET, Boston, MA",SAM,-71.162411931041,42.28250537638733
"60 DENT STREET, Boston, MA",SAM,-71.16247249737876,42.28255505440586
"61 DENT STREET, Boston, MA",SAM,-71.16242395945639,42.282686330444385
"64 DENT STREET, Boston, MA",SAM,-71.16259363005427,42.28265441044291
"65 DENT STREET, Boston, MA",SAM,-71.1625273653989,42.2827711465736
"69 DENT STREET, Boston, MA",SAM,-71.16263077134144,42.28285596270279
"70 DENT STREET, Boston, MA",SAM,-71.16277532906759,42.28280344449849
"73 DENT STREET, Boston, MA",SAM,-71.16273417728398,42.282940778832
"74 DENT STREET, Boston, MA",SAM,-71.16289646174313,42.28290280053556
"77 DENT STREET, Boston, MA",SAM,-71.16283758322652,42.28302559496119
"78 DENT STREET, Boston, MA",SAM,-71.16301759441866,42.283002156572635
"8 DENT STREET, Boston, MA",SAM,-71.16084439188165,42.28116528587038
"81 DENT STREET, Boston, MA",SAM,-71.16294098916903,42.28311041109038
"84 DENT STREET, Boston, MA",SAM,-71.16319936591395,42.283151551461394
"85 DENT STREET, Boston, MA",SAM,-71.16304439511157,42.28319522721959
"87 DENT STREET, Boston, MA",SAM,-71.16309555115582,42.283237589954695
"88 DENT STREET, Boston, MA",SAM,-71.16331978583949,42.28325138147388
"89 DENT STREET, Boston, MA",SAM,-71.16314694990452,42.28328020032587
"9 DENT STREET, Boston, MA",SAM,-71.16053132191072,42.281289400730394
"92 DENT STREET, Boston, MA",SAM,-71.163440205765,42.28335121148633
"93 DENT STREET, Boston, MA",SAM,-71.1632497474019,42.28336542106821
"96 DENT STREET, Boston, MA",SAM,-71.16356062569051,42.28345104149883
"1 DENTON TERRACE, Boston, MA",SAM,-71.13412671735401,42.28077663217821
"10 DENTON TERRACE, Boston, MA",SAM,-71.13387146198856,42.28076798175412
"11 DENTON TERRACE, Boston, MA",SAM,-71.13393589711372,42.28065844671246
"12 DENTON TERRACE, Boston, MA",SAM,-71.13383250285617,42.28074385222151
"14 DENTON TERRACE, Boston, MA",SAM,-71.13379354372377,42.28071972268893
"15 DENTON TERRACE, Boston, MA",SAM,-71.13385956901762,42.28061117252614
"16 DENTON TERRACE, Boston, MA",SAM,-71.13375458459139,42.28069559315635
"17 DENTON TERRACE, Boston, MA",SAM,-71.13382140496957,42.28058753543299
"18 DENTON TERRACE, Boston, MA",SAM,-71.133715625459,42.280671463623754
"19 DENTON TERRACE, Boston, MA",SAM,-71.13378324092152,42.28056389833985
"20 DENTON TERRACE, Boston, MA",SAM,-71.13367666632661,42.28064733409116
"21 DENTON TERRACE, Boston, MA",SAM,-71.13374507687347,42.280540261246706
"22 DENTON TERRACE, Boston, MA",SAM,-71.13363770719423,42.280623204558566
"23 DENTON TERRACE, Boston, MA",SAM,-71.1337069128254,42.28051662415354
"24 DENTON TERRACE, Boston, MA",SAM,-71.13359874806183,42.28059907502597
"25 DENTON TERRACE, Boston, MA",SAM,-71.13366874877734,42.280492987060384
"26 DENTON TERRACE, Boston, MA",SAM,-71.13355978892945,42.28057494549336
"27 DENTON TERRACE, Boston, MA",SAM,-71.13363058472929,42.28046934996724
"28 DENTON TERRACE, Boston, MA",SAM,-71.13352082979705,42.280550815960794
"29 DENTON TERRACE, Boston, MA",SAM,-71.13359242068124,42.28044571287409
"5 DENTON TERRACE, Boston, MA",SAM,-71.1340503892579,42.28072935799192
"6 DENTON TERRACE, Boston, MA",SAM,-71.13394938025333,42.28081624081929
"7 DENTON TERRACE, Boston, MA",SAM,-71.13401222520983,42.28070572089874
"8 DENTON TERRACE, Boston, MA",SAM,-71.13391042112096,42.2807921112867
"9 DENTON TERRACE, Boston, MA",SAM,-71.13397406116178,42.2806820838056
"1 DENVIR STREET, Boston, MA",SAM,-71.06180757266728,42.28918249452185
"12 DENVIR STREET, Boston, MA",SAM,-71.0619729502065,42.289188352958526
"16 DENVIR STREET, Boston, MA",SAM,-71.06198015029159,42.28920481030054
"2 DENVIR STREET, Boston, MA",SAM,-71.06195494999379,42.28914720960351
"5 DENVIR STREET, Boston, MA",SAM,-71.06181462581186,42.289198615999744
"6 DENVIR STREET, Boston, MA",SAM,-71.06196215007888,42.28916366694553
"10 DERNE STREET, Boston, MA",SAM,-71.06324266341964,42.35950930367812
"12 DERNE STREET, Boston, MA",SAM,-71.06331335646668,42.359503610279866
"14 DERNE STREET, Boston, MA",SAM,-71.06338404951372,42.35949791688161
"4 DERNE STREET, Boston, MA",SAM,-71.06303058427852,42.359526383872904
"1 DEROMA ROAD, Boston, MA",SAM,-71.15246125553296,42.27475782084493
"10 DEROMA ROAD, Boston, MA",SAM,-71.15237526452269,42.27464290920068
"2 DEROMA ROAD, Boston, MA",SAM,-71.15232373840813,42.27470511814818
"5 DEROMA ROAD, Boston, MA",SAM,-71.15247949427723,42.274731765495105
"6 DEROMA ROAD, Boston, MA",SAM,-71.15234235712626,42.274678519978536
"9 DEROMA ROAD, Boston, MA",SAM,-71.15249141501232,42.274718714648166
"1 DERRY ROAD, Boston, MA",SAM,-71.11426782466143,42.266533551139624
"10 DERRY ROAD, Boston, MA",SAM,-71.11405888509117,42.26647978060979
"14 DERRY ROAD, Boston, MA",SAM,-71.11402376628448,42.266427421648814
"15 DERRY ROAD, Boston, MA",SAM,-71.11414741732423,42.26635403470194
"18 DERRY ROAD, Boston, MA",SAM,-71.1139886474778,42.26637506268782
"21 DERRY ROAD, Boston, MA",SAM,-71.1140958141797,42.26627709908579
"22 DERRY ROAD, Boston, MA",SAM,-71.11395352867112,42.26632270372683
"25 DERRY ROAD, Boston, MA",SAM,-71.11406141208336,42.26622580867504
"5 DERRY ROAD, Boston, MA",SAM,-71.11423342256508,42.26648226072886
"6 DERRY ROAD, Boston, MA",SAM,-71.11409400389785,42.26653213957079
"9 DERRY ROAD, Boston, MA",SAM,-71.11419902046875,42.266430970318105
"1 DESIGN CENTER PLACE, Boston, MA",SAM,-71.0342328982728,42.343943065785616
"10 DESMOND ROAD, Boston, MA",SAM,-71.07960848134411,42.27133475802684
"14 DESMOND ROAD, Boston, MA",SAM,-71.0796031163413,42.27129178227439
"15 DESMOND ROAD, Boston, MA",SAM,-71.0797564891215,42.2712687766521
"19 DESMOND ROAD, Boston, MA",SAM,-71.07975363383508,42.27123070613165
"23 DESMOND ROAD, Boston, MA",SAM,-71.07975077854864,42.2711926356112
"5 DESMOND ROAD, Boston, MA",SAM,-71.07976898796946,42.27135930385762
"6 DESMOND ROAD, Boston, MA",SAM,-71.0796152923623,42.27137335381485
"9 DESMOND ROAD, Boston, MA",SAM,-71.07976231595163,42.27132149573874
"15 DESTEFANO ROAD, Boston, MA",SAM,-71.11873419816887,42.28394585439172
"16 DESTEFANO ROAD, Boston, MA",SAM,-71.11863849307036,42.28403603330936
"19 DESTEFANO ROAD, Boston, MA",SAM,-71.11868838450192,42.283915136329504
"20 DESTEFANO ROAD, Boston, MA",SAM,-71.11857910243822,42.28399648912915
"23 DESTEFANO ROAD, Boston, MA",SAM,-71.11863657066597,42.28388014515971
"24 DESTEFANO ROAD, Boston, MA",SAM,-71.11852620914738,42.28396076897668
"30 DESTEFANO ROAD, Boston, MA",SAM,-71.11844686921108,42.28390718874796
"31 DESTEFANO ROAD, Boston, MA",SAM,-71.1185329429941,42.28381016282016
"4 DESTEFANO ROAD, Boston, MA",SAM,-71.11881176631542,42.28413001203997
"8 DESTEFANO ROAD, Boston, MA",SAM,-71.11875400856707,42.28409868579643
"0 DEVENS STREET, Boston, MA",SAM,,
"1 DEVENS STREET, Boston, MA",SAM,-71.06330653236911,42.37395792355398
"14 DEVENS STREET, Boston, MA",SAM,-71.0639742587805,42.37350617012464
"20 DEVENS STREET, Boston, MA",SAM,-71.06393864660963,42.37354806679806
"27 DEVENS STREET, Boston, MA",SAM,-71.0635387358315,42.37385051358372
"1 DEVER STREET, Boston, MA",SAM,-71.06944124037932,42.30449723342878
"2 DEVER STREET, Boston, MA",SAM,-71.06957673362756,42.304441649636985
"3 DEVER STREET, Boston, MA",SAM,-71.0694484804297,42.3045068868316
"4 DEVER STREET, Boston, MA",SAM,-71.06958412451232,42.30445150415236
"5 DEVER STREET, Boston, MA",SAM,-71.06945572048008,42.30451654023443
"6 DEVER STREET, Boston, MA",SAM,-71.06959151539706,42.30446135866773
"10 DEVON STREET, Boston, MA",SAM,-71.08253922269591,42.311294077212125
"100 DEVON STREET, Boston, MA",SAM,-71.07826477273885,42.30908578992691
"101 DEVON STREET, Boston, MA",SAM,-71.0782467479414,42.30892037319895
"102 DEVON STREET, Boston, MA",SAM,-71.07814362189023,42.309005900581255
"103 DEVON STREET, Boston, MA",SAM,-71.07812559709278,42.3088404838533
"104 DEVON STREET, Boston, MA",SAM,-71.0780224710416,42.308926011235634
"106 DEVON STREET, Boston, MA",SAM,-71.077901320193,42.308846121889964
"107 DEVON STREET, Boston, MA",SAM,-71.07788329539555,42.308680705162
"108 DEVON STREET, Boston, MA",SAM,-71.07778016934438,42.308766232544315
"109 DEVON STREET, Boston, MA",SAM,-71.07776751053589,42.30860444721047
"110 DEVON STREET, Boston, MA",SAM,-71.07766452591947,42.30869006665849
"111 DEVON STREET, Boston, MA",SAM,-71.07769565945668,42.30855718176846
"112 DEVON STREET, Boston, MA",SAM,-71.07759267484028,42.30864280121648
"113 DEVON STREET, Boston, MA",SAM,-71.07762380837747,42.30850991632643
"114 DEVON STREET, Boston, MA",SAM,-71.07752082376108,42.30859553577446
"115 DEVON STREET, Boston, MA",SAM,-71.07755195729827,42.30846265088441
"116 DEVON STREET, Boston, MA",SAM,-71.07744897268186,42.30854827033244
"117 DEVON STREET, Boston, MA",SAM,-71.07748010621907,42.308415385442366
"118 DEVON STREET, Boston, MA",SAM,-71.07737712160267,42.30850100489039
"12 DEVON STREET, Boston, MA",SAM,-71.08242686910785,42.31126803571001
"120 DEVON STREET, Boston, MA",SAM,-71.07730527052347,42.308453739448396
"121 DEVON STREET, Boston, MA",SAM,-71.07733640406066,42.30832085455832
"122 DEVON STREET, Boston, MA",SAM,-71.07723341944425,42.30840647400637
"123 DEVON STREET, Boston, MA",SAM,-71.07726455298146,42.308273589116304
"124 DEVON STREET, Boston, MA",SAM,-71.07716156836506,42.30835920856433
"125 DEVON STREET, Boston, MA",SAM,-71.07719270190226,42.30822632367428
"128 DEVON STREET, Boston, MA",SAM,-71.07701786620666,42.308264677680285
"129 DEVON STREET, Boston, MA",SAM,-71.07704899974385,42.30813179279022
"130 DEVON STREET, Boston, MA",SAM,-71.07694601512745,42.30821741223827
"131 DEVON STREET, Boston, MA",SAM,-71.07697714866465,42.3080845273482
"132 DEVON STREET, Boston, MA",SAM,-71.07687416404825,42.30817014679624
"134 DEVON STREET, Boston, MA",SAM,-71.07680231296905,42.30812288135421
"136 DEVON STREET, Boston, MA",SAM,-71.07673046188984,42.30807561591219
"137 DEVON STREET, Boston, MA",SAM,-71.07676159542706,42.30794273102211
"138 DEVON STREET, Boston, MA",SAM,-71.07665861081064,42.30802835047017
"14 DEVON STREET, Boston, MA",SAM,-71.08231916565316,42.31123086439364
"140 DEVON STREET, Boston, MA",SAM,-71.07658675973143,42.307981085028125
"159 DEVON STREET, Boston, MA",SAM,-71.07570461614841,42.30725190792958
"161 DEVON STREET, Boston, MA",SAM,-71.07559156576843,42.30717862008056
"162 DEVON STREET, Boston, MA",SAM,-71.07574782742766,42.307432305875594
"163 DEVON STREET, Boston, MA",SAM,-71.07547851538847,42.307105332231565
"167 DEVON STREET, Boston, MA",SAM,-71.07523311122371,42.30695355862962
"17 DEVON STREET, Boston, MA",SAM,-71.08222252319183,42.31105175394047
"31 DEVON STREET, Boston, MA",SAM,-71.08154415594295,42.31075795002129
"36 DEVON STREET, Boston, MA",SAM,-71.08129908759304,42.31078468263887
"39 DEVON STREET, Boston, MA",SAM,-71.08121051983662,42.310613601304375
"40 DEVON STREET, Boston, MA",SAM,-71.08113226953986,42.310712508280425
"43 DEVON STREET, Boston, MA",SAM,-71.08104370178344,42.31054142694592
"44 DEVON STREET, Boston, MA",SAM,-71.0809654514867,42.31064033392196
"47 DEVON STREET, Boston, MA",SAM,-71.08087688373027,42.31046925258745
"48 DEVON STREET, Boston, MA",SAM,-71.08079863343352,42.31056815956351
"5 DEVON STREET, Boston, MA",SAM,-71.08278305711298,42.31121365879965
"52 DEVON STREET, Boston, MA",SAM,-71.08063181538034,42.31049598520503
"56 DEVON STREET, Boston, MA",SAM,-71.08046499732717,42.31042381084657
"59 DEVON STREET, Boston, MA",SAM,-71.08038098275486,42.31025063171424
"60 DEVON STREET, Boston, MA",SAM,-71.0802985894699,42.3103476813238
"64 DEVON STREET, Boston, MA",SAM,-71.08013609644301,42.310273449723084
"67 DEVON STREET, Boston, MA",SAM,-71.08006151702624,42.31010925407059
"68 DEVON STREET, Boston, MA",SAM,-71.07995648112501,42.310193502020944
"71 DEVON STREET, Boston, MA",SAM,-71.07991942465921,42.31001237288953
"72 DEVON STREET, Boston, MA",SAM,-71.07981438875798,42.31009662083988
"79 DEVON STREET, Boston, MA",SAM,-71.07957723666935,42.309801417133194
"80 DEVON STREET, Boston, MA",SAM,-71.07947348273466,42.309886528921574
"81 DEVON STREET, Boston, MA",SAM,-71.0794566737919,42.309721041863504
"82 DEVON STREET, Boston, MA",SAM,-71.07935291985723,42.30980615365191
"83 DEVON STREET, Boston, MA",SAM,-71.07933611091444,42.30964066659384
"85 DEVON STREET, Boston, MA",SAM,-71.07921554803698,42.309560291324196
"86 DEVON STREET, Boston, MA",SAM,-71.07911179410232,42.30964540311257
"87 DEVON STREET, Boston, MA",SAM,-71.07909498515956,42.30947991605451
"88 DEVON STREET, Boston, MA",SAM,-71.07899123122488,42.30956502784289
"9 DEVON STREET, Boston, MA",SAM,-71.08256966157052,42.311181718420315
"90 DEVON STREET, Boston, MA",SAM,-71.07887052698194,42.30948523665517
"91 DEVON STREET, Boston, MA",SAM,-71.07885250218447,42.30931981992722
"92 DEVON STREET, Boston, MA",SAM,-71.0787493761333,42.309405347309514
"93 DEVON STREET, Boston, MA",SAM,-71.07873135133588,42.309239930581555
"94 DEVON STREET, Boston, MA",SAM,-71.0786282252847,42.309325457963865
"95 DEVON STREET, Boston, MA",SAM,-71.07861020048725,42.30916004123592
"96 DEVON STREET, Boston, MA",SAM,-71.07850707443608,42.30924556861821
"98 DEVON STREET, Boston, MA",SAM,-71.07838592358746,42.30916567927258
"99 DEVON STREET, Boston, MA",SAM,-71.07836789879002,42.30900026254461
"159 DEVONSHIRE STREET, Boston, MA",SAM,-71.0572786544184,42.35649518098868
"181 DEVONSHIRE STREET, Boston, MA",SAM,-71.05729745017926,42.35599132757985
"201 DEVONSHIRE STREET, Boston, MA",SAM,-71.05734414170027,42.35554252563741
"289 DEVONSHIRE STREET, Boston, MA",SAM,-71.05796219243734,42.353920041775396
"295 DEVONSHIRE STREET, Boston, MA",SAM,-71.05800222804903,42.353857377338024
"46 DEVONSHIRE STREET, Boston, MA",SAM,-71.0571883645377,42.358287902657786
"56 DEVONSHIRE STREET, Boston, MA",SAM,-71.05719487364036,42.358160975282296
"9 DEWAR STREET, Boston, MA",SAM,-71.05749710625823,42.30984465072667
"10 DEWEY STREET, Boston, MA",SAM,-71.07727327527239,42.31684597832174
"11 DEWEY STREET, Boston, MA",SAM,-71.07726181742578,42.3167283768231
"12 DEWEY STREET, Boston, MA",SAM,-71.0772097951362,42.31683812510585
"18 DEWEY STREET, Boston, MA",SAM,-71.07701890451993,42.316813515513886
"19 DEWEY STREET, Boston, MA",SAM,-71.07702997965929,42.31669859959665
"28 DEWEY STREET, Boston, MA",SAM,-71.07652775503686,42.31674620660778
"30 DEWEY STREET, Boston, MA",SAM,-71.07638233303771,42.31672636820856
"31 DEWEY STREET, Boston, MA",SAM,-71.07649447269817,42.31662461146262
"32 DEWEY STREET, Boston, MA",SAM,-71.07623439073787,42.31670801876864
"33 DEWEY STREET, Boston, MA",SAM,-71.07638683480185,42.316610734373576
"34 DEWEY STREET, Boston, MA",SAM,-71.07608644843802,42.3166896693287
"35 DEWEY STREET, Boston, MA",SAM,-71.07628116173052,42.31659762763078
"37 DEWEY STREET, Boston, MA",SAM,-71.07617548865919,42.316584520888
"38 DEWEY STREET, Boston, MA",SAM,-71.07578268728051,42.31664910426595
"39 DEWEY STREET, Boston, MA",SAM,-71.07606981558787,42.31657141414518
"41 DEWEY STREET, Boston, MA",SAM,-71.07596414251654,42.31655830740239
"43 DEWEY STREET, Boston, MA",SAM,-71.07581571401579,42.316537145427944
"44 DEWEY STREET, Boston, MA",SAM,-71.0756756658918,42.31663184274567
"45 DEWEY STREET, Boston, MA",SAM,-71.07577749209123,42.31653098059928
"47 DEWEY STREET, Boston, MA",SAM,-71.07573927016671,42.31652481577061
"49 DEWEY STREET, Boston, MA",SAM,-71.07570104824217,42.31651865094194
"5 DEWEY STREET, Boston, MA",SAM,-71.07743638780033,42.31674997316681
"51 DEWEY STREET, Boston, MA",SAM,-71.07566282631764,42.316512486113275
"55 DEWEY STREET, Boston, MA",SAM,-71.07558219849638,42.3165005996637
"6 DEWEY STREET, Boston, MA",SAM,-71.0774002355448,42.31686168475354
"63 DEWEY STREET, Boston, MA",SAM,-71.07542779468298,42.31648180267005
"7 DEWEY STREET, Boston, MA",SAM,-71.07737819767546,42.31674277438557
"8 DEWEY STREET, Boston, MA",SAM,-71.07733675540858,42.31685383153764
"9 DEWEY STREET, Boston, MA",SAM,-71.07732000755063,42.31673557560433
"122 DEWITT DRIVE, Boston, MA",SAM,-71.08493075647904,42.33273554369037
"10 DEWOLF STREET, Boston, MA",SAM,-71.06091556246155,42.31043735216607
"11 DEWOLF STREET, Boston, MA",SAM,-71.06076587137483,42.31040250407056
"14 DEWOLF STREET, Boston, MA",SAM,-71.06089082369824,42.31047392251294
"15 DEWOLF STREET, Boston, MA",SAM,-71.06074163748424,42.310438328083826
"17 DEWOLF STREET, Boston, MA",SAM,-71.06072952053896,42.31045624009046
"19 DEWOLF STREET, Boston, MA",SAM,-71.06071740359369,42.31047415209708
"21 DEWOLF STREET, Boston, MA",SAM,-71.0607052866484,42.31049206410371
"23 DEWOLF STREET, Boston, MA",SAM,-71.06069316970311,42.310509976110346
"3 DEWOLF STREET, Boston, MA",SAM,-71.06081433915597,42.31033085604404
"6 DEWOLF STREET, Boston, MA",SAM,-71.06094030122483,42.31040078181919
"9 DEWOLF STREET, Boston, MA",SAM,-71.06077798832011,42.310384592063926
"15 DEXTER STREET, Boston, MA",SAM,-71.05720129175548,42.3304199107868
"19 DEXTER STREET, Boston, MA",SAM,-71.05724745445468,42.33041748117219
"23 DEXTER STREET, Boston, MA",SAM,-71.05729361715385,42.330415051557594
"27 DEXTER STREET, Boston, MA",SAM,-71.05733977985305,42.330412621943
"9 DEXTER STREET, Boston, MA",SAM,-71.05713204770667,42.330423555208704
"5 DEXTER ROW, Boston, MA",SAM,-71.06374352439872,42.37569677935584
"13 DICKENS STREET, Boston, MA",SAM,-71.05881505073073,42.30063236087834
"17 DICKENS STREET, Boston, MA",SAM,-71.05870938887357,42.300650360057986
"24 DICKENS STREET, Boston, MA",SAM,-71.05814981390729,42.3008632735607
"25 DICKENS STREET, Boston, MA",SAM,-71.05849806515924,42.300686358417295
"26 DICKENS STREET, Boston, MA",SAM,-71.05805735978227,42.300879022842885
"27 DICKENS STREET, Boston, MA",SAM,-71.05844523423066,42.30069535800713
"28 DICKENS STREET, Boston, MA",SAM,-71.05796490565726,42.300894772125076
"29 DICKENS STREET, Boston, MA",SAM,-71.05839240330207,42.30070435759696
"32 DICKENS STREET, Boston, MA",SAM,-71.0577827513682,42.300926683759045
"40 DICKENS STREET, Boston, MA",SAM,-71.05741592354993,42.30099861077963
"42 DICKENS STREET, Boston, MA",SAM,-71.05732421659536,42.30101659253477
"46 DICKENS STREET, Boston, MA",SAM,-71.05714080268623,42.30105255604507
"47 DICKENS STREET, Boston, MA",SAM,-71.05791692494482,42.300785353905376
"60 DICKENS STREET, Boston, MA",SAM,-71.0564411793347,42.30119465458966
"62 DICKENS STREET, Boston, MA",SAM,-71.05643086112616,42.30119653062747
"64 DICKENS STREET, Boston, MA",SAM,-71.05642054291764,42.30119840666529
"9 DICKENS STREET, Boston, MA",SAM,-71.0589207125879,42.3006143616987
"11 DICKINSON ROAD, Boston, MA",SAM,-71.16138335285123,42.34878194856078
"16 DICKINSON ROAD, Boston, MA",SAM,-71.16155412086718,42.34880072201353
"20 DICKINSON ROAD, Boston, MA",SAM,-71.16159509920423,42.34875674525956
"21 DICKINSON ROAD, Boston, MA",SAM,-71.1614837079624,42.34867425038778
"24 DICKINSON ROAD, Boston, MA",SAM,-71.1616360775413,42.348712768505564
"27 DICKINSON ROAD, Boston, MA",SAM,-71.1615439210291,42.348609631483946
"28 DICKINSON ROAD, Boston, MA",SAM,-71.16167705587836,42.34866879175159
"29 DICKINSON ROAD, Boston, MA",SAM,-71.16156399205131,42.34858809184936
"32 DICKINSON ROAD, Boston, MA",SAM,-71.16171803421541,42.348624814997606
"33 DICKINSON ROAD, Boston, MA",SAM,-71.16160413409578,42.34854501258015
"36 DICKINSON ROAD, Boston, MA",SAM,-71.161759532116,42.34857591800967
"7 DICKINSON ROAD, Boston, MA",SAM,-71.16134321080676,42.34882502782998
"1 DIETZ COURT, Boston, MA",SAM,-71.14195296581633,42.251779833736805
"10 DIETZ COURT, Boston, MA",SAM,-71.14145269289912,42.25188247676515
"5 DIETZ COURT, Boston, MA",SAM,-71.14193143723809,42.25177541761683
"6 DIETZ COURT, Boston, MA",SAM,-71.1414302138422,42.251885322215024
"9 DIETZ COURT, Boston, MA",SAM,-71.14190990865984,42.251771001496856
"14 DIETZ ROAD, Boston, MA",SAM,-71.14128259050466,42.25282351310919
"15 DIETZ ROAD, Boston, MA",SAM,-71.14149197604058,42.2527046178437
"19 DIETZ ROAD, Boston, MA",SAM,-71.14166664115652,42.25234040704792
"20 DIETZ ROAD, Boston, MA",SAM,-71.14139025732987,42.252561127578716
"24 DIETZ ROAD, Boston, MA",SAM,-71.14152613462875,42.25229229401032
"25 DIETZ ROAD, Boston, MA",SAM,-71.14203008296474,42.251929538408554
"28 DIETZ ROAD, Boston, MA",SAM,-71.14176080180738,42.25202728558647
"29 DIETZ ROAD, Boston, MA",SAM,-71.14220849526139,42.25175009987812
"32 DIETZ ROAD, Boston, MA",SAM,-71.14199264254806,42.251770010656664
"33 DIETZ ROAD, Boston, MA",SAM,-71.14239463387635,42.25157068915622
"36 DIETZ ROAD, Boston, MA",SAM,-71.1422718504705,42.25150089457379
"37 DIETZ ROAD, Boston, MA",SAM,-71.14262900276418,42.25130847046754
"40 DIETZ ROAD, Boston, MA",SAM,-71.14242763551916,42.251329029536926
"41 DIETZ ROAD, Boston, MA",SAM,-71.14277041586105,42.25114793322595
"44 DIETZ ROAD, Boston, MA",SAM,-71.14258327044402,42.25114999291214
"45 DIETZ ROAD, Boston, MA",SAM,-71.14288605177576,42.25101784281617
"49 DIETZ ROAD, Boston, MA",SAM,-71.1430016876905,42.250887752406406
"5 DIETZ ROAD, Boston, MA",SAM,-71.14132471007909,42.25313693323978
"52 DIETZ ROAD, Boston, MA",SAM,-71.14301964116056,42.2506633937661
"53 DIETZ ROAD, Boston, MA",SAM,-71.14314540653562,42.25073021374062
"56 DIETZ ROAD, Boston, MA",SAM,-71.14303683491754,42.2506456627034
"9 DIETZ ROAD, Boston, MA",SAM,-71.14138738165379,42.252964519042216
"10 DIGHTON STREET, Boston, MA",SAM,-71.15478486791726,42.34878909516443
"14 DIGHTON STREET, Boston, MA",SAM,-71.15484464500419,42.34865411464654
"18 DIGHTON STREET, Boston, MA",SAM,-71.15490442209114,42.348519134128665
"22 DIGHTON STREET, Boston, MA",SAM,-71.15495765734127,42.348385162741316
"29 DIGHTON STREET, Boston, MA",SAM,-71.15520638884445,42.34813259191236
"4 DIGHTON STREET, Boston, MA",SAM,-71.15469520228685,42.34899156594126
"45 DIGHTON STREET, Boston, MA",SAM,-71.15597271021785,42.34793233223836
"47 DIGHTON STREET, Boston, MA",SAM,-71.15601783618102,42.34794254944057
"49 DIGHTON STREET, Boston, MA",SAM,-71.1560629621442,42.34795276664278
"50 DIGHTON STREET, Boston, MA",SAM,-71.15402080731837,42.34748554534015
"51 DIGHTON STREET, Boston, MA",SAM,-71.07358295487708,42.37016007206681
"10 DIMOCK STREET, Boston, MA",SAM,-71.09946655224167,42.31972378603455
"18 DIMOCK STREET, Boston, MA",SAM,-71.09921352316269,42.31965013381912
"30 DIMOCK STREET, Boston, MA",SAM,-71.09882441975422,42.31957905058712
"34 DIMOCK STREET, Boston, MA",SAM,-71.09869556257988,42.31955967356146
"40 DIMOCK STREET, Boston, MA",SAM,-71.09850227681832,42.31953060802296
"56 DIMOCK STREET, Boston, MA",SAM,-71.09764555229279,42.31943775670941
"6 DIMOCK STREET, Boston, MA",SAM,,
"10 DITSON STREET, Boston, MA",SAM,-71.06366483051069,42.3005183682722
"11 DITSON STREET, Boston, MA",SAM,-71.06348296362798,42.300493368861524
"14 DITSON STREET, Boston, MA",SAM,-71.06375972837564,42.300687075631316
"15 DITSON STREET, Boston, MA",SAM,-71.06354335317839,42.300600728090046
"25 DITSON STREET, Boston, MA",SAM,-71.0637241225355,42.30092139159077
"27 DITSON STREET, Boston, MA",SAM,-71.06372942828634,42.30093069992798
"28 DITSON STREET, Boston, MA",SAM,-71.06394239168384,42.30100934073029
"29 DITSON STREET, Boston, MA",SAM,-71.06373473403718,42.300940008265165
"32 DITSON STREET, Boston, MA",SAM,-71.06397259365009,42.301062326649685
"33 DITSON STREET, Boston, MA",SAM,-71.06374534553882,42.30095862493953
"40 DITSON STREET, Boston, MA",SAM,-71.06403299758264,42.301168298488484
"41 DITSON STREET, Boston, MA",SAM,-71.06376656854218,42.3009958582883
"8 DITSON STREET, Boston, MA",SAM,-71.06361738157821,42.300434014592646
"10 DIX STREET, Boston, MA",SAM,-71.06125267611382,42.295185463413176
"100 DIX STREET, Boston, MA",SAM,-71.05821886338241,42.295928917456834
"103 DIX STREET, Boston, MA",SAM,-71.05808191046033,42.29584520375241
"14 DIX STREET, Boston, MA",SAM,-71.06108073312518,42.29521550939592
"15 DIX STREET, Boston, MA",SAM,-71.06098480023111,42.29511469702845
"17 DIX STREET, Boston, MA",SAM,-71.06090112164023,42.29512955584288
"19 DIX STREET, Boston, MA",SAM,-71.06081744304934,42.29514441465731
"20 DIX STREET, Boston, MA",SAM,-71.0608177432681,42.29526220852699
"21 DIX STREET, Boston, MA",SAM,-71.06073376445846,42.29515927347175
"23 DIX STREET, Boston, MA",SAM,-71.06065008586758,42.29517413228618
"24 DIX STREET, Boston, MA",SAM,-71.06064241669674,42.295293341281045
"27 DIX STREET, Boston, MA",SAM,-71.0604827286858,42.29520384991504
"28 DIX STREET, Boston, MA",SAM,-71.06046709012536,42.295324474035105
"33 DIX STREET, Boston, MA",SAM,-71.0602265759238,42.295250049089546
"34 DIX STREET, Boston, MA",SAM,-71.06021086628695,42.29537393737165
"41 DIX STREET, Boston, MA",SAM,-71.05989842994006,42.29532695830358
"42 DIX STREET, Boston, MA",SAM,-71.05986709430398,42.295454508929204
"46 DIX STREET, Boston, MA",SAM,-71.05964454345661,42.29551295364645
"47 DIX STREET, Boston, MA",SAM,-71.05958168715244,42.29540821807415
"48 DIX STREET, Boston, MA",SAM,-71.05956221817175,42.295539985830146
"51 DIX STREET, Boston, MA",SAM,-71.05936215305942,42.29548030389732
"52 DIX STREET, Boston, MA",SAM,-71.05939756760198,42.295594050197515
"53 DIX STREET, Boston, MA",SAM,-71.05925238601291,42.2955163468089
"56 DIX STREET, Boston, MA",SAM,-71.0592329170322,42.295648114564905
"57 DIX STREET, Boston, MA",SAM,-71.05904161170342,42.2955841636732
"60 DIX STREET, Boston, MA",SAM,-71.05905648894095,42.295700367398126
"61 DIX STREET, Boston, MA",SAM,-71.05877374562826,42.29564753655966
"62 DIX STREET, Boston, MA",SAM,-71.05897007130872,42.295719153839535
"64 DIX STREET, Boston, MA",SAM,-71.0588295664944,42.2957544308517
"65 DIX STREET, Boston, MA",SAM,-71.05870785656464,42.295666362006585
"68 DIX STREET, Boston, MA",SAM,-71.05876171059306,42.29577381825227
"69 DIX STREET, Boston, MA",SAM,-71.05864196750105,42.2956851874535
"72 DIX STREET, Boston, MA",SAM,-71.05869385469173,42.29579320565286
"74 DIX STREET, Boston, MA",SAM,-71.05865992674106,42.29580289935311
"77 DIX STREET, Boston, MA",SAM,-71.05851018937382,42.29572283834739
"78 DIX STREET, Boston, MA",SAM,-71.05859207083972,42.29582228675368
"84 DIX STREET, Boston, MA",SAM,-71.05849028698772,42.29585136785455
"88 DIX STREET, Boston, MA",SAM,-71.0584224310864,42.29587075525513
"91 DIX STREET, Boston, MA",SAM,-71.05827957765118,42.29578872741163
"95 DIX STREET, Boston, MA",SAM,-71.05821368858756,42.29580755285854
"96 DIX STREET, Boston, MA",SAM,-71.05828671928374,42.29590953005627
"99 DIX STREET, Boston, MA",SAM,-71.05814779952395,42.29582637830549
"10 DIXFIELD STREET, Boston, MA",SAM,-71.0472394913908,42.33179285815763
"11 DIXFIELD STREET, Boston, MA",SAM,-71.04721834347009,42.33167841930244
"12 DIXFIELD STREET, Boston, MA",SAM,-71.0472176893291,42.331793021468286
"14 DIXFIELD STREET, Boston, MA",SAM,-71.04719588726743,42.331793184778924
"16 DIXFIELD STREET, Boston, MA",SAM,-71.04717408520575,42.331793348089576
"17 DIXFIELD STREET, Boston, MA",SAM,-71.04715427210517,42.331678899235776
"18 DIXFIELD STREET, Boston, MA",SAM,-71.04715228314406,42.33179351140024
"19 DIXFIELD STREET, Boston, MA",SAM,-71.04713291498352,42.33167905921357
"2 DIXFIELD STREET, Boston, MA",SAM,-71.04732669963751,42.33179220491502
"21 DIXFIELD STREET, Boston, MA",SAM,-71.04711155786188,42.33167921919134
"24 DIXFIELD STREET, Boston, MA",SAM,-71.04708687695904,42.331794001332185
"26 DIXFIELD STREET, Boston, MA",SAM,-71.04706507489735,42.331794164642844
"4 DIXFIELD STREET, Boston, MA",SAM,-71.04730489757583,42.33179236822567
"5 DIXFIELD STREET, Boston, MA",SAM,-71.04728241483504,42.331677939369115
"6 DIXFIELD STREET, Boston, MA",SAM,-71.04728309551415,42.33179253153633
"7 DIXFIELD STREET, Boston, MA",SAM,-71.0472610577134,42.33167809934689
"8 DIXFIELD STREET, Boston, MA",SAM,-71.04726129345246,42.331792694846975
"9 DIXFIELD STREET, Boston, MA",SAM,-71.04723970059175,42.33167825932467
"12 DIXWELL STREET, Boston, MA",SAM,-71.09820924931769,42.31396421452149
"17 DIXWELL STREET, Boston, MA",SAM,-71.09759288724717,42.314690581286264
"18 DIXWELL STREET, Boston, MA",SAM,-71.09814818076079,42.31402102248424
"27 DIXWELL STREET, Boston, MA",SAM,-71.09769679869285,42.31460039398919
"10 DODGE ROAD, Boston, MA",SAM,-71.14333179393536,42.251674934379935
"15 DODGE ROAD, Boston, MA",SAM,-71.14375027852013,42.25192505636439
"19 DODGE ROAD, Boston, MA",SAM,-71.14450409889591,42.25218211269156
"20 DODGE ROAD, Boston, MA",SAM,-71.14438592006763,42.25201057175864
"21 DODGE ROAD, Boston, MA",SAM,-71.14471120176648,42.252183136449325
"24 DODGE ROAD, Boston, MA",SAM,-71.14464407601419,42.252079877332775
"25 DODGE ROAD, Boston, MA",SAM,-71.14475245045189,42.25216844513629
"28 DODGE ROAD, Boston, MA",SAM,-71.14468755435828,42.25206439189475
"29 DODGE ROAD, Boston, MA",SAM,-71.14479369913728,42.2521537538233
"32 DODGE ROAD, Boston, MA",SAM,-71.14473103270235,42.25204890645672
"33 DODGE ROAD, Boston, MA",SAM,-71.14483494782269,42.25213906251029
"36 DODGE ROAD, Boston, MA",SAM,-71.14477451104644,42.25203342101868
"37 DODGE ROAD, Boston, MA",SAM,-71.14487619650811,42.25212437119727
"5 DODGE ROAD, Boston, MA",SAM,-71.14266317244521,42.25162274266931
"6 DODGE ROAD, Boston, MA",SAM,-71.14294810358612,42.25157395721011
"2 DOLANS COURT, Boston, MA",SAM,-71.10504219465271,42.31266829389556
"10 DON STREET, Boston, MA",SAM,-71.0861127766752,42.28684965931384
"11 DON STREET, Boston, MA",SAM,-71.08596921047936,42.286896058859035
"14 DON STREET, Boston, MA",SAM,-71.08612629627171,42.28688704685159
"6 DON STREET, Boston, MA",SAM,-71.08609925707869,42.28681227177609
"7 DON STREET, Boston, MA",SAM,-71.08595596679298,42.28685943433226
"8 DON STREET, Boston, MA",SAM,-71.08610601687693,42.286830965544986
"9 DON STREET, Boston, MA",SAM,-71.08596258863618,42.28687774659564
"16 DONALD ROAD, Boston, MA",SAM,-71.0897619973977,42.29056603339265
"17 DONALD ROAD, Boston, MA",SAM,-71.0896608028788,42.29065565069688
"20 DONALD ROAD, Boston, MA",SAM,-71.08980768123104,42.290607697058036
"21 DONALD ROAD, Boston, MA",SAM,-71.08970555438901,42.29069646408339
"24 DONALD ROAD, Boston, MA",SAM,-71.08985336506439,42.29064936072346
"25 DONALD ROAD, Boston, MA",SAM,-71.0897503058992,42.29073727746991
"29 DONALD ROAD, Boston, MA",SAM,-71.08979505740943,42.29077809085641
"10 DONCASTER STREET, Boston, MA",SAM,-71.12516986936095,42.275078791888866
"2 DONCASTER STREET, Boston, MA",SAM,-71.12499327377408,42.27517052986028
"20 DONCASTER STREET, Boston, MA",SAM,-71.12539061384454,42.274964119424595
"21 DONCASTER STREET, Boston, MA",SAM,-71.12551474038798,42.275039651194234
"22 DONCASTER STREET, Boston, MA",SAM,-71.12543476274125,42.27494118493173
"23 DONCASTER STREET, Boston, MA",SAM,-71.12555798828681,42.275017184752244
"26 DONCASTER STREET, Boston, MA",SAM,-71.12552306053468,42.27489531594601
"27 DONCASTER STREET, Boston, MA",SAM,-71.12564448408445,42.274972251868284
"30 DONCASTER STREET, Boston, MA",SAM,-71.12561135832811,42.27484944696031
"33 DONCASTER STREET, Boston, MA",SAM,-71.12577516801842,42.27490034150544
"34 DONCASTER STREET, Boston, MA",SAM,-71.12569294694191,42.27480236270482
"37 DONCASTER STREET, Boston, MA",SAM,-71.12585807652873,42.274851847846094
"38 DONCASTER STREET, Boston, MA",SAM,-71.12577758271286,42.2747528587609
"41 DONCASTER STREET, Boston, MA",SAM,-71.12594098503905,42.27480335418673
"42 DONCASTER STREET, Boston, MA",SAM,-71.12586221848382,42.274703354816964
"44 DONCASTER STREET, Boston, MA",SAM,-71.1259045363693,42.27467860284501
"47 DONCASTER STREET, Boston, MA",SAM,-71.12606534780453,42.2747306136977
"5 DONCASTER STREET, Boston, MA",SAM,-71.12516875719739,42.275219382730086
"10 DONNA TERRACE, Boston, MA",SAM,-71.12928961308982,42.253533709032546
"15 DONNA TERRACE, Boston, MA",SAM,-71.1293349631234,42.25341539419472
"16 DONNA TERRACE, Boston, MA",SAM,-71.12923910879071,42.25350540710004
"17 DONNA TERRACE, Boston, MA",SAM,-71.12931847192367,42.25340615274738
"18 DONNA TERRACE, Boston, MA",SAM,-71.12922227402431,42.25349597312254
"19 DONNA TERRACE, Boston, MA",SAM,-71.12930198072395,42.25339691130002
"6 DONNA TERRACE, Boston, MA",SAM,-71.12932328262258,42.253552576987545
"12 DONNYBROOK ROAD, Boston, MA",SAM,-71.15880989145838,42.354097502859446
"15 DONNYBROOK ROAD, Boston, MA",SAM,-71.15882243353285,42.35422928305045
"16 DONNYBROOK ROAD, Boston, MA",SAM,-71.15888593625536,42.35412445597259
"19 DONNYBROOK ROAD, Boston, MA",SAM,-71.15897099411478,42.354259332959096
"20 DONNYBROOK ROAD, Boston, MA",SAM,-71.15901695413518,42.354149440076824
"23 DONNYBROOK ROAD, Boston, MA",SAM,-71.15910891760265,42.35428143859464
"24 DONNYBROOK ROAD, Boston, MA",SAM,-71.1591622759303,42.354173161264896
"29 DONNYBROOK ROAD, Boston, MA",SAM,-71.15931779354139,42.35431980357541
"30 DONNYBROOK ROAD, Boston, MA",SAM,-71.15937550345107,42.354212325516094
"31 DONNYBROOK ROAD, Boston, MA",SAM,-71.15938741885431,42.35433259190232
"34 DONNYBROOK ROAD, Boston, MA",SAM,-71.15951765513162,42.35423843501688
"35 DONNYBROOK ROAD, Boston, MA",SAM,-71.15952666948012,42.354358168556175
"36 DONNYBROOK ROAD, Boston, MA",SAM,-71.15958889464055,42.35425152700151
"39 DONNYBROOK ROAD, Boston, MA",SAM,-71.15966568925727,42.354383908240756
"40 DONNYBROOK ROAD, Boston, MA",SAM,-71.15973096861637,42.3542778681416
"43 DONNYBROOK ROAD, Boston, MA",SAM,-71.15980486376421,42.354409711806554
"44 DONNYBROOK ROAD, Boston, MA",SAM,-71.1598730425922,42.35430420928169
"47 DONNYBROOK ROAD, Boston, MA",SAM,-71.15994403827115,42.35443551537238
"48 DONNYBROOK ROAD, Boston, MA",SAM,-71.16001511656805,42.35433055042179
"5 DONNYBROOK ROAD, Boston, MA",SAM,-71.15858534618489,42.35398430599208
"51 DONNYBROOK ROAD, Boston, MA",SAM,-71.16008321277809,42.35446131893818
"55 DONNYBROOK ROAD, Boston, MA",SAM,-71.16022238728502,42.354487122504
"56 DONNYBROOK ROAD, Boston, MA",SAM,-71.1602992645197,42.35438323270197
"59 DONNYBROOK ROAD, Boston, MA",SAM,-71.16036156179196,42.35451292606981
"60 DONNYBROOK ROAD, Boston, MA",SAM,-71.16044133849553,42.35440957384209
"64 DONNYBROOK ROAD, Boston, MA",SAM,-71.16058341247137,42.354435914982176
"8 DONNYBROOK ROAD, Boston, MA",SAM,-71.15875603583751,42.354004137614375
"9 DONNYBROOK ROAD, Boston, MA",SAM,-71.15863602791504,42.35409043520511
"1 DONWOOD TERRACE, Boston, MA",SAM,-71.08565849284419,42.27459388083434
"10 DONWOOD TERRACE, Boston, MA",SAM,-71.0854720605328,42.27463109079501
"11 DONWOOD TERRACE, Boston, MA",SAM,-71.08554755314407,42.27452921882307
"14 DONWOOD TERRACE, Boston, MA",SAM,-71.08542676015524,42.274604687140446
"18 DONWOOD TERRACE, Boston, MA",SAM,-71.0853814597777,42.274578283485816
"2 DONWOOD TERRACE, Boston, MA",SAM,-71.08556266128788,42.274683898104215
"3 DONWOOD TERRACE, Boston, MA",SAM,-71.08563630490416,42.274580948432074
"6 DONWOOD TERRACE, Boston, MA",SAM,-71.08551736091033,42.274657494449634
"7 DONWOOD TERRACE, Boston, MA",SAM,-71.0855919290241,42.27455508362757
"16 DOONE AVENUE, Boston, MA",SAM,-71.08266409387286,42.27820176647153
"17 DOONE AVENUE, Boston, MA",SAM,-71.08273937351066,42.278101317618514
"20 DOONE AVENUE, Boston, MA",SAM,-71.08264288637936,42.27819161076807
"21 DOONE AVENUE, Boston, MA",SAM,-71.08271859882316,42.278091369174305
"24 DOONE AVENUE, Boston, MA",SAM,-71.08262167888586,42.278181455064605
"1003 DORCHESTER AVENUE, Boston, MA",SAM,-71.05675763794294,42.31661788644452
"1009 DORCHESTER AVENUE, Boston, MA",SAM,-71.05675353737773,42.3164347273661
"1015 DORCHESTER AVENUE, Boston, MA",SAM,-71.0567474581943,42.316160936792045
"1020 DORCHESTER AVENUE, Boston, MA",SAM,-71.05658652085954,42.31589137906371
"1023 DORCHESTER AVENUE, Boston, MA",SAM,-71.05673879566736,42.315768234487024
"1029 DORCHESTER AVENUE, Boston, MA",SAM,-71.05674099677718,42.31547528884684
"1031 DORCHESTER AVENUE, Boston, MA",SAM,-71.0567496078566,42.3153663753631
"1032 DORCHESTER AVENUE, Boston, MA",SAM,-71.05658387222664,42.31561257495715
"1043 DORCHESTER AVENUE, Boston, MA",SAM,-71.05679016099333,42.31511482088515
"1047 DORCHESTER AVENUE, Boston, MA",SAM,-71.05680892512822,42.31503038228906
"1048 DORCHESTER AVENUE, Boston, MA",SAM,-71.05666539021077,42.3149695821939
"1050 DORCHESTER AVENUE, Boston, MA",SAM,-71.05668971564035,42.31485693731715
"1060 DORCHESTER AVENUE, Boston, MA",SAM,-71.05676296774078,42.31453996884937
"1061 DORCHESTER AVENUE, Boston, MA",SAM,-71.05698124063477,42.31430703882881
"1064 DORCHESTER AVENUE, Boston, MA",SAM,-71.05676966780732,42.31451626092342
"1068 DORCHESTER AVENUE, Boston, MA",SAM,-71.05677636787387,42.31449255299746
"1069 DORCHESTER AVENUE, Boston, MA",SAM,-71.05702116960194,42.31414118006033
"1073 DORCHESTER AVENUE, Boston, MA",SAM,-71.05704113408552,42.3140582506761
"1077 DORCHESTER AVENUE, Boston, MA",SAM,-71.05707693866225,42.313902582864806
"1084 DORCHESTER AVENUE, Boston, MA",SAM,-71.05694051365641,42.313806032004074
"1087 DORCHESTER AVENUE, Boston, MA",SAM,-71.05713054633839,42.31364916479547
"1088 DORCHESTER AVENUE, Boston, MA",SAM,-71.0569571916001,42.31372719082696
"1089 DORCHESTER AVENUE, Boston, MA",SAM,-71.05714126787363,42.31359848118158
"1099 DORCHESTER AVENUE, Boston, MA",SAM,-71.05727212873873,42.31302651966872
"1107 DORCHESTER AVENUE, Boston, MA",SAM,-71.05733291713655,42.312757174157795
"1111 DORCHESTER AVENUE, Boston, MA",SAM,-71.05735619182845,42.31265318086677
"1112 DORCHESTER AVENUE, Boston, MA",SAM,-71.0571941217995,42.31267552022371
"1114 DORCHESTER AVENUE, Boston, MA",SAM,-71.0572039216698,42.31263173357486
"1120 DORCHESTER AVENUE, Boston, MA",SAM,-71.05723332128063,42.31250037362829
"1121 DORCHESTER AVENUE, Boston, MA",SAM,-71.05741437855825,42.31239319763918
"1122 DORCHESTER AVENUE, Boston, MA",SAM,-71.0572431211509,42.31245658697942
"1126 DORCHESTER AVENUE, Boston, MA",SAM,-71.05726272089147,42.31236901368171
"1133 DORCHESTER AVENUE, Boston, MA",SAM,-71.05748420263401,42.312081217766085
"1138 DORCHESTER AVENUE, Boston, MA",SAM,-71.05732152011316,42.31210629378857
"1141 DORCHESTER AVENUE, Boston, MA",SAM,-71.05761016855519,42.31156162182009
"1144 DORCHESTER AVENUE, Boston, MA",SAM,-71.05736939774658,42.31188164146505
"1146 DORCHESTER AVENUE, Boston, MA",SAM,-71.05738340378056,42.31181316753159
"1148 DORCHESTER AVENUE, Boston, MA",SAM,-71.0574024146737,42.311742430675
"1150 DORCHESTER AVENUE, Boston, MA",SAM,-71.05742104526156,42.311674562110476
"1152 DORCHESTER AVENUE, Boston, MA",SAM,-71.05743967584942,42.31160669354597
"1153 DORCHESTER AVENUE, Boston, MA",SAM,-71.05772483310498,42.311076795100185
"1156 DORCHESTER AVENUE, Boston, MA",SAM,-71.05747693702514,42.31147095641695
"1160 DORCHESTER AVENUE, Boston, MA",SAM,-71.05752232621938,42.311292880232685
"1163 DORCHESTER AVENUE, Boston, MA",SAM,-71.05778659182704,42.31078457094485
"1165 DORCHESTER AVENUE, Boston, MA",SAM,-71.05779894357144,42.310726126113764
"1167 DORCHESTER AVENUE, Boston, MA",SAM,-71.05781129531587,42.31066768128268
"1170 DORCHESTER AVENUE, Boston, MA",SAM,-71.05758408494142,42.31100065607732
"1175 DORCHESTER AVENUE, Boston, MA",SAM,-71.05787364610953,42.31038785117652
"1185 DORCHESTER AVENUE, Boston, MA",SAM,-71.05793537761443,42.3101321063985
"1187 DORCHESTER AVENUE, Boston, MA",SAM,-71.0579477239154,42.3100809574429
"1188 DORCHESTER AVENUE, Boston, MA",SAM,-71.05770875478649,42.3104188636413
"1200 DORCHESTER AVENUE, Boston, MA",SAM,-71.05783391172957,42.30989730297133
"1204 DORCHESTER AVENUE, Boston, MA",SAM,-71.05787264893515,42.30972759713913
"1216 DORCHESTER AVENUE, Boston, MA",SAM,-71.05798133205846,42.3092185644776
"1221 DORCHESTER AVENUE, Boston, MA",SAM,-71.05842142897335,42.30791661811119
"1224 DORCHESTER AVENUE, Boston, MA",SAM,-71.05805937456417,42.308863104513115
"1225 DORCHESTER AVENUE, Boston, MA",SAM,-71.05842795218969,42.30788772958531
"1232 DORCHESTER AVENUE, Boston, MA",SAM,-71.05812875462932,42.30858062856329
"1234 DORCHESTER AVENUE, Boston, MA",SAM,-71.05814609964564,42.30851000957584
"1236 DORCHESTER AVENUE, Boston, MA",SAM,-71.05816200260415,42.30844051767535
"1245 DORCHESTER AVENUE, Boston, MA",SAM,-71.05846056827137,42.30774328695589
"1246 DORCHESTER AVENUE, Boston, MA",SAM,-71.05824276786643,42.30804618197445
"1259 DORCHESTER AVENUE, Boston, MA",SAM,-71.0584845654535,42.307637333482646
"1274 DORCHESTER AVENUE, Boston, MA",SAM,-71.05837341942868,42.30744910495712
"1278 DORCHESTER AVENUE, Boston, MA",SAM,-71.05840510039626,42.30732442503244
"1281 DORCHESTER AVENUE, Boston, MA",SAM,-71.05858906499854,42.30722090828703
"1286 DORCHESTER AVENUE, Boston, MA",SAM,-71.05846846233142,42.30707506518306
"1287 DORCHESTER AVENUE, Boston, MA",SAM,-71.05865017460147,42.30698450017339
"1290 DORCHESTER AVENUE, Boston, MA",SAM,-71.05859689675788,42.30656570766817
"1298 DORCHESTER AVENUE, Boston, MA",SAM,-71.05868285980341,42.30616117574615
"1314 DORCHESTER AVENUE, Boston, MA",SAM,-71.05879809432889,42.30564334368796
"1320 DORCHESTER AVENUE, Boston, MA",SAM,-71.05883344936265,42.30549210272788
"1329 DORCHESTER AVENUE, Boston, MA",SAM,-71.05903130521214,42.30531837188268
"1331 DORCHESTER AVENUE, Boston, MA",SAM,-71.05904505439193,42.305259555953754
"1335 DORCHESTER AVENUE, Boston, MA",SAM,-71.05908268048434,42.305081069227064
"1342 DORCHESTER AVENUE, Boston, MA",SAM,-71.0589628127742,42.30489726281995
"1345 DORCHESTER AVENUE, Boston, MA",SAM,-71.05914665294081,42.304761206995146
"1350 DORCHESTER AVENUE, Boston, MA",SAM,-71.05899977463795,42.304712453530385
"1362 DORCHESTER AVENUE, Boston, MA",SAM,-71.05905521743354,42.30443523959605
"1365 DORCHESTER AVENUE, Boston, MA",SAM,-71.05939603121891,42.30364574386485
"1377 DORCHESTER AVENUE, Boston, MA",SAM,-71.05942804268085,42.30349341348164
"1385 DORCHESTER AVENUE, Boston, MA",SAM,-71.05944938365552,42.30339185989283
"1390 DORCHESTER AVENUE, Boston, MA",SAM,-71.05928561161754,42.30342503812318
"1391 DORCHESTER AVENUE, Boston, MA",SAM,-71.05946538938649,42.30331569470122
"1392 DORCHESTER AVENUE, Boston, MA",SAM,-71.05929628210488,42.3033742613288
"1399 DORCHESTER AVENUE, Boston, MA",SAM,-71.05948673036112,42.30321414111243
"1401 DORCHESTER AVENUE, Boston, MA",SAM,-71.05949206560477,42.3031887527152
"1403 DORCHESTER AVENUE, Boston, MA",SAM,-71.05951876737194,42.30307861079373
"1408 DORCHESTER AVENUE, Boston, MA",SAM,-71.05943047742466,42.302824718647784
"1409 DORCHESTER AVENUE, Boston, MA",SAM,-71.05958230700283,42.30284755760923
"1411 DORCHESTER AVENUE, Boston, MA",SAM,-71.05960397300761,42.30276661125616
"1415 DORCHESTER AVENUE, Boston, MA",SAM,-71.05963194109991,42.302610789057375
"1417 DORCHESTER AVENUE, Boston, MA",SAM,-71.05964592514603,42.30253287795798
"1420 DORCHESTER AVENUE, Boston, MA",SAM,-71.05952211217988,42.30236065387401
"1428 DORCHESTER AVENUE, Boston, MA",SAM,-71.05958907264692,42.30205020084214
"1431 DORCHESTER AVENUE, Boston, MA",SAM,-71.05975881461698,42.3019906392093
"1432 DORCHESTER AVENUE, Boston, MA",SAM,-71.05962514500206,42.30189342657405
"1440 DORCHESTER AVENUE, Boston, MA",SAM,-71.05970567158289,42.301584741376026
"1445 DORCHESTER AVENUE, Boston, MA",SAM,-71.05990605477405,42.301445477838854
"1448 DORCHESTER AVENUE, Boston, MA",SAM,-71.0598140974249,42.3012217575415
"1453 DORCHESTER AVENUE, Boston, MA",SAM,-71.05996783494514,42.301237422630244
"1458 DORCHESTER AVENUE, Boston, MA",SAM,-71.05992594294308,42.30080148957081
"1460 DORCHESTER AVENUE, Boston, MA",SAM,-71.06009967373531,42.30023915120741
"1475 DORCHESTER AVENUE, Boston, MA",SAM,-71.0601389440166,42.30064135312173
"1476 DORCHESTER AVENUE, Boston, MA",SAM,-71.06009967373531,42.30023915120741
"1482 DORCHESTER AVENUE, Boston, MA",SAM,-71.0601545387054,42.30003802900535
"1483 DORCHESTER AVENUE, Boston, MA",SAM,-71.0602977203279,42.30009112665549
"1485 DORCHESTER AVENUE, Boston, MA",SAM,-71.06031662362923,42.30002496510567
"1486 DORCHESTER AVENUE, Boston, MA",SAM,-71.06017134163994,42.299979218738834
"1496 DORCHESTER AVENUE, Boston, MA",SAM,-71.06020813859341,42.29983342758618
"1503 DORCHESTER AVENUE, Boston, MA",SAM,-71.06052910081158,42.29925930799209
"1508 DORCHESTER AVENUE, Boston, MA",SAM,-71.06036178182099,42.29928968174556
"1510 DORCHESTER AVENUE, Boston, MA",SAM,-71.06039085619093,42.299189785199346
"1513 DORCHESTER AVENUE, Boston, MA",SAM,-71.06067712155598,42.29880995838281
"1526 DORCHESTER AVENUE, Boston, MA",SAM,-71.06061729700056,42.29846832580965
"1532 DORCHESTER AVENUE, Boston, MA",SAM,-71.06065972915832,42.2982952026243
"1534 DORCHESTER AVENUE, Boston, MA",SAM,-71.0606738732109,42.29823749489583
"1542 DORCHESTER AVENUE, Boston, MA",SAM,-71.06074817727182,42.29795928111496
"1544 DORCHESTER AVENUE, Boston, MA",SAM,-71.06076313757646,42.29790442666925
"1548 DORCHESTER AVENUE, Boston, MA",SAM,-71.06079305818568,42.29779471777783
"1576 GIBSON STREET, Boston, MA",SAM,,
"1582 DORCHESTER AVENUE, Boston, MA",SAM,-71.06115774038715,42.296520436776454
"1586 DORCHESTER AVENUE, Boston, MA",SAM,-71.06121578798893,42.29631556290322
"1591 DORCHESTER AVENUE, Boston, MA",SAM,-71.06135290449467,42.296390285994164
"1592 DORCHESTER AVENUE, Boston, MA",SAM,-71.06131233056391,42.29599910555387
"1593 DORCHESTER AVENUE, Boston, MA",SAM,-71.06137104437023,42.296326262908785
"1600 DORCHESTER AVENUE, Boston, MA",SAM,-71.06140039193204,42.295703258699014
"1602 DORCHESTER AVENUE, Boston, MA",SAM,-71.06142205834098,42.29563081137963
"1604 DORCHESTER AVENUE, Boston, MA",SAM,-71.0614416113005,42.29555651014012
"1606 DORCHESTER AVENUE, Boston, MA",SAM,-71.06146116426005,42.295482208900616
"1607 DORCHESTER AVENUE, Boston, MA",SAM,-71.06152946370545,42.29580198135787
"1613 DORCHESTER AVENUE, Boston, MA",SAM,-71.06159367693209,42.29557840478546
"1616 DORCHESTER AVENUE, Boston, MA",SAM,-71.06157555417867,42.29511132608836
"1617 DORCHESTER AVENUE, Boston, MA",SAM,-71.06163472765392,42.29543209548112
"1621 DORCHESTER AVENUE, Boston, MA",SAM,-71.06168062756693,42.295284560055
"1623 DORCHESTER AVENUE, Boston, MA",SAM,-71.06170357752343,42.29521079234192
"1625 DORCHESTER AVENUE, Boston, MA",SAM,-71.06172652747993,42.295137024628865
"1627 DORCHESTER AVENUE, Boston, MA",SAM,-71.06176104182738,42.29502508418059
"163 DORCHESTER AVENUE, Boston, MA",SAM,-71.05720073091405,42.34182445576355
"1630 DORCHESTER AVENUE, Boston, MA",SAM,-71.06169569554137,42.29471915101725
"1631 DORCHESTER AVENUE, Boston, MA",SAM,-71.06180678078773,42.29487539304675
"1632 DORCHESTER AVENUE, Boston, MA",SAM,-71.06170998896648,42.29467237253792
"1635 DORCHESTER AVENUE, Boston, MA",SAM,-71.0618525197481,42.29472570191288
"1643 DORCHESTER AVENUE, Boston, MA",SAM,-71.06193591686615,42.294451834799254
"1644 DORCHESTER AVENUE, Boston, MA",SAM,-71.06181122114289,42.29433957453697
"1648 DORCHESTER AVENUE, Boston, MA",SAM,-71.06183767858839,42.29425242060432
"1650 DORCHESTER AVENUE, Boston, MA",SAM,-71.06185090731114,42.294208843637996
"1653 DORCHESTER AVENUE, Boston, MA",SAM,-71.06200206047988,42.29423394996761
"1654 DORCHESTER AVENUE, Boston, MA",SAM,-71.06187736475663,42.29412168970533
"1664 DORCHESTER AVENUE, Boston, MA",SAM,-71.06204840591408,42.293542093177734
"1675 DORCHESTER AVENUE, Boston, MA",SAM,-71.0622092781353,42.293537200321374
"1676 DORCHESTER AVENUE, Boston, MA",SAM,-71.06211537672904,42.29327769876963
"1677 DORCHESTER AVENUE, Boston, MA",SAM,-71.06222112622578,42.29349564645328
"1681 DORCHESTER AVENUE, Boston, MA",SAM,-71.06223926174624,42.29341891926005
"1683 DORCHESTER AVENUE, Boston, MA",SAM,-71.06224832950649,42.29338055566345
"1684 DORCHESTER AVENUE, Boston, MA",SAM,-71.06215769294347,42.293098668652085
"1686 DORCHESTER AVENUE, Boston, MA",SAM,-71.0621682719971,42.293053911122705
"1707 DORCHESTER AVENUE, Boston, MA",SAM,-71.06246304759888,42.29258122583925
"1709 DORCHESTER AVENUE, Boston, MA",SAM,-71.06247246650398,42.29254708231105
"1712 DORCHESTER AVENUE, Boston, MA",SAM,-71.06276230456527,42.290982951268944
"1724 DORCHESTER AVENUE, Boston, MA",SAM,-71.0627966580996,42.290847990968686
"1735 DORCHESTER AVENUE, Boston, MA",SAM,-71.06294062113068,42.290901685907606
"1738 DORCHESTER AVENUE, Boston, MA",SAM,-71.062836737223,42.29069053728505
"1740 DORCHESTER AVENUE, Boston, MA",SAM,-71.06284246281204,42.290668043901675
"1742 DORCHESTER AVENUE, Boston, MA",SAM,-71.06287238626334,42.290554805258296
"1743 DORCHESTER AVENUE, Boston, MA",SAM,-71.06298388113689,42.290731735899875
"1745 DORCHESTER AVENUE, Boston, MA",SAM,-71.06299469613843,42.290689248397925
"1747 DORCHESTER AVENUE, Boston, MA",SAM,-71.063024206993,42.290577566602465
"1750 DORCHESTER AVENUE, Boston, MA",SAM,-71.06294700158652,42.29028245935096
"1757 DORCHESTER AVENUE, Boston, MA",SAM,-71.06309203910499,42.29032997941398
"1759 DORCHESTER AVENUE, Boston, MA",SAM,-71.06310560552741,42.2902804619763
"1760 DORCHESTER AVENUE, Boston, MA",SAM,-71.06305989111073,42.28989443721409
"1775 DORCHESTER AVENUE, Boston, MA",SAM,-71.0632855039826,42.28966006124549
"1776 DORCHESTER AVENUE, Boston, MA",SAM,-71.06311923767612,42.28968953160907
"1796 DORCHESTER AVENUE, Boston, MA",SAM,-71.06322517074408,42.289304510861264
"1799 DORCHESTER AVENUE, Boston, MA",SAM,-71.06348462275531,42.288932614165105
"1803 DORCHESTER AVENUE, Boston, MA",SAM,-71.06351101692972,42.28883583553362
"1829 DORCHESTER AVENUE, Boston, MA",SAM,-71.06367359204526,42.288275802726545
"1842 DORCHESTER AVENUE, Boston, MA",SAM,-71.06359925770947,42.28797139675551
"1848 DORCHESTER AVENUE, Boston, MA",SAM,-71.06362604121696,42.287861286792186
"1849 DORCHESTER AVENUE, Boston, MA",SAM,-71.06376599489639,42.28793296555565
"1853 DORCHESTER AVENUE, Boston, MA",SAM,-71.06377670829936,42.287888921570335
"1857 DORCHESTER AVENUE, Boston, MA",SAM,-71.06378742170234,42.287844877584995
"1861 DORCHESTER AVENUE, Boston, MA",SAM,-71.06389589099285,42.28742443681792
"1864 DORCHESTER AVENUE, Boston, MA",SAM,-71.06379713760947,42.28722377394666
"1915 DORCHESTER AVENUE, Boston, MA",SAM,-71.06451382082841,42.28524070381759
"1931 DORCHESTER AVENUE, Boston, MA",SAM,-71.06469959982653,42.284589253052474
"1935 DORCHESTER AVENUE, Boston, MA",SAM,-71.06472217642144,42.284514883097444
"1937 DORCHESTER AVENUE, Boston, MA",SAM,-71.06473346471888,42.28447769811993
"1939 DORCHESTER AVENUE, Boston, MA",SAM,-71.06474475301633,42.28444051314241
"1949 DORCHESTER AVENUE, Boston, MA",SAM,-71.06480015662683,42.28425254059549
"1950 DORCHESTER AVENUE, Boston, MA",SAM,-71.06475649096356,42.28382895840571
"1953 DORCHESTER AVENUE, Boston, MA",SAM,-71.06481947795275,42.28417767046457
"1989 DORCHESTER AVENUE, Boston, MA",SAM,-71.06518615787024,42.28285032584848
"1993 DORCHESTER AVENUE, Boston, MA",SAM,-71.065198286506,42.28280645631841
"1996 DORCHESTER AVENUE, Boston, MA",SAM,-71.06494856405111,42.283133664279184
"1997 DORCHESTER AVENUE, Boston, MA",SAM,-71.06521041514176,42.282762586788365
"2000 DORCHESTER AVENUE, Boston, MA",SAM,-71.06499802517351,42.28295897119425
"2002 DORCHESTER AVENUE, Boston, MA",SAM,-71.06502935748254,42.28284564157493
"2004 DORCHESTER AVENUE, Boston, MA",SAM,-71.06506068979158,42.2827323119556
"2005 DORCHESTER AVENUE, Boston, MA",SAM,-71.06523467241327,42.28267484772824
"2006 DORCHESTER AVENUE, Boston, MA",SAM,-71.0650920221006,42.282618982336274
"2010 DORCHESTER AVENUE, Boston, MA",SAM,-71.06515468671866,42.28239232309762
"2012 DORCHESTER AVENUE, Boston, MA",SAM,-71.06518601902768,42.282278993478286
"2016 DORCHESTER AVENUE, Boston, MA",SAM,-71.06531727616147,42.28179656495389
"2020 DORCHESTER AVENUE, Boston, MA",SAM,-71.06533778970142,42.28172220337756
"2032 DORCHESTER AVENUE, Boston, MA",SAM,-71.06543000938213,42.281398242177666
"2038 DORCHESTER AVENUE, Boston, MA",SAM,-71.06546764878824,42.28126765649241
"2044 DORCHESTER AVENUE, Boston, MA",SAM,-71.06550528819433,42.281137070807155
"2049 GALLIVAN BOULEVARD, Boston, MA",SAM,,
"2050 DORCHESTER AVENUE, Boston, MA",SAM,-71.06554292760043,42.28100648512191
"2054 DORCHESTER AVENUE, Boston, MA",SAM,-71.06556802053784,42.280919427998384
"2058 DORCHESTER AVENUE, Boston, MA",SAM,-71.06561057050632,42.28076602990006
"2060 DORCHESTER AVENUE, Boston, MA",SAM,-71.06562192366385,42.280724165135176
"2061 GALLIVAN BOULEVARD, Boston, MA",SAM,,
"2062 DORCHESTER AVENUE, Boston, MA",SAM,-71.0656332768214,42.280682300370295
"2064 DORCHESTER AVENUE, Boston, MA",SAM,-71.0656446299789,42.28064043560543
"2066 DORCHESTER AVENUE, Boston, MA",SAM,-71.06565598313645,42.28059857084055
"2075 DORCHESTER AVENUE, Boston, MA",SAM,-71.0661948161002,42.27926076940338
"2076 DORCHESTER AVENUE, Boston, MA",SAM,-71.0657127489241,42.280389247016195
"2082 DORCHESTER AVENUE, Boston, MA",SAM,-71.06595435084641,42.27955965176692
"2083 DORCHESTER AVENUE, Boston, MA",SAM,-71.06622727677573,42.279140427397024
"2084 DORCHESTER AVENUE, Boston, MA",SAM,-71.06598612501627,42.27944894109492
"2086 DORCHESTER AVENUE, Boston, MA",SAM,-71.06602467206845,42.27930603496237
"2088 DORCHESTER AVENUE, Boston, MA",SAM,-71.06606321912065,42.27916312882979
"2090 DORCHESTER AVENUE, Boston, MA",SAM,-71.06610176617285,42.27902022269722
"2092 DORCHESTER AVENUE, Boston, MA",SAM,-71.06614031322505,42.27887731656465
"2094 DORCHESTER AVENUE, Boston, MA",SAM,-71.06617202378058,42.27876426235279
"2096 DORCHESTER AVENUE, Boston, MA",SAM,-71.06617658864302,42.27874858965956
"2100 DORCHESTER AVENUE, Boston, MA",SAM,-71.06618571836786,42.27871724427311
"2110 DORCHESTER AVENUE, Boston, MA",SAM,-71.06620854267997,42.27863888080699
"2115 DORCHESTER AVENUE, Boston, MA",SAM,-71.06646189395393,42.27831299746755
"2119 DORCHESTER AVENUE, Boston, MA",SAM,-71.06650145609493,42.2781771674596
"2123 DORCHESTER AVENUE, Boston, MA",SAM,-71.06654101823594,42.27804133745168
"2131 DORCHESTER AVENUE, Boston, MA",SAM,-71.06662508200105,42.27774223902163
"2135 DORCHESTER AVENUE, Boston, MA",SAM,-71.0666574804989,42.2776239140827
"2139 DORCHESTER AVENUE, Boston, MA",SAM,-71.06669026417694,42.27750643208626
"2141 DORCHESTER AVENUE, Boston, MA",SAM,-71.06670753154295,42.277447435256526
"2145 DORCHESTER AVENUE, Boston, MA",SAM,-71.06674206627493,42.27732944159703
"2149 DORCHESTER AVENUE, Boston, MA",SAM,-71.06677660100694,42.27721144793756
"2157 DORCHESTER AVENUE, Boston, MA",SAM,-71.06684567047094,42.27697546061857
"2159 DORCHESTER AVENUE, Boston, MA",SAM,-71.06686293783693,42.27691646378884
"2165 DORCHESTER AVENUE, Boston, MA",SAM,-71.06693247914433,42.276680485738915
"2171 DORCHESTER AVENUE, Boston, MA",SAM,-71.0669904739891,42.276484960275305
"2173 DORCHESTER AVENUE, Boston, MA",SAM,-71.06700980560402,42.27641978512076
"2175 DORCHESTER AVENUE, Boston, MA",SAM,-71.06702913721892,42.27635460996622
"2181 DORCHESTER AVENUE, Boston, MA",SAM,-71.0670855241064,42.27615813253387
"2183 DORCHESTER AVENUE, Boston, MA",SAM,-71.06710380404277,42.276092791489816
"2185 DORCHESTER AVENUE, Boston, MA",SAM,-71.06712208397913,42.27602745044576
"2187 DORCHESTER AVENUE, Boston, MA",SAM,-71.0671403639155,42.27596210940172
"2195 DORCHESTER AVENUE, Boston, MA",SAM,-71.06721348366096,42.27570074522549
"220 DORCHESTER AVENUE, Boston, MA",SAM,-71.0570340110615,42.340277141980174
"2201 DORCHESTER AVENUE, Boston, MA",SAM,-71.06728058083311,42.27545690299156
"2207 DORCHESTER AVENUE, Boston, MA",SAM,-71.06731818485298,42.27531227215933
"2214 DORCHESTER AVENUE, Boston, MA",SAM,-71.06765840890331,42.273462517376636
"2221 DORCHESTER AVENUE, Boston, MA",SAM,-71.06755429201188,42.274436762033154
"2223 DORCHESTER AVENUE, Boston, MA",SAM,-71.06756710867234,42.27438987181591
"2250 DORCHESTER AVENUE, Boston, MA",SAM,-71.06766187256893,42.27345085029323
"2251 DORCHESTER AVENUE, Boston, MA",SAM,-71.06778012825798,42.273590673968144
"2254 DORCHESTER AVENUE, Boston, MA",SAM,-71.06767919089701,42.27339251487624
"2255 DORCHESTER AVENUE, Boston, MA",SAM,-71.06781746103911,42.27346085253549
"2261 DORCHESTER AVENUE, Boston, MA",SAM,-71.0678876368658,42.27321542569351
"2262 DORCHESTER AVENUE, Boston, MA",SAM,-71.06773535578496,42.27319458150486
"2269 DORCHESTER AVENUE, Boston, MA",SAM,-71.06793650048463,42.273019971237986
"2271 DORCHESTER AVENUE, Boston, MA",SAM,-71.06794871638935,42.2729711076241
"2281 DORCHESTER AVENUE, Boston, MA",SAM,-71.06801079869349,42.27272711765457
"2287 DORCHESTER AVENUE, Boston, MA",SAM,-71.06804809008999,42.27258061575415
"2291 DORCHESTER AVENUE, Boston, MA",SAM,-71.06807295102094,42.272482947820535
"2297 DORCHESTER AVENUE, Boston, MA",SAM,-71.06809404937857,42.27232933442619
"23 DORCHESTER STREET, Boston, MA",SAM,-71.04386809253353,42.33686504202342
"25 DORCHESTER AVENUE, Boston, MA",SAM,-71.05717420151039,42.34542336637778
"250 DORCHESTER AVENUE, Boston, MA",SAM,-71.05704060524144,42.3399259348307
"270 DORCHESTER AVENUE, Boston, MA",SAM,-71.05704347741515,42.33969041767567
"284 DORCHESTER AVENUE, Boston, MA",SAM,-71.05703257236074,42.33886167206279
"285 DORCHESTER AVENUE, Boston, MA",SAM,-71.05719449695839,42.337999331300026
"297 DORCHESTER AVENUE, Boston, MA",SAM,-71.0571964230411,42.33785103509044
"320 DORCHESTER AVENUE, Boston, MA",SAM,-71.05701354937763,42.33679324813803
"323 DORCHESTER AVENUE, Boston, MA",SAM,-71.05717414702671,42.33707228900788
"326 DORCHESTER AVENUE, Boston, MA",SAM,-71.05701093402587,42.33666195707977
"332 DORCHESTER AVENUE, Boston, MA",SAM,-71.05700831867414,42.33653066602152
"345 DORCHESTER AVENUE, Boston, MA",SAM,-71.05716268625764,42.33649695664694
"363 DORCHESTER AVENUE, Boston, MA",SAM,-71.05715330926476,42.336026230169836
"370 DORCHESTER AVENUE, Boston, MA",SAM,-71.05699175477969,42.33569915598598
"371 DORCHESTER AVENUE, Boston, MA",SAM,-71.05714914171239,42.33581701840221
"376 DORCHESTER AVENUE, Boston, MA",SAM,-71.05698913942791,42.335567864927725
"400 DORCHESTER AVENUE, Boston, MA",SAM,-71.05697840296916,42.33497103563112
"404 DORCHESTER AVENUE, Boston, MA",SAM,-71.05697089329924,42.334460267639855
"408 DORCHESTER AVENUE, Boston, MA",SAM,-71.05695323358528,42.33394813500305
"409 DORCHESTER AVENUE, Boston, MA",SAM,-71.05709936923489,42.33368914865048
"412 DORCHESTER AVENUE, Boston, MA",SAM,-71.05693191291392,42.33283016128403
"415 DORCHESTER AVENUE, Boston, MA",SAM,-71.0571000522277,42.33337447167761
"421 DORCHESTER AVENUE, Boston, MA",SAM,-71.05709931777136,42.33334362443241
"436 DORCHESTER AVENUE, Boston, MA",SAM,-71.05692821233242,42.332689538858716
"455 DORCHESTER AVENUE, Boston, MA",SAM,-71.05709515585217,42.33316882337628
"474 DORCHESTER AVENUE, Boston, MA",SAM,-71.05692235307842,42.33246688668531
"480 DORCHESTER AVENUE, Boston, MA",SAM,-71.05692142793305,42.332431731079005
"511 DORCHESTER AVENUE, Boston, MA",SAM,-71.05708427377512,42.33272832492118
"514 DORCHESTER AVENUE, Boston, MA",SAM,-71.05689759161191,42.33150656484198
"516 DORCHESTER AVENUE, Boston, MA",SAM,-71.05689620571324,42.3314613131559
"518 DORCHESTER AVENUE, Boston, MA",SAM,-71.05689483833129,42.331416189459304
"520 DORCHESTER AVENUE, Boston, MA",SAM,-71.05689347094936,42.33137106576266
"524 DORCHESTER AVENUE, Boston, MA",SAM,-71.05689073618548,42.33128081836939
"526 DORCHESTER AVENUE, Boston, MA",SAM,-71.05688936880352,42.331235694672785
"528 DORCHESTER AVENUE, Boston, MA",SAM,-71.05688819996082,42.33118992685392
"534 DORCHESTER AVENUE, Boston, MA",SAM,-71.05688614850591,42.33105453029405
"536 DORCHESTER AVENUE, Boston, MA",SAM,-71.05688546468762,42.33100939810742
"542 DORCHESTER AVENUE, Boston, MA",SAM,-71.05688390831659,42.33088383210394
"546 DORCHESTER AVENUE, Boston, MA",SAM,-71.05688337968917,42.330804429947015
"550 DORCHESTER AVENUE, Boston, MA",SAM,-71.05688261547344,42.33072189412105
"551 DORCHESTER AVENUE, Boston, MA",SAM,-71.05703806986388,42.330769880927406
"554 DORCHESTER AVENUE, Boston, MA",SAM,-71.05688185125771,42.33063935829509
"558 DORCHESTER AVENUE, Boston, MA",SAM,-71.05688108704199,42.330556822469134
"559 DORCHESTER AVENUE, Boston, MA",SAM,-71.05703681932906,42.330634822303104
"573 DORCHESTER AVENUE, Boston, MA",SAM,-71.05705426850751,42.329913409036806
"578 DORCHESTER AVENUE, Boston, MA",SAM,,
"598 DORCHESTER AVENUE, Boston, MA",SAM,-71.05693329068183,42.329564996516744
"602 DORCHESTER AVENUE, Boston, MA",SAM,-71.05688811320233,42.32913261291224
"604 DORCHESTER AVENUE, Boston, MA",SAM,-71.05687615076039,42.32909396500995
"605 DORCHESTER AVENUE, Boston, MA",SAM,-71.05700985073759,42.32880656687378
"606 DORCHESTER AVENUE, Boston, MA",SAM,-71.05685637212677,42.32896843775755
"608 DORCHESTER AVENUE, Boston, MA",SAM,-71.05685594475761,42.32892313634242
"609 DORCHESTER AVENUE, Boston, MA",SAM,-71.05700909097021,42.32872603102468
"610 DORCHESTER AVENUE, Boston, MA",SAM,-71.05685551738846,42.328877834927304
"614 DORCHESTER AVENUE, Boston, MA",SAM,-71.05685466265012,42.328787232097056
"616 DORCHESTER AVENUE, Boston, MA",SAM,-71.05685423528098,42.32874193068194
"620 DORCHESTER AVENUE, Boston, MA",SAM,-71.05685338054268,42.32865132785169
"623 DORCHESTER AVENUE, Boston, MA",SAM,-71.05700403966132,42.328419622006344
"626 DORCHESTER AVENUE, Boston, MA",SAM,-71.0568491710412,42.328425757150086
"627 DORCHESTER AVENUE, Boston, MA",SAM,-71.05700280613414,42.328372747864215
"629 DORCHESTER AVENUE, Boston, MA",SAM,-71.05700218937058,42.32834931079317
"63 DORCHESTER AVENUE, Boston, MA",SAM,-71.05723760031317,42.34517580917182
"632 DORCHESTER AVENUE, Boston, MA",SAM,-71.05684392855072,42.32822654204609
"633 DORCHESTER AVENUE, Boston, MA",SAM,-71.05700095584338,42.32830243665104
"634 DORCHESTER AVENUE, Boston, MA",SAM,-71.0568421810539,42.32816013701143
"636 DORCHESTER AVENUE, Boston, MA",SAM,-71.05684043355707,42.328093731976765
"648 DORCHESTER AVENUE, Boston, MA",SAM,-71.05683167189694,42.32776801932675
"652 DORCHESTER AVENUE, Boston, MA",SAM,-71.05682938894358,42.32768354985962
"655 DORCHESTER AVENUE, Boston, MA",SAM,-71.05699110708835,42.327930996472816
"656 DORCHESTER AVENUE, Boston, MA",SAM,-71.05682710599022,42.327599080392545
"657 DORCHESTER AVENUE, Boston, MA",SAM,-71.05698986635284,42.32788508915374
"670 DORCHESTER AVENUE, Boston, MA",SAM,-71.05681680912745,42.32730499537129
"690 DORCHESTER AVENUE, Boston, MA",SAM,-71.05678764422535,42.32680937584677
"749 DORCHESTER AVENUE, Boston, MA",SAM,-71.05691909719899,42.32439274411174
"753 DORCHESTER AVENUE, Boston, MA",SAM,-71.05691889366317,42.324360992231846
"757 DORCHESTER AVENUE, Boston, MA",SAM,-71.05691869012733,42.32432924035194
"767 DORCHESTER AVENUE, Boston, MA",SAM,-71.05691818128777,42.32424986065219
"779 DORCHESTER AVENUE, Boston, MA",SAM,-71.05691460038702,42.324015144407724
"782 DORCHESTER AVENUE, Boston, MA",SAM,-71.05675112139828,42.323672379392
"785 DORCHESTER AVENUE, Boston, MA",SAM,-71.05691046283785,42.323847573250504
"788 DORCHESTER AVENUE, Boston, MA",SAM,-71.05674914257044,42.32359223666463
"794 DORCHESTER AVENUE, Boston, MA",SAM,-71.05674716374257,42.32351209393726
"808 DORCHESTER AVENUE, Boston, MA",SAM,-71.05673682789188,42.32314796331107
"812 DORCHESTER AVENUE, Boston, MA",SAM,-71.05673388251061,42.32304978373198
"813 DORCHESTER AVENUE, Boston, MA",SAM,-71.05688588707382,42.32294906306801
"816 DORCHESTER AVENUE, Boston, MA",SAM,-71.05673093712932,42.32295160415289
"819 DORCHESTER AVENUE, Boston, MA",SAM,-71.05687999631128,42.32275270390984
"821 DORCHESTER AVENUE, Boston, MA",SAM,-71.05687803272376,42.322687250857115
"822 DORCHESTER AVENUE, Boston, MA",SAM,-71.05672651905742,42.32280433478429
"825 DORCHESTER AVENUE, Boston, MA",SAM,-71.05687410554872,42.32255634475166
"827 DORCHESTER AVENUE, Boston, MA",SAM,-71.05687120234504,42.32244216235864
"830 DORCHESTER AVENUE, Boston, MA",SAM,-71.05672062829485,42.3226079756261
"833 DORCHESTER AVENUE, Boston, MA",SAM,-71.0568675993649,42.32226921880796
"834 DORCHESTER AVENUE, Boston, MA",SAM,-71.05671623488892,42.32244392724933
"835 DORCHESTER AVENUE, Boston, MA",SAM,-71.05686639837154,42.32221157095773
"838 DORCHESTER AVENUE, Boston, MA",SAM,-71.05671311230614,42.32229404283874
"840 DORCHESTER AVENUE, Boston, MA",SAM,-71.05671155101476,42.32221910063345
"841 DORCHESTER AVENUE, Boston, MA",SAM,-71.0568627953914,42.32203862740705
"844 DORCHESTER AVENUE, Boston, MA",SAM,-71.05670842843197,42.322069216222864
"845 DORCHESTER AVENUE, Boston, MA",SAM,-71.05686039340466,42.32192333170659
"846 DORCHESTER AVENUE, Boston, MA",SAM,-71.05670686714059,42.32199427401756
"850 DORCHESTER AVENUE, Boston, MA",SAM,-71.05670374455782,42.32184438960696
"856 DORCHESTER AVENUE, Boston, MA",SAM,-71.05669942033569,42.321579038169254
"863 DORCHESTER AVENUE, Boston, MA",SAM,-71.05685440405935,42.32136473759068
"867 DORCHESTER AVENUE, Boston, MA",SAM,-71.05685440406556,42.321257587298945
"869 DORCHESTER AVENUE, Boston, MA",SAM,-71.05685440406866,42.32120401215308
"870 DORCHESTER AVENUE, Boston, MA",SAM,-71.0566994203574,42.32120401214812
"902 DORCHESTER AVENUE, Boston, MA",SAM,-71.05668763987447,42.32018436257747
"906 DORCHESTER AVENUE, Boston, MA",SAM,-71.05668693021454,42.320048106339264
"908 DORCHESTER AVENUE, Boston, MA",SAM,-71.05668657538457,42.319979978220154
"912 DORCHESTER AVENUE, Boston, MA",SAM,-71.05668362695256,42.319798787779966
"915 DORCHESTER AVENUE, Boston, MA",SAM,-71.05682145713371,42.31937568451702
"916 DORCHESTER AVENUE, Boston, MA",SAM,-71.05667691733764,42.319633922698515
"918 DORCHESTER AVENUE, Boston, MA",SAM,-71.05667356253016,42.31955149015779
"922 DORCHESTER AVENUE, Boston, MA",SAM,-71.05666685291524,42.31938662507634
"923 DORCHESTER AVENUE, Boston, MA",SAM,-71.0568116976938,42.31913588076219
"926 DORCHESTER AVENUE, Boston, MA",SAM,-71.0566601433003,42.3192217599949
"928 DORCHESTER AVENUE, Boston, MA",SAM,-71.05665678849286,42.319139327454174
"930 DORCHESTER AVENUE, Boston, MA",SAM,-71.0566531882575,42.31902396690999
"933 DORCHESTER AVENUE, Boston, MA",SAM,-71.05680442612163,42.31885102614852
"934 DORCHESTER AVENUE, Boston, MA",SAM,-71.05665058458352,42.31890419757113
"936 DORCHESTER AVENUE, Boston, MA",SAM,-71.05664928274652,42.31884431290171
"938 DORCHESTER AVENUE, Boston, MA",SAM,-71.05664798090955,42.318784428232284
"942 DORCHESTER AVENUE, Boston, MA",SAM,-71.0566528401442,42.318426961068816
"947 DORCHESTER AVENUE, Boston, MA",SAM,-71.05680304627131,42.31856103634805
"950 DORCHESTER AVENUE, Boston, MA",SAM,-71.05664900554684,42.318193687140585
"961 DORCHESTER AVENUE, Boston, MA",SAM,-71.05679291282654,42.31777748963621
"971 DORCHESTER AVENUE, Boston, MA",SAM,-71.05678112060231,42.317364755010594
"975 DORCHESTER AVENUE, Boston, MA",SAM,-71.05677913661172,42.317301267186025
"978 DORCHESTER AVENUE, Boston, MA",SAM,-71.05662023633944,42.3171769386911
"979 DORCHESTER AVENUE, Boston, MA",SAM,-71.05677715262117,42.31723777936143
"980 DORCHESTER AVENUE, Boston, MA",SAM,-71.05661586703793,42.31706299600819
"981 DORCHESTER AVENUE, Boston, MA",SAM,-71.05677616062587,42.31720603544916
"983 DORCHESTER AVENUE, Boston, MA",SAM,-71.0567751686306,42.317174291536844
"985 DORCHESTER AVENUE, Boston, MA",SAM,-71.0567707521624,42.31705914671912
"990 DORCHESTER AVENUE, Boston, MA",SAM,-71.05660815449781,42.31686399528171
"992 DORCHESTER AVENUE, Boston, MA",SAM,-71.0566063320244,42.31678259124687
"993 DORCHESTER AVENUE, Boston, MA",SAM,-71.05676695792879,42.31697567346183
"994 DORCHESTER AVENUE, Boston, MA",SAM,-71.05660450955097,42.31670118721202
"995 DORCHESTER AVENUE, Boston, MA",SAM,-71.0567631053632,42.31686209854906
"996 DORCHESTER AVENUE, Boston, MA",SAM,-71.05660268707754,42.316619783177174
"998 DORCHESTER AVENUE, Boston, MA",SAM,-71.05660086460412,42.31653837914233
"999 DORCHESTER AVENUE, Boston, MA",SAM,-71.05676037165307,42.316739992496785
"100 DORCHESTER STREET, Boston, MA",SAM,-71.04573156089619,42.33537536734941
"102 DORCHESTER STREET, Boston, MA",SAM,-71.04579714777257,42.3353531345094
"104 DORCHESTER STREET, Boston, MA",SAM,-71.04586273464898,42.335330901669394
"105 DORCHESTER STREET, Boston, MA",SAM,-71.04597982077505,42.33541727690751
"106 DORCHESTER STREET, Boston, MA",SAM,-71.04592208910161,42.335310895943714
"108 DORCHESTER STREET, Boston, MA",SAM,-71.0459847317384,42.33528442722293
"110 DORCHESTER STREET, Boston, MA",SAM,-71.04604737437519,42.33525795850214
"114 DORCHESTER STREET, Boston, MA",SAM,-71.04617265964875,42.33520502106059
"116 DORCHESTER STREET, Boston, MA",SAM,-71.04629380926457,42.335146105798046
"119 DORCHESTER STREET, Boston, MA",SAM,-71.04660418897598,42.33511701799216
"124 DORCHESTER STREET, Boston, MA",SAM,-71.0466558875424,42.33494495118949
"137 DORCHESTER STREET, Boston, MA",SAM,-71.04738227447055,42.33472356908563
"142 DORCHESTER STREET, Boston, MA",SAM,-71.04703911084816,42.33475281012013
"143 DORCHESTER STREET, Boston, MA",SAM,-71.0474835639919,42.33467549948019
"146 DORCHESTER STREET, Boston, MA",SAM,-71.0471023540321,42.334721785160596
"147 DORCHESTER STREET, Boston, MA",SAM,-71.05720370655365,42.341904203039874
"149 DORCHESTER STREET, Boston, MA",SAM,-71.04786364455347,42.334486091929136
"154 DORCHESTER STREET, Boston, MA",SAM,-71.04803697304531,42.33425620688821
"155 DORCHESTER STREET, Boston, MA",SAM,-71.04815445215846,42.334336762946485
"156 DORCHESTER STREET, Boston, MA",SAM,-71.04817390838058,42.334191766727656
"157 DORCHESTER STREET, Boston, MA",SAM,-71.0482571536599,42.33428843282607
"158 DORCHESTER STREET, Boston, MA",SAM,-71.0483023806901,42.33412805264373
"159 DORCHESTER STREET, Boston, MA",SAM,-71.04838594325867,42.3342245688912
"160 DORCHESTER STREET, Boston, MA",SAM,-71.04840953751435,42.334077354789194
"161 DORCHESTER STREET, Boston, MA",SAM,-71.04843952167079,42.334199219963956
"162 DORCHESTER STREET, Boston, MA",SAM,-71.04851669433855,42.33402665693469
"164 DORCHESTER STREET, Boston, MA",SAM,-71.04862385116274,42.33397595908015
"165 DORCHESTER STREET, Boston, MA",SAM,-71.04854667849499,42.33414852210944
"166 DORCHESTER STREET, Boston, MA",SAM,-71.0487531287564,42.333913984506886
"167 DORCHESTER STREET, Boston, MA",SAM,-71.0486002569071,42.334123173182185
"169 DORCHESTER STREET, Boston, MA",SAM,-71.04865383531921,42.334097824254926
"170 DORCHESTER STREET, Boston, MA",SAM,-71.04887676107967,42.33385393451864
"174 DORCHESTER STREET, Boston, MA",SAM,-71.04923846578397,42.33369041666966
"178 DORCHESTER STREET, Boston, MA",SAM,-71.04931497789948,42.33365556956607
"18 DORCHESTER STREET, Boston, MA",SAM,-71.04360452283248,42.336909400378666
"180 DORCHESTER STREET, Boston, MA",SAM,-71.04935323395728,42.333638146014295
"186 DORCHESTER STREET, Boston, MA",SAM,-71.04946800213058,42.333585875358914
"187 DORCHESTER STREET, Boston, MA",SAM,-71.04943454496804,42.33373570723914
"189 DORCHESTER STREET, Boston, MA",SAM,-71.0494728010258,42.33371828368737
"190 DORCHESTER STREET, Boston, MA",SAM,-71.04954451424612,42.33355102825534
"192 DORCHESTER STREET, Boston, MA",SAM,-71.04958277030389,42.333533604703554
"194 DORCHESTER STREET, Boston, MA",SAM,-71.04971220988952,42.33347307486993
"195 DORCHESTER STREET, Boston, MA",SAM,-71.04958756919912,42.33366601303199
"196 DORCHESTER STREET, Boston, MA",SAM,-71.04977419946685,42.3334433198715
"197 DORCHESTER STREET, Boston, MA",SAM,-71.04962582525688,42.33364858948018
"198 DORCHESTER STREET, Boston, MA",SAM,-71.0498361890442,42.33341356487309
"20 DORCHESTER STREET, Boston, MA",SAM,-71.0436243485617,42.33689322675661
"200 DORCHESTER STREET, Boston, MA",SAM,-71.04989817862153,42.33338380987465
"204 DORCHESTER STREET, Boston, MA",SAM,-71.05002215777621,42.333324299877795
"206 DORCHESTER STREET, Boston, MA",SAM,-71.05008414735356,42.33329454487936
"210 DORCHESTER STREET, Boston, MA",SAM,-71.05020812650824,42.333235034882506
"212 DORCHESTER STREET, Boston, MA",SAM,-71.05026815394244,42.333205040548826
"214 DORCHESTER STREET, Boston, MA",SAM,-71.0503293758988,42.33317442956926
"220 DORCHESTER STREET, Boston, MA",SAM,-71.050507514515,42.3330831418055
"232 DORCHESTER STREET, Boston, MA",SAM,-71.05089418344025,42.332830421427815
"235 DORCHESTER STREET, Boston, MA",SAM,-71.05199354343645,42.33229839332554
"236 DORCHESTER STREET, Boston, MA",SAM,-71.05106599587663,42.33271555212888
"237 DORCHESTER STREET, Boston, MA",SAM,-71.0520070100687,42.33229072482624
"239 DORCHESTER STREET, Boston, MA",SAM,-71.05202047670096,42.33228305632692
"243 DORCHESTER STREET, Boston, MA",SAM,-71.0520474099655,42.33226771932832
"249 DORCHESTER STREET, Boston, MA",SAM,-71.05208780986226,42.33224471383041
"25 DORCHESTER STREET, Boston, MA",SAM,-71.04389783112737,42.33684078159036
"251 DORCHESTER STREET, Boston, MA",SAM,-71.05210127649451,42.33223704533113
"265 DORCHESTER STREET, Boston, MA",SAM,-71.05219554292033,42.332183365836
"273 DORCHESTER STREET, Boston, MA",SAM,-71.05224940944933,42.3321526918388
"279 DORCHESTER STREET, Boston, MA",SAM,-71.05228980934612,42.33212968634091
"281 DORCHESTER STREET, Boston, MA",SAM,-71.05241305817658,42.332056770056475
"283 DORCHESTER STREET, Boston, MA",SAM,-71.05248281292522,42.33201390870273
"285 DORCHESTER STREET, Boston, MA",SAM,-71.05255256767384,42.331971047348986
"287 DORCHESTER STREET, Boston, MA",SAM,-71.0526223224225,42.33192818599526
"289 DORCHESTER STREET, Boston, MA",SAM,-71.05269207717112,42.33188532464152
"291 DORCHESTER STREET, Boston, MA",SAM,-71.05276183191974,42.331842463287785
"317 DORCHESTER STREET, Boston, MA",SAM,-71.05384093468761,42.331157717223036
"321 DORCHESTER STREET, Boston, MA",SAM,-71.05386939209495,42.33114005400379
"322 DORCHESTER STREET, Boston, MA",SAM,-71.05374782989217,42.33106588090204
"326 DORCHESTER STREET, Boston, MA",SAM,-71.05376972020551,42.33105229381033
"330 DORCHESTER STREET, Boston, MA",SAM,-71.05389178217281,42.33098151916022
"331 DORCHESTER STREET, Boston, MA",SAM,-71.05420725542066,42.33096154709531
"332 DORCHESTER STREET, Boston, MA",SAM,-71.05401771545014,42.33091692304231
"333 DORCHESTER STREET, Boston, MA",SAM,-71.05425921894937,42.33093609556991
"339 DORCHESTER STREET, Boston, MA",SAM,-71.05441510953551,42.330859740993716
"340 DORCHESTER STREET, Boston, MA",SAM,-71.05452121227344,42.33067586259401
"342 DORCHESTER STREET, Boston, MA",SAM,-71.05457914970546,42.33065004265044
"347 DORCHESTER STREET, Boston, MA",SAM,-71.05475187533267,42.33070686917618
"348 DORCHESTER STREET, Boston, MA",SAM,-71.05475296200146,42.33057258281971
"351 DORCHESTER STREET, Boston, MA",SAM,-71.05489092516945,42.33064490131161
"353 DORCHESTER STREET, Boston, MA",SAM,-71.05496045008785,42.33061391737932
"354 DORCHESTER STREET, Boston, MA",SAM,-71.05492677429743,42.33049512298899
"356 DORCHESTER STREET, Boston, MA",SAM,-71.05498471172945,42.33046930304542
"360 DORCHESTER STREET, Boston, MA",SAM,-71.05510058659345,42.33041766315827
"363 DORCHESTER STREET, Boston, MA",SAM,-71.05537132989981,42.330430731113346
"366 DORCHESTER STREET, Boston, MA",SAM,-71.05539775247235,42.330285030647175
"367 DORCHESTER STREET, Boston, MA",SAM,-71.05550457954732,42.33037119403436
"368 DORCHESTER STREET, Boston, MA",SAM,-71.05550435219034,42.330237400984
"369 DORCHESTER STREET, Boston, MA",SAM,-71.05557120437106,42.33034142549488
"371 DORCHESTER STREET, Boston, MA",SAM,-71.0556378291948,42.33031165695539
"372 DORCHESTER STREET, Boston, MA",SAM,-71.05571780603964,42.33014219326507
"374 DORCHESTER STREET, Boston, MA",SAM,-71.05582455639727,42.330094748659725
"375 DORCHESTER STREET, Boston, MA",SAM,-71.05577098383954,42.330252264101624
"376 DORCHESTER STREET, Boston, MA",SAM,-71.0559508664023,42.33003465822728
"377 DORCHESTER STREET, Boston, MA",SAM,-71.05583770281306,42.330222611223284
"378 DORCHESTER STREET, Boston, MA",SAM,-71.05604118908992,42.329988748350786
"380 DORCHESTER STREET, Boston, MA",SAM,-71.05613151177755,42.32994283847434
"382 DORCHESTER STREET, Boston, MA",SAM,-71.05622183446518,42.32989692859783
"384 DORCHESTER STREET, Boston, MA",SAM,-71.05631215715282,42.32985101872136
"386 DORCHESTER STREET, Boston, MA",SAM,-71.05640247984043,42.32980510884488
"395 DORCHESTER STREET, Boston, MA",SAM,-71.05615656355305,42.330069167794974
"397 DORCHESTER STREET, Boston, MA",SAM,-71.05617340337615,42.33006060832649
"47 DORCHESTER STREET, Boston, MA",SAM,-71.04439993090956,42.33642214170958
"56 DORCHESTER STREET, Boston, MA",SAM,-71.0446896145155,42.336021623091526
"65 DORCHESTER STREET, Boston, MA",SAM,-71.04489864415886,42.33602665219896
"66 DORCHESTER STREET, Boston, MA",SAM,-71.04475466243274,42.33597188056399
"72 DORCHESTER STREET, Boston, MA",SAM,-71.04479369118307,42.335942035047474
"74 DORCHESTER STREET, Boston, MA",SAM,-71.04480670076651,42.33593208654198
"75 DORCHESTER STREET, Boston, MA",SAM,-71.04518108848367,42.33580073443717
"76 DORCHESTER STREET, Boston, MA",SAM,-71.04481971034994,42.33592213803646
"77 DORCHESTER STREET, Boston, MA",SAM,-71.04520435192684,42.33577831184023
"78 DORCHESTER STREET, Boston, MA",SAM,-71.0448327199334,42.33591218953095
"81 DORCHESTER STREET, Boston, MA",SAM,-71.04525087881318,42.335733466646374
"11 DORIS STREET, Boston, MA",SAM,-71.05653035522019,42.31345933099958
"12 DORIS STREET, Boston, MA",SAM,-71.05727717142071,42.31344910803357
"15 DORIS STREET, Boston, MA",SAM,-71.05676508065687,42.31349864673635
"16 DORIS STREET, Boston, MA",SAM,-71.05731713206342,42.313454366014916
"20 DORIS STREET, Boston, MA",SAM,-71.05735709270611,42.31345962399626
"25 DORIS STREET, Boston, MA",SAM,-71.05719930489688,42.3135552537705
"27 DORIS STREET, Boston, MA",SAM,-71.0572238960616,42.31355848945133
"28 DORIS STREET, Boston, MA",SAM,-71.05743701399153,42.31347013995894
"29 DORIS STREET, Boston, MA",SAM,-71.05724848722635,42.31356172513216
"30 DORIS STREET, Boston, MA",SAM,-71.05745435752685,42.31347207930782
"31 DORIS STREET, Boston, MA",SAM,-71.0572730783911,42.31356496081297
"7 DORIS STREET, Boston, MA",SAM,-71.0563005407003,42.31341907150837
"8 DORIS STREET, Boston, MA",SAM,-71.05723721077803,42.313443850052224
"10 DORR STREET, Boston, MA",SAM,-71.09230317775392,42.32763597245187
"14 DORR STREET, Boston, MA",SAM,-71.09222623276396,42.32760782183883
"17 DORR STREET, Boston, MA",SAM,-71.0922243146361,42.32747926552318
"18 DORR STREET, Boston, MA",SAM,-71.09214928777398,42.3275796712258
"20 DORR STREET, Boston, MA",SAM,-71.09211081527901,42.327565595919296
"22 DORR STREET, Boston, MA",SAM,-71.09207234278404,42.32755152061278
"25 DORR STREET, Boston, MA",SAM,-71.09207356526798,42.32742411330174
"29 DORR STREET, Boston, MA",SAM,-71.09199819058394,42.32739653719101
"31 DORR STREET, Boston, MA",SAM,-71.0919605032419,42.32738274913566
"6 DORR STREET, Boston, MA",SAM,-71.09238012274389,42.32766412306489
"10 DORRANCE STREET, Boston, MA",SAM,-71.07558336937869,42.3864400994537
"22 DORRANCE STREET, Boston, MA",SAM,-71.07549835698691,42.38654372403024
"11 DORSET STREET, Boston, MA",SAM,-71.0571609572635,42.32354062861046
"13 DORSET STREET, Boston, MA",SAM,-71.05721844267134,42.323557053017076
"14 DORSET STREET, Boston, MA",SAM,-71.05728149523662,42.323452218038
"15 DORSET STREET, Boston, MA",SAM,-71.0572765836307,42.3235735933501
"16 DORSET STREET, Boston, MA",SAM,-71.05733961272053,42.32346869445014
"17 DORSET STREET, Boston, MA",SAM,-71.0573342587038,42.32358965061909
"18 DORSET STREET, Boston, MA",SAM,-71.05739848935761,42.32348508624559
"21 DORSET STREET, Boston, MA",SAM,-71.05744960884998,42.32362176515704
"22 DORSET STREET, Boston, MA",SAM,-71.05751624263185,42.323517869836415
"26 DORSET STREET, Boston, MA",SAM,-71.05763399590609,42.323550653427255
"3 DORSET STREET, Boston, MA",SAM,-71.05693396326402,42.32348399811503
"30 DORSET STREET, Boston, MA",SAM,-71.0577517491803,42.323583437018065
"32 DORSET STREET, Boston, MA",SAM,-71.0578106258174,42.32359982881352
"38 DORSET STREET, Boston, MA",SAM,-71.05798725572873,42.32364900419977
"42 DORSET STREET, Boston, MA",SAM,-71.05810500900297,42.32368178779061
"45 DORSET STREET, Boston, MA",SAM,-71.05814170972705,42.32381445238482
"46 DORSET STREET, Boston, MA",SAM,-71.0582227622772,42.32371457138145
"5 DORSET STREET, Boston, MA",SAM,-71.05699315562103,42.32349668219533
"50 DORSET STREET, Boston, MA",SAM,-71.05834051555141,42.323747354972305
"54 DORSET STREET, Boston, MA",SAM,-71.05845826882563,42.32378013856312
"56 DORSET STREET, Boston, MA",SAM,-71.05851714546276,42.323796530358536
"58 DORSET STREET, Boston, MA",SAM,-71.05857602209987,42.32381292215396
"7 DORSET STREET, Boston, MA",SAM,-71.05704598644786,42.32350777979723
"8 DORSET STREET, Boston, MA",SAM,-71.05710544617516,42.32340191829274
"9 DORSET STREET, Boston, MA",SAM,-71.0571034718557,42.32352420420385
"1 DOUGLAS STREET, Boston, MA",SAM,-71.04285653686205,42.33126098097551
"10 DOUGLAS STREET, Boston, MA",SAM,-71.04269872967197,42.33120646020616
"11 DOUGLAS STREET, Boston, MA",SAM,-71.04285298205359,42.331189094754606
"12 DOUGLAS STREET, Boston, MA",SAM,-71.04269800389858,42.331191783436054
"3 DOUGLAS STREET, Boston, MA",SAM,-71.04285582590036,42.33124660373134
"6 DOUGLAS STREET, Boston, MA",SAM,-71.04270018121876,42.33123581374635
"7 DOUGLAS STREET, Boston, MA",SAM,-71.04285440397696,42.33121784924298
"8 DOUGLAS STREET, Boston, MA",SAM,-71.04269945544536,42.331221136976254
"9 DOUGLAS STREET, Boston, MA",SAM,-71.04285369301527,42.33120347199879
"1 DOVE STREET, Boston, MA",SAM,-71.07828109904372,42.315471543157244
"4 DOVE STREET, Boston, MA",SAM,-71.07803651411065,42.315535016349735
"5 DOVE STREET, Boston, MA",SAM,-71.07801669632666,42.31541035903972
"8 DOVE STREET, Boston, MA",SAM,-71.07769024452836,42.31545480251592
"9 DOVE STREET, Boston, MA",SAM,-71.0777367371752,42.31534548992304
"0 DOW ROAD, Boston, MA",SAM,,
"1 DOW ROAD, Boston, MA",SAM,-71.16665188504822,42.280459405196744
"10 DOW ROAD, Boston, MA",SAM,-71.16731990065566,42.281021323420674
"15 DOW ROAD, Boston, MA",SAM,-71.16717373802342,42.28106529985271
"18 DOW ROAD, Boston, MA",SAM,-71.16740224282519,42.281114644567786
"19 DOW ROAD, Boston, MA",SAM,-71.1672176538472,42.281115071131154
"22 DOW ROAD, Boston, MA",SAM,-71.16744341390998,42.28116130514135
"23 DOW ROAD, Boston, MA",SAM,-71.16726156967094,42.28116484240961
"27 DOW ROAD, Boston, MA",SAM,-71.16730548549471,42.28121461368808
"28 DOW ROAD, Boston, MA",SAM,-71.16750591621248,42.281227777639856
"31 DOW ROAD, Boston, MA",SAM,-71.1673523267321,42.281266041501645
"34 DOW ROAD, Boston, MA",SAM,-71.16757188565033,42.28129563193431
"35 DOW ROAD, Boston, MA",SAM,-71.16739923833235,42.28131429344435
"38 DOW ROAD, Boston, MA",SAM,-71.16761586527556,42.28134086813063
"39 DOW ROAD, Boston, MA",SAM,-71.16744614993262,42.28136254538707
"44 DOW ROAD, Boston, MA",SAM,-71.1676818347134,42.28140872242506
"47 DOW ROAD, Boston, MA",SAM,-71.1675399731331,42.281459049272534
"5 DOW ROAD, Boston, MA",SAM,-71.1668996420394,42.28074886392711
"50 DOW ROAD, Boston, MA",SAM,-71.16774780415129,42.28147657671951
"51 DOW ROAD, Boston, MA",SAM,-71.16758688473337,42.28150730121523
"9 DOW ROAD, Boston, MA",SAM,-71.1671078642878,42.280990642935
"11 DOWNER AVENUE, Boston, MA",SAM,-71.06006884019025,42.31128051742362
"15 DOWNER AVENUE, Boston, MA",SAM,-71.06034700327761,42.31134901655213
"19 DOWNER AVENUE, Boston, MA",SAM,-71.06048051680634,42.31137959217827
"22 DOWNER AVENUE, Boston, MA",SAM,-71.06053303220214,42.311271658149124
"23 DOWNER AVENUE, Boston, MA",SAM,-71.06061403033506,42.311410167804404
"24 DOWNER AVENUE, Boston, MA",SAM,-71.06060312680474,42.31128771035285
"27 DOWNER AVENUE, Boston, MA",SAM,-71.06074754386376,42.31144074343055
"28 DOWNER AVENUE, Boston, MA",SAM,-71.06074331600989,42.3113198147603
"31 DOWNER AVENUE, Boston, MA",SAM,-71.06087741190882,42.31147110987594
"35 DOWNER AVENUE, Boston, MA",SAM,-71.06099395230726,42.31150342382738
"39 DOWNER AVENUE, Boston, MA",SAM,-71.06111375015236,42.31155666732665
"43 DOWNER AVENUE, Boston, MA",SAM,-71.06121569487634,42.31161439904219
"51 DOWNER AVENUE, Boston, MA",SAM,-71.06144239805522,42.311743999261985
"55 DOWNER AVENUE, Boston, MA",SAM,-71.06155845816484,42.311801593013875
"58 DOWNER AVENUE, Boston, MA",SAM,-71.06170283469862,42.31173523707807
"59 DOWNER AVENUE, Boston, MA",SAM,-71.06167451827446,42.31185918676576
"60 DOWNER AVENUE, Boston, MA",SAM,-71.06176376625618,42.311765473797806
"62 DOWNER AVENUE, Boston, MA",SAM,-71.0618246978137,42.31179571051758
"64 DOWNER AVENUE, Boston, MA",SAM,-71.06188562937126,42.311825947237324
"68 DOWNER AVENUE, Boston, MA",SAM,-71.06200749248636,42.31188642067683
"72 DOWNER AVENUE, Boston, MA",SAM,-71.06213027805121,42.311951475322644
"76 DOWNER AVENUE, Boston, MA",SAM,-71.06224736491131,42.31201690622991
"10 DOWNER COURT, Boston, MA",SAM,-71.06410686066039,42.309592594556676
"12 DOWNER COURT, Boston, MA",SAM,-71.06413379631626,42.30961024916014
"16 DOWNER COURT, Boston, MA",SAM,-71.06416874231198,42.30963872368157
"17 DOWNER COURT, Boston, MA",SAM,-71.06463148193961,42.31018874600031
"21 DOWNER COURT, Boston, MA",SAM,-71.06459747684654,42.31016070055643
"5 DOWNER COURT, Boston, MA",SAM,-71.06473349721882,42.31027288233195
"9 DOWNER COURT, Boston, MA",SAM,-71.06469949212575,42.31024483688807
"3 DOWNEY COURT, Boston, MA",SAM,-71.0735842523502,42.3201280612514
"4 DOWNEY COURT, Boston, MA",SAM,-71.07343586009604,42.320161116484115
"5 DOWNEY COURT, Boston, MA",SAM,-71.07358186195383,42.3201222180585
"11 DRACUT STREET, Boston, MA",SAM,-71.06344584339021,42.286958790400995
"12 DRACUT STREET, Boston, MA",SAM,-71.06348361141198,42.28707012145872
"15 DRACUT STREET, Boston, MA",SAM,-71.06327853532363,42.28700256498148
"18 DRACUT STREET, Boston, MA",SAM,-71.06324122123254,42.28713634199601
"19 DRACUT STREET, Boston, MA",SAM,-71.06311804351746,42.287048892513674
"21 DRACUT STREET, Boston, MA",SAM,-71.06303779761437,42.287072056279776
"22 DRACUT STREET, Boston, MA",SAM,-71.06307738584707,42.287183634685135
"24 DRACUT STREET, Boston, MA",SAM,-71.06299546815433,42.28720728102969
"25 DRACUT STREET, Boston, MA",SAM,-71.06287966180531,42.28711591525291
"28 DRACUT STREET, Boston, MA",SAM,-71.06282605028788,42.28725051275798
"29 DRACUT STREET, Boston, MA",SAM,-71.06271660506196,42.28715705205457
"30 DRACUT STREET, Boston, MA",SAM,-71.06274282340847,42.28727150966718
"31 DRACUT STREET, Boston, MA",SAM,-71.06263507669028,42.28717762045539
"33 DRACUT STREET, Boston, MA",SAM,-71.0625535483186,42.28719818885624
"34 DRACUT STREET, Boston, MA",SAM,-71.06257636964962,42.287313503485535
"37 DRACUT STREET, Boston, MA",SAM,-71.06239049157524,42.28723932565791
"38 DRACUT STREET, Boston, MA",SAM,-71.06240991589078,42.2873554973039
"39 DRACUT STREET, Boston, MA",SAM,-71.06230896320356,42.28725989405874
"40 DRACUT STREET, Boston, MA",SAM,-71.06232668901136,42.287376494213085
"41 DRACUT STREET, Boston, MA",SAM,-71.06222743483188,42.28728046245958
"44 DRACUT STREET, Boston, MA",SAM,-71.06216023525252,42.28741848803146
"45 DRACUT STREET, Boston, MA",SAM,-71.06206437808854,42.28732159926125
"47 DRACUT STREET, Boston, MA",SAM,-71.06198284971687,42.287342167662075
"48 DRACUT STREET, Boston, MA",SAM,-71.06199378149365,42.28746048184984
"49 DRACUT STREET, Boston, MA",SAM,-71.06190132134519,42.28736273606291
"54 DRACUT STREET, Boston, MA",SAM,-71.06174410085542,42.287523472577384
"58 DRACUT STREET, Boston, MA",SAM,-71.06157764709657,42.287565466395755
"59 DRACUT STREET, Boston, MA",SAM,-71.0614936794868,42.28746557806707
"6 DRACUT STREET, Boston, MA",SAM,-71.0637232639442,42.287015036742176
"61 DRACUT STREET, Boston, MA",SAM,-71.0614121511151,42.28748614646792
"62 DRACUT STREET, Boston, MA",SAM,-71.06141119333773,42.28760746021414
"63 DRACUT STREET, Boston, MA",SAM,-71.06133062274343,42.287506714868734
"64 DRACUT STREET, Boston, MA",SAM,-71.06132796645831,42.28762845712331
"65 DRACUT STREET, Boston, MA",SAM,-71.06124909437177,42.28752728326958
"67 DRACUT STREET, Boston, MA",SAM,-71.0611675660001,42.28754785167042
"69 DRACUT STREET, Boston, MA",SAM,-71.06108603762841,42.28756842007125
"9 DRACUT STREET, Boston, MA",SAM,-71.06352803839434,42.28693973069016
"1 DRAKE PLACE, Boston, MA",SAM,-71.0360064506884,42.37236517143403
"3 DRAKE PLACE, Boston, MA",SAM,-71.03640429568733,42.372630401493
"4 DRAKE PLACE, Boston, MA",SAM,,
"5 DRAKE PLACE, Boston, MA",SAM,,
"6 DRAKE PLACE, Boston, MA",SAM,-71.03630081791346,42.37271965377477
"7 DRAKE PLACE, Boston, MA",SAM,-71.03642119168805,42.37279192253152
"10 DRAPER STREET, Boston, MA",SAM,-71.06337903833087,42.3017123842715
"101 DRAPER STREET, Boston, MA",SAM,-71.0648806492756,42.30465709542594
"102 DRAPER STREET, Boston, MA",SAM,-71.06502713152587,42.30461839354835
"105 DRAPER STREET, Boston, MA",SAM,-71.06493667749584,42.30474451299954
"106 DRAPER STREET, Boston, MA",SAM,-71.06508277287773,42.30470458641571
"107 DRAPER STREET, Boston, MA",SAM,-71.0649650600339,42.30478731946096
"109 DRAPER STREET, Boston, MA",SAM,-71.06499344257196,42.304830125922365
"11 DRAPER STREET, Boston, MA",SAM,-71.06321634749148,42.30172330471687
"110 DRAPER STREET, Boston, MA",SAM,-71.06514046852887,42.304791602829056
"111 DRAPER STREET, Boston, MA",SAM,-71.06502182511002,42.30487293238375
"114 DRAPER STREET, Boston, MA",SAM,-71.06519816418005,42.304878619242416
"117 DRAPER STREET, Boston, MA",SAM,-71.06510697272425,42.30500135176798
"118 DRAPER STREET, Boston, MA",SAM,-71.0652558598312,42.30496563565575
"12 DRAPER STREET, Boston, MA",SAM,-71.06342061400369,42.30178254323722
"122 DRAPER STREET, Boston, MA",SAM,-71.06531355548235,42.305052652069094
"125 DRAPER STREET, Boston, MA",SAM,-71.0652151853204,42.305171187377454
"126 DRAPER STREET, Boston, MA",SAM,-71.06536799594669,42.305143970901874
"129 DRAPER STREET, Boston, MA",SAM,-71.06526601102271,42.30525881792115
"130 DRAPER STREET, Boston, MA",SAM,-71.06541965485725,42.30523303801185
"133 DRAPER STREET, Boston, MA",SAM,-71.06531833438434,42.30534842612298
"134 DRAPER STREET, Boston, MA",SAM,-71.06547139492717,42.30531959917586
"137 DRAPER STREET, Boston, MA",SAM,-71.0653737905037,42.30543450728488
"138 DRAPER STREET, Boston, MA",SAM,-71.06552776016325,42.30540709150433
"14 DRAPER STREET, Boston, MA",SAM,-71.06346218967653,42.30185270220297
"141 DRAPER STREET, Boston, MA",SAM,-71.06542924662307,42.30552058844676
"142 DRAPER STREET, Boston, MA",SAM,-71.06558412539931,42.30549458383281
"147 DRAPER STREET, Boston, MA",SAM,-71.06551243080213,42.30564971018957
"148 DRAPER STREET, Boston, MA",SAM,-71.06566867325344,42.305625822325524
"150 DRAPER STREET, Boston, MA",SAM,-71.06569685587148,42.30566956848975
"151 DRAPER STREET, Boston, MA",SAM,-71.06556788692149,42.305735791351466
"16 DRAPER STREET, Boston, MA",SAM,-71.06350376534935,42.30192286116871
"20 DRAPER STREET, Boston, MA",SAM,-71.06360563252551,42.30208503492551
"22 DRAPER STREET, Boston, MA",SAM,-71.06364408565972,42.30214467653622
"28 DRAPER STREET, Boston, MA",SAM,-71.06378487142507,42.302372663855934
"3 DRAPER STREET, Boston, MA",SAM,-71.06310209750798,42.301532035967455
"31 DRAPER STREET, Boston, MA",SAM,-71.06369313049115,42.302513137462746
"35 DRAPER STREET, Boston, MA",SAM,-71.06371934388704,42.302562386886216
"36 DRAPER STREET, Boston, MA",SAM,-71.06385826893357,42.302510562241594
"39 DRAPER STREET, Boston, MA",SAM,-71.06379272012677,42.30269471684931
"40 DRAPER STREET, Boston, MA",SAM,-71.06393482973037,42.30264906286549
"42 DRAPER STREET, Boston, MA",SAM,-71.06397358286551,42.302715047950265
"43 DRAPER STREET, Boston, MA",SAM,-71.06384204229873,42.3027786978663
"44 DRAPER STREET, Boston, MA",SAM,-71.06401233600063,42.30278103303506
"46 DRAPER STREET, Boston, MA",SAM,-71.06405108913576,42.30284701811982
"47 DRAPER STREET, Boston, MA",SAM,-71.06389136447073,42.302862678883294
"50 DRAPER STREET, Boston, MA",SAM,-71.06412859540605,42.30297898828937
"6 DRAPER STREET, Boston, MA",SAM,-71.06329588698522,42.30157206633999
"60 DRAPER STREET, Boston, MA",SAM,-71.06434910291453,42.30337849082059
"63 DRAPER STREET, Boston, MA",SAM,-71.0641214951264,42.3032604085369
"65 DRAPER STREET, Boston, MA",SAM,-71.06419623224058,42.30340378181442
"68 DRAPER STREET, Boston, MA",SAM,-71.06451177595224,42.303699758719965
"69 DRAPER STREET, Boston, MA",SAM,-71.06434261524109,42.30368964372446
"72 DRAPER STREET, Boston, MA",SAM,-71.0645886877369,42.303860736918054
"73 DRAPER STREET, Boston, MA",SAM,-71.06448105645346,42.30397940448101
"77 DRAPER STREET, Boston, MA",SAM,-71.06456138664969,42.304133140638854
"8 DRAPER STREET, Boston, MA",SAM,-71.06333746265804,42.301642225305734
"80 DRAPER STREET, Boston, MA",SAM,-71.06472998809923,42.30413576239531
"81 DRAPER STREET, Boston, MA",SAM,-71.0646097845942,42.304221519517085
"85 DRAPER STREET, Boston, MA",SAM,-71.06466494031824,42.304310653680304
"88 DRAPER STREET, Boston, MA",SAM,-71.06483529200231,42.30431028756966
"89 DRAPER STREET, Boston, MA",SAM,-71.06471886755757,42.30439726411671
"9 DRAPER STREET, Boston, MA",SAM,-71.0631872445205,42.301674193440846
"92 DRAPER STREET, Boston, MA",SAM,-71.06489010329477,42.304398317849305
"93 DRAPER STREET, Boston, MA",SAM,-71.06477279479692,42.30448387455313
"95 DRAPER STREET, Boston, MA",SAM,-71.06479975841657,42.304527179771334
"96 DRAPER STREET, Boston, MA",SAM,-71.0649449145872,42.30448634812891
"97 DRAPER STREET, Boston, MA",SAM,-71.06482672203626,42.30457048498954
"98 DRAPER STREET, Boston, MA",SAM,-71.06497232023342,42.304530363268746
"99 DRAPER STREET, Boston, MA",SAM,-71.06485368565592,42.30461379020776
"11 DRAYTON AVENUE, Boston, MA",SAM,-71.0707665408308,42.31174021723007
"12 DRAYTON AVENUE, Boston, MA",SAM,-71.07090564526982,42.31179076509532
"16 DRAYTON AVENUE, Boston, MA",SAM,-71.0708793461788,42.31183248089597
"1 DRAYTON AVENUE, Boston, MA",SAM,-71.07083094676806,42.31163805608556
"2 DRAYTON AVENUE, Boston, MA",SAM,-71.07097139299745,42.311686475593625
"22 DRAYTON AVENUE, Boston, MA",SAM,-71.07083337588426,42.311896564798765
"25 DRAYTON AVENUE, Boston, MA",SAM,-71.07067113950218,42.31187735047198
"26 DRAYTON AVENUE, Boston, MA",SAM,-71.07080366265653,42.31193700780464
"3 DRAYTON AVENUE, Boston, MA",SAM,-71.0708180655806,42.31165848831446
"30 DRAYTON AVENUE, Boston, MA",SAM,-71.07077394942878,42.31197745081049
"4 DRAYTON AVENUE, Boston, MA",SAM,-71.07095824345193,42.311707333493956
"6 DRAYTON AVENUE, Boston, MA",SAM,-71.0709450939064,42.311728191394295
"7 DRAYTON AVENUE, Boston, MA",SAM,-71.0707923032057,42.31169935277227
"10 DRESDEN STREET, Boston, MA",SAM,-71.1071450857136,42.31734240471023
"12 DRESDEN STREET, Boston, MA",SAM,-71.10715697647355,42.31732286148052
"13 DRESDEN STREET, Boston, MA",SAM,-71.10730874050289,42.31735272607022
"14 DRESDEN STREET, Boston, MA",SAM,-71.10716886723351,42.317303318250836
"3 DRESDEN STREET, Boston, MA",SAM,-71.10725050004592,42.31744844801163
"4 DRESDEN STREET, Boston, MA",SAM,-71.10710941343369,42.31740103439934
"5 DRESDEN STREET, Boston, MA",SAM,-71.10726214813732,42.31742930362334
"8 DRESDEN STREET, Boston, MA",SAM,-71.10713319495363,42.317361947939936
"109 DRESSER STREET, Boston, MA",SAM,-71.04469302237258,42.337613324985035
"74 DRESSER STREET, Boston, MA",SAM,-71.04554221949147,42.33831353776862
"79 DRESSER STREET, Boston, MA",SAM,-71.04501760191124,42.33782281461489
"81 DRESSER STREET, Boston, MA",SAM,-71.04499596327534,42.337808848639554
"99 DRESSER STREET, Boston, MA",SAM,-71.04480121555216,42.337683154861644
"10 DRIFTWOOD ROAD, Boston, MA",SAM,-71.12768389137011,42.30798198078292
"14 DRIFTWOOD ROAD, Boston, MA",SAM,-71.1277278445334,42.30803007714115
"15 DRIFTWOOD ROAD, Boston, MA",SAM,-71.1276121257644,42.308109629330545
"19 DRIFTWOOD ROAD, Boston, MA",SAM,-71.12764083329556,42.3081444301307
"2 DRIFTWOOD ROAD, Boston, MA",SAM,-71.12759824799345,42.30789633738676
"4 DRIFTWOOD ROAD, Boston, MA",SAM,-71.1276196588376,42.3079177482358
"5 DRIFTWOOD ROAD, Boston, MA",SAM,-71.12751561303763,42.308006421590925
"6 DRIFTWOOD ROAD, Boston, MA",SAM,-71.12764106968179,42.307939159084846
"9 DRIFTWOOD ROAD, Boston, MA",SAM,-71.12755756081393,42.308048369376806
"15 DRISCOLL DRIVE, Boston, MA",SAM,-71.07011390144166,42.278787429662344
"19 DRISCOLL DRIVE, Boston, MA",SAM,-71.07021048259087,42.278754817844955
"25 DRISCOLL DRIVE, Boston, MA",SAM,-71.07035535431466,42.27870590011889
"29 DRISCOLL DRIVE, Boston, MA",SAM,-71.07044882588937,42.27867479031637
"3 DRISCOLL DRIVE, Boston, MA",SAM,-71.06985017888758,42.278884059078614
"33 DRISCOLL DRIVE, Boston, MA",SAM,-71.07054738031206,42.27864558900555
"41 DRISCOLL DRIVE, Boston, MA",SAM,-71.07074448915748,42.27858718638395
"45 DRISCOLL DRIVE, Boston, MA",SAM,-71.07084304358017,42.278557985073135
"49 DRISCOLL DRIVE, Boston, MA",SAM,-71.07094159800285,42.27852878376232
"7 DRISCOLL DRIVE, Boston, MA",SAM,-71.0699188830463,42.27885134606399
"19 DROMEY STREET, Boston, MA",SAM,-71.07522278103434,42.318809143258925
"15 DRUID STREET, Boston, MA",SAM,-71.07558568658536,42.27762324988323
"18 DRUID STREET, Boston, MA",SAM,-71.07542237130464,42.277622125130755
"19 DRUID STREET, Boston, MA",SAM,-71.0755582623262,42.27756070330947
"20 DRUID STREET, Boston, MA",SAM,-71.07540837350567,42.277590200317064
"21 DRUID STREET, Boston, MA",SAM,-71.0755445501966,42.27752943002258
"24 DRUID STREET, Boston, MA",SAM,-71.07538037790776,42.277526350689655
"27 DRUID STREET, Boston, MA",SAM,-71.07550341380782,42.277435610161945
"31 DRUID STREET, Boston, MA",SAM,-71.07547598954864,42.27737306358819
"32 DRUID STREET, Boston, MA",SAM,-71.07532438671193,42.277398651434915
"35 DRUID STREET, Boston, MA",SAM,-71.0754496745437,42.277313069102874
"36 DRUID STREET, Boston, MA",SAM,-71.07529613324738,42.2773320615361
"40 DRUID STREET, Boston, MA",SAM,-71.07527220445488,42.2772673130189
"5 DRUID STREET, Boston, MA",SAM,-71.07565424723333,42.27777961631763
"6 DRUID STREET, Boston, MA",SAM,-71.07550635809838,42.277813674012904
"9 DRUID STREET, Boston, MA",SAM,-71.07562682297412,42.277717069743865
"20 DRUMLIN ROAD, Boston, MA",SAM,-71.00636216850633,42.39111238132951
"24 DRUMLIN ROAD, Boston, MA",SAM,-71.00636187875952,42.391128607100086
"10 DRUMMOND STREET, Boston, MA",SAM,-71.08380650063648,42.300802880963765
"11 DRUMMOND STREET, Boston, MA",SAM,-71.08390938972335,42.300889755717186
"15 DRUMMOND STREET, Boston, MA",SAM,-71.08394455891428,42.30087217112095
"3 DRUMMOND STREET, Boston, MA",SAM,-71.08383905134144,42.30092492490973
"5 DRUMMOND STREET, Boston, MA",SAM,-71.08385663593693,42.30091613261161
"8 DRUMMOND STREET, Boston, MA",SAM,-71.08378854969529,42.30081185643478
"9 DRUMMOND STREET, Boston, MA",SAM,-71.08389180512788,42.30089854801535
"11 DRURY ROAD, Boston, MA",SAM,-71.13358564330696,42.25095230497839
"12 DRURY ROAD, Boston, MA",SAM,-71.13368132316151,42.25086221420107
"15 DRURY ROAD, Boston, MA",SAM,-71.13360635583473,42.25096414071124
"16 DRURY ROAD, Boston, MA",SAM,-71.13370246720028,42.25087429651169
"27 DRY DOCK AVENUE, Boston, MA",SAM,-71.0313729030613,42.344654856667795
"11 DUDLEY STREET, Boston, MA",SAM,-71.08962016622652,42.32946570177081
"114 DUDLEY STREET, Boston, MA",SAM,-71.08605771026217,42.32873081527448
"13 DUDLEY STREET, Boston, MA",SAM,-71.089512557462,42.329453403621066
"135 DUDLEY STREET, Boston, MA",SAM,-71.08434003935061,42.328697700565314
"140 DUDLEY STREET, Boston, MA",SAM,-71.08391509014011,42.32875712667553
"150 DUDLEY STREET, Boston, MA",SAM,-71.08351352433799,42.32871250823379
"17 DUDLEY STREET, Boston, MA",SAM,-71.08929733993291,42.32942880732161
"171 DUDLEY STREET, Boston, MA",SAM,-71.08267948049688,42.32853816375857
"182 DUDLEY STREET, Boston, MA",SAM,-71.08220091412034,42.328607963566824
"185 DUDLEY STREET, Boston, MA",SAM,-71.08214434126786,42.32848701071961
"190 DUDLEY STREET, Boston, MA",SAM,-71.08189512027519,42.32857873325886
"208 DUDLEY STREET, Boston, MA",SAM,-71.0806549334475,42.32856175648298
"235 DUDLEY STREET, Boston, MA",SAM,-71.08007440450649,42.32846403760554
"250 DUDLEY STREET, Boston, MA",SAM,-71.07953343325246,42.32857862896364
"256 DUDLEY STREET, Boston, MA",SAM,-71.07933487932509,42.328573761331256
"258 DUDLEY STREET, Boston, MA",SAM,-71.07916943647393,42.328554040437915
"272 DUDLEY STREET, Boston, MA",SAM,-71.07866308216451,42.32840964280618
"276 DUDLEY STREET, Boston, MA",SAM,-71.0785238895963,42.32835560133552
"282 DUDLEY STREET, Boston, MA",SAM,-71.07832928337824,42.32826956488198
"291 DUDLEY STREET, Boston, MA",SAM,-71.07824202984071,42.328097471785945
"3 DUDLEY STREET, Boston, MA",SAM,-71.09005260163744,42.32951893507876
"30 DUDLEY STREET, Boston, MA",SAM,-71.08864270935952,42.32946240598405
"301 DUDLEY STREET, Boston, MA",SAM,-71.07786810739509,42.327924177905416
"304 DUDLEY STREET, Boston, MA",SAM,-71.07756538790836,42.3278966922404
"316 DUDLEY STREET, Boston, MA",SAM,-71.0771548793528,42.327612340140846
"320 DUDLEY STREET, Boston, MA",SAM,-71.07701863040167,42.327509543867116
"334 DUDLEY STREET, Boston, MA",SAM,-71.07681255136872,42.32735600800771
"34 DUDLEY STREET, Boston, MA",SAM,-71.08860454158244,42.329458664043386
"349 DUDLEY STREET, Boston, MA",SAM,-71.07653036359658,42.3269581755312
"350 DUDLEY STREET, Boston, MA",SAM,-71.07651242017427,42.327113634063814
"36 DUDLEY STREET, Boston, MA",SAM,-71.08844695339955,42.32943955325669
"367 DUDLEY STREET, Boston, MA",SAM,-71.07627392321689,42.32674849603377
"387 DUDLEY STREET, Boston, MA",SAM,-71.07551078387408,42.32613881473373
"424 DUDLEY STREET, Boston, MA",SAM,-71.07436761314845,42.32442722049853
"429 DUDLEY STREET, Boston, MA",SAM,-71.07482296651354,42.32487173752743
"430 DUDLEY STREET, Boston, MA",SAM,-71.07434283746828,42.32439603638308
"431 DUDLEY STREET, Boston, MA",SAM,-71.07479120915289,42.3248056303504
"432 DUDLEY STREET, Boston, MA",SAM,-71.07433403591646,42.32438530278081
