FULL_ADDRESS,Source,Longitude,Latitude
"70 WESTVILLE STREET, Boston, MA",SAM,-71.06908840766842,42.30063043473598
"72 WESTVILLE STREET, Boston, MA",SAM,-71.06905844188151,42.3006375694471
"74 WESTVILLE STREET, Boston, MA",SAM,-71.06902847609459,42.30064470415817
"79 WESTVILLE STREET, Boston, MA",SAM,-71.06923994509336,42.30046917719726
"85 WESTVILLE STREET, Boston, MA",SAM,-71.0689884921006,42.300533841537636
"87 WESTVILLE STREET, Boston, MA",SAM,-71.06893605197351,42.30054632728205
"89 WESTVILLE STREET, Boston, MA",SAM,-71.0688836118464,42.300558813026484
"9 WESTVILLE STREET, Boston, MA",SAM,-71.07189210375421,42.299915657562856
"10 WESTVILLE TERRACE, Boston, MA",SAM,-71.06869279596643,42.30117620814805
"11 WESTVILLE TERRACE, Boston, MA",SAM,-71.06883725611073,42.30113387037579
"3 WESTVILLE TERRACE, Boston, MA",SAM,-71.06885261141382,42.30117048687837
"4 WESTVILLE TERRACE, Boston, MA",SAM,-71.06870455237038,42.3012042426578
"6 WESTVILLE TERRACE, Boston, MA",SAM,-71.06870063356904,42.301194897821205
"14 WESTWOOD STREET, Boston, MA",SAM,-71.07257715696666,42.3086335459054
"15 WESTWOOD STREET, Boston, MA",SAM,-71.0729159610766,42.308380889147635
"34 WESTWOOD STREET, Boston, MA",SAM,-71.07274631332976,42.30838140174138
"46 WILROSE STREET, Boston, MA",SAM,-71.07228389069886,42.307047166389786
"10 WEYANOKE STREET, Boston, MA",SAM,-71.0604969954715,42.2826112156082
"14 WEYANOKE STREET, Boston, MA",SAM,-71.06054723881994,42.2825978173819
"15 WEYANOKE STREET, Boston, MA",SAM,-71.06062129206808,42.2826998775531
"18 WEYANOKE STREET, Boston, MA",SAM,-71.06059748216838,42.2825844191556
"19 WEYANOKE STREET, Boston, MA",SAM,-71.06067051004206,42.28268675276
"2 WEYANOKE STREET, Boston, MA",SAM,-71.06039650877463,42.28263801206077
"22 WEYANOKE STREET, Boston, MA",SAM,-71.0606477255168,42.282571020929325
"25 WEYANOKE STREET, Boston, MA",SAM,-71.06074433700302,42.28266706557035
"28 BUSHNELL STREET, Boston, MA",SAM,-71.06304517644791,42.28476337126916
"5 WEYANOKE STREET, Boston, MA",SAM,-71.06049824713313,42.28273268953581
"6 WEYANOKE STREET, Boston, MA",SAM,-71.06044675212306,42.28262461383448
"9 WEYANOKE STREET, Boston, MA",SAM,-71.0605474651071,42.28271956474275
"10 WEYBOSSET STREET, Boston, MA",SAM,-71.10669145300245,42.27153227845457
"15 WEYBOSSET STREET, Boston, MA",SAM,-71.10692283889831,42.27148675066373
"18 WEYBOSSET STREET, Boston, MA",SAM,-71.10683738249543,42.27137696167713
"21 WEYBOSSET STREET, Boston, MA",SAM,-71.10703005240335,42.271372640378274
"22 WEYBOSSET STREET, Boston, MA",SAM,-71.10691034724191,42.27129930328842
"25 WEYBOSSET STREET, Boston, MA",SAM,-71.10710152807336,42.27129656685464
"26 WEYBOSSET STREET, Boston, MA",SAM,-71.10698331198839,42.27122164489972
"29 WEYBOSSET STREET, Boston, MA",SAM,-71.10717300374338,42.271220493330986
"32 WEYBOSSET STREET, Boston, MA",SAM,-71.1070927591081,42.27110515731663
"33 WEYBOSSET STREET, Boston, MA",SAM,-71.1072444794134,42.27114441980736
"36 WEYBOSSET STREET, Boston, MA",SAM,-71.10716572385459,42.27102749892791
"40 WEYBOSSET STREET, Boston, MA",SAM,-71.10723868860107,42.2709498405392
"41 WEYBOSSET STREET, Boston, MA",SAM,-71.10738743075346,42.27099227276007
"44 WEYBOSSET STREET, Boston, MA",SAM,-71.10731103471765,42.270872284760145
"49 WEYBOSSET STREET, Boston, MA",SAM,-71.10752949611056,42.270839255004766
"52 WEYBOSSET STREET, Boston, MA",SAM,-71.1074556967814,42.270716320965576
"53 WEYBOSSET STREET, Boston, MA",SAM,-71.10760035099892,42.27076286457476
"55 WEYBOSSET STREET, Boston, MA",SAM,-71.1076357784431,42.27072466935977
"56 WEYBOSSET STREET, Boston, MA",SAM,-71.10752802781326,42.2706383390683
"61 WEYBOSSET STREET, Boston, MA",SAM,-71.10774206077564,42.270610083714786
"64 WEYBOSSET STREET, Boston, MA",SAM,-71.10767268987699,42.27048237527371
"9 WEYBOSSET STREET, Boston, MA",SAM,-71.10681562539328,42.27160086094919
"10 WEYMOUTH AVENUE, Boston, MA",SAM,-71.15207263983368,42.266274344055034
"15 WEYMOUTH AVENUE, Boston, MA",SAM,-71.15203841729505,42.266408277030735
"17 WEYMOUTH AVENUE, Boston, MA",SAM,-71.15206322537706,42.266425695475206
"18 WEYMOUTH AVENUE, Boston, MA",SAM,-71.15217393950192,42.26634546936994
"21 WEYMOUTH AVENUE, Boston, MA",SAM,-71.1521128415411,42.266460532364135
"22 WEYMOUTH AVENUE, Boston, MA",SAM,-71.15222458933602,42.26638103202739
"25 WEYMOUTH AVENUE, Boston, MA",SAM,-71.15216245770513,42.26649536925306
"29 WEYMOUTH AVENUE, Boston, MA",SAM,-71.15221207386915,42.266530206141994
"32 WEYMOUTH AVENUE, Boston, MA",SAM,-71.15235527834885,42.26647503388219
"36 WEYMOUTH AVENUE, Boston, MA",SAM,-71.15240084440318,42.26651418219118
"40 WEYMOUTH AVENUE, Boston, MA",SAM,-71.1524464104575,42.26655333050017
"5 WEYMOUTH AVENUE, Boston, MA",SAM,-71.15191437688495,42.2663211848084
"9 WEYMOUTH AVENUE, Boston, MA",SAM,-71.151963993049,42.26635602169734
"1 WHARTON COURT, Boston, MA",SAM,-71.14256659275813,42.251153580933185
"2 WHARTON COURT, Boston, MA",SAM,-71.14250302564449,42.25125806646125
"5 WHARTON COURT, Boston, MA",SAM,-71.14254315049295,42.25114576684283
"6 WHARTON COURT, Boston, MA",SAM,-71.14247909499878,42.25125008957735
"9 WHARTON COURT, Boston, MA",SAM,-71.14251970822778,42.251137952752444
"100 WHEATLAND AVENUE, Boston, MA",SAM,-71.07667496267837,42.29270557281272
"101 WHEATLAND AVENUE, Boston, MA",SAM,-71.07710644214117,42.29273256381481
"102 WHEATLAND AVENUE, Boston, MA",SAM,-71.07668854472298,42.292702667562615
"103 WHEATLAND AVENUE, Boston, MA",SAM,-71.07724497899653,42.29270293026356
"109 WHEATLAND AVENUE, Boston, MA",SAM,-71.0775399684795,42.2926404081183
"11 WHEATLAND AVENUE, Boston, MA",SAM,-71.07253135327502,42.2938179368847
"115 WHEATLAND AVENUE, Boston, MA",SAM,-71.07756428238932,42.292635377654335
"117 WHEATLAND AVENUE, Boston, MA",SAM,-71.0775723870259,42.29263370083303
"12 WHEATLAND AVENUE, Boston, MA",SAM,-71.07247827585851,42.29371028157208
"14 WHEATLAND AVENUE, Boston, MA",SAM,-71.07258272734224,42.29368210396242
"15 WHEATLAND AVENUE, Boston, MA",SAM,-71.07274025624247,42.29376158166535
"18 WHEATLAND AVENUE, Boston, MA",SAM,-71.07279163030971,42.29362574874304
"19 WHEATLAND AVENUE, Boston, MA",SAM,-71.07294915920994,42.29370522644598
"21 WHEATLAND AVENUE, Boston, MA",SAM,-71.07305361069366,42.2936770488363
"22 WHEATLAND AVENUE, Boston, MA",SAM,-71.07300053327717,42.293569393523676
"25 WHEATLAND AVENUE, Boston, MA",SAM,-71.07326358248305,42.29361928665541
"26 WHEATLAND AVENUE, Boston, MA",SAM,-71.07320737735066,42.2935125036085
"29 WHEATLAND AVENUE, Boston, MA",SAM,-71.0734707919777,42.293559610320315
"30 WHEATLAND AVENUE, Boston, MA",SAM,-71.0734145868453,42.293452827273434
"34 WHEATLAND AVENUE, Boston, MA",SAM,-71.07362179633996,42.293393150938364
"37 WHEATLAND AVENUE, Boston, MA",SAM,-71.07388521096699,42.29344025765015
"38 WHEATLAND AVENUE, Boston, MA",SAM,-71.07382900583463,42.29333347460326
"41 WHEATLAND AVENUE, Boston, MA",SAM,-71.07409242046165,42.293380581315084
"42 WHEATLAND AVENUE, Boston, MA",SAM,-71.07403621532927,42.2932737982682
"43 WHEATLAND AVENUE, Boston, MA",SAM,-71.07419602520899,42.293350743147556
"46 WHEATLAND AVENUE, Boston, MA",SAM,-71.0742434248239,42.293214121933126
"47 WHEATLAND AVENUE, Boston, MA",SAM,-71.07440118276301,42.29329450059197
"50 WHEATLAND AVENUE, Boston, MA",SAM,-71.07445690990023,42.29315960991815
"51 WHEATLAND AVENUE, Boston, MA",SAM,-71.07461183712545,42.29324183700157
"54 WHEATLAND AVENUE, Boston, MA",SAM,-71.07466756426268,42.29310694632775
"57 WHEATLAND AVENUE, Boston, MA",SAM,-71.07492638025789,42.29316824103999
"58 WHEATLAND AVENUE, Boston, MA",SAM,-71.07488355812416,42.293058114732034
"66 WHEATLAND AVENUE, Boston, MA",SAM,-71.0752244805637,42.29299019113147
"67 WHEATLAND AVENUE, Boston, MA",SAM,-71.07532736770193,42.29308860869332
"7 WHEATLAND AVENUE, Boston, MA",SAM,-71.07232245030757,42.29387429210404
"71 WHEATLAND AVENUE, Boston, MA",SAM,-71.07545401251316,42.29306386200698
"72 WHEATLAND AVENUE, Boston, MA",SAM,-71.07541444778055,42.292953071102
"74 WHEATLAND AVENUE, Boston, MA",SAM,-71.07547777018617,42.29294069775882
"75 WHEATLAND AVENUE, Boston, MA",SAM,-71.07558065732438,42.293039115320646
"76 WHEATLAND AVENUE, Boston, MA",SAM,-71.07554109259176,42.29292832441565
"8 WHEATLAND AVENUE, Boston, MA",SAM,-71.07226937289106,42.293766636791425
"81 WHEATLAND AVENUE, Boston, MA",SAM,-71.07585702125192,42.292985173634975
"82 WHEATLAND AVENUE, Boston, MA",SAM,-71.07581760964398,42.29287435289762
"84 WHEATLAND AVENUE, Boston, MA",SAM,-71.07593139032308,42.29285221179333
"85 WHEATLAND AVENUE, Boston, MA",SAM,-71.07608458261014,42.292940891426376
"87 WHEATLAND AVENUE, Boston, MA",SAM,-71.07619836328924,42.29291875032207
"91 WHEATLAND AVENUE, Boston, MA",SAM,-71.07642592464747,42.29287446811348
"95 WHEATLAND AVENUE, Boston, MA",SAM,-71.07669083157509,42.292821464468545
"96 WHEATLAND AVENUE, Boston, MA",SAM,-71.07664779858908,42.292711383312955
"97 WHEATLAND AVENUE, Boston, MA",SAM,-71.07682936843047,42.2927918309173
"98 WHEATLAND AVENUE, Boston, MA",SAM,-71.07666138063372,42.292708478062835
"99 WHEATLAND AVENUE, Boston, MA",SAM,-71.07696790528581,42.29276219736607
"3 WHEELOCK AVENUE, Boston, MA",SAM,-71.06606286527835,42.315101781954525
"5 WHEELOCK AVENUE, Boston, MA",SAM,-71.06607719856783,42.315099041766956
"11 WHIPPLE AVENUE, Boston, MA",SAM,-71.12206602792251,42.291490184990394
"15 WHIPPLE AVENUE, Boston, MA",SAM,-71.1219016572445,42.29143739439416
"21 WHIPPLE AVENUE, Boston, MA",SAM,-71.12159517090005,42.29133897365789
"23 WHIPPLE AVENUE, Boston, MA",SAM,-71.12156691654577,42.29132990435669
"29 WHIPPLE AVENUE, Boston, MA",SAM,-71.12148215348296,42.291302696453
"30 WHIPPLE AVENUE, Boston, MA",SAM,-71.1218913300585,42.29155900352055
"33 WHIPPLE AVENUE, Boston, MA",SAM,-71.1214256447744,42.29128455785057
"8 WHIPPLE AVENUE, Boston, MA",SAM,-71.1217218227968,42.29150456321818
"10 WHITBY STREET, Boston, MA",SAM,-71.00754800501898,42.38744305311475
"12 WHITBY STREET, Boston, MA",SAM,-71.00756164699486,42.38746329605168
"16 WHITBY STREET, Boston, MA",SAM,-71.0075889309466,42.38750378192553
"21 WHITBY STREET, Boston, MA",SAM,-71.00748818157028,42.38761144205165
"30 WHITBY STREET, Boston, MA",SAM,-71.00768442477771,42.38764548248398
"32 WHITBY STREET, Boston, MA",SAM,-71.00769806675359,42.387665725420916
"34 WHITBY STREET, Boston, MA",SAM,-71.00771170872946,42.387685968357836
"36 WHITBY STREET, Boston, MA",SAM,-71.00772535070531,42.387706211294756
"38 WHITBY STREET, Boston, MA",SAM,-71.00772327543525,42.387709761394255
"40 WHITBY STREET, Boston, MA",SAM,-71.00774562631621,42.38772521385862
"9 WHITBY STREET, Boston, MA",SAM,-71.00740800016105,42.387492463157095
"11 WHITBY TERRACE, Boston, MA",SAM,-71.06022898718682,42.31455863783692
"14 WHITBY TERRACE, Boston, MA",SAM,-71.06016401818161,42.314453279283455
"15 WHITBY TERRACE, Boston, MA",SAM,-71.06026883224756,42.31453804394375
"16 WHITBY TERRACE, Boston, MA",SAM,-71.06017321872096,42.314447838744805
"18 WHITBY TERRACE, Boston, MA",SAM,-71.06018906084327,42.314438295297144
"19 WHITBY TERRACE, Boston, MA",SAM,-71.06029986987494,42.31451934657691
"23 WHITBY TERRACE, Boston, MA",SAM,-71.06033090750232,42.314500649210075
"25 WHITBY TERRACE, Boston, MA",SAM,-71.06034642631603,42.31449130052667
"5 WHITBY TERRACE, Boston, MA",SAM,-71.06017849984948,42.31458267942716
"7 WHITBY TERRACE, Boston, MA",SAM,-71.06019532896192,42.31457466556376
"100 WHITCOMB AVENUE, Boston, MA",SAM,-71.13053756706562,42.30342975455528
"103 WHITCOMB AVENUE, Boston, MA",SAM,-71.13045603143033,42.30353090884079
"107 WHITCOMB AVENUE, Boston, MA",SAM,-71.130566631811,42.30355665204027
"108 WHITCOMB AVENUE, Boston, MA",SAM,-71.13075139446828,42.30347952474097
"109 WHITCOMB AVENUE, Boston, MA",SAM,-71.13062193200135,42.303569523640036
"112 WHITCOMB AVENUE, Boston, MA",SAM,-71.1308583081696,42.30350440983381
"115 WHITCOMB AVENUE, Boston, MA",SAM,-71.13078783257237,42.303608138439266
"116 WHITCOMB AVENUE, Boston, MA",SAM,-71.13096444124675,42.30352863622232
"123 WHITCOMB AVENUE, Boston, MA",SAM,-71.13101054231365,42.303658533281094
"124 WHITCOMB AVENUE, Boston, MA",SAM,-71.13117912684123,42.303576344146244
"139 WHITCOMB AVENUE, Boston, MA",SAM,-71.13145110162039,42.30376086849255
"143 WHITCOMB AVENUE, Boston, MA",SAM,-71.13156125732992,42.303787635308055
"73 WHITCOMB AVENUE, Boston, MA",SAM,-71.12969689326651,42.3033538777427
"75 WHITCOMB AVENUE, Boston, MA",SAM,-71.12971143987411,42.30335730047489
"76 WHITCOMB AVENUE, Boston, MA",SAM,-71.12980205208515,42.303258370259144
"77 WHITCOMB AVENUE, Boston, MA",SAM,-71.12972598648174,42.30336072320707
"82 WHITCOMB AVENUE, Boston, MA",SAM,-71.13005645540964,42.30331777163749
"83 WHITCOMB AVENUE, Boston, MA",SAM,-71.12990302952691,42.30340219284334
"86 WHITCOMB AVENUE, Boston, MA",SAM,-71.13016336911097,42.303342656730344
"87 WHITCOMB AVENUE, Boston, MA",SAM,-71.1300136299076,42.303427936042816
"90 WHITCOMB AVENUE, Boston, MA",SAM,-71.13027028281229,42.30336754182319
"91 WHITCOMB AVENUE, Boston, MA",SAM,-71.13012423028829,42.30345367924232
"94 WHITCOMB AVENUE, Boston, MA",SAM,-71.13037719651362,42.303392426916034
"95 WHITCOMB AVENUE, Boston, MA",SAM,-71.13023483066895,42.3034794224418
"99 WHITCOMB AVENUE, Boston, MA",SAM,-71.13034543104965,42.30350516564131
"100 WHITE STREET, Boston, MA",SAM,-71.03334290754434,42.38057953037904
"104 WHITE STREET, Boston, MA",SAM,-71.03329634027786,42.38057888360987
"106 WHITE STREET, Boston, MA",SAM,-71.03327305664459,42.38057856022529
"108 WHITE STREET, Boston, MA",SAM,-71.03324977301133,42.380578236840705
"110 WHITE STREET, Boston, MA",SAM,-71.03322648937808,42.380577913456136
"114 WHITE STREET, Boston, MA",SAM,-71.0331799221116,42.38057726668696
"116 WHITE STREET, Boston, MA",SAM,-71.03315663847836,42.38057694330239
"118 WHITE STREET, Boston, MA",SAM,-71.0331333548451,42.380576619917804
"17 WHITE STREET, Boston, MA",SAM,-71.0385582346225,42.38049623321231
"19 WHITE STREET, Boston, MA",SAM,-71.03844847024699,42.38049709749535
"21 WHITE STREET, Boston, MA",SAM,-71.03833870587145,42.38049796177839
"23 WHITE STREET, Boston, MA",SAM,-71.03822894149592,42.38049882606143
"24 WHITE STREET, Boston, MA",SAM,-71.03839524155946,42.38061211451083
"25 WHITE STREET, Boston, MA",SAM,-71.03811917712038,42.38049969034448
"26 WHITE STREET, Boston, MA",SAM,-71.03835033795129,42.38061246808115
"29 WHITE STREET, Boston, MA",SAM,-71.03789964836935,42.380501418910555
"31 WHITE STREET, Boston, MA",SAM,-71.03774535046564,42.380502026364596
"32 WHITE STREET, Boston, MA",SAM,-71.03821562712679,42.38061352879217
"33 WHITE STREET, Boston, MA",SAM,-71.03758850814953,42.38050202635959
"35 WHITE STREET, Boston, MA",SAM,-71.03743233961633,42.380501541304625
"36 WHITE STREET, Boston, MA",SAM,-71.03812581991045,42.38061423593283
"37 WHITE STREET, Boston, MA",SAM,-71.03727550317912,42.38050053914972
"38 WHITE STREET, Boston, MA",SAM,-71.03808091630225,42.380614589503175
"39 WHITE STREET, Boston, MA",SAM,-71.0371186667419,42.380499536994826
"41 WHITE STREET, Boston, MA",SAM,-71.03696183030472,42.380498534839916
"42 WHITE STREET, Boston, MA",SAM,-71.03799110908594,42.38061529664383
"43 WHITE STREET, Boston, MA",SAM,-71.03680499386752,42.38049753268503
"44 WHITE STREET, Boston, MA",SAM,-71.03794620547777,42.380615650214175
"46 WHITE STREET, Boston, MA",SAM,-71.0379013018696,42.3806160037845
"48 WHITE STREET, Boston, MA",SAM,-71.037745350459,42.38061661773998
"50 WHITE STREET, Boston, MA",SAM,-71.03765309027305,42.38061661773705
"52 WHITE STREET, Boston, MA",SAM,-71.03756083008709,42.38061661773409
"57 WHITE STREET, Boston, MA",SAM,-71.03580769180817,42.38049022317227
"58 WHITE STREET, Boston, MA",SAM,-71.03728338699554,42.380615185180176
"59 WHITE STREET, Boston, MA",SAM,-71.03570010534342,42.38048919116423
"60 WHITE STREET, Boston, MA",SAM,-71.03719113026779,42.38061459567729
"63 WHITE STREET, Boston, MA",SAM,-71.03548493241391,42.380487127148164
"68 WHITE STREET, Boston, MA",SAM,-71.03682210335671,42.38061223766575
"70 WHITE STREET, Boston, MA",SAM,-71.03672984662894,42.38061164816287
"74 WHITE STREET, Boston, MA",SAM,-71.03654533317342,42.380610469157105
"75 WHITE STREET, Boston, MA",SAM,-71.03483941362535,42.38048093509996
"79 WHITE STREET, Boston, MA",SAM,-71.03462424069585,42.380478871083916
"80 WHITE STREET, Boston, MA",SAM,-71.03626856299012,42.38060870064845
"81 WHITE STREET, Boston, MA",SAM,-71.03451665423111,42.380477839075866
"82 WHITE STREET, Boston, MA",SAM,-71.03617630626236,42.380608111145555
"85 WHITE STREET, Boston, MA",SAM,-71.03430148130158,42.38047577505981
"87 WHITE STREET, Boston, MA",SAM,-71.03414654033912,42.38047416147557
"88 WHITE STREET, Boston, MA",SAM,-71.03414418097441,42.38058873958862
"89 WHITE STREET, Boston, MA",SAM,-71.03403889222442,42.3804729519426
"90 WHITE STREET, Boston, MA",SAM,-71.03401500323677,42.38058728814906
"91 WHITE STREET, Boston, MA",SAM,-71.03393124410972,42.3804717424096
"92 WHITE STREET, Boston, MA",SAM,-71.03388582549915,42.38058583670947
"11 WHITE OAK ROAD, Boston, MA",SAM,-71.14892748991532,42.27967517732916
"12 WHITE OAK ROAD, Boston, MA",SAM,-71.14881732324871,42.279939446416
"15 WHITE OAK ROAD, Boston, MA",SAM,-71.14889899102698,42.27970004908752
"16 WHITE OAK ROAD, Boston, MA",SAM,-71.14855442279331,42.27996576627075
"20 WHITE OAK ROAD, Boston, MA",SAM,-71.14839623216471,42.27987604263653
"24 WHITE OAK ROAD, Boston, MA",SAM,-71.14827399750477,42.27979245626013
"28 WHITE OAK ROAD, Boston, MA",SAM,-71.14808487167356,42.27967004045394
"32 WHITE OAK ROAD, Boston, MA",SAM,-71.14805729403706,42.27964998398654
"36 WHITE OAK ROAD, Boston, MA",SAM,-71.1480165733972,42.2795926373114
"8 WHITE OAK ROAD, Boston, MA",SAM,-71.14894232091649,42.27983943912262
"1 WHITE STREET PLACE, Boston, MA",SAM,-71.03774764412184,42.38061826334985
"2 WHITE STREET PLACE, Boston, MA",SAM,-71.03790270728656,42.38061492345269
"4 WHITE STREET PLACE, Boston, MA",SAM,-71.03790317558942,42.3806267871439
"10 WHITFIELD STREET, Boston, MA",SAM,-71.07317399335419,42.28991671461903
"11 WHITFIELD STREET, Boston, MA",SAM,-71.07299523338456,42.289960031169194
"116 WHITFIELD STREET, Boston, MA",SAM,-71.07520045889287,42.293458505179395
"119 WHITFIELD STREET, Boston, MA",SAM,-71.07509664113454,42.29361341965587
"12 WHITFIELD STREET, Boston, MA",SAM,-71.07328500274319,42.28997927241047
"123 WHITFIELD STREET, Boston, MA",SAM,-71.0751324035686,42.29371304361029
"124 WHITFIELD STREET, Boston, MA",SAM,-71.07525977790638,42.293621369652826
"125 WHITFIELD STREET, Boston, MA",SAM,-71.07515028478566,42.293762855587495
"129 WHITFIELD STREET, Boston, MA",SAM,-71.07520776258417,42.29392335180134
"133 WHITFIELD STREET, Boston, MA",SAM,-71.07522659093351,42.293976163041584
"134 WHITFIELD STREET, Boston, MA",SAM,-71.07535755657818,42.29389413078053
"139 WHITFIELD STREET, Boston, MA",SAM,-71.07525483345755,42.294055379901955
"140 WHITFIELD STREET, Boston, MA",SAM,-71.07538844683884,42.29398077422156
"144 WHITFIELD STREET, Boston, MA",SAM,-71.07540904034595,42.29403853651558
"145 WHITFIELD STREET, Boston, MA",SAM,-71.07528307598157,42.294134596762326
"147 WHITFIELD STREET, Boston, MA",SAM,-71.07529249015624,42.29416100238246
"148 WHITFIELD STREET, Boston, MA",SAM,-71.07542963385305,42.29409629880959
"15 WHITFIELD STREET, Boston, MA",SAM,-71.07313889259386,42.29004098831103
"152 WHITFIELD STREET, Boston, MA",SAM,-71.07545022736015,42.29415406110362
"158 WHITFIELD STREET, Boston, MA",SAM,-71.07548111762081,42.29424070454465
"18 WHITFIELD STREET, Boston, MA",SAM,-71.0736189178269,42.290163902992916
"24 WHITFIELD STREET, Boston, MA",SAM,-71.07395874468307,42.29037151906178
"30 WHITFIELD STREET, Boston, MA",SAM,-71.07411020849251,42.2906267771765
"34 WHITFIELD STREET, Boston, MA",SAM,-71.07418399724403,42.29076209823304
"43 WHITFIELD STREET, Boston, MA",SAM,-71.0741435392916,42.291045910799504
"5 WHITFIELD STREET, Boston, MA",SAM,-71.07277974457062,42.289838595456416
"63 WHITFIELD STREET, Boston, MA",SAM,-71.07436634013516,42.29161044034461
"7 WHITFIELD STREET, Boston, MA",SAM,-71.07285157417525,42.28987907402736
"70 WHITFIELD STREET, Boston, MA",SAM,-71.07462189482585,42.29186062534523
"71 WHITFIELD STREET, Boston, MA",SAM,-71.07445654089344,42.29184837365688
"76 WHITFIELD STREET, Boston, MA",SAM,-71.07470446279366,42.29209383213257
"77 WHITFIELD STREET, Boston, MA",SAM,-71.07453977465977,42.292077473509494
"82 WHITFIELD STREET, Boston, MA",SAM,-71.07474675208668,42.292223519339984
"85 WHITFIELD STREET, Boston, MA",SAM,-71.07463844967674,42.29238007699349
"86 WHITFIELD STREET, Boston, MA",SAM,-71.07477494494866,42.29230997747826
"87 WHITFIELD STREET, Boston, MA",SAM,-71.07467742882464,42.29249263622472
"88 WHITFIELD STREET, Boston, MA",SAM,-71.07478904137965,42.292353206547425
"9 WHITFIELD STREET, Boston, MA",SAM,-71.07292340377992,42.289919552598256
"91 WHITFIELD STREET, Boston, MA",SAM,-71.07474641155312,42.29268077099658
"92 WHITFIELD STREET, Boston, MA",SAM,-71.07487867588716,42.29260374040039
"94 WHITFIELD STREET, Boston, MA",SAM,-71.07493041293353,42.292744841479276
"10 WHITFORD STREET, Boston, MA",SAM,-71.12944845120155,42.28130574294874
"103 WHITFORD STREET, Boston, MA",SAM,-71.12596142878358,42.2784811115648
"105 WHITFORD STREET, Boston, MA",SAM,-71.12586240502408,42.278408808486134
"11 WHITFORD STREET, Boston, MA",SAM,-71.12955925998708,42.28122567952937
"110 WHITFORD STREET, Boston, MA",SAM,-71.12610217986366,42.27874487755724
"128 WHITFORD STREET, Boston, MA",SAM,-71.12564368993813,42.27840322637994
"129 WHITFORD STREET, Boston, MA",SAM,-71.12553963019819,42.278137784821936
"130 WHITFORD STREET, Boston, MA",SAM,-71.12561722134816,42.27838043397791
"133 WHITFORD STREET, Boston, MA",SAM,-71.1254993519091,42.27810310073188
"134 WHITFORD STREET, Boston, MA",SAM,-71.12556428416823,42.27833484917384
"137 WHITFORD STREET, Boston, MA",SAM,-71.1254528394402,42.278066942745866
"15 WHITFORD STREET, Boston, MA",SAM,-71.12941245243962,42.281119181823634
"25 WHITFORD STREET, Boston, MA",SAM,-71.1290123838949,42.280828596129695
"28 WHITFORD STREET, Boston, MA",SAM,-71.12860399919498,42.28068008981443
"3 WHITFORD STREET, Boston, MA",SAM,-71.12983392811094,42.281419803513664
"31 WHITFORD STREET, Boston, MA",SAM,-71.1287947065957,42.280661394688536
"32 WHITFORD STREET, Boston, MA",SAM,-71.12841930330475,42.28053822192494
"35 WHITFORD STREET, Boston, MA",SAM,-71.12864958839623,42.280549927061095
"36 WHITFORD STREET, Boston, MA",SAM,-71.1282320743036,42.28039986841225
"40 WHITFORD STREET, Boston, MA",SAM,-71.12804343480876,42.280260870858626
"41 WHITFORD STREET, Boston, MA",SAM,-71.12842895114666,42.28038320934447
"45 WHITFORD STREET, Boston, MA",SAM,-71.1282807344007,42.2802739969809
"49 WHITFORD STREET, Boston, MA",SAM,-71.12813251765478,42.28016478461735
"53 WHITFORD STREET, Boston, MA",SAM,-71.12795276218444,42.28002936639857
"57 WHITFORD STREET, Boston, MA",SAM,-71.12782228807153,42.27992575457984
"61 WHITFORD STREET, Boston, MA",SAM,-71.12769087468388,42.2798215951312
"64 WHITFORD STREET, Boston, MA",SAM,-71.12722558757343,42.27962864738687
"65 WHITFORD STREET, Boston, MA",SAM,-71.12755827708307,42.279719470248075
"69 WHITFORD STREET, Boston, MA",SAM,-71.12742567948224,42.279617345364954
"7 WHITFORD STREET, Boston, MA",SAM,-71.12970107509626,42.28133311524219
"70 WHITFORD STREET, Boston, MA",SAM,-71.1270399509323,42.27948567255052
"74 WHITFORD STREET, Boston, MA",SAM,-71.12691619317154,42.27939035599292
"77 WHITFORD STREET, Boston, MA",SAM,-71.12716048428061,42.27941309559872
"89 WHITFORD STREET, Boston, MA",SAM,-71.12664237540997,42.27900013950249
"90 WHITFORD STREET, Boston, MA",SAM,-71.12652039483754,42.27907122985993
"93 WHITFORD STREET, Boston, MA",SAM,-71.12645497361089,42.27884796357141
"94 WHITFORD STREET, Boston, MA",SAM,-71.12643793804594,42.279004272450244
"97 WHITFORD STREET, Boston, MA",SAM,-71.12625850006208,42.27869802080082
"98 WHITFORD STREET, Boston, MA",SAM,-71.12635548125434,42.27893731504057
"11 WHITING STREET, Boston, MA",SAM,-71.08213774038626,42.324022507349625
"17 WHITING STREET, Boston, MA",SAM,-71.08185196698145,42.32408050728624
"19 WHITING STREET, Boston, MA",SAM,-71.08175950674898,42.324100369113495
"2 WHITING STREET, Boston, MA",SAM,-71.08263937289975,42.32407013430755
"20 WHITING STREET, Boston, MA",SAM,-71.08169420997699,42.32423372618514
"24 WHITING STREET, Boston, MA",SAM,-71.08148516945147,42.324278631185884
"28 WHITING STREET, Boston, MA",SAM,-71.08127612892594,42.32432353618664
"29 WHITING STREET, Boston, MA",SAM,-71.08129720558676,42.32419967824976
"30 WHITING STREET, Boston, MA",SAM,-71.08117160866317,42.324345988687
"32 WHITING STREET, Boston, MA",SAM,-71.08106708840039,42.32436844118737
"36 WHITING STREET, Boston, MA",SAM,-71.08086531736242,42.3244153738542
"38 WHITING STREET, Boston, MA",SAM,-71.08076347415559,42.324443766506015
"39 WHITING STREET, Boston, MA",SAM,-71.08083021813903,42.32430269161789
"4 WHITING STREET, Boston, MA",SAM,-71.08253236293305,42.32408483796559
"43 WHITING STREET, Boston, MA",SAM,-71.08065003400387,42.324352924771105
"5 WHITING STREET, Boston, MA",SAM,-71.08242172837481,42.32398348610329
"59 WHITING STREET, Boston, MA",SAM,-71.07995926505289,42.32459935907304
"65 WHITING STREET, Boston, MA",SAM,-71.07985056623575,42.3246837223385
"67 WHITING STREET, Boston, MA",SAM,-71.0798143332967,42.32471184342696
"7 WHITING STREET, Boston, MA",SAM,-71.08232706571197,42.323996493185405
"10 WHITMAN STREET, Boston, MA",SAM,-71.07730432108129,42.287882867239816
"11 WHITMAN STREET, Boston, MA",SAM,-71.0774378694253,42.287812306911334
"12 WHITMAN STREET, Boston, MA",SAM,-71.07728743125243,42.287839993046134
"13 WHITMAN STREET, Boston, MA",SAM,-71.07742132428683,42.2877703077012
"14 WHITMAN STREET, Boston, MA",SAM,-71.0772705414236,42.28779711885247
"15 WHITMAN STREET, Boston, MA",SAM,-71.07740477914834,42.28772830849106
"16 WHITMAN STREET, Boston, MA",SAM,-71.07725365159473,42.28775424465878
"17 WHITMAN STREET, Boston, MA",SAM,-71.07738823400987,42.28768630928093
"19 WHITMAN STREET, Boston, MA",SAM,-71.07737168887142,42.28764431007079
"20 WHITMAN STREET, Boston, MA",SAM,-71.07721987193702,42.287668496271415
"21 WHITMAN STREET, Boston, MA",SAM,-71.07735514373294,42.28760231086066
"22 WHITMAN STREET, Boston, MA",SAM,-71.07720298210816,42.28762562207775
"23 WHITMAN STREET, Boston, MA",SAM,-71.07733859859448,42.28756031165052
"24 WHITMAN STREET, Boston, MA",SAM,-71.07718609227932,42.287582747884066
"25 WHITMAN STREET, Boston, MA",SAM,-71.07732205345602,42.2875183124404
"28 WHITMAN STREET, Boston, MA",SAM,-71.07715240650974,42.287495627413314
"29 WHITMAN STREET, Boston, MA",SAM,-71.07729094735966,42.28743525708355
"32 WHITMAN STREET, Boston, MA",SAM,-71.0771212718722,42.287409332958156
"33 WHITMAN STREET, Boston, MA",SAM,-71.07726044812287,42.28735072373972
"36 WHITMAN STREET, Boston, MA",SAM,-71.07709013723466,42.28732303850298
"4 WHITMAN STREET, Boston, MA",SAM,-71.07735499056785,42.28801148982085
"6 WHITMAN STREET, Boston, MA",SAM,-71.077338100739,42.287968615627186
"7 WHITMAN STREET, Boston, MA",SAM,-71.07747095970223,42.28789630533161
"8 WHITMAN STREET, Boston, MA",SAM,-71.07732121091014,42.2879257414335
"1 WHITNEY STREET, Boston, MA",SAM,-71.10193815927944,42.333126257883904
"2 WHITNEY STREET, Boston, MA",SAM,-71.10208095384526,42.3331708487277
"3 WHITNEY STREET, Boston, MA",SAM,-71.10194133642607,42.33312069787724
"4 WHITNEY STREET, Boston, MA",SAM,-71.10208419718244,42.33316517288755
"6 WHITNEY STREET, Boston, MA",SAM,-71.10208744051958,42.33315949704742
"11 WHITRIDGE STREET, Boston, MA",SAM,-71.04996666465769,42.28028192824041
"12 WHITRIDGE STREET, Boston, MA",SAM,-71.05010262130139,42.28022077029557
"15 WHITRIDGE STREET, Boston, MA",SAM,-71.05002541425523,42.28041527006134
"16 WHITRIDGE STREET, Boston, MA",SAM,-71.05015685169913,42.28034385505335
"19 WHITRIDGE STREET, Boston, MA",SAM,-71.0500841638528,42.28054861188224
"20 WHITRIDGE STREET, Boston, MA",SAM,-71.05021108209687,42.28046693981112
"23 WHITRIDGE STREET, Boston, MA",SAM,-71.05014291345036,42.28068195370318
"24 WHITRIDGE STREET, Boston, MA",SAM,-71.0502653124946,42.280590024568895
"27 WHITRIDGE STREET, Boston, MA",SAM,-71.0502204218233,42.280857623085176
"28 WHITRIDGE STREET, Boston, MA",SAM,-71.05031954289234,42.28071310932668
"31 WHITRIDGE STREET, Boston, MA",SAM,-71.05023124393017,42.28088207303719
"32 WHITRIDGE STREET, Boston, MA",SAM,-71.05037334286463,42.28083490462806
"36 WHITRIDGE STREET, Boston, MA",SAM,-71.05038480156601,42.28086079281257
"8 WHITRIDGE STREET, Boston, MA",SAM,-71.05004839090363,42.2800976855378
"10 WHITTEMORE STREET, Boston, MA",SAM,-71.16055540038276,42.286892877909324
"14 WHITTEMORE STREET, Boston, MA",SAM,-71.16059714893775,42.28692309068615
"23 WHITTEMORE STREET, Boston, MA",SAM,-71.16058851619532,42.28707714643194
"26 WHITTEMORE STREET, Boston, MA",SAM,-71.16072239460273,42.28701372901666
"27 WHITTEMORE STREET, Boston, MA",SAM,-71.160629412739,42.28710674262149
"9 WHITTEMORE STREET, Boston, MA",SAM,-71.16044537829248,42.286973559768505
"10 WHITTEMORE TERRACE, Boston, MA",SAM,-71.06555918492279,42.313927777376456
"11 WHITTEMORE TERRACE, Boston, MA",SAM,-71.06563614213697,42.31402774029846
"15 WHITTEMORE TERRACE, Boston, MA",SAM,-71.06566293515657,42.314018640782166
"6 WHITTEMORE TERRACE, Boston, MA",SAM,-71.06553183371531,42.31393706646601
"7 WHITTEMORE TERRACE, Boston, MA",SAM,-71.06560934911737,42.31403683981477
"10 WHITTEN STREET, Boston, MA",SAM,-71.06149156015273,42.292941235818795
"11 WHITTEN STREET, Boston, MA",SAM,-71.06152759068628,42.29281168671579
"12 WHITTEN STREET, Boston, MA",SAM,-71.06129379978665,42.29298970649646
"15 WHITTEN STREET, Boston, MA",SAM,-71.0612450758776,42.29288093054099
"17 WHITTEN STREET, Boston, MA",SAM,-71.06109990294038,42.29291432877693
"18 WHITTEN STREET, Boston, MA",SAM,-71.06076833967488,42.29310501972042
"19 WHITTEN STREET, Boston, MA",SAM,-71.06098745238256,42.29293852699769
"21 WHITTEN STREET, Boston, MA",SAM,-71.0608750018247,42.292962725218445
"25 WHITTEN STREET, Boston, MA",SAM,-71.060650100709,42.293011121659966
"27 WHITTEN STREET, Boston, MA",SAM,-71.06053765015116,42.29303531988072
"29 WHITTEN STREET, Boston, MA",SAM,-71.06038496149533,42.29307318510645
"3 WHITTEN STREET, Boston, MA",SAM,-71.06211714639893,42.292671043843065
"32 WHITTEN STREET, Boston, MA",SAM,-71.05989527414118,42.29332337102346
"33 WHITTEN STREET, Boston, MA",SAM,-71.0600862836493,42.29315546042242
"34 WHITTEN STREET, Boston, MA",SAM,-71.05978617647557,42.29335028178083
"37 WHITTEN STREET, Boston, MA",SAM,-71.05978081018561,42.29323081054305
"38 WHITTEN STREET, Boston, MA",SAM,-71.05956798114438,42.293404103295565
"39 WHITTEN STREET, Boston, MA",SAM,-71.05962807345378,42.29326848560336
"40 WHITTEN STREET, Boston, MA",SAM,-71.05945888347878,42.29343101405293
"41 WHITTEN STREET, Boston, MA",SAM,-71.05947533672195,42.29330616066367
"42 WHITTEN STREET, Boston, MA",SAM,-71.05934978581318,42.2934579248103
"43 WHITTEN STREET, Boston, MA",SAM,-71.0593225999901,42.29334383572398
"44 WHITTEN STREET, Boston, MA",SAM,-71.05924068814757,42.29348483556765
"45 WHITTEN STREET, Boston, MA",SAM,-71.05916986325825,42.29338151078429
"46 WHITTEN STREET, Boston, MA",SAM,-71.05913159048197,42.293511746325024
"47 WHITTEN STREET, Boston, MA",SAM,-71.05901712652641,42.2934191858446
"49 WHITTEN STREET, Boston, MA",SAM,-71.05886438979458,42.29345686090489
"5 WHITTEN STREET, Boston, MA",SAM,-71.0619513628993,42.292707820977974
"50 WHITTEN STREET, Boston, MA",SAM,-71.05891339515075,42.293565567839735
"51 WHITTEN STREET, Boston, MA",SAM,-71.05871690860891,42.29349389389373
"55 WHITTEN STREET, Boston, MA",SAM,-71.05857201778696,42.293530921548175
"58 WHITTEN STREET, Boston, MA",SAM,-71.05854070938287,42.2936601601062
"62 WHITTEN STREET, Boston, MA",SAM,-71.05838951895996,42.29369879765865
"63 WHITTEN STREET, Boston, MA",SAM,-71.05828223614304,42.29360497685705
"64 WHITTEN STREET, Boston, MA",SAM,-71.05831392374853,42.29371811643488
"65 WHITTEN STREET, Boston, MA",SAM,-71.05820979073206,42.29362349068427
"67 WHITTEN STREET, Boston, MA",SAM,-71.05813734532109,42.29364200451147
"68 WHITTEN STREET, Boston, MA",SAM,-71.05816273332559,42.29375675398735
"69 WHITTEN STREET, Boston, MA",SAM,-71.0580648999101,42.293660518338704
"7 WHITTEN STREET, Boston, MA",SAM,-71.06181010549496,42.292742442890564
"70 WHITTEN STREET, Boston, MA",SAM,-71.05808713811415,42.293776072763556
"71 WHITTEN STREET, Boston, MA",SAM,-71.05799245449911,42.29367903216592
"74 WHITTEN STREET, Boston, MA",SAM,-71.05793180083036,42.29381261113817
"8 WHITTEN STREET, Boston, MA",SAM,-71.06168932051882,42.29289276514114
"9 WHITTEN STREET, Boston, MA",SAM,-71.06166884809063,42.29277706480319
"14 WICHITA TERRACE, Boston, MA",SAM,-71.07079974064017,42.272123743348445
"15 WICHITA TERRACE, Boston, MA",SAM,-71.07065287383685,42.27216158364673
"9 WICHITA TERRACE, Boston, MA",SAM,-71.07064110744818,42.27212651518293
"100 WIDETT CIRCLE, Boston, MA",SAM,-71.06185790252223,42.33795826469609
"11 WIGET STREET, Boston, MA",SAM,-71.05603639650887,42.36402819086254
"13 WIGET STREET, Boston, MA",SAM,-71.05609859104625,42.36404496242776
"16 WIGET STREET, Boston, MA",SAM,-71.0562761509557,42.36397085916044
"3 WIGET STREET, Boston, MA",SAM,-71.05578518704951,42.36395227023344
"7 WIGET STREET, Boston, MA",SAM,-71.05591200743409,42.36399464773212
"8 WIGET STREET, Boston, MA",SAM,-71.05599183307051,42.36389418914805
"9 WIGET STREET, Boston, MA",SAM,-71.05597420197148,42.36401141929735
"3 WIGGIN STREET, Boston, MA",SAM,-71.05433428949124,42.365745068515764
"11 WIGGLESWORTH STREET, Boston, MA",SAM,-71.10296306449392,42.33407599991027
"13 WIGGLESWORTH STREET, Boston, MA",SAM,-71.10295251316708,42.33409382801463
"15 WIGGLESWORTH STREET, Boston, MA",SAM,-71.10294196184023,42.33411165611898
"25 WIGGLESWORTH STREET, Boston, MA",SAM,-71.10288920520603,42.334200796640715
"33 WIGGLESWORTH STREET, Boston, MA",SAM,-71.10284699989867,42.3342721090581
"35 WIGGLESWORTH STREET, Boston, MA",SAM,-71.10283644857182,42.33428993716244
"37 WIGGLESWORTH STREET, Boston, MA",SAM,-71.102825897245,42.3343077652668
"1 WILBERT ROAD, Boston, MA",SAM,-71.08939820132584,42.29383351471944
"21 WILBERT ROAD, Boston, MA",SAM,-71.09014906140511,42.2941891114851
"26 WILBERT ROAD, Boston, MA",SAM,-71.09024027735639,42.29409623061751
"27 WILBERT ROAD, Boston, MA",SAM,-71.09037450294939,42.29429547367436
"35 WILBERT ROAD, Boston, MA",SAM,-71.09072562489506,42.294464176345464
"42 WILBERT ROAD, Boston, MA",SAM,-71.0908148335959,42.2943704913228
"43 WILBERT ROAD, Boston, MA",SAM,-71.09077673071707,42.294490802914304
"14 WILBUR STREET, Boston, MA",SAM,-71.0650020806318,42.31615879285201
"18 WILBUR STREET, Boston, MA",SAM,-71.0650214869507,42.31612498829585
"2 WILBUR STREET, Boston, MA",SAM,-71.06494386167508,42.31626020652043
"6 WILBUR STREET, Boston, MA",SAM,-71.06496326799399,42.31622640196429
"9 WILBUR STREET, Boston, MA",SAM,-71.0651245324911,42.316238753202704
"11 WILCOCK STREET, Boston, MA",SAM,-71.09109063123279,42.286742607545726
"15 WILCOCK STREET, Boston, MA",SAM,-71.09120237562095,42.28676466236603
"16 WILCOCK STREET, Boston, MA",SAM,-71.09125045233948,42.28665555153205
"20 WILCOCK STREET, Boston, MA",SAM,-71.09136452473571,42.28667806582777
"23 WILCOCK STREET, Boston, MA",SAM,-71.09142586439728,42.28680877200664
"24 WILCOCK STREET, Boston, MA",SAM,-71.09147859713197,42.286700580123515
"28 WILCOCK STREET, Boston, MA",SAM,-71.09159266952821,42.286723094419244
"31 WILCOCK STREET, Boston, MA",SAM,-71.0916493531736,42.28685288164728
"32 WILCOCK STREET, Boston, MA",SAM,-71.09170674192445,42.28674560871498
"35 WILCOCK STREET, Boston, MA",SAM,-71.09176109756177,42.28687493646758
"36 WILCOCK STREET, Boston, MA",SAM,-71.09182081432073,42.2867681230107
"39 WILCOCK STREET, Boston, MA",SAM,-71.09187284194992,42.286896991287875
"40 WILCOCK STREET, Boston, MA",SAM,-71.09193488671697,42.286790637306446
"43 WILCOCK STREET, Boston, MA",SAM,-71.09198458633809,42.2869190461082
"44 WILCOCK STREET, Boston, MA",SAM,-71.09204895911321,42.286813151602175
"47 WILCOCK STREET, Boston, MA",SAM,-71.09209633072625,42.286941100928516
"48 WILCOCK STREET, Boston, MA",SAM,-71.09215992026655,42.28683445838421
"51 WILCOCK STREET, Boston, MA",SAM,-71.09221250425968,42.286960358263656
"55 WILCOCK STREET, Boston, MA",SAM,-71.09232545278908,42.28697875379592
"59 WILCOCK STREET, Boston, MA",SAM,-71.0924384013185,42.28699714932821
"7 WILCOCK STREET, Boston, MA",SAM,-71.09097888684464,42.286720552725406
"8 WILCOCK STREET, Boston, MA",SAM,-71.09102230754698,42.28661052294057
"10 WILCOX ROAD, Boston, MA",SAM,-71.05863221481052,42.2852532161593
"11 WILCOX ROAD, Boston, MA",SAM,-71.05849577322373,42.28531122810333
"14 WILCOX ROAD, Boston, MA",SAM,-71.05865310063558,42.285296346248806
"15 WILCOX ROAD, Boston, MA",SAM,-71.05851623280745,42.28535347798693
"17 WILCOX ROAD, Boston, MA",SAM,-71.0585264625993,42.285374602928734
"18 WILCOX ROAD, Boston, MA",SAM,-71.05867398646062,42.285339476338315
"21 WILCOX ROAD, Boston, MA",SAM,-71.05854692218304,42.285416852812325
"22 WILCOX ROAD, Boston, MA",SAM,-71.05869487228568,42.2853826064278
"25 WILCOX ROAD, Boston, MA",SAM,-71.05856738176675,42.28545910269591
"26 WILCOX ROAD, Boston, MA",SAM,-71.05871575811074,42.28542573651731
"29 WILCOX ROAD, Boston, MA",SAM,-71.05858784135047,42.28550135257953
"30 WILCOX ROAD, Boston, MA",SAM,-71.0587366439358,42.285468866606806
"8 WILCUTT ROAD, Boston, MA",SAM,-71.07462237056218,42.30355123349001
"24 BISHOP JOE L SMITH WAY, Boston, MA",SAM,-71.08099619339019,42.306397569491274
"12 WILDWOOD STREET, Boston, MA",SAM,-71.08708174138988,42.28374114865933
"15 WILDWOOD STREET, Boston, MA",SAM,-71.08724100002732,42.2838041521006
"16 WILDWOOD STREET, Boston, MA",SAM,-71.08719421784835,42.283691308789514
"17 WILDWOOD STREET, Boston, MA",SAM,-71.08729255173746,42.28378130882694
"20 WILDWOOD STREET, Boston, MA",SAM,-71.08730669430685,42.283641468919704
"21 WILDWOOD STREET, Boston, MA",SAM,-71.08739565515775,42.2837356222796
"28 WILDWOOD STREET, Boston, MA",SAM,-71.08763289536437,42.2834986990223
"29 WILDWOOD STREET, Boston, MA",SAM,-71.08772922880762,42.28358979737707
"32 WILDWOOD STREET, Boston, MA",SAM,-71.08779201829809,42.28343011154821
"33 WILDWOOD STREET, Boston, MA",SAM,-71.08792507241837,42.283505382024344
"36 WILDWOOD STREET, Boston, MA",SAM,-71.08795114123181,42.283361524074124
"40 WILDWOOD STREET, Boston, MA",SAM,-71.08810760548401,42.283291982978874
"41 WILDWOOD STREET, Boston, MA",SAM,-71.08831528972058,42.28333238801933
"44 WILDWOOD STREET, Boston, MA",SAM,-71.08826475092113,42.28322094462767
"46 WILDWOOD STREET, Boston, MA",SAM,-71.08834332363969,42.28318542545207
"47 WILDWOOD STREET, Boston, MA",SAM,-71.08860540437371,42.28320124029403
"48 WILDWOOD STREET, Boston, MA",SAM,-71.08842189635824,42.283149906276485
"51 WILDWOOD STREET, Boston, MA",SAM,-71.0887990155294,42.28311337820758
"53 WILDWOOD STREET, Boston, MA",SAM,-71.08889535460736,42.28306922279502
"55 WILDWOOD STREET, Boston, MA",SAM,-71.08911933942191,42.282996750368554
"59 WILDWOOD STREET, Boston, MA",SAM,-71.089276998219,42.28288260784155
"63 WILDWOOD STREET, Boston, MA",SAM,-71.08939435003352,42.28277092128155
"66 WILDWOOD STREET, Boston, MA",SAM,-71.08924118208583,42.28272998403816
"67 WILDWOOD STREET, Boston, MA",SAM,-71.08951170184805,42.282659234721564
"68 WILDWOOD STREET, Boston, MA",SAM,-71.08930912261002,42.28266532339816
"70 WILDWOOD STREET, Boston, MA",SAM,-71.08937706313422,42.28260066275815
"71 WILDWOOD STREET, Boston, MA",SAM,-71.08962905366259,42.28254754816156
"72 WILDWOOD STREET, Boston, MA",SAM,-71.08944500365841,42.28253600211815
"74 WILDWOOD STREET, Boston, MA",SAM,-71.08951294418262,42.28247134147816
"75 WILDWOOD STREET, Boston, MA",SAM,-71.08974640547713,42.28243586160154
"79 WILDWOOD STREET, Boston, MA",SAM,-71.08986375729164,42.28232417504154
"80 WILDWOOD STREET, Boston, MA",SAM,-71.08971676575523,42.28227735955816
"82 WILDWOOD STREET, Boston, MA",SAM,-71.08978470627943,42.28221269891816
"83 WILDWOOD STREET, Boston, MA",SAM,-71.08998110910616,42.28221248848154
"1 WILKINS PLACE, Boston, MA",SAM,-71.12720489934256,42.282972053916446
"3 WILKINS PLACE, Boston, MA",SAM,-71.1272102067672,42.282984698078806
"4 WILKINS PLACE, Boston, MA",SAM,-71.12735823730775,42.28295097654305
"5 WILKINS PLACE, Boston, MA",SAM,-71.12721551419185,42.28299734224118
"6 WILKINS PLACE, Boston, MA",SAM,-71.12736365530374,42.28296388412547
"11 WILKINSON PARK, Boston, MA",SAM,-71.06144822717229,42.30739504143638
"17 WILKINSON PARK, Boston, MA",SAM,-71.06143271871478,42.30736102287496
"5 WILKINSON PARK, Boston, MA",SAM,-71.06146373562979,42.307429059997816
"6 WILKINSON PARK, Boston, MA",SAM,-71.06131669151158,42.3074651967143
"11 WILLERS STREET, Boston, MA",SAM,-71.1509753803514,42.2593160822527
"16 WILLERS STREET, Boston, MA",SAM,-71.15087103170016,42.259512216329405
"19 WILLERS STREET, Boston, MA",SAM,-71.15058652413215,42.25952194731948
"2 WILLERS STREET, Boston, MA",SAM,-71.15160257330108,42.259138899828564
"23 WILLERS STREET, Boston, MA",SAM,-71.15036588834766,42.25963168464786
"24 WILLERS STREET, Boston, MA",SAM,-71.15044211350228,42.25973142725846
"27 WILLERS STREET, Boston, MA",SAM,-71.15016912746313,42.25972503996771
"31 WILLERS STREET, Boston, MA",SAM,-71.14979919620747,42.25993379751452
"35 FENSMERE ROAD, Boston, MA",SAM,-71.15088500043508,42.2608793483538
"5 WILLERS STREET, Boston, MA",SAM,-71.15131004789221,42.25914687187429
"15 WILLET STREET, Boston, MA",SAM,-71.1514537607646,42.27048114378704
"18 WILLET STREET, Boston, MA",SAM,-71.1517100045928,42.27052309764954
"119 WILLIAM F MCCLELLAN HIGHWAY, Boston, MA",SAM,-71.01829754966896,42.38712462065192
"121 WILLIAM F MCCLELLAN HIGHWAY, Boston, MA",SAM,-71.01828665828366,42.38713497639582
"150 WILLIAM F MCCLELLAN HIGHWAY, Boston, MA",SAM,-71.02048491412431,42.38491463290075
"200 WILLIAM F MCCLELLAN HIGHWAY, Boston, MA",SAM,-71.01939903340373,42.3862180198901
"220 WILLIAM F MCCLELLAN HIGHWAY, Boston, MA",SAM,-71.01891851774529,42.3868013219636
"240 WILLIAM F MCCLELLAN HIGHWAY, Boston, MA",SAM,-71.01838457522894,42.387363705347134
"290 WILLIAM F MCCLELLAN HIGHWAY, Boston, MA",SAM,-71.0164184352714,42.38834709730384
"305 WILLIAM F MCCLELLAN HIGHWAY, Boston, MA",SAM,-71.0161817179873,42.388173887797265
"310 WILLIAM F MCCLELLAN HIGHWAY, Boston, MA",SAM,-71.01570064646633,42.388738612144074
"370 WILLIAM F MCCLELLAN HIGHWAY, Boston, MA",SAM,-71.0141478568873,42.3904751145665
"375 WILLIAM F MCCLELLAN HIGHWAY, Boston, MA",SAM,-71.01473981071621,42.38928757817621
"440 WILLIAM F MCCLELLAN HIGHWAY, Boston, MA",SAM,-71.01250092364864,42.39249094806254
"2080 WILLIAM J DAY BOULEVARD, Boston, MA",SAM,,
"1870 WILLIAM J DAY BOULEVARD, Boston, MA",SAM,-71.0256297590619,42.33286505034396
"14 WILLIAM JACKSON AVENUE, Boston, MA",SAM,-71.15359272521403,42.34468310612887
"15 WILLIAM JACKSON AVENUE, Boston, MA",SAM,-71.15356524158662,42.34479855982945
"25 WILLIAM JACKSON AVENUE, Boston, MA",SAM,-71.15374223610912,42.34485181483248
"26 WILLIAM JACKSON AVENUE, Boston, MA",SAM,-71.1538095435041,42.344748343507575
"29 WILLIAM JACKSON AVENUE, Boston, MA",SAM,-71.15381303391814,42.3448731168337
"30 WILLIAM JACKSON AVENUE, Boston, MA",SAM,-71.15388181626743,42.344770089300496
"1000 WILLIAM T MORRISSEY BOULEVARD, Boston, MA",SAM,-71.04607742029717,42.2904728689666
"1030 WILLIAM T MORRISSEY BOULEVARD, Boston, MA",SAM,-71.04488077904021,42.2897510165587
"1154 NEPONSET AVENUE, Boston, MA",SAM,,
"1170 WILLIAM T MORRISSEY BOULEVARD, Boston, MA",SAM,-71.04440202093667,42.28942677862739
"135 WILLIAM T MORRISSEY BOULEVARD, Boston, MA",SAM,-71.04747655526704,42.31414421472108
"2 WILLIAM T MORRISSEY BOULEVARD, Boston, MA",SAM,-71.04910535181304,42.317917798313445
"200 WILLIAM T MORRISSEY BOULEVARD, Boston, MA",SAM,-71.0462659974392,42.31276953328414
"285 WILLIAM T MORRISSEY BOULEVARD, Boston, MA",SAM,-71.04582632424054,42.31114743084116
"375 WILLIAM T MORRISSEY BOULEVARD, Boston, MA",SAM,-71.04561201980835,42.309768067799844
"399 WILLIAM T MORRISSEY BOULEVARD, Boston, MA",SAM,-71.04564013844472,42.309396741162516
"40 WILLIAM T MORRISSEY BOULEVARD, Boston, MA",SAM,-71.04867930806334,42.31716654231921
"400 WILLIAM T MORRISSEY BOULEVARD, Boston, MA",SAM,-71.04529400926894,42.31054032114676
"401 WILLIAM T MORRISSEY BOULEVARD, Boston, MA",SAM,-71.04565940309448,42.309284553611526
"45 WILLIAM T MORRISSEY BOULEVARD, Boston, MA",SAM,-71.05102845460456,42.32091081301507
"50 WILLIAM T MORRISSEY BOULEVARD, Boston, MA",SAM,-71.04857086458291,42.31696835245836
"55 WILLIAM T MORRISSEY BOULEVARD, Boston, MA",SAM,-71.0508093311426,42.320523473781336
"645 WILLIAM T MORRISSEY BOULEVARD, Boston, MA",SAM,-71.04955676071833,42.30078145704501
"650 WILLIAM T MORRISSEY BOULEVARD, Boston, MA",SAM,-71.04798232090701,42.30317294534262
"655 WILLIAM T MORRISSEY BOULEVARD, Boston, MA",SAM,-71.04967513305516,42.300438866623615
"699 WILLIAM T MORRISSEY BOULEVARD, Boston, MA",SAM,-71.04976322138319,42.29977221814732
"711 WILLIAM T MORRISSEY BOULEVARD, Boston, MA",SAM,-71.04792760863069,42.29494178296623
"729 WILLIAM T MORRISSEY BOULEVARD, Boston, MA",SAM,-71.04793780125509,42.29491496027113
"730 WILLIAM T MORRISSEY BOULEVARD, Boston, MA",SAM,-71.0488076079984,42.29746497205505
"75 WILLIAM T MORRISSEY BOULEVARD, Boston, MA",SAM,-71.05041886978684,42.319816987849535
"780 WILLIAM T MORRISSEY BOULEVARD, Boston, MA",SAM,-71.04752218720986,42.2953471980199
"818 FREEPORT STREET, Boston, MA",SAM,,
"820 FREEPORT STREET, Boston, MA",SAM,,
"855 WILLIAM T MORRISSEY BOULEVARD, Boston, MA",SAM,-71.04801683759217,42.29473820691121
"950 WILLIAM T MORRISSEY BOULEVARD, Boston, MA",SAM,-71.04708061486052,42.29147703842496
"961 WILLIAM T MORRISSEY BOULEVARD, Boston, MA",SAM,-71.04735716356211,42.291381313212966
"980 WILLIAM T MORRISSEY BOULEVARD, Boston, MA",SAM,-71.04651879575485,42.29085062700028
"985 WILLIAM T MORRISSEY BOULEVARD, Boston, MA",SAM,-71.04688178800008,42.290830146156985
"988 WILLIAM T MORRISSEY BOULEVARD, Boston, MA",SAM,-71.0463563091402,42.29069340678841
"992 WILLIAM T MORRISSEY BOULEVARD, Boston, MA",SAM,-71.04626367211577,42.290618508751884
"996 WILLIAM T MORRISSEY BOULEVARD, Boston, MA",SAM,-71.04617103509136,42.29054361071537
"10 WILLIAMS AVENUE, Boston, MA",SAM,-71.11926288426976,42.25116441875221
"100 WILLIAMS AVENUE, Boston, MA",SAM,-71.11636005374525,42.24802906016306
"102 WILLIAMS AVENUE, Boston, MA",SAM,-71.11628771517701,42.24794627842225
"103 WILLIAMS AVENUE, Boston, MA",SAM,-71.1158466567585,42.24734866421546
"106 WILLIAMS AVENUE, Boston, MA",SAM,-71.11610943788207,42.24777564020174
"107 WILLIAMS AVENUE, Boston, MA",SAM,-71.11567369603705,42.2472088356856
"11 WILLIAMS AVENUE, Boston, MA",SAM,-71.11934193608448,42.25105756658492
"110 WILLIAMS AVENUE, Boston, MA",SAM,-71.11592671763484,42.24760638351351
"111 WILLIAMS AVENUE, Boston, MA",SAM,-71.11553355078765,42.24705236182017
"115 WILLIAMS AVENUE, Boston, MA",SAM,-71.11542776236493,42.24687929098882
"116 WILLIAMS AVENUE, Boston, MA",SAM,-71.11565339762083,42.24735956260713
"119 WILLIAMS AVENUE, Boston, MA",SAM,-71.11535117647317,42.246700274660995
"12 WILLIAMS AVENUE, Boston, MA",SAM,-71.11916186359713,42.251100416545
"120 WILLIAMS AVENUE, Boston, MA",SAM,-71.11546382597895,42.247181794987284
"123 WILLIAMS AVENUE, Boston, MA",SAM,-71.11528961832825,42.24651223747938
"124 WILLIAMS AVENUE, Boston, MA",SAM,-71.11531567355485,42.2469816203589
"127 WILLIAMS AVENUE, Boston, MA",SAM,-71.11523024988095,42.24632225838475
"128 WILLIAMS AVENUE, Boston, MA",SAM,-71.11521600619754,42.24677096252003
"13 WILLIAMS AVENUE, Boston, MA",SAM,-71.11923793227709,42.25099932443955
"131 WILLIAMS AVENUE, Boston, MA",SAM,-71.11514220917475,42.24607529700441
"132 WILLIAMS AVENUE, Boston, MA",SAM,-71.11514539830456,42.246559172704536
"133 WILLIAMS AVENUE, Boston, MA",SAM,-71.11509293448941,42.24594155138896
"135 WILLIAMS AVENUE, Boston, MA",SAM,-71.11504593650346,42.24582854246271
"14 WILLIAMS AVENUE, Boston, MA",SAM,-71.11904121535687,42.251053365325895
"15 WILLIAMS AVENUE, Boston, MA",SAM,-71.11910848867255,42.250950159107695
"16 WILLIAMS AVENUE, Boston, MA",SAM,-71.11890703330957,42.25101890848255
"163 WILLIAMS AVENUE, Boston, MA",SAM,-71.11491441741946,42.245585613536235
"169 WILLIAMS AVENUE, Boston, MA",SAM,-71.11487238769526,42.24553000943662
"17 WILLIAMS AVENUE, Boston, MA",SAM,-71.1189764177875,42.25091521521285
"18 WILLIAMS AVENUE, Boston, MA",SAM,-71.11875118236956,42.25097779019637
"19 WILLIAMS AVENUE, Boston, MA",SAM,-71.11885263986042,42.25088481360819
"20 WILLIAMS AVENUE, Boston, MA",SAM,-71.11861268737874,42.250913477688044
"22 WILLIAMS AVENUE, Boston, MA",SAM,-71.11849009155407,42.25083261146687
"23 WILLIAMS AVENUE, Boston, MA",SAM,-71.11865408772996,42.25079297148573
"26 WILLIAMS AVENUE, Boston, MA",SAM,-71.11832267060466,42.250618970042375
"30 WILLIAMS AVENUE, Boston, MA",SAM,-71.11826048182141,42.25044017684497
"31 WILLIAMS AVENUE, Boston, MA",SAM,-71.11842880538363,42.25047777643515
"32 WILLIAMS AVENUE, Boston, MA",SAM,-71.11824385619408,42.25037971999678
"37 WILLIAMS AVENUE, Boston, MA",SAM,-71.11838921621175,42.250076011421406
"48 WILLIAMS AVENUE, Boston, MA",SAM,-71.118234087782,42.249824287829675
"49 WILLIAMS AVENUE, Boston, MA",SAM,-71.118370243181,42.24955565508536
"50 WILLIAMS AVENUE, Boston, MA",SAM,-71.11822651059462,42.24967779535601
"52 WILLIAMS AVENUE, Boston, MA",SAM,-71.11821619941827,42.249567017306916
"53 WILLIAMS AVENUE, Boston, MA",SAM,-71.11835311370615,42.24942840748493
"55 WILLIAMS AVENUE, Boston, MA",SAM,-71.11834068025853,42.24935802055792
"60 WILLIAMS AVENUE, Boston, MA",SAM,-71.11795272525556,42.248991548630855
"62 WILLIAMS AVENUE, Boston, MA",SAM,-71.11789101740123,42.248944058625455
"64 WILLIAMS AVENUE, Boston, MA",SAM,-71.11780548009382,42.24889003505077
"65 WILLIAMS AVENUE, Boston, MA",SAM,-71.11814378374345,42.24899911228785
"66 WILLIAMS AVENUE, Boston, MA",SAM,-71.11771994278644,42.24883601147607
"67 WILLIAMS AVENUE, Boston, MA",SAM,-71.11806737545693,42.24891178851163
"69 WILLIAMS AVENUE, Boston, MA",SAM,-71.1179487277887,42.24882987386732
"73 WILLIAMS AVENUE, Boston, MA",SAM,-71.1177240394764,42.248695502733995
"75 WILLIAMS AVENUE, Boston, MA",SAM,-71.11760823270635,42.24863654654662
"80 WILLIAMS AVENUE, Boston, MA",SAM,-71.1170220254874,42.248535775105104
"82 WILLIAMS AVENUE, Boston, MA",SAM,-71.11694493883591,42.248505241102976
"84 WILLIAMS AVENUE, Boston, MA",SAM,-71.11687099947086,42.24847443302686
"85 WILLIAMS AVENUE, Boston, MA",SAM,-71.11657406739697,42.248058264072625
"88 WILLIAMS AVENUE, Boston, MA",SAM,-71.11673419346998,42.24837083595842
"9 WILLIAMS AVENUE, Boston, MA",SAM,-71.11943775794553,42.25114166856801
"91 WILLIAMS AVENUE, Boston, MA",SAM,-71.11633865725108,42.24780764232848
"95 WILLIAMS AVENUE, Boston, MA",SAM,-71.11617555320352,42.24765332625428
"97 WILLIAMS AVENUE, Boston, MA",SAM,-71.11609332909227,42.247577160744584
"99 WILLIAMS AVENUE, Boston, MA",SAM,-71.11601110498101,42.247500995234866
"102 WILLIAMS STREET, Boston, MA",SAM,-71.10599729152716,42.305205559982575
"104 WILLIAMS STREET, Boston, MA",SAM,-71.10593446771321,42.30514643167368
"109 WILLIAMS STREET, Boston, MA",SAM,-71.1057910416787,42.30482597756971
"111 WILLIAMS STREET, Boston, MA",SAM,-71.10574217871226,42.30477998888503
"113 WILLIAMS STREET, Boston, MA",SAM,-71.10564366816305,42.30468966729556
"116 WILLIAMS STREET, Boston, MA",SAM,-71.10552431917814,42.3047627424271
"117 WILLIAMS STREET, Boston, MA",SAM,-71.10556634236599,42.304620589567975
"120 WILLIAMS STREET, Boston, MA",SAM,-71.10544322139101,42.304690295054264
"123 WILLIAMS STREET, Boston, MA",SAM,-71.10545035367043,42.30451697297656
"124 WILLIAMS STREET, Boston, MA",SAM,-71.10536212360384,42.304617847681435
"127 WILLIAMS STREET, Boston, MA",SAM,-71.10537302787338,42.30444789524897
"131 WILLIAMS STREET, Boston, MA",SAM,-71.10529570207635,42.30437881752136
"132 WILLIAMS STREET, Boston, MA",SAM,-71.10519992802956,42.30447295293571
"135 WILLIAMS STREET, Boston, MA",SAM,-71.10521837627928,42.30430973979377
"136 WILLIAMS STREET, Boston, MA",SAM,-71.10511883024242,42.30440050556289
"139 WILLIAMS STREET, Boston, MA",SAM,-71.10514105048225,42.304240662066164
"140 WILLIAMS STREET, Boston, MA",SAM,-71.10503773245526,42.30432805819004
"144 WILLIAMS STREET, Boston, MA",SAM,-71.10495663466813,42.30425561081719
"148 WILLIAMS STREET, Boston, MA",SAM,-71.10487397625872,42.30417771005371
"152 WILLIAMS STREET, Boston, MA",SAM,-71.10480181271114,42.30410026622877
"155 WILLIAMS STREET, Boston, MA",SAM,-71.10485638891438,42.303956896553565
"156 WILLIAMS STREET, Boston, MA",SAM,-71.10472964916362,42.304022822403816
"160 WILLIAMS STREET, Boston, MA",SAM,-71.10465606114859,42.303949551704626
"64 WILLIAMS STREET, Boston, MA",SAM,-71.10663784063912,42.30579565223063
"68 WILLIAMS STREET, Boston, MA",SAM,-71.1066002037709,42.30575968810393
"69 WILLIAMS STREET, Boston, MA",SAM,-71.10655137719613,42.305528958283354
"70 WILLIAMS STREET, Boston, MA",SAM,-71.10658138533675,42.30574170604058
"72 WILLIAMS STREET, Boston, MA",SAM,-71.10656256690265,42.30572372397723
"74 WILLIAMS STREET, Boston, MA",SAM,-71.10654374846851,42.30570574191387
"75 WILLIAMS STREET, Boston, MA",SAM,-71.10647658259548,42.305465798384176
"91 WILLIAMS STREET, Boston, MA",SAM,-71.10627747895975,42.30528515037892
"97 WILLIAMS STREET, Boston, MA",SAM,-71.10608421947717,42.30510190967783
"24 WILLIAMS STREET, Boston, MA",SAM,-71.10701420932159,42.30615529349764
"28 WILLIAMS STREET, Boston, MA",SAM,-71.10697657245335,42.30611932937095
"30 WILLIAMS STREET, Boston, MA",SAM,-71.10695775401922,42.306101347307596
"36 WILLIAMS STREET, Boston, MA",SAM,-71.10690129871686,42.306047401117546
"10 WILLIS STREET, Boston, MA",SAM,-71.0596913553645,42.317874728016335
"12 WILLIS STREET, Boston, MA",SAM,-71.05982799128279,42.31790279378108
"15 WILLIS STREET, Boston, MA",SAM,-71.05970111390445,42.31799566325617
"2 WILLIS STREET, Boston, MA",SAM,-71.05914481169141,42.31776246495732
"20 WILLIS STREET, Boston, MA",SAM,-71.06018347602848,42.31797396383611
"22 WILLIS STREET, Boston, MA",SAM,-71.06025234726955,42.31798765753741
"23 WILLIS STREET, Boston, MA",SAM,-71.06011371650222,42.318078755636776
"26 WILLIS STREET, Boston, MA",SAM,-71.0603900897517,42.318015044940026
"27 WILLIS STREET, Boston, MA",SAM,-71.06029081397931,42.318113968011545
"31 WILLIS STREET, Boston, MA",SAM,-71.06046791145637,42.318149180386314
"49 WILLIS STREET, Boston, MA",SAM,-71.06089168676408,42.31824601025897
"6 WILLIS STREET, Boston, MA",SAM,-71.05941808352794,42.31781859648683
"9 WILLIS STREET, Boston, MA",SAM,-71.05944492155767,42.31794303994727
"93 WILLISTON ROAD, Boston, MA",SAM,-71.14159513787428,42.341331699126
"94 WILLISTON ROAD, Boston, MA",SAM,-71.14170190518486,42.34124840444984
"97 WILLISTON ROAD, Boston, MA",SAM,-71.14160777605059,42.34133968113388
"98 WILLISTON ROAD, Boston, MA",SAM,-71.14171480665651,42.341256552749556
"2 WILLOUGHBY PLACE, Boston, MA",SAM,-71.09017602293194,42.32875106046532
"4 WILLOUGHBY PLACE, Boston, MA",SAM,-71.09019191771048,42.32875946460303
"1 WILLOUGHBY STREET, Boston, MA",SAM,-71.16052989180395,42.347289141751894
"15 WILLOUGHBY STREET, Boston, MA",SAM,-71.1607149669136,42.346929418296284
"23 WILLOUGHBY STREET, Boston, MA",SAM,-71.16084809831186,42.34666609154984
"26 WILLOUGHBY STREET, Boston, MA",SAM,-71.16074518471689,42.34653617006038
"30 WILLOUGHBY STREET, Boston, MA",SAM,-71.16075243305745,42.34652080357842
"39 WILLOUGHBY STREET, Boston, MA",SAM,-71.16108044578802,42.34616927087495
"43 WILLOUGHBY STREET, Boston, MA",SAM,-71.16108867166776,42.34615076264567
"47 WILLOUGHBY STREET, Boston, MA",SAM,-71.16109689754751,42.346132254416396
"5 WILLOUGHBY STREET, Boston, MA",SAM,-71.1605827704067,42.34718636362171
"9 WILLOUGHBY STREET, Boston, MA",SAM,-71.16063564900944,42.34708358549155
"78 WILLOW COURT, Boston, MA",SAM,-71.06417734458952,42.324688726139186
"79 WILLOW COURT, Boston, MA",SAM,-71.06404923634321,42.32475322503902
"84 WILLOW COURT, Boston, MA",SAM,-71.06432891091555,42.32480983236281
"86 WILLOW COURT, Boston, MA",SAM,-71.06436013426449,42.32483168871196
"17 WILLOW STREET, Boston, MA",SAM,-71.15184532091064,42.28709823880657
"7 WILLOW STREET, Boston, MA",SAM,-71.15165017499393,42.28676030310797
"9 WILLOW STREET, Boston, MA",SAM,-71.15168920417727,42.28682789024767
"103 WILLOW STREET, Boston, MA",SAM,-71.15354715937576,42.2895031562932
"107 WILLOW STREET, Boston, MA",SAM,-71.15368851801938,42.28967963737865
"111 WILLOW STREET, Boston, MA",SAM,-71.15381291791392,42.28983300714776
"113 WILLOW STREET, Boston, MA",SAM,-71.1538751178612,42.289909692032325
"117 WILLOW STREET, Boston, MA",SAM,-71.1540025225801,42.290062716983584
"118 WILLOW STREET, Boston, MA",SAM,-71.15427162695562,42.290165409265946
"120 WILLOW STREET, Boston, MA",SAM,-71.15435316733742,42.29026393493454
"121 WILLOW STREET, Boston, MA",SAM,-71.15409429335745,42.29017159759236
"127 WILLOW STREET, Boston, MA",SAM,-71.15427543264992,42.290390702931404
"128 WILLOW STREET, Boston, MA",SAM,-71.15446235654755,42.29040310327274
"129 WILLOW STREET, Boston, MA",SAM,-71.15432572661018,42.29045710149943
"133 WILLOW STREET, Boston, MA",SAM,-71.15445072976219,42.29062824088738
"134 WILLOW STREET, Boston, MA",SAM,-71.15458618618436,42.290572647720815
"137 WILLOW STREET, Boston, MA",SAM,-71.15453848370394,42.290745246171035
"141 WILLOW STREET, Boston, MA",SAM,-71.1546262376457,42.29086225145469
"142 WILLOW STREET, Boston, MA",SAM,-71.15482551511639,42.290891753039865
"145 WILLOW STREET, Boston, MA",SAM,-71.15471399158743,42.29097925673833
"149 WILLOW STREET, Boston, MA",SAM,-71.1548046186167,42.291096285508345
"150 WILLOW STREET, Boston, MA",SAM,-71.15507056287527,42.29120723158497
"153 WILLOW STREET, Boston, MA",SAM,-71.15489530829853,42.291212059597726
"154 WILLOW STREET, Boston, MA",SAM,-71.15519423062325,42.29136510534322
"156 WILLOW STREET, Boston, MA",SAM,-71.15525606449722,42.29144404222233
"157 WILLOW STREET, Boston, MA",SAM,-71.15498599798038,42.2913278336871
"158 WILLOW STREET, Boston, MA",SAM,-71.15533379617533,42.29154301044535
"161 WILLOW STREET, Boston, MA",SAM,-71.15507668766224,42.29144360777648
"162 WILLOW STREET, Boston, MA",SAM,-71.15540878009428,42.29163822814276
"165 WILLOW STREET, Boston, MA",SAM,-71.15519994211756,42.29160069097627
"169 WILLOW STREET, Boston, MA",SAM,-71.15526242871668,42.29168003905747
"173 WILLOW STREET, Boston, MA",SAM,-71.15532491531582,42.29175938713862
"190 WILLOW STREET, Boston, MA",SAM,-71.1559913258215,42.29233459233131
"192 WILLOW STREET, Boston, MA",SAM,-71.15603678151437,42.29237800048027
"199 WILLOW STREET, Boston, MA",SAM,-71.15584023863542,42.29237743508269
"200 WILLOW STREET, Boston, MA",SAM,-71.1562187516917,42.292551789995755
"204 WILLOW STREET, Boston, MA",SAM,-71.15630927303529,42.29263882976895
"207 WILLOW STREET, Boston, MA",SAM,-71.15603889684864,42.292567144770764
"208 WILLOW STREET, Boston, MA",SAM,-71.15639979437886,42.29272586954216
"210 WILLOW STREET, Boston, MA",SAM,-71.15644505505065,42.292769389428734
"211 WILLOW STREET, Boston, MA",SAM,-71.15613787661208,42.29266195839546
"215 WILLOW STREET, Boston, MA",SAM,-71.15623677956155,42.29275705740692
"216 WILLOW STREET, Boston, MA",SAM,-71.15658083706603,42.29289994908855
"219 WILLOW STREET, Boston, MA",SAM,-71.156335682511,42.29285215641836
"220 WILLOW STREET, Boston, MA",SAM,-71.1566713584096,42.29298698886172
"223 WILLOW STREET, Boston, MA",SAM,-71.15643458546047,42.29294725542983
"224 WILLOW STREET, Boston, MA",SAM,-71.15676187975318,42.29307402863491
"227 WILLOW STREET, Boston, MA",SAM,-71.15653348840993,42.293042354441276
"228 WILLOW STREET, Boston, MA",SAM,-71.15685240109676,42.293161068408125
"231 WILLOW STREET, Boston, MA",SAM,-71.15663239135941,42.293137453452715
"232 WILLOW STREET, Boston, MA",SAM,-71.15694292244032,42.29324810818133
"235 WILLOW STREET, Boston, MA",SAM,-71.15673129430887,42.29323255246419
"236 WILLOW STREET, Boston, MA",SAM,-71.15703344378392,42.293335147954515
"242 WILLOW STREET, Boston, MA",SAM,-71.15716922579928,42.293465707614295
"243 WILLOW STREET, Boston, MA",SAM,-71.15692910020779,42.2934227504871
"247 WILLOW STREET, Boston, MA",SAM,-71.15702800315727,42.29351784949854
"250 WILLOW STREET, Boston, MA",SAM,-71.15735026848644,42.29363978716069
"251 WILLOW STREET, Boston, MA",SAM,-71.15712690610673,42.29361294850998
"254 WILLOW STREET, Boston, MA",SAM,-71.15744078983,42.2937268269339
"255 WILLOW STREET, Boston, MA",SAM,-71.15722580905617,42.293708047521456
"258 WILLOW STREET, Boston, MA",SAM,-71.15753131117359,42.293813866707076
"259 WILLOW STREET, Boston, MA",SAM,-71.15732471200566,42.293803146532895
"262 WILLOW STREET, Boston, MA",SAM,-71.1576234402243,42.293902626980014
"263 WILLOW STREET, Boston, MA",SAM,-71.15742361495512,42.29389824554435
"266 WILLOW STREET, Boston, MA",SAM,-71.15770961196479,42.293992050504734
"267 WILLOW STREET, Boston, MA",SAM,-71.15751963258141,42.29399232423931
"270 WILLOW STREET, Boston, MA",SAM,-71.15779578370524,42.294081474029475
"274 WILLOW STREET, Boston, MA",SAM,-71.15788195544573,42.29417089755421
"278 WILLOW STREET, Boston, MA",SAM,-71.15796812718621,42.29426032107895
"45 WILLOW STREET, Boston, MA",SAM,-71.15241419564765,42.28794780539103
"46 WILLOW STREET, Boston, MA",SAM,-71.15286162826222,42.2883338180497
"49 WILLOW STREET, Boston, MA",SAM,-71.15248364913622,42.28804613282563
"54 WILLOW STREET, Boston, MA",SAM,-71.15296221607323,42.288476223299845
"55 WILLOW STREET, Boston, MA",SAM,-71.15258782936904,42.288193623977556
"56 WILLOW STREET, Boston, MA",SAM,-71.15298736302599,42.28851182461237
"58 WILLOW STREET, Boston, MA",SAM,-71.15301250997875,42.28854742592492
"59 WILLOW STREET, Boston, MA",SAM,-71.1526572828576,42.28829195141219
"63 WILLOW STREET, Boston, MA",SAM,-71.15272673634615,42.288390278846805
"67 WILLOW STREET, Boston, MA",SAM,-71.15279618983472,42.28848860628142
"71 WILLOW STREET, Boston, MA",SAM,-71.15286564332327,42.288586933716054
"72 WILLOW STREET, Boston, MA",SAM,-71.15327607995498,42.28891380184193
"75 WILLOW STREET, Boston, MA",SAM,-71.15297313879871,42.28873789419965
"76 WILLOW STREET, Boston, MA",SAM,-71.15334262611688,42.28900579214675
"79 WILLOW STREET, Boston, MA",SAM,-71.15303968496062,42.28882988450448
"80 WILLOW STREET, Boston, MA",SAM,-71.1534430969839,42.289138690276424
"83 WILLOW STREET, Boston, MA",SAM,-71.15310623112252,42.28892187480928
"91 WILLOW STREET, Boston, MA",SAM,-71.15328224230753,42.2891615526241
"95 WILLOW STREET, Boston, MA",SAM,-71.15337054799694,42.28927542051381
"99 WILLOW STREET, Boston, MA",SAM,-71.15345885368635,42.289389288403505
"1 WILLOW TERRACE, Boston, MA",SAM,-71.15458952633459,42.2905606597525
"5 WILLOW TERRACE, Boston, MA",SAM,-71.15461439779317,42.29054644748978
"10 WILLOWDEAN AVENUE, Boston, MA",SAM,-71.14794909706713,42.29270769317595
"11 WILLOWDEAN AVENUE, Boston, MA",SAM,-71.14778211107067,42.292715610425944
"14 WILLOWDEAN AVENUE, Boston, MA",SAM,-71.14789759143488,42.292821075171524
"15 WILLOWDEAN AVENUE, Boston, MA",SAM,-71.1477325742385,42.29281894097338
"19 WILLOWDEAN AVENUE, Boston, MA",SAM,-71.14767772463972,42.29292365384485
"27 WILLOWDEAN AVENUE, Boston, MA",SAM,-71.14756802544211,42.29313307958782
"61 WILLOWDEAN AVENUE, Boston, MA",SAM,-71.14718197235256,42.29426732601519
"64 WILLOWDEAN AVENUE, Boston, MA",SAM,-71.14731940693943,42.294402592992036
"65 WILLOWDEAN AVENUE, Boston, MA",SAM,-71.1471588659726,42.29445522861313
"68 WILLOWDEAN AVENUE, Boston, MA",SAM,-71.14730426615445,42.29456626127669
"7 WILLOWDEAN AVENUE, Boston, MA",SAM,-71.14783039296948,42.292609142649574
"71 WILLOWDEAN AVENUE, Boston, MA",SAM,-71.14713406897246,42.29473475828735
"72 WILLOWDEAN AVENUE, Boston, MA",SAM,-71.14728957163585,42.294731908491066
"75 WILLOWDEAN AVENUE, Boston, MA",SAM,-71.14711753763906,42.294921111403475
"76 WILLOWDEAN AVENUE, Boston, MA",SAM,-71.14727487711728,42.2948975557054
"79 WILLOWDEAN AVENUE, Boston, MA",SAM,-71.14709383549965,42.295104783926384
"80 WILLOWDEAN AVENUE, Boston, MA",SAM,-71.14725521287718,42.29506511919082
"81 WILLOWDEAN AVENUE, Boston, MA",SAM,-71.14708069357611,42.295197653493574
"83 WILLOWDEAN AVENUE, Boston, MA",SAM,-71.1470675516526,42.295290523060764
"84 WILLOWDEAN AVENUE, Boston, MA",SAM,-71.14723184945757,42.2952302206436
"87 WILLOWDEAN AVENUE, Boston, MA",SAM,-71.14702622833829,42.295483772667616
"88 WILLOWDEAN AVENUE, Boston, MA",SAM,-71.14720848603798,42.29539532209638
"91 WILLOWDEAN AVENUE, Boston, MA",SAM,-71.14679885838123,42.2960762557057
"92 WILLOWDEAN AVENUE, Boston, MA",SAM,-71.14711136087085,42.2956652438623
"93 WILLOWDEAN AVENUE, Boston, MA",SAM,-71.14675117746908,42.29618498111625
"95 WILLOWDEAN AVENUE, Boston, MA",SAM,-71.14673273483996,42.296226677494836
"100 WILLOWWOOD STREET, Boston, MA",SAM,-71.08546977882835,42.2832132488506
"20 WILLOWWOOD STREET, Boston, MA",SAM,-71.08623404783123,42.28586342945525
"49 WILLOWWOOD STREET, Boston, MA",SAM,-71.08632482732517,42.28459745943001
"50 WILLOWWOOD STREET, Boston, MA",SAM,-71.0863004576619,42.28506153931006
"51 WILLOWWOOD STREET, Boston, MA",SAM,-71.08631732316987,42.284575247123165
"53 WILLOWWOOD STREET, Boston, MA",SAM,-71.08630981901453,42.2845530348163
"55 WILLOWWOOD STREET, Boston, MA",SAM,-71.08627325775574,42.28444231115973
"57 WILLOWWOOD STREET, Boston, MA",SAM,-71.08626244881148,42.284408803421556
"59 WILLOWWOOD STREET, Boston, MA",SAM,-71.08625163986724,42.28437529568341
"67 WILLOWWOOD STREET, Boston, MA",SAM,-71.0861833924906,42.28416337267594
"68 WILLOWWOOD STREET, Boston, MA",SAM,-71.08594052929715,42.28390230154281
"71 WILLOWWOOD STREET, Boston, MA",SAM,-71.08614307660079,42.284037587058414
"72 WILLOWWOOD STREET, Boston, MA",SAM,-71.08590702745774,42.283808633986816
"73 WILLOWWOOD STREET, Boston, MA",SAM,-71.08612291865587,42.28397469424966
"76 WILLOWWOOD STREET, Boston, MA",SAM,-71.08587270574964,42.28371346922136
"77 WILLOWWOOD STREET, Boston, MA",SAM,-71.08608135131799,42.28384749186346
"8 WILLOWWOOD STREET, Boston, MA",SAM,-71.08632658094517,42.28630205475473
"81 WILLOWWOOD STREET, Boston, MA",SAM,-71.08603630407615,42.28372258810878
"84 WILLOWWOOD STREET, Boston, MA",SAM,-71.08580406233352,42.283523139690416
"85 WILLOWWOOD STREET, Boston, MA",SAM,-71.0859912568343,42.28359768435409
"88 WILLOWWOOD STREET, Boston, MA",SAM,-71.08576974062545,42.28342797492491
"89 WILLOWWOOD STREET, Boston, MA",SAM,-71.08594620959246,42.28347278059941
"9 WILLOWWOOD STREET, Boston, MA",SAM,-71.08653128102686,42.28639847075356
"92 WILLOWWOOD STREET, Boston, MA",SAM,-71.08574496138019,42.28336037514282
"93 WILLOWWOOD STREET, Boston, MA",SAM,-71.08590116235064,42.28334787684472
"95 WILLOWWOOD STREET, Boston, MA",SAM,-71.08584172971726,42.28326901407882
"98 WILLOWWOOD STREET, Boston, MA",SAM,-71.08563473428069,42.283308637772656
"1 WILMINGTON AVENUE, Boston, MA",SAM,-71.07878040919704,42.27856991667958
"10 WILMINGTON AVENUE, Boston, MA",SAM,-71.07874534911583,42.27875423780306
"100 WILMINGTON AVENUE, Boston, MA",SAM,-71.0752012994765,42.27974940957387
"103 WILMINGTON AVENUE, Boston, MA",SAM,-71.0754805175146,42.27956756869481
"104 WILMINGTON AVENUE, Boston, MA",SAM,-71.07500319385316,42.27979224322121
"106 WILMINGTON AVENUE, Boston, MA",SAM,-71.07490414104149,42.27981366004487
"111 WILMINGTON AVENUE, Boston, MA",SAM,-71.07515785496982,42.27963941857091
"112 WILMINGTON AVENUE, Boston, MA",SAM,-71.0746070045897,42.27987790642597
"115 WILMINGTON AVENUE, Boston, MA",SAM,-71.07490148298665,42.27969485034982
"116 WILMINGTON AVENUE, Boston, MA",SAM,-71.0744089153085,42.2799207828928
"119 WILMINGTON AVENUE, Boston, MA",SAM,-71.0746451110035,42.27975028212873
"12 WILMINGTON AVENUE, Boston, MA",SAM,-71.07870969139978,42.27877970760156
"120 WILMINGTON AVENUE, Boston, MA",SAM,-71.0742108260273,42.27996365935965
"121 WILMINGTON AVENUE, Boston, MA",SAM,-71.07451690731082,42.27977801332818
"124 WILMINGTON AVENUE, Boston, MA",SAM,-71.07401273674613,42.28000653582648
"125 WILMINGTON AVENUE, Boston, MA",SAM,-71.07426055647635,42.27983350052056
"128 WILMINGTON AVENUE, Boston, MA",SAM,-71.07381464746491,42.28004941229334
"129 WILMINGTON AVENUE, Boston, MA",SAM,-71.07400420564186,42.27988898771295
"131 WILMINGTON AVENUE, Boston, MA",SAM,-71.07387603022462,42.27991673130914
"132 WILMINGTON AVENUE, Boston, MA",SAM,-71.07361655818373,42.28009228876017
"136 WILMINGTON AVENUE, Boston, MA",SAM,-71.07341626128836,42.28013334339352
"137 WILMINGTON AVENUE, Boston, MA",SAM,-71.07349271703012,42.279999179469755
"140 WILMINGTON AVENUE, Boston, MA",SAM,-71.07321711759984,42.28017345866762
"141 WILMINGTON AVENUE, Boston, MA",SAM,-71.07323500166848,42.28005109335387
"144 WILMINGTON AVENUE, Boston, MA",SAM,-71.07301797391129,42.28021357394172
"145 WILMINGTON AVENUE, Boston, MA",SAM,-71.07297728630685,42.28010300723799
"152 WILMINGTON AVENUE, Boston, MA",SAM,-71.07271678144186,42.28026642837952
"156 WILMINGTON AVENUE, Boston, MA",SAM,-71.0726183824675,42.280282828207554
"159 WILMINGTON AVENUE, Boston, MA",SAM,-71.07253514619387,42.280179237968746
"160 WILMINGTON AVENUE, Boston, MA",SAM,-71.07251998349315,42.28029922803555
"164 WILMINGTON AVENUE, Boston, MA",SAM,-71.07242158451879,42.28031562786357
"167 WILMINGTON AVENUE, Boston, MA",SAM,-71.07234404992694,42.280209560027735
"171 WILMINGTON AVENUE, Boston, MA",SAM,-71.07224419072323,42.28022007152107
"174 WILMINGTON AVENUE, Boston, MA",SAM,-71.07216614747787,42.28034403195805
"175 WILMINGTON AVENUE, Boston, MA",SAM,-71.07214433151951,42.280230583014394
"179 WILMINGTON AVENUE, Boston, MA",SAM,-71.07204849285101,42.28023764354473
"21 WILMINGTON AVENUE, Boston, MA",SAM,-71.07785769245761,42.279016517581645
"25 WILMINGTON AVENUE, Boston, MA",SAM,-71.07774454526763,42.27905012565833
"31 WILMINGTON AVENUE, Boston, MA",SAM,-71.0775748244827,42.279100537773346
"35 WILMINGTON AVENUE, Boston, MA",SAM,-71.07746921619038,42.27913101884694
"41 WILMINGTON AVENUE, Boston, MA",SAM,-71.07729305193475,42.279167370200234
"44 WILMINGTON AVENUE, Boston, MA",SAM,-71.07791539372339,42.2791228595472
"48 WILMINGTON AVENUE, Boston, MA",SAM,-71.07773100571012,42.279177628264755
"5 WILMINGTON AVENUE, Boston, MA",SAM,-71.07862193045906,42.278683115783984
"52 WILMINGTON AVENUE, Boston, MA",SAM,-71.07754661769685,42.27923239698227
"54 WILMINGTON AVENUE, Boston, MA",SAM,-71.07744340283253,42.2792553101083
"6 WILMINGTON AVENUE, Boston, MA",SAM,-71.07881666454793,42.278703298206075
"60 WILMINGTON AVENUE, Boston, MA",SAM,-71.07715632034183,42.279314549350694
"64 WILMINGTON AVENUE, Boston, MA",SAM,-71.07696493201469,42.27935404217897
"69 WILMINGTON AVENUE, Boston, MA",SAM,-71.07647219750842,42.27934483843268
"70 WILMINGTON AVENUE, Boston, MA",SAM,-71.0766813859746,42.279417610146716
"73 WILMINGTON AVENUE, Boston, MA",SAM,-71.07635552927384,42.27937104199293
"76 WILMINGTON AVENUE, Boston, MA",SAM,-71.07639619695675,42.279481663294
"77 WILMINGTON AVENUE, Boston, MA",SAM,-71.07623886103927,42.2793972455532
"8 WILMINGTON AVENUE, Boston, MA",SAM,-71.07878100683186,42.27872876800456
"80 WILMINGTON AVENUE, Boston, MA",SAM,-71.07620607094488,42.27952436539217
"81 WILMINGTON AVENUE, Boston, MA",SAM,-71.0761221928047,42.279423449113445
"84 WILMINGTON AVENUE, Boston, MA",SAM,-71.076015944933,42.279567067490376
"85 WILMINGTON AVENUE, Boston, MA",SAM,-71.07600552457015,42.27944965267369
"86 WILMINGTON AVENUE, Boston, MA",SAM,-71.07592088192706,42.27958841853946
"9 WILMINGTON AVENUE, Boston, MA",SAM,-71.07846016061731,42.27878859920497
"91 WILMINGTON AVENUE, Boston, MA",SAM,-71.07583052221831,42.27948895801406
"92 WILMINGTON AVENUE, Boston, MA",SAM,-71.07563569290923,42.27965247168676
"94 WILMINGTON AVENUE, Boston, MA",SAM,-71.0755406299033,42.27967382273582
"95 WILMINGTON AVENUE, Boston, MA",SAM,-71.07571385398376,42.27951516157432
"99 WILMINGTON AVENUE, Boston, MA",SAM,-71.07559718574917,42.27954136513458
"10 WILMORE STREET, Boston, MA",SAM,-71.09299022300407,42.278451598535284
"11 WILMORE STREET, Boston, MA",SAM,-71.09307408913581,42.27835125581074
"14 WILMORE STREET, Boston, MA",SAM,-71.09293099387571,42.278407010305095
"18 WILMORE STREET, Boston, MA",SAM,-71.09287176474736,42.27836242207491
"19 WILMORE STREET, Boston, MA",SAM,-71.09295804839459,42.27826389927814
"22 WILMORE STREET, Boston, MA",SAM,-71.09281253561902,42.27831783384473
"23 WILMORE STREET, Boston, MA",SAM,-71.09290002802396,42.27822022101183
"27 WILMORE STREET, Boston, MA",SAM,-71.09284200765335,42.278176542745534
"30 WILMORE STREET, Boston, MA",SAM,-71.09269407736235,42.27822865738435
"6 WILMORE STREET, Boston, MA",SAM,-71.0930494521324,42.27849618676545
"7 WILMORE STREET, Boston, MA",SAM,-71.09313210950644,42.278394934077035
"33 WILMOT STREET, Boston, MA",SAM,-71.11640171965493,42.27706874674636
"37 WILMOT STREET, Boston, MA",SAM,-71.11645547008091,42.27704724657521
"38 WILMOT STREET, Boston, MA",SAM,-71.11639189557033,42.2769424118417
"41 WILMOT STREET, Boston, MA",SAM,-71.11650922050691,42.277025746404085
"42 WILMOT STREET, Boston, MA",SAM,-71.11644676579687,42.27692046375032
"45 WILMOT STREET, Boston, MA",SAM,-71.1165629709329,42.27700424623294
"46 WILMOT STREET, Boston, MA",SAM,-71.11650163602339,42.27689851565896
"49 WILMOT STREET, Boston, MA",SAM,-71.1166167213589,42.2769827460618
"54 WILMOT STREET, Boston, MA",SAM,-71.11661137647646,42.276854619476204
"10 WILNA COURT, Boston, MA",SAM,-71.15307844147804,42.28856457049279
"2 WILNA COURT, Boston, MA",SAM,-71.15303497571321,42.28858243313652
"5 WILNA COURT, Boston, MA",SAM,-71.15313148930358,42.28867385602778
"6 WILNA COURT, Boston, MA",SAM,-71.15305670859561,42.28857350181464
"7 WILNA COURT, Boston, MA",SAM,-71.15314213398068,42.28866948150279
"9 WILNA COURT, Boston, MA",SAM,-71.15315277865778,42.288665106977774
"50 WILROSE STREET, Boston, MA",SAM,-71.07226362875274,42.30703865049735
"58 WILROSE STREET, Boston, MA",SAM,-71.07222310486046,42.30702161871248
"11 WILSON PARK, Boston, MA",SAM,-71.14601471435755,42.34111974959961
"7 WILTON STREET, Boston, MA",SAM,-71.12651171936278,42.24905483203801
"10 WILTON STREET, Boston, MA",SAM,-71.12641688472243,42.24914876988394
"11 WILTON STREET, Boston, MA",SAM,-71.12645515937268,42.24903575155462
"12 WILTON STREET, Boston, MA",SAM,-71.12638801556082,42.2491390308872
"13 WILTON STREET, Boston, MA",SAM,-71.12642687937762,42.24902621131293
"14 WILTON STREET, Boston, MA",SAM,-71.12635914639921,42.24912929189048
"17 WILTON STREET, Boston, MA",SAM,-71.12637031938749,42.24900713082954
"19 WILTON STREET, Boston, MA",SAM,-71.12634203939243,42.248997590587834
"21 WILTON STREET, Boston, MA",SAM,-71.12631375939736,42.24898805034614
"23 WILTON STREET, Boston, MA",SAM,-71.12628547940233,42.24897851010444
"28 WILTON STREET, Boston, MA",SAM,-71.12615706226785,42.24906111891336
"4 WILTON STREET, Boston, MA",SAM,-71.1265034922073,42.249177986874145
"6 WILTON STREET, Boston, MA",SAM,-71.12647462304568,42.24916824787741
"9 WILTON STREET, Boston, MA",SAM,-71.12648343936773,42.24904529179632
"10 WILTSHIRE ROAD, Boston, MA",SAM,-71.15373218351446,42.3432200857408
"14 WILTSHIRE ROAD, Boston, MA",SAM,-71.15381412622261,42.3432513020182
"15 WILTSHIRE ROAD, Boston, MA",SAM,-71.15437604912857,42.34356623365438
"18 WILTSHIRE ROAD, Boston, MA",SAM,-71.15389277612715,42.343280411545855
"24 WILTSHIRE ROAD, Boston, MA",SAM,-71.15401894391972,42.34332224258932
"25 WILTSHIRE ROAD, Boston, MA",SAM,-71.15489440846521,42.34384525126238
"28 WILTSHIRE ROAD, Boston, MA",SAM,-71.15410305578143,42.34335012995162
"29 WILTSHIRE ROAD, Boston, MA",SAM,-71.15511557651439,42.343994215914115
"37 WILTSHIRE ROAD, Boston, MA",SAM,-71.15550583549779,42.3441528529976
"4 WILTSHIRE ROAD, Boston, MA",SAM,-71.15360926945228,42.34317326132469
"41 WILTSHIRE ROAD, Boston, MA",SAM,-71.1555221531155,42.344158720007684
"45 WILTSHIRE ROAD, Boston, MA",SAM,-71.1555384707332,42.34416458701774
"8 WILTSHIRE ROAD, Boston, MA",SAM,-71.15369121216041,42.34320447760211
"11 WINBOROUGH STREET, Boston, MA",SAM,-71.10563359637428,42.26492629746837
"12 WINBOROUGH STREET, Boston, MA",SAM,-71.10575610668486,42.26499645950248
"16 WINBOROUGH STREET, Boston, MA",SAM,-71.10570380908807,42.26504961443944
"19 WINBOROUGH STREET, Boston, MA",SAM,-71.10553113577646,42.26503043775303
"20 WINBOROUGH STREET, Boston, MA",SAM,-71.10565151149127,42.2651027693764
"24 WINBOROUGH STREET, Boston, MA",SAM,-71.10559921389448,42.26515592431336
"27 WINBOROUGH STREET, Boston, MA",SAM,-71.10542867517866,42.265134578037674
"28 WINBOROUGH STREET, Boston, MA",SAM,-71.1055469162977,42.265209079250326
"31 WINBOROUGH STREET, Boston, MA",SAM,-71.10537744487975,42.265186648180034
"32 WINBOROUGH STREET, Boston, MA",SAM,-71.1054946187009,42.2652622341873
"35 WINBOROUGH STREET, Boston, MA",SAM,-71.10532621458084,42.26523871832236
"4 WINBOROUGH STREET, Boston, MA",SAM,-71.10585681331378,42.26487697313649
"40 WINBOROUGH STREET, Boston, MA",SAM,-71.10539002350731,42.26536854406122
"7 WINBOROUGH STREET, Boston, MA",SAM,-71.10568482667315,42.26487422732604
"8 WINBOROUGH STREET, Boston, MA",SAM,-71.10580840428167,42.264943304565506
"12 WINCHESTER STREET, Boston, MA",SAM,-71.0675925036618,42.34971723319057
"13 WINCHESTER STREET, Boston, MA",SAM,-71.0680060830326,42.34974623136559
"14 WINCHESTER STREET, Boston, MA",SAM,-71.06766617422635,42.349701061603554
"15 WINCHESTER STREET, Boston, MA",SAM,-71.06809375428024,42.34972727542058
"16 WINCHESTER STREET, Boston, MA",SAM,-71.06773984479086,42.349684890016526
"18 WINCHESTER STREET, Boston, MA",SAM,-71.06781351535541,42.34966871842952
"19 WINCHESTER STREET, Boston, MA",SAM,-71.06826909677554,42.349689363530516
"20 WINCHESTER STREET, Boston, MA",SAM,-71.06796254563095,42.34963625020474
"31 WINCHESTER STREET, Boston, MA",SAM,-71.06873237125662,42.349598471531415
"33 WINCHESTER STREET, Boston, MA",SAM,-71.06878959433992,42.34958785281541
"34 WINCHESTER STREET, Boston, MA",SAM,-71.0680254890908,42.349622640808306
"35 WINCHESTER STREET, Boston, MA",SAM,-71.06894215940932,42.34955712740531
"37 WINCHESTER STREET, Boston, MA",SAM,-71.06897128407171,42.34955079595712
"39 WINCHESTER STREET, Boston, MA",SAM,-71.06900040873408,42.34954446450891
"40 WINCHESTER STREET, Boston, MA",SAM,-71.0680524648593,42.34961680820983
"41 WINCHESTER STREET, Boston, MA",SAM,-71.06914935970926,42.349511854485286
"45 WINCHESTER STREET, Boston, MA",SAM,-71.06917852648083,42.3495054240161
"47 WINCHESTER STREET, Boston, MA",SAM,-71.06919310986662,42.349502208781495
"49 WINCHESTER STREET, Boston, MA",SAM,-71.06920769325241,42.34949899354688
"10 WINCHESTER TERRACE, Boston, MA",SAM,-71.1266552845633,42.30362864122648
"5 WINCHESTER TERRACE, Boston, MA",SAM,-71.12654433460128,42.303543538034745
"6 WINCHESTER TERRACE, Boston, MA",SAM,-71.1266755857325,42.303604435985285
"9 WINCHESTER TERRACE, Boston, MA",SAM,-71.12652444774166,42.303567249291426
"11 WINDERMERE ROAD, Boston, MA",SAM,-71.0624545394094,42.315088368283256
"12 WINDERMERE ROAD, Boston, MA",SAM,-71.06224453669745,42.3147190906056
"15 WINDERMERE ROAD, Boston, MA",SAM,-71.0624161582356,42.31481632987654
"16 WINDERMERE ROAD, Boston, MA",SAM,-71.06224730375607,42.31466374948988
"18 WINDERMERE ROAD, Boston, MA",SAM,-71.06225623346727,42.31462290264438
"19 WINDERMERE ROAD, Boston, MA",SAM,-71.06240084863761,42.314694304150834
"20 WINDERMERE ROAD, Boston, MA",SAM,-71.06226658219617,42.314596291627794
"21 WINDERMERE ROAD, Boston, MA",SAM,-71.06240229965614,42.31466528380967
"22 WINDERMERE ROAD, Boston, MA",SAM,-71.06227693092508,42.31456968061119
"23 WINDERMERE ROAD, Boston, MA",SAM,-71.0624066788001,42.31465067764945
"24 WINDERMERE ROAD, Boston, MA",SAM,-71.06229591124486,42.3145337123689
"25 WINDERMERE ROAD, Boston, MA",SAM,-71.06241753234507,42.3146227685345
"26 WINDERMERE ROAD, Boston, MA",SAM,-71.06231297484801,42.314509064941326
"28 WINDERMERE ROAD, Boston, MA",SAM,-71.06233003845115,42.31448441751375
"29 WINDERMERE ROAD, Boston, MA",SAM,-71.0624388467794,42.31457871679099
"30 WINDERMERE ROAD, Boston, MA",SAM,-71.0623471020543,42.314459770086195
"31 WINDERMERE ROAD, Boston, MA",SAM,-71.06245674275343,42.31455286704989
"4 WINDERMERE ROAD, Boston, MA",SAM,-71.06205558399107,42.315381330049824
"9 WINDERMERE ROAD, Boston, MA",SAM,-71.06237894843521,42.31520585010599
"11 WINDHAM ROAD, Boston, MA",SAM,-71.12511392530105,42.272197172634684
"111 WINDHAM ROAD, Boston, MA",SAM,-71.12510002662408,42.268847111538584
"115 WINDHAM ROAD, Boston, MA",SAM,-71.12501884373881,42.26873113596004
"119 WINDHAM ROAD, Boston, MA",SAM,-71.12494974746815,42.268618942585604
"12 WINDHAM ROAD, Boston, MA",SAM,-71.12499394851076,42.272124718020684
"120 WINDHAM ROAD, Boston, MA",SAM,-71.12466217430708,42.26821104751826
"124 WINDHAM ROAD, Boston, MA",SAM,-71.12464186028238,42.26818260787683
"127 WINDHAM ROAD, Boston, MA",SAM,-71.12482835843421,42.26833901668049
"130 WINDHAM ROAD, Boston, MA",SAM,-71.12461417928424,42.26814547100437
"131 WINDHAM ROAD, Boston, MA",SAM,-71.12482290865275,42.2682954184023
"134 WINDHAM ROAD, Boston, MA",SAM,-71.12459008298295,42.268118697330095
"135 WINDHAM ROAD, Boston, MA",SAM,-71.12481745887126,42.26825182012412
"139 WINDHAM ROAD, Boston, MA",SAM,-71.1248120090898,42.268208221845946
"15 WINDHAM ROAD, Boston, MA",SAM,-71.12523600523366,42.27208648682362
"16 WINDHAM ROAD, Boston, MA",SAM,-71.12511602844337,42.272014032209604
"19 WINDHAM ROAD, Boston, MA",SAM,-71.12535664660808,42.27197092783855
"20 WINDHAM ROAD, Boston, MA",SAM,-71.12523137368883,42.27190356012752
"23 WINDHAM ROAD, Boston, MA",SAM,-71.1254701550831,42.271855355567624
"26 WINDHAM ROAD, Boston, MA",SAM,-71.12540163640135,42.27173020172112
"27 WINDHAM ROAD, Boston, MA",SAM,-71.12558316738773,42.27173310230315
"3 WINDHAM ROAD, Boston, MA",SAM,-71.12484833182766,42.27241423508787
"31 WINDHAM ROAD, Boston, MA",SAM,-71.12568150477414,42.27160037213002
"32 WINDHAM ROAD, Boston, MA",SAM,-71.12553776093958,42.271557739253964
"35 WINDHAM ROAD, Boston, MA",SAM,-71.12574720241685,42.27145832225546
"38 WINDHAM ROAD, Boston, MA",SAM,-71.12562091932135,42.27136084383262
"39 WINDHAM ROAD, Boston, MA",SAM,-71.12578406897194,42.27130717142783
"4 WINDHAM ROAD, Boston, MA",SAM,-71.124742529076,42.272330557327955
"42 WINDHAM ROAD, Boston, MA",SAM,-71.12563427051911,42.27123005352535
"43 WINDHAM ROAD, Boston, MA",SAM,-71.12579379768196,42.27116448378281
"47 WINDHAM ROAD, Boston, MA",SAM,-71.12577967937709,42.271014681334755
"48 WINDHAM ROAD, Boston, MA",SAM,-71.12562529543355,42.27102362279676
"51 WINDHAM ROAD, Boston, MA",SAM,-71.12576461430098,42.27087224778967
"54 WINDHAM ROAD, Boston, MA",SAM,-71.12560269781936,42.270809972479135
"55 WINDHAM ROAD, Boston, MA",SAM,-71.12574954922486,42.27072981424459
"59 WINDHAM ROAD, Boston, MA",SAM,-71.12573448414875,42.27058738069951
"60 WINDHAM ROAD, Boston, MA",SAM,-71.12558010020518,42.270596322161516
"63 WINDHAM ROAD, Boston, MA",SAM,-71.12571941907261,42.27044494715443
"67 WINDHAM ROAD, Boston, MA",SAM,-71.1257043539965,42.270302513609344
"7 WINDHAM ROAD, Boston, MA",SAM,-71.12499184536846,42.27230785844578
"71 WINDHAM ROAD, Boston, MA",SAM,-71.12568928892037,42.270160080064265
"72 WINDHAM ROAD, Boston, MA",SAM,-71.12553490497683,42.27016902152627
"75 WINDHAM ROAD, Boston, MA",SAM,-71.12567422384426,42.27001764651917
"76 WINDHAM ROAD, Boston, MA",SAM,-71.12551983990072,42.270026587981185
"79 WINDHAM ROAD, Boston, MA",SAM,-71.12565915876813,42.26987521297409
"8 WINDHAM ROAD, Boston, MA",SAM,-71.12487186857817,42.27223540383174
"80 WINDHAM ROAD, Boston, MA",SAM,-71.12550477482458,42.269884154436106
"83 WINDHAM ROAD, Boston, MA",SAM,-71.12563835988675,42.26968901655954
"84 WINDHAM ROAD, Boston, MA",SAM,-71.12548416232292,42.269699571021775
"87 WINDHAM ROAD, Boston, MA",SAM,-71.12559405269792,42.26954977913557
"88 WINDHAM ROAD, Boston, MA",SAM,-71.12528958591433,42.26936405489483
"91 WINDHAM ROAD, Boston, MA",SAM,-71.12550987698104,42.26942419732933
"92 WINDHAM ROAD, Boston, MA",SAM,-71.12504370832748,42.269015793881906
"96 WINDHAM ROAD, Boston, MA",SAM,-71.12480451697938,42.2686587069137
"98 WINDHAM ROAD, Boston, MA",SAM,-71.12471264542884,42.2684749637631
"10 WINDOM STREET, Boston, MA",SAM,-71.1236333276478,42.359534036568974
"23 WINDOM STREET, Boston, MA",SAM,-71.12384865331526,42.36005845020931
"24 WINDOM STREET, Boston, MA",SAM,-71.12381407078595,42.35976760936213
"25 WINDOM STREET, Boston, MA",SAM,-71.12386489072787,42.36007971893796
"26 WINDOM STREET, Boston, MA",SAM,-71.12384728110297,42.35981614752968
"27 WINDOM STREET, Boston, MA",SAM,-71.12388112814052,42.36010098766662
"28 WINDOM STREET, Boston, MA",SAM,-71.12388049141998,42.359864685697225
"29 WINDOM STREET, Boston, MA",SAM,-71.12389736555312,42.360122256395286
"30 WINDOM STREET, Boston, MA",SAM,-71.1239136057021,42.35991030486999
"31 WINDOM STREET, Boston, MA",SAM,-71.12391360296576,42.36014352512395
"32 WINDOM STREET, Boston, MA",SAM,-71.12394977084838,42.359957676129284
"34 WINDOM STREET, Boston, MA",SAM,-71.1239859359947,42.36000504738857
"35 WINDOM STREET, Boston, MA",SAM,-71.123946077791,42.36018606258129
"6 WINDOM STREET, Boston, MA",SAM,-71.12359871079755,42.35949076549592
"8 WINDOM STREET, Boston, MA",SAM,-71.12361601922268,42.359512401032454
"53 WINDSOR STREET, Boston, MA",SAM,-71.08362606445472,42.33482838334865
"59 WINDSOR STREET, Boston, MA",SAM,-71.08377731268462,42.33490686385189
"71 WINDSOR STREET, Boston, MA",SAM,-71.08407588556956,42.33506395312578
"73 WINDSOR STREET, Boston, MA",SAM,-71.08412524266741,42.33509096964866
"77 WINDSOR STREET, Boston, MA",SAM,-71.0842239568631,42.33514500269443
"90 WARWICK STREET, Boston, MA",SAM,-71.08474452432033,42.33550744730798
"11 WINFIELD STREET, Boston, MA",SAM,-71.0426827697062,42.33204162325644
"12 WINFIELD STREET, Boston, MA",SAM,-71.04252777049987,42.332043671250226
"16 WINFIELD STREET, Boston, MA",SAM,-71.04252647357785,42.332013193536795
"17 WINFIELD STREET, Boston, MA",SAM,-71.04268086402486,42.331996839677544
"20 WINFIELD STREET, Boston, MA",SAM,-71.04252517665581,42.33198271582339
"21 WINFIELD STREET, Boston, MA",SAM,-71.04267959357063,42.33196698395827
"8 WINFIELD STREET, Boston, MA",SAM,-71.0425290674219,42.332074148963635
"10 WINGATE ROAD, Boston, MA",SAM,-71.129621500633,42.236712885420665
"14 WINGATE ROAD, Boston, MA",SAM,-71.12960688719222,42.23674473943749
"15 WINGATE ROAD, Boston, MA",SAM,-71.12974717824977,42.23679524455797
"18 WINGATE ROAD, Boston, MA",SAM,-71.12959227375148,42.23677659345432
"19 WINGATE ROAD, Boston, MA",SAM,-71.1297328630425,42.23682644849281
"22 WINGATE ROAD, Boston, MA",SAM,-71.12957766031072,42.236808447471155
"23 WINGATE ROAD, Boston, MA",SAM,-71.12971854783522,42.23685765242766
"26 WINGATE ROAD, Boston, MA",SAM,-71.12956304686996,42.23684030148797
"27 WINGATE ROAD, Boston, MA",SAM,-71.12970423262794,42.236888856362505
"28 WINGATE ROAD, Boston, MA",SAM,-71.12955574014957,42.236856228496386
"9 WINGATE ROAD, Boston, MA",SAM,-71.12976865106067,42.23674843865568
"10 WINSHIP STREET, Boston, MA",SAM,-71.15085799070052,42.34849800242273
"13 WINSHIP STREET, Boston, MA",SAM,-71.1511936231468,42.34823527072664
"14 WINSHIP STREET, Boston, MA",SAM,-71.15098833937249,42.34829144933776
"16 WINSHIP STREET, Boston, MA",SAM,-71.15105262942593,42.34818759617201
"18 WINSHIP STREET, Boston, MA",SAM,-71.1511188554479,42.348082932111815
"19 WINSHIP STREET, Boston, MA",SAM,-71.15134897002049,42.34799280259343
"20 WINSHIP STREET, Boston, MA",SAM,-71.15118651811703,42.347978280514035
"21 WINSHIP STREET, Boston, MA",SAM,-71.15139407846658,42.34792303486156
"23 WINSHIP STREET, Boston, MA",SAM,-71.15143918691265,42.34785326712971
"24 WINSHIP STREET, Boston, MA",SAM,-71.15132184345529,42.34776897731844
"25 WINSHIP STREET, Boston, MA",SAM,-71.15148429535874,42.34778349939784
"26 WINSHIP STREET, Boston, MA",SAM,-71.15138950612442,42.34766432572068
"28 WINSHIP STREET, Boston, MA",SAM,-71.15145197413797,42.347562154742974
"29 WINSHIP STREET, Boston, MA",SAM,-71.15159459805795,42.34760709990204
"31 WINSHIP STREET, Boston, MA",SAM,-71.15163169153082,42.347542804547835
"32 WINSHIP STREET, Boston, MA",SAM,-71.15152616108372,42.34743356403456
"33 WINSHIP STREET, Boston, MA",SAM,-71.15166878500371,42.347478509193635
"34 WINSHIP STREET, Boston, MA",SAM,-71.15158963723457,42.34732739293921
"35 WINSHIP STREET, Boston, MA",SAM,-71.15173062846898,42.34737506808649
"37 WINSHIP STREET, Boston, MA",SAM,-71.15178312184906,42.34729027108586
"38 WINSHIP STREET, Boston, MA",SAM,-71.15162463282128,42.34727086160546
"41 WINSHIP STREET, Boston, MA",SAM,-71.15192256178781,42.347065287594965
"44 WINSHIP STREET, Boston, MA",SAM,-71.15178160861727,42.34701755170511
"48 WINSHIP STREET, Boston, MA",SAM,-71.15190258914484,42.34682749530556
"49 WINSHIP STREET, Boston, MA",SAM,-71.15210885831719,42.3467725311056
"56 WINSHIP STREET, Boston, MA",SAM,-71.15214367820128,42.34644524564966
"62 WINSHIP STREET, Boston, MA",SAM,-71.15234393235349,42.346126196653316
"64 WINSHIP STREET, Boston, MA",SAM,-71.15241160410123,42.34602161290893
"9 WINSHIP STREET, Boston, MA",SAM,-71.15104209257862,42.348477623449945
"1 WINSHIP PLACE, Boston, MA",SAM,-71.15159712303232,42.34732555754184
"11 WINSLOW STREET, Boston, MA",SAM,-71.13078151723727,42.253566485634366
"12 WINSLOW STREET, Boston, MA",SAM,-71.13080911741174,42.25344096324764
"13 WINSLOW STREET, Boston, MA",SAM,-71.1308635633486,42.253608200327356
"14 WINSLOW STREET, Boston, MA",SAM,-71.13087630443843,42.253475715165976
"16 WINSLOW STREET, Boston, MA",SAM,-71.13094154694109,42.25350905484922
"17 WINSLOW STREET, Boston, MA",SAM,-71.13102651091674,42.253686153837776
"19 WINSLOW STREET, Boston, MA",SAM,-71.13110797736432,42.25372494739325
"20 WINSLOW STREET, Boston, MA",SAM,-71.13107894112059,42.25357486286438
"24 WINSLOW STREET, Boston, MA",SAM,-71.13121680741648,42.2536405134967
"33 WINSLOW STREET, Boston, MA",SAM,-71.13143088265518,42.25388436102936
"35 WINSLOW STREET, Boston, MA",SAM,-71.13143977453609,42.2538891151054
"36 WINSLOW STREET, Boston, MA",SAM,-71.1315149977618,42.25378797340538
"38 WINSLOW STREET, Boston, MA",SAM,-71.13152467422043,42.25379314695871
"12 WINSTON ROAD, Boston, MA",SAM,-71.08671710658086,42.28534220405416
"14 WINSTON ROAD, Boston, MA",SAM,-71.08678025367307,42.28532979364342
"19 WINSTON ROAD, Boston, MA",SAM,-71.08699786558674,42.285405591793015
"2 WINSTON ROAD, Boston, MA",SAM,-71.08640137111975,42.28540425610786
"22 WINSTON ROAD, Boston, MA",SAM,-71.08703284204196,42.28528015200047
"24 WINSTON ROAD, Boston, MA",SAM,-71.0870959891342,42.285267741589706
"28 WINSTON ROAD, Boston, MA",SAM,-71.08721661466517,42.285239265671194
"29 WINSTON ROAD, Boston, MA",SAM,-71.08730856470355,42.28533773304992
"33 WINSTON ROAD, Boston, MA",SAM,-71.08743039609053,42.285308672352386
"36 WINSTON ROAD, Boston, MA",SAM,-71.08746535374691,42.285179933413744
"37 WINSTON ROAD, Boston, MA",SAM,-71.08755222747752,42.285279611654865
"41 WINSTON ROAD, Boston, MA",SAM,-71.08768448466013,42.28524184391721
"42 WINSTON ROAD, Boston, MA",SAM,-71.0876371615061,42.28513095071461
"43 WINSTON ROAD, Boston, MA",SAM,-71.08773899526237,42.28522160613997
"46 WINSTON ROAD, Boston, MA",SAM,-71.08775443463992,42.28508830593743
"5 WINSTON ROAD, Boston, MA",SAM,-71.08656485695435,42.285490691752365
"50 WINSTON ROAD, Boston, MA",SAM,-71.0878614649638,42.28504499654331
"55 WINSTON ROAD, Boston, MA",SAM,-71.08807960841652,42.28507815050006
"9 WINSTON ROAD, Boston, MA",SAM,-71.08668857370647,42.285466377478244
"13 WINTER STREET, Boston, MA",SAM,-71.12797882598066,42.24874896841757
"17 WINTER STREET, Boston, MA",SAM,-71.12800980679873,42.24870892004148
"22 WINTER STREET, Boston, MA",SAM,-71.12790967674096,42.24860775650295
"25 WINTER STREET, Boston, MA",SAM,-71.12807176843489,42.248628823289266
"30 WINTER STREET, Boston, MA",SAM,-71.12797292924455,42.2485259910684
"31 WINTER STREET, Boston, MA",SAM,-71.128118239662,42.24856875072511
"35 WINTER STREET, Boston, MA",SAM,-71.12814922048008,42.248528702349
"40 WINTER STREET, Boston, MA",SAM,-71.128051994874,42.248423784275204
"11 WINTER STREET, Boston, MA",SAM,-71.12796283026279,42.24876952866159
"12 WINTER STREET, Boston, MA",SAM,-71.12783102063172,42.248709386110434
"16 WINTER STREET, Boston, MA",SAM,-71.12786223736327,42.24866908057886
"7 WINTER STREET, Boston, MA",SAM,-71.12793123623361,42.24880931373691
"20 WINTER STREET, Boston, MA",SAM,-71.12789386361507,42.24862819786158
"24 WINTER STREET, Boston, MA",SAM,-71.12792548986684,42.248587315144306
"3 WINTER STREET, Boston, MA",SAM,-71.12789964220445,42.248849098812215
"34 WINTER STREET, Boston, MA",SAM,-71.12800455549633,42.24848510835112
"36 WINTER STREET, Boston, MA",SAM,-71.12802036862224,42.24846466699248
"38 WINTER STREET, Boston, MA",SAM,-71.1280361817481,42.24844422563385
"6 WINTER STREET, Boston, MA",SAM,-71.12778264227458,42.248770307007014
"20 WINTHROP SQUARE, Boston, MA",SAM,-71.05774206799681,42.3550524763487
"29 WINTHROP STREET, Boston, MA",SAM,-71.12152498649311,42.25688155013361
"3 WINTHROP STREET, Boston, MA",SAM,-71.12126182559084,42.25690969567995
"30 WINTHROP STREET, Boston, MA",SAM,-71.1224748593324,42.25666413098941
"31 WINTHROP STREET, Boston, MA",SAM,-71.12154522963945,42.2568793850916
"32 WINTHROP STREET, Boston, MA",SAM,-71.1225151946977,42.256659903702946
"33 WINTHROP STREET, Boston, MA",SAM,-71.12156547278578,42.25687722004959
"34 WINTHROP STREET, Boston, MA",SAM,-71.12255553006297,42.2566556764165
"35 WINTHROP STREET, Boston, MA",SAM,-71.12158571593211,42.25687505500755
"36 WINTHROP STREET, Boston, MA",SAM,-71.12259586542824,42.25665144913003
"37 WINTHROP STREET, Boston, MA",SAM,-71.12160595907844,42.256872889965514
"38 WINTHROP STREET, Boston, MA",SAM,-71.12263620079351,42.25664722184358
"40 WINTHROP STREET, Boston, MA",SAM,-71.12267653615879,42.25664299455712
"42 WINTHROP STREET, Boston, MA",SAM,-71.12271687152408,42.25663876727066
"44 WINTHROP STREET, Boston, MA",SAM,-71.12275720688935,42.256634539984205
"5 WINTHROP STREET, Boston, MA",SAM,-71.12128206873716,42.25690753063793
"54 WINTHROP STREET, Boston, MA",SAM,-71.12295888371573,42.25661340355194
"56 WINTHROP STREET, Boston, MA",SAM,-71.122999219081,42.25660917626547
"58 WINTHROP STREET, Boston, MA",SAM,-71.12303955444628,42.25660494897901
"60 WINTHROP STREET, Boston, MA",SAM,-71.12307988981155,42.25660072169256
"63 WINTHROP STREET, Boston, MA",SAM,-71.1218691199807,42.2568447444192
"65 WINTHROP STREET, Boston, MA",SAM,-71.12188936312704,42.25684257937716
"67 WINTHROP STREET, Boston, MA",SAM,-71.12190960627338,42.25684041433512
"7 WINTHROP STREET, Boston, MA",SAM,-71.1213023118835,42.2569053655959
"70 WINTHROP STREET, Boston, MA",SAM,-71.12328156663796,42.256579585260255
"72 WINTHROP STREET, Boston, MA",SAM,-71.12332190200323,42.25657535797381
"9 WINTHROP STREET, Boston, MA",SAM,-71.12132255502983,42.256903200553865
"19 WINTHROP STREET, Boston, MA",SAM,-71.12142377076147,42.25689237534376
"25 WINTHROP STREET, Boston, MA",SAM,-71.12148450020045,42.25688588021769
"103 WINTHROP STREET, Boston, MA",SAM,-71.07724181720499,42.324012883718915
"104 WINTHROP STREET, Boston, MA",SAM,-71.07721128159272,42.32413360001599
"107 WINTHROP STREET, Boston, MA",SAM,-71.07705538960644,42.32392784654876
"11 WINTHROP STREET, Boston, MA",SAM,-71.12134279817614,42.256901035511866
"111 WINTHROP STREET, Boston, MA",SAM,-71.07686223093961,42.323845940216096
"118 WINTHROP STREET, Boston, MA",SAM,-71.07661406811732,42.32387686658995
"120 WINTHROP STREET, Boston, MA",SAM,-71.07657610115506,42.32386186729261
"13 WINTHROP STREET, Boston, MA",SAM,-71.12136304132248,42.25689887046985
"14 WINTHROP STREET, Boston, MA",SAM,-71.12159485828468,42.256758295551805
"146 WINTHROP STREET, Boston, MA",SAM,-71.07547418667244,42.323349436749474
"148 WINTHROP STREET, Boston, MA",SAM,-71.07540817404134,42.323308813582706
"149 WINTHROP STREET, Boston, MA",SAM,-71.07574167355705,42.32335041006604
"150 WINTHROP STREET, Boston, MA",SAM,-71.07533947269957,42.323260546261466
"153 WINTHROP STREET, Boston, MA",SAM,-71.07567700475526,42.32331696067812
"17 WINTHROP STREET, Boston, MA",SAM,-71.12140352761513,42.25689454038579
"170 WINTHROP STREET, Boston, MA",SAM,-71.07476379965131,42.32274289956018
"172 WINTHROP STREET, Boston, MA",SAM,-71.074717305335,42.32270144678689
"24 WINTHROP STREET, Boston, MA",SAM,-71.12190770690978,42.25672483581141
"26 WINTHROP STREET, Boston, MA",SAM,-71.12239418860187,42.25667258556232
"27 WINTHROP STREET, Boston, MA",SAM,-71.12150474334679,42.256883715175654
"41 WINTHROP STREET, Boston, MA",SAM,-71.12164644537108,42.25686855988147
"43 WINTHROP STREET, Boston, MA",SAM,-71.12166668851742,42.25686639483944
"45 WINTHROP STREET, Boston, MA",SAM,-71.12168693166376,42.256864229797415
"49 WINTHROP STREET, Boston, MA",SAM,-71.12172741795641,42.25685989971337
"59 WINTHROP STREET, Boston, MA",SAM,-71.12182863368805,42.25684907450324
"62 WINTHROP STREET, Boston, MA",SAM,-71.12312022517685,42.25659649440609
"69 WINTHROP STREET, Boston, MA",SAM,-71.1219298494197,42.256838249293104
"82 WINTHROP STREET, Boston, MA",SAM,-71.1235250499237,42.25655601774478
"84 WINTHROP STREET, Boston, MA",SAM,-71.12356546468271,42.2565522288619
"88 WINTHROP STREET, Boston, MA",SAM,-71.12364629420075,42.25654465109617
"92 WINTHROP STREET, Boston, MA",SAM,-71.12372712371878,42.256537073330435
"93 WINTHROP STREET, Boston, MA",SAM,-71.12355605230782,42.2566686182918
"99 WINTHROP STREET, Boston, MA",SAM,-71.12386782330594,42.256639389766825
"10 WINTON STREET, Boston, MA",SAM,-71.13298697279795,42.27548764506569
"14 WINTON STREET, Boston, MA",SAM,-71.13305313624782,42.275430694245195
"15 WINTON STREET, Boston, MA",SAM,-71.13319893522149,42.27548098521822
"18 WINTON STREET, Boston, MA",SAM,-71.13311929969773,42.27537374342471
"19 WINTON STREET, Boston, MA",SAM,-71.13326374839686,42.27542519665937
"22 WINTON STREET, Boston, MA",SAM,-71.13318599039101,42.27531663463902
"23 WINTON STREET, Boston, MA",SAM,-71.13332861983727,42.275369941346675
"26 WINTON STREET, Boston, MA",SAM,-71.13325265535143,42.27526000526117
"29 WINTON STREET, Boston, MA",SAM,-71.13342657651384,42.275286730832285
"31 WINTON STREET, Boston, MA",SAM,-71.13345922873935,42.27525899399415
"33 WINTON STREET, Boston, MA",SAM,-71.13349188096485,42.27523125715601
"34 WINTON STREET, Boston, MA",SAM,-71.13338598527228,42.27514674650545
"35 WINTON STREET, Boston, MA",SAM,-71.13352453319038,42.27520352031787
"38 WINTON STREET, Boston, MA",SAM,-71.13345265023273,42.27509011712758
"50 WINTON STREET, Boston, MA",SAM,-71.13365264511401,42.274920228994006
"9 WINTON STREET, Boston, MA",SAM,-71.1331017154584,42.275564668056475
"1 WISE STREET, Boston, MA",SAM,-71.1014256019861,42.322809374595174
"10 WISE STREET, Boston, MA",SAM,-71.10128432209423,42.32270739183914
"11 WISE STREET, Boston, MA",SAM,-71.10144133601933,42.32269923639262
"12 WISE STREET, Boston, MA",SAM,-71.10128753445935,42.32268490528945
"14 WISE STREET, Boston, MA",SAM,-71.10129074682446,42.322662418739746
"4 WISE STREET, Boston, MA",SAM,-71.10127468499887,42.32277485148822
"7 WISE STREET, Boston, MA",SAM,-71.10143504240602,42.32274329167367
"8 WISE STREET, Boston, MA",SAM,-71.1012811097291,42.32272987838883
"9 WISE STREET, Boston, MA",SAM,-71.10143818921266,42.32272126403312
"1 WISTAR PLACE, Boston, MA",SAM,-71.06311676727746,42.378464429679816
"12 WITHINGTON STREET, Boston, MA",SAM,-71.07284169117708,42.28893140108399
"13 WITHINGTON STREET, Boston, MA",SAM,-71.07298254142837,42.28886989491846
"21 WITHINGTON STREET, Boston, MA",SAM,-71.07291796219339,42.28864180647646
"27 WITHINGTON STREET, Boston, MA",SAM,-71.07286952776712,42.28847074014498
"31 WITHINGTON STREET, Boston, MA",SAM,-71.07283723814965,42.28835669592398
"43 WITHINGTON STREET, Boston, MA",SAM,-71.07276645878127,42.28809963006454
"46 WITHINGTON STREET, Boston, MA",SAM,-71.0726026509361,42.28807784992678
"47 WITHINGTON STREET, Boston, MA",SAM,-71.07275456861493,42.2880554665735
"49 WITHINGTON STREET, Boston, MA",SAM,-71.07274862353172,42.28803338482802
"51 WITHINGTON STREET, Boston, MA",SAM,-71.07274267844853,42.2880113030825
"52 WITHINGTON STREET, Boston, MA",SAM,-71.07258481568657,42.288011604690254
"8 WITHINGTON STREET, Boston, MA",SAM,-71.07288358014394,42.28905773804522
"1 WILLIAM C KELLY SQUARE, Boston, MA",SAM,,
"13 WILLIAM C KELLY SQUARE, Boston, MA",SAM,,
"14 WILLIAM C KELLY SQUARE, Boston, MA",SAM,,
"16 WILLIAM C KELLY SQUARE, Boston, MA",SAM,,
"19 WILLIAM C KELLY SQUARE, Boston, MA",SAM,,
"22 WILLIAM C KELLY SQUARE, Boston, MA",SAM,,
"24 WILLIAM C KELLY SQUARE, Boston, MA",SAM,,
"35 WILLIAM C KELLY SQUARE, Boston, MA",SAM,,
"40 WILLIAM C KELLY SQUARE, Boston, MA",SAM,,
"62 WILLIAM C KELLY SQUARE, Boston, MA",SAM,,
"9 WILLIAM C KELLY SQUARE, Boston, MA",SAM,,
"60 WILLIAM CARDINAL O'CONNELL WAY, Boston, MA",SAM,-71.06517153301071,42.36315630908701
"68 WILLIAM CARDINAL O'CONNELL WAY, Boston, MA",SAM,-71.06524509320889,42.3632172036618
"70 WILLIAM CARDINAL O'CONNELL WAY, Boston, MA",SAM,-71.06526727132564,42.363226836711945
"15 WOLCOTT COURT, Boston, MA",SAM,-71.13154347296488,42.2381323494702
"21 WOLCOTT COURT, Boston, MA",SAM,-71.13138589349514,42.23847329635778
"7 WOLCOTT COURT, Boston, MA",SAM,-71.1317561846469,42.23765535964096
"8 WOLCOTT COURT, Boston, MA",SAM,-71.12962454455298,42.2382633080019
"12 WOLCOTT STREET, Boston, MA",SAM,-71.13103834478785,42.238374565747286
"15 WOLCOTT STREET, Boston, MA",SAM,-71.1310293899994,42.238247028283624
"16 WOLCOTT STREET, Boston, MA",SAM,-71.13096297914498,42.238350626066364
"20 WOLCOTT STREET, Boston, MA",SAM,-71.13088761350214,42.238326686385435
"24 WOLCOTT STREET, Boston, MA",SAM,-71.13081224785927,42.238302746704505
"28 WOLCOTT STREET, Boston, MA",SAM,-71.13073688221641,42.23827880702358
"8 WOLCOTT STREET, Boston, MA",SAM,-71.1311137104307,42.238398505428215
"10 WOLCOTT STREET, Boston, MA",SAM,-71.13107602760927,42.23838653558775
"11 WOLCOTT STREET, Boston, MA",SAM,-71.1311032175679,42.23827047939963
"14 WOLCOTT STREET, Boston, MA",SAM,-71.13100066196641,42.23836259590682
"18 WOLCOTT STREET, Boston, MA",SAM,-71.13092529632355,42.23833865622592
"21 WOLCOTT STREET, Boston, MA",SAM,-71.13091864864663,42.238211851609606
"22 WOLCOTT STREET, Boston, MA",SAM,-71.1308499306807,42.238314716544984
"25 WOLCOTT STREET, Boston, MA",SAM,-71.13084482107811,42.2381884004936
"30 WOLCOTT STREET, Boston, MA",SAM,-71.13069919939498,42.238266837183126
"31 WOLCOTT STREET, Boston, MA",SAM,-71.13073407972534,42.238153223819594
"33 WOLCOTT STREET, Boston, MA",SAM,-71.13069716594109,42.23814149826158
"34 WOLCOTT STREET, Boston, MA",SAM,-71.13062383375213,42.23824289750221
"37 WOLCOTT STREET, Boston, MA",SAM,-71.13062333837259,42.23811804714556
"40 WOLCOTT STREET, Boston, MA",SAM,-71.13050936205568,42.23820606707684
"41 WOLCOTT STREET, Boston, MA",SAM,-71.13055161780355,42.23809437449099
"44 WOLCOTT STREET, Boston, MA",SAM,-71.13043477146063,42.23818083244132
"45 WOLCOTT STREET, Boston, MA",SAM,-71.13047854946556,42.238069654848054
"46 WOLCOTT STREET, Boston, MA",SAM,-71.1303974761631,42.23816821512358
"47 WOLCOTT STREET, Boston, MA",SAM,-71.13044201529657,42.23805729502657
"48 WOLCOTT STREET, Boston, MA",SAM,-71.1303601808656,42.23815559780583
"5 WOLCOTT STREET, Boston, MA",SAM,-71.13121395892067,42.23830565607364
"9 WOLCOTT STREET, Boston, MA",SAM,-71.13114013135214,42.23828220495764
"175 WOLCOTT SQUARE, Boston, MA",SAM,-71.13257384747301,42.23745917318949
"181 WOLCOTT SQUARE, Boston, MA",SAM,-71.13259330978792,42.2374454969675
"11 WOLFE STREET, Boston, MA",SAM,-71.16468952986214,42.28637819342875
"12 WOLFE STREET, Boston, MA",SAM,-71.1646066582074,42.286281340777705
"14 WOLFE STREET, Boston, MA",SAM,-71.16463763656732,42.28626603382275
"15 WOLFE STREET, Boston, MA",SAM,-71.1647502221591,42.28634820429246
"20 WOLFE STREET, Boston, MA",SAM,-71.16473057164704,42.28622011295779
"21 WOLFE STREET, Boston, MA",SAM,-71.16484126060455,42.28630322058802
"24 WOLFE STREET, Boston, MA",SAM,-71.16478344798976,42.28619164023804
"25 WOLFE STREET, Boston, MA",SAM,-71.16490525074529,42.286265427518615
"26 WOLFE STREET, Boston, MA",SAM,-71.16481181977568,42.28617378070655
"30 WOLFE STREET, Boston, MA",SAM,-71.1648685633475,42.2861380616436
"11 WOLLASTON TERRACE, Boston, MA",SAM,-71.08331072439199,42.287175284150244
"13 WOLLASTON TERRACE, Boston, MA",SAM,-71.08330373620021,42.28715907154065
"15 WOLLASTON TERRACE, Boston, MA",SAM,-71.08329674800841,42.28714285893109
"17 WOLLASTON TERRACE, Boston, MA",SAM,-71.08328975981664,42.28712664632152
"7 WOLLASTON TERRACE, Boston, MA",SAM,-71.08332470077555,42.287207709369376
"114 WOOD AVENUE, Boston, MA",SAM,-71.11015235255633,42.27033357780401
"122 WOOD AVENUE, Boston, MA",SAM,-71.11023571905055,42.27016206111668
"124 WOOD AVENUE, Boston, MA",SAM,-71.11029945535165,42.270052936033196
"128 WOOD AVENUE, Boston, MA",SAM,-71.11041092970912,42.26988046626788
"129 WOOD AVENUE, Boston, MA",SAM,-71.11035076480344,42.27025949671926
"132 WOOD AVENUE, Boston, MA",SAM,-71.11051726781055,42.269711015052636
"137 WOOD AVENUE, Boston, MA",SAM,-71.1105784989344,42.26988679156767
"138 WOOD AVENUE, Boston, MA",SAM,-71.1106693238276,42.269450259429405
"140 WOOD AVENUE, Boston, MA",SAM,-71.11071022569064,42.26938770363712
"141 WOOD AVENUE, Boston, MA",SAM,-71.11076781844103,42.26956272400129
"145 WOOD AVENUE, Boston, MA",SAM,-71.11086325612143,42.26941676048597
"149 WOOD AVENUE, Boston, MA",SAM,-71.11095869380186,42.26927079697066
"15 WOOD AVENUE, Boston, MA",SAM,-71.10954764181763,42.27388821355894
"155 WOOD AVENUE, Boston, MA",SAM,-71.11109109101598,42.269004488813884
"161 WOOD AVENUE, Boston, MA",SAM,-71.11128191749857,42.268588140126006
"165 WOOD AVENUE, Boston, MA",SAM,-71.11140913515361,42.268310574334116
"169 WOOD AVENUE, Boston, MA",SAM,-71.11153635280866,42.268033008542176
"171 WOOD AVENUE, Boston, MA",SAM,-71.11158402337509,42.26792154444171
"175 WOOD AVENUE, Boston, MA",SAM,-71.11163225089298,42.267800197786336
"178 WOOD AVENUE, Boston, MA",SAM,-71.11150780483908,42.26770719186953
"18 WOOD AVENUE, Boston, MA",SAM,-71.10942380271632,42.27380718822697
"186 WOOD AVENUE, Boston, MA",SAM,-71.11157193850718,42.26748537058365
"189 WOOD AVENUE, Boston, MA",SAM,-71.11166329657144,42.267282034492176
"195 WOOD AVENUE, Boston, MA",SAM,-71.11150967481875,42.26701868284886
"196 WOOD AVENUE, Boston, MA",SAM,-71.111398229682,42.26711676860719
"200 WOOD AVENUE, Boston, MA",SAM,-71.11131403969975,42.26697895073534
"201 WOOD AVENUE, Boston, MA",SAM,-71.11134481836935,42.26675718451796
"203 WOOD AVENUE, Boston, MA",SAM,-71.11129007586261,42.26667057694837
"206 WOOD AVENUE, Boston, MA",SAM,-71.11118265768357,42.26677109256837
"207 WOOD AVENUE, Boston, MA",SAM,-71.11117059524732,42.26648040829207
"208 WOOD AVENUE, Boston, MA",SAM,-71.11113886367818,42.26670180651269
"21 WOOD AVENUE, Boston, MA",SAM,-71.10964669117143,42.27369738452684
"211 WOOD AVENUE, Boston, MA",SAM,-71.11110157174706,42.26636875260188
"215 WOOD AVENUE, Boston, MA",SAM,-71.1110325482468,42.266257096911666
"216 WOOD AVENUE, Boston, MA",SAM,-71.11096938664771,42.266430380135596
"218 WOOD AVENUE, Boston, MA",SAM,-71.11093918886635,42.26638153077113
"219 WOOD AVENUE, Boston, MA",SAM,-71.11096352474655,42.26614544122146
"22 WOOD AVENUE, Boston, MA",SAM,-71.10948676432108,42.27368588605151
"220 WOOD AVENUE, Boston, MA",SAM,-71.11090899108498,42.266332681406666
"227 WOOD AVENUE, Boston, MA",SAM,-71.11083174014794,42.26594873686017
"230 WOOD AVENUE, Boston, MA",SAM,-71.11060937911867,42.26588420049805
"231 WOOD AVENUE, Boston, MA",SAM,-71.11074652563961,42.26583099914451
"235 WOOD AVENUE, Boston, MA",SAM,-71.11066887334607,42.26572137235065
"239 WOOD AVENUE, Boston, MA",SAM,-71.11059122105254,42.26561174555679
"243 WOOD AVENUE, Boston, MA",SAM,-71.110513568759,42.26550211876292
"247 WOOD AVENUE, Boston, MA",SAM,-71.11043591646549,42.26539249196906
"251 WOOD AVENUE, Boston, MA",SAM,-71.1103069420398,42.26519543535071
"259 WOOD AVENUE, Boston, MA",SAM,-71.11011399739256,42.26490082414881
"260 WOOD AVENUE, Boston, MA",SAM,-71.11011559222332,42.26516370336232
"263 WOOD AVENUE, Boston, MA",SAM,-71.11005086643154,42.264807145925616
"264 WOOD AVENUE, Boston, MA",SAM,-71.11003856055069,42.26504564439819
"267 WOOD AVENUE, Boston, MA",SAM,-71.10998773547053,42.264713467702435
"268 WOOD AVENUE, Boston, MA",SAM,-71.10992018999877,42.26486999772971
"27 WOOD AVENUE, Boston, MA",SAM,-71.10974574052526,42.27350655549474
"271 WOOD AVENUE, Boston, MA",SAM,-71.10992353766284,42.264618857504
"272 WOOD AVENUE, Boston, MA",SAM,-71.10980181944684,42.264694351061245
"275 WOOD AVENUE, Boston, MA",SAM,-71.10985779356582,42.26452616908254
"276 WOOD AVENUE, Boston, MA",SAM,-71.1096796007065,42.26452149808139
"28 WOOD AVENUE, Boston, MA",SAM,-71.10958120672821,42.27350393278833
"280 WOOD AVENUE, Boston, MA",SAM,-71.10955633052461,42.264347707291144
"283 WOOD AVENUE, Boston, MA",SAM,-71.10972630537182,42.264340792239615
"288 WOOD AVENUE, Boston, MA",SAM,-71.10945872892121,42.26419099364034
"291 WOOD AVENUE, Boston, MA",SAM,-71.10943375002063,42.26390789283552
"292 WOOD AVENUE, Boston, MA",SAM,-71.10938451880678,42.26407735289883
"295 WOOD AVENUE, Boston, MA",SAM,-71.10934788286163,42.26379442549123
"296 WOOD AVENUE, Boston, MA",SAM,-71.10927523333167,42.26393293991519
"299 WOOD AVENUE, Boston, MA",SAM,-71.10926764864192,42.26368193691638
"303 WOOD AVENUE, Boston, MA",SAM,-71.10918940946767,42.26356548788435
"304 WOOD AVENUE, Boston, MA",SAM,-71.10906498702498,42.26363767932674
"309 WOOD AVENUE, Boston, MA",SAM,-71.10907205070633,42.263390814336255
"310 WOOD AVENUE, Boston, MA",SAM,-71.1089156213287,42.26341536753827
"311 WOOD AVENUE, Boston, MA",SAM,-71.10903293111922,42.26333258982023
"314 WOOD AVENUE, Boston, MA",SAM,-71.10881604419787,42.263267159679295
"316 WOOD AVENUE, Boston, MA",SAM,-71.1087471150354,42.26316453242486
"317 WOOD AVENUE, Boston, MA",SAM,-71.10888577958077,42.263113540324376
"32 WOOD AVENUE, Boston, MA",SAM,-71.10964416833293,42.27338263061292
"320 WOOD AVENUE, Boston, MA",SAM,-71.10873044991834,42.263139712031645
"321 WOOD AVENUE, Boston, MA",SAM,-71.10886911446373,42.26308871993117
"324 WOOD AVENUE, Boston, MA",SAM,-71.10871378480128,42.26311489163846
"325 WOOD AVENUE, Boston, MA",SAM,-71.10885244934667,42.263063899537975
"327 WOOD AVENUE, Boston, MA",SAM,-71.10884411678816,42.26305148934139
"33 WOOD AVENUE, Boston, MA",SAM,-71.10984478987905,42.273315726462634
"36 WOOD AVENUE, Boston, MA",SAM,-71.10970712993769,42.273261328437485
"37 WOOD AVENUE, Boston, MA",SAM,-71.10991082278161,42.2731885071079
"41 WOOD AVENUE, Boston, MA",SAM,-71.10997685568414,42.27306128775318
"48 WOOD AVENUE, Boston, MA",SAM,-71.10990078650214,42.27289518768021
"51 WOOD AVENUE, Boston, MA",SAM,-71.11015871506008,42.272752151454505
"56 WOOD AVENUE, Boston, MA",SAM,-71.11004607008347,42.27265858298502
"59 WOOD AVENUE, Boston, MA",SAM,-71.11031108564538,42.272504005066864
"60 WOOD AVENUE, Boston, MA",SAM,-71.11011871187412,42.272540280637415
"65 WOOD AVENUE, Boston, MA",SAM,-71.11042324598024,42.27231641052444
"66 WOOD AVENUE, Boston, MA",SAM,-71.11022633349876,42.27236316857151
"71 WOOD AVENUE, Boston, MA",SAM,-71.11052791191072,42.272118154275546
"72 WOOD AVENUE, Boston, MA",SAM,-71.11033228711487,42.272184720372216
"79 WOOD AVENUE, Boston, MA",SAM,-71.11049037340962,42.27182625568437
"8 WOOD AVENUE, Boston, MA",SAM,-71.10925582694713,42.27410493731728
"80 WOOD AVENUE, Boston, MA",SAM,-71.11035757059256,42.27196319367381
"82 WOOD AVENUE, Boston, MA",SAM,-71.11034661197809,42.27189873120455
"83 WOOD AVENUE, Boston, MA",SAM,-71.11046738704755,42.271691041724445
"85 WOOD AVENUE, Boston, MA",SAM,-71.11044518844673,42.27157575240712
"86 WOOD AVENUE, Boston, MA",SAM,-71.11032469474914,42.271769806266015
"90 WOOD AVENUE, Boston, MA",SAM,-71.1102922544374,42.27159377208569
"93 WOOD AVENUE, Boston, MA",SAM,-71.11037167541207,42.27123413286948
"94 WOOD AVENUE, Boston, MA",SAM,-71.11022793053206,42.27129485499025
"97 WOOD AVENUE, Boston, MA",SAM,-71.11033491889472,42.27106332310069
"12 WOOD STREET, Boston, MA",SAM,-71.06464640306424,42.3758991552217
"14 WOOD STREET, Boston, MA",SAM,-71.06462830669062,42.37591562617338
"2 WOOD STREET, Boston, MA",SAM,-71.06473445405454,42.375825322829336
"27 WOOD STREET, Boston, MA",SAM,-71.06438599359934,42.37595433835517
"8 WOOD STREET, Boston, MA",SAM,-71.0646825958115,42.37586621331833
"104 WOODARD ROAD, Boston, MA",SAM,-71.14936584624402,42.27797850689779
"107 WOODARD ROAD, Boston, MA",SAM,-71.14950503591795,42.27803368115888
"108 WOODARD ROAD, Boston, MA",SAM,-71.14940495004328,42.2779433134767
"111 WOODARD ROAD, Boston, MA",SAM,-71.14954413971721,42.27799848773779
"112 WOODARD ROAD, Boston, MA",SAM,-71.14944405384252,42.277908120055606
"115 WOODARD ROAD, Boston, MA",SAM,-71.14958324351649,42.277963294316706
"116 WOODARD ROAD, Boston, MA",SAM,-71.14948315764178,42.27787292663453
"119 WOODARD ROAD, Boston, MA",SAM,-71.14962234731574,42.27792810089562
"120 WOODARD ROAD, Boston, MA",SAM,-71.14952226144104,42.27783773321344
"123 WOODARD ROAD, Boston, MA",SAM,-71.14966145111498,42.277892907474524
"15 WOODARD ROAD, Boston, MA",SAM,-71.14438330077178,42.27968172965922
"16 WOODARD ROAD, Boston, MA",SAM,-71.14434490939514,42.27954399099266
"19 WOODARD ROAD, Boston, MA",SAM,-71.14449099297333,42.279598075759395
"20 WOODARD ROAD, Boston, MA",SAM,-71.14448480574364,42.27943644228915
"27 WOODARD ROAD, Boston, MA",SAM,-71.14477023463971,42.27938414515838
"28 WOODARD ROAD, Boston, MA",SAM,-71.14499307975657,42.279184425287134
"32 WOODARD ROAD, Boston, MA",SAM,-71.14535295193603,42.27920535475201
"40 WOODARD ROAD, Boston, MA",SAM,-71.14593712895363,42.279421270388546
"41 WOODARD ROAD, Boston, MA",SAM,-71.14610255349075,42.27956292663062
"45 WOODARD ROAD, Boston, MA",SAM,-71.14655898799431,42.279538937180035
"46 WOODARD ROAD, Boston, MA",SAM,-71.14636940397773,42.27945060188123
"48 WOODARD ROAD, Boston, MA",SAM,-71.14652802819954,42.27942665860445
"50 WOODARD ROAD, Boston, MA",SAM,-71.14660820512319,42.279390739768736
"52 WOODARD ROAD, Boston, MA",SAM,-71.14669842756406,42.27930871936387
"56 WOODARD ROAD, Boston, MA",SAM,-71.14691906277658,42.27916036735976
"59 WOODARD ROAD, Boston, MA",SAM,-71.14730124845785,42.27910411656176
"60 WOODARD ROAD, Boston, MA",SAM,-71.1471629798355,42.279030215491645
"61 WOODARD ROAD, Boston, MA",SAM,-71.14740858067269,42.27907313426527
"63 WOODARD ROAD, Boston, MA",SAM,-71.14753313945378,42.27904306835284
"65 WOODARD ROAD, Boston, MA",SAM,-71.14765051469942,42.27902200454266
"73 WOODARD ROAD, Boston, MA",SAM,-71.14857784061685,42.278833165450145
"75 WOODARD ROAD, Boston, MA",SAM,-71.14863508534111,42.27878124581395
"76 WOODARD ROAD, Boston, MA",SAM,-71.1485198445428,42.278704484311895
"77 WOODARD ROAD, Boston, MA",SAM,-71.14869233006533,42.278729326177775
"79 WOODARD ROAD, Boston, MA",SAM,-71.14874957478955,42.278677406541576
"80 WOODARD ROAD, Boston, MA",SAM,-71.14864387477864,42.27859199176683
"83 WOODARD ROAD, Boston, MA",SAM,-71.14886406423801,42.27857356726921
"10 WOODBINE STREET, Boston, MA",SAM,-71.08099847898724,42.319684569535816
"11 WOODBINE STREET, Boston, MA",SAM,-71.08102045951972,42.31955858230492
"12 WOODBINE STREET, Boston, MA",SAM,-71.0809291625401,42.31965138854031
"14 WOODBINE STREET, Boston, MA",SAM,-71.08085984609295,42.319618207544785
"17 WOODBINE STREET, Boston, MA",SAM,-71.0808167540424,42.319461070807876
"18 WOODBINE STREET, Boston, MA",SAM,-71.08072121319867,42.31955184555374
"19 WOODBINE STREET, Boston, MA",SAM,-71.08074885221663,42.31942856697551
"2 WOODBINE STREET, Boston, MA",SAM,-71.08127574477582,42.319817293517936
"20 WOODBINE STREET, Boston, MA",SAM,-71.08065189675152,42.31951866455819
"21 WOODBINE STREET, Boston, MA",SAM,-71.08068095039084,42.319396063143174
"23 WOODBINE STREET, Boston, MA",SAM,-71.08061304856507,42.319363559310816
"25 WOODBINE STREET, Boston, MA",SAM,-71.0805451467393,42.31933105547846
"26 WOODBINE STREET, Boston, MA",SAM,-71.08044394741007,42.319419121571606
"27 WOODBINE STREET, Boston, MA",SAM,-71.08047724491352,42.31929855164609
"28 WOODBINE STREET, Boston, MA",SAM,-71.08037463096292,42.31938594057611
"29 WOODBINE STREET, Boston, MA",SAM,-71.08040934308775,42.31926604781376
"32 WOODBINE STREET, Boston, MA",SAM,-71.08023599806866,42.319319578585045
"33 WOODBINE STREET, Boston, MA",SAM,-71.0802735394362,42.31920104014904
"34 WOODBINE STREET, Boston, MA",SAM,-71.0801666816215,42.31928639758953
"35 WOODBINE STREET, Boston, MA",SAM,-71.08020563761043,42.31916853631672
"37 WOODBINE STREET, Boston, MA",SAM,-71.08013773578465,42.31913603248434
"38 WOODBINE STREET, Boston, MA",SAM,-71.08002804872721,42.31922003559846
"39 WOODBINE STREET, Boston, MA",SAM,-71.08006983395889,42.319103528651986
"40 WOODBINE STREET, Boston, MA",SAM,-71.07996244080847,42.31918911666414
"41 WOODBINE STREET, Boston, MA",SAM,-71.07999594858502,42.319071545138605
"42 WOODBINE STREET, Boston, MA",SAM,-71.07989050242625,42.31915914233106
"44 WOODBINE STREET, Boston, MA",SAM,-71.07981856404403,42.31912916799797
"46 WOODBINE STREET, Boston, MA",SAM,-71.0797466256618,42.319099193664876
"47 WOODBINE STREET, Boston, MA",SAM,-71.07978453782908,42.318983457302615
"48 WOODBINE STREET, Boston, MA",SAM,-71.07967468727959,42.31906921933179
"50 WOODBINE STREET, Boston, MA",SAM,-71.07960048670972,42.31903564221804
"57 WOODBINE STREET, Boston, MA",SAM,-71.07943920190327,42.31882473164002
"6 WOODBINE STREET, Boston, MA",SAM,-71.08113711188155,42.31975093152689
"61 WOODBINE STREET, Boston, MA",SAM,-71.07929593999758,42.3187691633722
"8 WOODBINE STREET, Boston, MA",SAM,-71.08106779543438,42.31971775053135
"9 WOODBINE STREET, Boston, MA",SAM,-71.0810883613455,42.31959108613729
"10 WOODBOURNE ROAD, Boston, MA",SAM,-71.11319598362242,42.29197788723445
"14 WOODBOURNE ROAD, Boston, MA",SAM,-71.11315858288192,42.29193514352114
"18 WOODBOURNE ROAD, Boston, MA",SAM,-71.11312118214147,42.291892399807814
"2 WOODBOURNE ROAD, Boston, MA",SAM,-71.11327078510334,42.29206337466109
"22 WOODBOURNE ROAD, Boston, MA",SAM,-71.11308378140097,42.2918496560945
"28 WOODBOURNE ROAD, Boston, MA",SAM,-71.11302768029027,42.29178554052454
"3 WOODBOURNE ROAD, Boston, MA",SAM,-71.11338251302166,42.29198017358095
"32 WOODBOURNE ROAD, Boston, MA",SAM,-71.11299027954979,42.29174279681122
"6 WOODBOURNE ROAD, Boston, MA",SAM,-71.11323338436287,42.29202063094776
"7 WOODBOURNE ROAD, Boston, MA",SAM,-71.11334587556162,42.291938302188335
"11 WOODBRIER ROAD, Boston, MA",SAM,-71.16093145073833,42.27245392396397
"12 WOODBRIER ROAD, Boston, MA",SAM,-71.160832639462,42.27254220786894
"16 WOODBRIER ROAD, Boston, MA",SAM,-71.16077083191303,42.27250628552465
"17 WOODBRIER ROAD, Boston, MA",SAM,-71.16084063148269,42.27240114011112
"20 WOODBRIER ROAD, Boston, MA",SAM,-71.16070902436404,42.27247036318036
"23 WOODBRIER ROAD, Boston, MA",SAM,-71.16074981222704,42.272348356258306
"24 WOODBRIER ROAD, Boston, MA",SAM,-71.16064721681506,42.272434440836065
"25 WOODBRIER ROAD, Boston, MA",SAM,-71.16071953914182,42.272330761640674
"29 WOODBRIER ROAD, Boston, MA",SAM,-71.1606589929714,42.272295572405454
"30 WOODBRIER ROAD, Boston, MA",SAM,-71.1605545054916,42.27238055731962
"31 WOODBRIER ROAD, Boston, MA",SAM,-71.1606287198862,42.27227797778783
"38 WOODBRIER ROAD, Boston, MA",SAM,-71.16043157939342,42.27230360392595
"46 WOODBRIER ROAD, Boston, MA",SAM,-71.16031296873203,42.27222728052669
"47 WOODBRIER ROAD, Boston, MA",SAM,-71.16039885519429,42.272130687182425
"7 WOODBRIER ROAD, Boston, MA",SAM,-71.16099199690876,42.27248911319919
"10 WOODCLIFF STREET, Boston, MA",SAM,-71.07745197945364,42.316148814636605
"11 WOODCLIFF STREET, Boston, MA",SAM,-71.07769011819886,42.31607806550952
"16 WOODCLIFF STREET, Boston, MA",SAM,-71.07699921174736,42.3160551304611
"28 WOODCLIFF STREET, Boston, MA",SAM,-71.07659264784681,42.31596356136819
"30 WOODCLIFF STREET, Boston, MA",SAM,-71.07654137863258,42.315951842687255
"32 WOODCLIFF STREET, Boston, MA",SAM,-71.07649010941836,42.315940124006325
"34 WOODCLIFF STREET, Boston, MA",SAM,-71.07643884020415,42.31592840532537
"36 WOODCLIFF STREET, Boston, MA",SAM,-71.07638757098994,42.31591668664443
"37 WOODCLIFF STREET, Boston, MA",SAM,-71.07661790664172,42.315849393788014
"38 WOODCLIFF STREET, Boston, MA",SAM,-71.07633630177571,42.31590496796348
"4 WOODCLIFF STREET, Boston, MA",SAM,-71.07790602316456,42.31623937140496
"40 WOODCLIFF STREET, Boston, MA",SAM,-71.07628575181846,42.315893475574924
"41 WOODCLIFF STREET, Boston, MA",SAM,-71.07647947976334,42.31581775334948
"43 WOODCLIFF STREET, Boston, MA",SAM,-71.07641026632413,42.31580193313022
"45 WOODCLIFF STREET, Boston, MA",SAM,-71.07634105288494,42.31578611291093
"51 WOODCLIFF STREET, Boston, MA",SAM,-71.07613204306769,42.31574001065782
"71 WOODCLIFF STREET, Boston, MA",SAM,-71.07534312165104,42.31558544927051
"74 WOODCLIFF STREET, Boston, MA",SAM,-71.07531780429026,42.31569850106181
"1 WOODDALE AVENUE, Boston, MA",SAM,-71.0872253119773,42.27600441763491
"10 WOODDALE AVENUE, Boston, MA",SAM,-71.0876838857994,42.276083961844584
"14 WOODDALE AVENUE, Boston, MA",SAM,-71.08787169160257,42.276172115609455
"17 WOODDALE AVENUE, Boston, MA",SAM,-71.08797653519002,42.2763570326944
"21 WOODDALE AVENUE, Boston, MA",SAM,-71.08812214993964,42.27642786752151
"22 WOODDALE AVENUE, Boston, MA",SAM,-71.0882093239129,42.27633315184743
"26 WOODDALE AVENUE, Boston, MA",SAM,-71.08824612795964,42.276351553875045
"3 WOODDALE AVENUE, Boston, MA",SAM,-71.08731921487887,42.27604849451735
"30 WOODDALE AVENUE, Boston, MA",SAM,-71.08828293200638,42.27636995590266
"31 WOODDALE AVENUE, Boston, MA",SAM,-71.08821185980352,42.2764727224638
"5 WOODDALE AVENUE, Boston, MA",SAM,-71.08741311778046,42.27609257139977
"6 WOODDALE AVENUE, Boston, MA",SAM,-71.08749607999621,42.275995808079706
"10 WOODFIELD STREET, Boston, MA",SAM,-71.05204832667863,42.2842381280672
"12 WOODFIELD STREET, Boston, MA",SAM,-71.05204003692015,42.28421767999025
"15 WOODFIELD STREET, Boston, MA",SAM,-71.05217300429611,42.28414678497752
"16 WOODFIELD STREET, Boston, MA",SAM,-71.05202345740317,42.284176783836394
"5 WOODFIELD STREET, Boston, MA",SAM,-71.05221360719484,42.28424693882376
"6 WOODFIELD STREET, Boston, MA",SAM,-71.05206490619562,42.284279024221064
"9 WOODFIELD STREET, Boston, MA",SAM,-71.05219736603533,42.28420687728525
"10 WOODFORD STREET, Boston, MA",SAM,-71.07027326619675,42.31837506601847
"14 WOODFORD STREET, Boston, MA",SAM,-71.07036409933812,42.318409669128386
"20 WOODFORD STREET, Boston, MA",SAM,-71.0705003490502,42.31846157379325
"30 WOODFORD STREET, Boston, MA",SAM,-71.07072760479038,42.318535411997104
"33 WOODFORD STREET, Boston, MA",SAM,-71.07081488488704,42.31865319276313
"34 WOODFORD STREET, Boston, MA",SAM,-71.07076146228783,42.31854492004285
"37 WOODFORD STREET, Boston, MA",SAM,-71.07091756071272,42.318591717618204
"38 WOODFORD STREET, Boston, MA",SAM,-71.0708071034496,42.31851015064516
"45 WOODFORD STREET, Boston, MA",SAM,-71.07104096818591,42.31847516610997
"53 WOODFORD STREET, Boston, MA",SAM,-71.07116437565911,42.318358614601735
"57 WOODFORD STREET, Boston, MA",SAM,-71.07122899766348,42.31826542756632
"65 WOODFORD STREET, Boston, MA",SAM,-71.0710713439203,42.318099086107736
"69 WOODFORD STREET, Boston, MA",SAM,-71.07097677475134,42.31807483759617
"8 WOODFORD STREET, Boston, MA",SAM,-71.07022784962604,42.3183577644635
"21 WOODGLEN ROAD, Boston, MA",SAM,-71.12213567461117,42.24426831233248
"11 WOODGLEN ROAD, Boston, MA",SAM,-71.12229729473773,42.2444238338405
"13 WOODGLEN ROAD, Boston, MA",SAM,-71.12226421899761,42.24439282532715
"15 WOODGLEN ROAD, Boston, MA",SAM,-71.1222311432575,42.244361816813786
"16 WOODGLEN ROAD, Boston, MA",SAM,-71.12210483369273,42.24442830937982
"17 WOODGLEN ROAD, Boston, MA",SAM,-71.12219987889634,42.244331440582464
"18 WOODGLEN ROAD, Boston, MA",SAM,-71.12207086625835,42.2443951044867
"19 WOODGLEN ROAD, Boston, MA",SAM,-71.12216777675376,42.24429987645746
"20 WOODGLEN ROAD, Boston, MA",SAM,-71.12203809532114,42.24436288277576
"22 WOODGLEN ROAD, Boston, MA",SAM,-71.12200532438392,42.24433066106483
"7 WOODGLEN ROAD, Boston, MA",SAM,-71.12236344621797,42.244485850867235
"8 WOODGLEN ROAD, Boston, MA",SAM,-71.12223989296488,42.244554927476045
"100 WOODHAVEN STREET, Boston, MA",SAM,-71.09703310495154,42.27150157761569
"101 WOODHAVEN STREET, Boston, MA",SAM,-71.0971802555367,42.27154528055963
"103 WOODHAVEN STREET, Boston, MA",SAM,-71.0972037359426,42.271519782305184
"104 WOODHAVEN STREET, Boston, MA",SAM,-71.09708084844354,42.27144973116499
"105 WOODHAVEN STREET, Boston, MA",SAM,-71.09722721634851,42.27149428405075
"11 WOODHAVEN STREET, Boston, MA",SAM,-71.0944829659222,42.27321385466145
"111 WOODHAVEN STREET, Boston, MA",SAM,-71.09729765756622,42.27141778928741
"113 WOODHAVEN STREET, Boston, MA",SAM,-71.09732113797214,42.27139229103296
"114 WOODHAVEN STREET, Boston, MA",SAM,-71.09720020717356,42.271320115038236
"118 WOODHAVEN STREET, Boston, MA",SAM,-71.09724795066558,42.27126826858753
"119 WOODHAVEN STREET, Boston, MA",SAM,-71.09739157918985,42.271315796269626
"122 WOODHAVEN STREET, Boston, MA",SAM,-71.09729569415757,42.27121642213683
"126 WOODHAVEN STREET, Boston, MA",SAM,-71.09734343764958,42.271164575686115
"23 WOODHAVEN STREET, Boston, MA",SAM,-71.09500278172273,42.27308177031903
"31 WOODHAVEN STREET, Boston, MA",SAM,-71.09534773250618,42.27298167091747
"35 WOODHAVEN STREET, Boston, MA",SAM,-71.09552209962595,42.27291893178648
"38 WOODHAVEN STREET, Boston, MA",SAM,-71.09552294650305,42.272785796721585
"39 WOODHAVEN STREET, Boston, MA",SAM,-71.09568022043474,42.272850467103744
"43 WOODHAVEN STREET, Boston, MA",SAM,-71.09583834124352,42.27278200242099
"44 WOODHAVEN STREET, Boston, MA",SAM,-71.0957601277162,42.27268309969746
"47 WOODHAVEN STREET, Boston, MA",SAM,-71.09599345509491,42.27269015959839
"51 WOODHAVEN STREET, Boston, MA",SAM,-71.09612866884179,42.27259869147081
"52 WOODHAVEN STREET, Boston, MA",SAM,-71.09602417666929,42.272514116593975
"55 WOODHAVEN STREET, Boston, MA",SAM,-71.0962620146452,42.272490157853966
"59 WOODHAVEN STREET, Boston, MA",SAM,-71.09636894390846,42.27238008360718
"63 WOODHAVEN STREET, Boston, MA",SAM,-71.09647587317173,42.272270009360405
"67 WOODHAVEN STREET, Boston, MA",SAM,-71.09658386402005,42.27216243700591
"78 WOODHAVEN STREET, Boston, MA",SAM,-71.09677051574552,42.271786733094565
"82 WOODHAVEN STREET, Boston, MA",SAM,-71.09681825923752,42.27173488664387
"85 WOODHAVEN STREET, Boston, MA",SAM,-71.09699241228945,42.27174926659519
"86 WOODHAVEN STREET, Boston, MA",SAM,-71.09686600272951,42.27168304019316
"89 WOODHAVEN STREET, Boston, MA",SAM,-71.09703937310128,42.27169827008629
"90 WOODHAVEN STREET, Boston, MA",SAM,-71.09691374622152,42.27163119374246
"94 WOODHAVEN STREET, Boston, MA",SAM,-71.09696148971354,42.27157934729176
"95 WOODHAVEN STREET, Boston, MA",SAM,-71.097109814319,42.27162177532296
"98 WOODHAVEN STREET, Boston, MA",SAM,-71.09700923320553,42.271527500841046
"99 WOODHAVEN STREET, Boston, MA",SAM,-71.09715677513081,42.271570778814066
"15 WOODLAND ROAD, Boston, MA",SAM,-71.12835716068976,42.309745127395374
"16 WOODLAND ROAD, Boston, MA",SAM,-71.12838206467951,42.30985879516041
"19 WOODLAND ROAD, Boston, MA",SAM,-71.12815072701568,42.309807582973605
"2 WOODLAND ROAD, Boston, MA",SAM,-71.12911648630414,42.30973769902476
"20 WOODLAND ROAD, Boston, MA",SAM,-71.1282024252434,42.309916264156094
"36 WOODLAND ROAD, Boston, MA",SAM,-71.12745920158528,42.31023830710115
"40 WOODLAND ROAD, Boston, MA",SAM,-71.12723738069606,42.310288157848284
"45 WOODLAND ROAD, Boston, MA",SAM,-71.12693844614095,42.31021896416936
"49 WOODLAND ROAD, Boston, MA",SAM,-71.12674224066966,42.31024455350195
"5 WOODLAND ROAD, Boston, MA",SAM,-71.12887707390543,42.30965981116767
"52 WOODLAND ROAD, Boston, MA",SAM,-71.12659702344071,42.3103692907049
"55 WOODLAND ROAD, Boston, MA",SAM,-71.12644045355712,42.31025085692717
"56 WOODLAND ROAD, Boston, MA",SAM,-71.12635925529456,42.31036013192405
"64 WOODLAND ROAD, Boston, MA",SAM,-71.12594178515573,42.31025696966007
"68 WOODLAND ROAD, Boston, MA",SAM,-71.12574257753275,42.31019753947656
"71 WOODLAND ROAD, Boston, MA",SAM,-71.12567336448797,42.310052939138494
"72 WOODLAND ROAD, Boston, MA",SAM,-71.12554394607564,42.31013767792589
"73 WOODLAND ROAD, Boston, MA",SAM,-71.12557607561102,42.310023619195334
"75 WOODLAND ROAD, Boston, MA",SAM,-71.12548403633153,42.309994886744356
"76 WOODLAND ROAD, Boston, MA",SAM,-71.12534340039707,42.31007170595598
"77 WOODLAND ROAD, Boston, MA",SAM,-71.12538957704164,42.30996088139156
"8 WOODLAND ROAD, Boston, MA",SAM,-71.12879570621944,42.309785669066606
"85 WOODLAND ROAD, Boston, MA",SAM,-71.12502721115082,42.30981247661394
"11 WOODLAWN STREET, Boston, MA",SAM,-71.11347677609228,42.299260375048334
"14 WOODLAWN STREET, Boston, MA",SAM,-71.11333506101646,42.299340664297674
"15 WOODLAWN STREET, Boston, MA",SAM,-71.11333140456925,42.29921525973639
"16 WOODLAWN STREET, Boston, MA",SAM,-71.11326086096825,42.29931763669055
"2 WOODLAWN STREET, Boston, MA",SAM,-71.11376421951833,42.29949441155222
"24 WOODLAWN STREET, Boston, MA",SAM,-71.11296364561996,42.29919703776672
"25 WOODLAWN STREET, Boston, MA",SAM,-71.11300570773997,42.29907794540302
"27 WOODLAWN STREET, Boston, MA",SAM,-71.11295627775613,42.299045654279986
"29 WOODLAWN STREET, Boston, MA",SAM,-71.11290092925826,42.29900414289728
"3 WOODLAWN STREET, Boston, MA",SAM,-71.1137642487957,42.299365841440114
"30 WOODLAWN STREET, Boston, MA",SAM,-71.11277447603895,42.29907249832673
"31 WOODLAWN STREET, Boston, MA",SAM,-71.11284382085876,42.298962334717686
"34 WOODLAWN STREET, Boston, MA",SAM,-71.11266042035287,42.29899013541995
"35 WOODLAWN STREET, Boston, MA",SAM,-71.11273092736077,42.2988809463637
"38 WOODLAWN STREET, Boston, MA",SAM,-71.11254517490703,42.29890705147525
"42 WOODLAWN STREET, Boston, MA",SAM,-71.11242992946117,42.29882396753058
"46 WOODLAWN STREET, Boston, MA",SAM,-71.11231460678431,42.298741529462596
"47 WOODLAWN STREET, Boston, MA",SAM,-71.11239116585908,42.298637022104494
"55 WOODLAWN STREET, Boston, MA",SAM,-71.11216382092277,42.29847543806398
"58 WOODLAWN STREET, Boston, MA",SAM,-71.1119664848506,42.29849410390056
"6 WOODLAWN STREET, Boston, MA",SAM,-71.11362079506112,42.299440416449265
"62 WOODLAWN STREET, Boston, MA",SAM,-71.11185044420604,42.29841162871322
"63 WOODLAWN STREET, Boston, MA",SAM,-71.11193647598647,42.29831385402348
"64 WOODLAWN STREET, Boston, MA",SAM,-71.11179242388374,42.29837039111955
"65 WOODLAWN STREET, Boston, MA",SAM,-71.11187963975239,42.29827345801335
"7 WOODLAWN STREET, Boston, MA",SAM,-71.11362375136824,42.29931294827803
"70 WOODLAWN STREET, Boston, MA",SAM,-71.11161836291689,42.298246678338536
"74 WOODLAWN STREET, Boston, MA",SAM,-71.11150232227233,42.2981642031512
"76 WOODLAWN STREET, Boston, MA",SAM,-71.11144430195004,42.29812296555752
"77 WOODLAWN STREET, Boston, MA",SAM,-71.11153862234795,42.2980310819526
"78 WOODLAWN STREET, Boston, MA",SAM,-71.11138628162777,42.29808172796384
"8 WOODLAWN STREET, Boston, MA",SAM,-71.11354908283252,42.29941341889778
"80 WOODLAWN STREET, Boston, MA",SAM,-71.11132826130547,42.29804049037018
"83 WOODLAWN STREET, Boston, MA",SAM,-71.11136811364571,42.2979098939222
"100 WOODLEDGE STREET, Boston, MA",SAM,-71.07442194655228,42.314687983777496
"104 WOODLEDGE STREET, Boston, MA",SAM,-71.07442004070496,42.31467559576359
"95 WOODLEDGE STREET, Boston, MA",SAM,-71.07457827806397,42.314690359678124
"96 WOODLEDGE STREET, Boston, MA",SAM,-71.07442385239958,42.31470037179141
"99 WOODLEDGE STREET, Boston, MA",SAM,-71.07457639146764,42.31467809679568
"100 WOODLEY AVENUE, Boston, MA",SAM,-71.15010945970647,42.26331177678159
"101 WOODLEY AVENUE, Boston, MA",SAM,-71.15029741686817,42.26320642783429
"107 WOODLEY AVENUE, Boston, MA",SAM,-71.15035133649654,42.26307588557824
"108 WOODLEY AVENUE, Boston, MA",SAM,-71.15020960362199,42.263027029645436
"111 WOODLEY AVENUE, Boston, MA",SAM,-71.15038653097372,42.26300127647113
"115 WOODLEY AVENUE, Boston, MA",SAM,-71.15044554261803,42.262921437184765
"116 WOODLEY AVENUE, Boston, MA",SAM,-71.15038953770286,42.2627584269295
"121 WOODLEY AVENUE, Boston, MA",SAM,-71.15053178327328,42.262806650577964
"122 WOODLEY AVENUE, Boston, MA",SAM,-71.15055605217687,42.262573867602434
"128 WOODLEY AVENUE, Boston, MA",SAM,-71.15069101894161,42.2623938111115
"129 WOODLEY AVENUE, Boston, MA",SAM,-71.15066861454787,42.26265541600458
"132 WOODLEY AVENUE, Boston, MA",SAM,-71.15076784179661,42.262260928332765
"136 WOODLEY AVENUE, Boston, MA",SAM,-71.15085522959778,42.262093305845724
"140 WOODLEY AVENUE, Boston, MA",SAM,-71.15090171703757,42.261975299270446
"144 WOODLEY AVENUE, Boston, MA",SAM,-71.15094820447734,42.26185729269514
"148 WOODLEY AVENUE, Boston, MA",SAM,-71.15100699705117,42.261738027079
"15 WOODLEY AVENUE, Boston, MA",SAM,-71.15140782302238,42.26565303864964
"151 WOODLEY AVENUE, Boston, MA",SAM,-71.15100387768022,42.26212537922487
"152 WOODLEY AVENUE, Boston, MA",SAM,-71.15106463704561,42.261622747089504
"155 WOODLEY AVENUE, Boston, MA",SAM,-71.15109685255985,42.261889366074286
"156 WOODLEY AVENUE, Boston, MA",SAM,-71.15112227704003,42.26150746710001
"159 WOODLEY AVENUE, Boston, MA",SAM,-71.15120984943957,42.26166251532909
"16 WOODLEY AVENUE, Boston, MA",SAM,-71.15114484729946,42.265599603835845
"160 WOODLEY AVENUE, Boston, MA",SAM,-71.15117991703445,42.261392187110495
"163 WOODLEY AVENUE, Boston, MA",SAM,-71.15132512942841,42.261431955350105
"166 WOODLEY AVENUE, Boston, MA",SAM,-71.1513600813055,42.26116764795245
"167 WOODLEY AVENUE, Boston, MA",SAM,-71.15146983914076,42.261248473561395
"170 WOODLEY AVENUE, Boston, MA",SAM,-71.1515548089446,42.261022809205166
"171 WOODLEY AVENUE, Boston, MA",SAM,-71.15171324868962,42.26106742512734
"174 WOODLEY AVENUE, Boston, MA",SAM,-71.15174953658367,42.26087797045792
"175 WOODLEY AVENUE, Boston, MA",SAM,-71.15195665823846,42.26088637669327
"180 WOODLEY AVENUE, Boston, MA",SAM,-71.15201011287625,42.260698679212965
"183 WOODLEY AVENUE, Boston, MA",SAM,-71.15218240122643,42.26074233625654
"26 WOODLEY AVENUE, Boston, MA",SAM,-71.15074464058648,42.265266098166904
"28 WOODLEY AVENUE, Boston, MA",SAM,-71.15066459924388,42.26519939703309
"35 WOODLEY AVENUE, Boston, MA",SAM,-71.15082040173614,42.26515665795528
"45 WOODLEY AVENUE, Boston, MA",SAM,-71.150545816714,42.264905142353825
"51 WOODLEY AVENUE, Boston, MA",SAM,-71.15038498988828,42.26474843925734
"65 WOODLEY AVENUE, Boston, MA",SAM,-71.15026960075869,42.264355807590064
"69 WOODLEY AVENUE, Boston, MA",SAM,-71.15028823760075,42.26422534973133
"74 WOODLEY AVENUE, Boston, MA",SAM,-71.15018706867279,42.263960198770995
"75 WOODLEY AVENUE, Boston, MA",SAM,-71.1503125675916,42.263766862326264
"78 WOODLEY AVENUE, Boston, MA",SAM,-71.15017142887983,42.263827849618195
"79 WOODLEY AVENUE, Boston, MA",SAM,-71.15028749852607,42.26368874219991
"82 WOODLEY AVENUE, Boston, MA",SAM,-71.15015071819285,42.263754944838375
"85 WOODLEY AVENUE, Boston, MA",SAM,-71.15024815563227,42.26357633389649
"9 WOODLEY AVENUE, Boston, MA",SAM,-71.15156992387861,42.265809022527755
"10 WOODMAN STREET, Boston, MA",SAM,-71.11711945630782,42.307162255430846
"11 WOODMAN STREET, Boston, MA",SAM,-71.11715184944865,42.306856490202975
"15 WOODMAN STREET, Boston, MA",SAM,-71.11709276453423,42.30672757762642
"21 WOODMAN STREET, Boston, MA",SAM,-71.1170041371626,42.30653420876158
"23 WOODMAN STREET, Boston, MA",SAM,-71.11696122932301,42.30642840430286
"27 WOODMAN STREET, Boston, MA",SAM,-71.1169523991594,42.306403449484876
"31 WOODMAN STREET, Boston, MA",SAM,-71.11694356899581,42.30637849466689
"33 WOODMAN STREET, Boston, MA",SAM,-71.116939153914,42.3063660172579
"35 WOODMAN STREET, Boston, MA",SAM,-71.11693473883221,42.30635353984889
"8 WOODMAN STREET, Boston, MA",SAM,-71.11712510219047,42.307175805553115
"9 WOODMAN STREET, Boston, MA",SAM,-71.11718171637574,42.30692254869137
"12 WOODMONT STREET, Boston, MA",SAM,-71.16242044853232,42.356616036783336
"2 WOODMONT STREET, Boston, MA",SAM,-71.1623789393882,42.35655486539801
"6 WOODMONT STREET, Boston, MA",SAM,-71.16239554304585,42.35657933395213
"100 WOODROW AVENUE, Boston, MA",SAM,-71.08250940957956,42.28744841360354
"101 WOODROW AVENUE, Boston, MA",SAM,-71.08264590002855,42.28753710616941
"104 WOODROW AVENUE, Boston, MA",SAM,-71.08268168513872,42.28740894959937
"105 WOODROW AVENUE, Boston, MA",SAM,-71.08284537699184,42.28749141100669
"107 WOODROW AVENUE, Boston, MA",SAM,-71.08294511547346,42.28746856342534
"108 WOODROW AVENUE, Boston, MA",SAM,-71.08285396069792,42.287369485595214
"11 WOODROW AVENUE, Boston, MA",SAM,-71.07826465640493,42.28813011655938
"112 WOODROW AVENUE, Boston, MA",SAM,-71.08302623625711,42.28733002159105
"115 WOODROW AVENUE, Boston, MA",SAM,-71.08339244951553,42.28736591234907
"118 WOODROW AVENUE, Boston, MA",SAM,-71.08334619235119,42.28725654999779
"119 WOODROW AVENUE, Boston, MA",SAM,-71.08358873487997,42.28732047592272
"120 WOODROW AVENUE, Boston, MA",SAM,-71.08346536560816,42.28722896359609
"121 WOODROW AVENUE, Boston, MA",SAM,-71.08368687756222,42.28729775770955
"122 WOODROW AVENUE, Boston, MA",SAM,-71.08358453886517,42.28720137719438
"123 WOODROW AVENUE, Boston, MA",SAM,-71.08378502024443,42.28727503949637
"124 WOODROW AVENUE, Boston, MA",SAM,-71.08370371212214,42.28717379079265
"125 WOODROW AVENUE, Boston, MA",SAM,-71.08388316292667,42.28725232128321
"126 WOODROW AVENUE, Boston, MA",SAM,-71.08382288537912,42.28714620439096
"127 WOODROW AVENUE, Boston, MA",SAM,-71.08398130560887,42.28722960307003
"129 WOODROW AVENUE, Boston, MA",SAM,-71.0840794482911,42.28720688485684
"13 WOODROW AVENUE, Boston, MA",SAM,-71.07834330381681,42.288136871555274
"130 WOODROW AVENUE, Boston, MA",SAM,-71.0840612318931,42.28709103158754
"132 WOODROW AVENUE, Boston, MA",SAM,-71.0841804051501,42.28706344518583
"134 WOODROW AVENUE, Boston, MA",SAM,-71.08430181349935,42.28703646495662
"137 WOODROW AVENUE, Boston, MA",SAM,-71.08447153486226,42.28711973342075
"138 WOODROW AVENUE, Boston, MA",SAM,-71.08454192247905,42.286985648242634
"146 WOODROW AVENUE, Boston, MA",SAM,-71.08502214043841,42.28688401481464
"150 WOODROW AVENUE, Boston, MA",SAM,-71.0852533998492,42.286831720381635
"153 WOODROW AVENUE, Boston, MA",SAM,-71.08546965997161,42.286901493173545
"154 WOODROW AVENUE, Boston, MA",SAM,-71.08542314961262,42.286792189615305
"155 WOODROW AVENUE, Boston, MA",SAM,-71.0857242846168,42.28684219702404
"157 WOODROW AVENUE, Boston, MA",SAM,-71.08586748177842,42.286813643621734
"160 WOODROW AVENUE, Boston, MA",SAM,-71.08567777425782,42.28673289346582
"162 WOODROW AVENUE, Boston, MA",SAM,-71.08604215012907,42.28666272890487
"163 WOODROW AVENUE, Boston, MA",SAM,-71.08608770618346,42.28677225218945
"165 WOODROW AVENUE, Boston, MA",SAM,-71.08629043255999,42.286726103096335
"166 WOODROW AVENUE, Boston, MA",SAM,-71.08631245196445,42.286601196780715
"167 WOODROW AVENUE, Boston, MA",SAM,-71.08649315893652,42.28667995400322
"169 WOODROW AVENUE, Boston, MA",SAM,-71.08664180707784,42.28664539980975
"170 WOODROW AVENUE, Boston, MA",SAM,-71.08659449760201,42.28653628413966
"174 WOODROW AVENUE, Boston, MA",SAM,-71.086746612329,42.286500189120076
"175 WOODROW AVENUE, Boston, MA",SAM,-71.08690800785003,42.28658223352551
"177 WOODROW AVENUE, Boston, MA",SAM,-71.08699674144076,42.28656117809743
"178 WOODROW AVENUE, Boston, MA",SAM,-71.08689872705594,42.2864640941005
"182 WOODROW AVENUE, Boston, MA",SAM,-71.08705084178291,42.28642799908093
"188 WOODROW AVENUE, Boston, MA",SAM,-71.0872840005354,42.28637917215729
"190 WOODROW AVENUE, Boston, MA",SAM,-71.08736086175904,42.286363096607666
"195 WOODROW AVENUE, Boston, MA",SAM,-71.08786207101383,42.286374278598515
"197 WOODROW AVENUE, Boston, MA",SAM,-71.0879062166957,42.28636324217808
"198 WOODROW AVENUE, Boston, MA",SAM,-71.0876683066536,42.286298794409234
"199 WOODROW AVENUE, Boston, MA",SAM,-71.08795036237761,42.286352205757645
"200 WOODROW AVENUE, Boston, MA",SAM,-71.0878124813034,42.28626571848327
"202 WOODROW AVENUE, Boston, MA",SAM,-71.08785441970119,42.286255233883864
"204 WOODROW AVENUE, Boston, MA",SAM,-71.08789635809899,42.28624474928447
"206 WOODROW AVENUE, Boston, MA",SAM,-71.0879382964968,42.28623426468506
"207 WOODROW AVENUE, Boston, MA",SAM,-71.08812694510517,42.28630806007595
"222 WOODROW AVENUE, Boston, MA",SAM,-71.0882795148596,42.286154589894835
"235 WOODROW AVENUE, Boston, MA",SAM,-71.08984491447275,42.28593565378246
"236 WOODROW AVENUE, Boston, MA",SAM,-71.08857755930998,42.28609184369639
"241 WOODROW AVENUE, Boston, MA",SAM,-71.0899369020959,42.2859151306478
"245 WOODROW AVENUE, Boston, MA",SAM,-71.08999822717797,42.28590144855801
"250 WOODROW AVENUE, Boston, MA",SAM,-71.08980019072858,42.28582594316299
"255 WOODROW AVENUE, Boston, MA",SAM,-71.09015153988322,42.28586724333357
"31 WOODROW AVENUE, Boston, MA",SAM,-71.07941802696956,42.28820136515331
"40 WOODROW AVENUE, Boston, MA",SAM,-71.08012673011994,42.28797372781772
"49 WOODROW AVENUE, Boston, MA",SAM,-71.08014955342671,42.28808813904965
"52 WOODROW AVENUE, Boston, MA",SAM,-71.08017096518137,42.28796424887623
"67 WOODROW AVENUE, Boston, MA",SAM,-71.0810421405651,42.28790088818408
"7 WOODROW AVENUE, Boston, MA",SAM,-71.07810736158119,42.28811660656757
"70 WOODROW AVENUE, Boston, MA",SAM,-71.08115651093406,42.287757187527546
"71 WOODROW AVENUE, Boston, MA",SAM,-71.0811470333157,42.28787848390778
"72 WOODROW AVENUE, Boston, MA",SAM,-71.08130348066523,42.28772466163269
"75 WOODROW AVENUE, Boston, MA",SAM,-71.08134929976728,42.28783412472708
"76 WOODROW AVENUE, Boston, MA",SAM,-71.08147575622442,42.28768519762855
"78 WOODROW AVENUE, Boston, MA",SAM,-71.081561894004,42.28766546562645
"8 WOODROW AVENUE, Boston, MA",SAM,-71.07814882027755,42.288004806252694
"81 WOODROW AVENUE, Boston, MA",SAM,-71.08164851521221,42.287765581983
"82 WOODROW AVENUE, Boston, MA",SAM,-71.08173416956319,42.28762600162228
"83 WOODROW AVENUE, Boston, MA",SAM,-71.08174825369383,42.287742734401654
"86 WOODROW AVENUE, Boston, MA",SAM,-71.08190644512237,42.28758653761813
"87 WOODROW AVENUE, Boston, MA",SAM,-71.08194773065712,42.28769703923893
"88 WOODROW AVENUE, Boston, MA",SAM,-71.08199258290196,42.28756680561605
"89 WOODROW AVENUE, Boston, MA",SAM,-71.08204746913874,42.28767419165757
"9 WOODROW AVENUE, Boston, MA",SAM,-71.07818600899306,42.28812336156348
"90 WOODROW AVENUE, Boston, MA",SAM,-71.08207872068155,42.28754707361396
"93 WOODROW AVENUE, Boston, MA",SAM,-71.08224694610202,42.287628496494854
"94 WOODROW AVENUE, Boston, MA",SAM,-71.08225099624076,42.287507609609804
"96 WOODROW AVENUE, Boston, MA",SAM,-71.08233713402036,42.28748787760772
"97 WOODROW AVENUE, Boston, MA",SAM,-71.08244642306528,42.28758280133214
"99 WOODROW AVENUE, Boston, MA",SAM,-71.08254616154693,42.28755995375078
"2 WOODS PLACE, Boston, MA",SAM,-71.06666690004603,42.38182604321743
"4 WOODS PLACE, Boston, MA",SAM,-71.06667332576947,42.381828928236814
"6 WOODS PLACE, Boston, MA",SAM,-71.06667975149294,42.3818318132562
"7 WOODS PLACE, Boston, MA",SAM,-71.06676635975487,42.381736599751086
"13 WOODSIDE AVENUE, Boston, MA",SAM,-71.10377099442856,42.30988393019795
"16 WOODSIDE AVENUE, Boston, MA",SAM,-71.10368874310198,42.309984485613725
"17 WOODSIDE AVENUE, Boston, MA",SAM,-71.10371257571569,42.309869601075654
"8 WOODSIDE AVENUE, Boston, MA",SAM,-71.10380801464076,42.31001374090509
"12 WOODSTOCK AVENUE, Boston, MA",SAM,-71.13885659011909,42.34485637636849
"15 WOODSTOCK AVENUE, Boston, MA",SAM,-71.13844016423417,42.34502942623992
"19 WOODSTOCK AVENUE, Boston, MA",SAM,-71.13829837304064,42.34514698403547
"23 WOODSTOCK AVENUE, Boston, MA",SAM,-71.13815658184711,42.345264541831064
"27 WOODSTOCK AVENUE, Boston, MA",SAM,-71.1380147906536,42.34538209962663
"3 WOODSTOCK AVENUE, Boston, MA",SAM,-71.13886553781472,42.344676752853196
"31 WOODSTOCK AVENUE, Boston, MA",SAM,-71.13787299946009,42.345499657422195
"35 WOODSTOCK AVENUE, Boston, MA",SAM,-71.13769893302725,42.34564398295816
"36 WOODSTOCK AVENUE, Boston, MA",SAM,-71.13838721237501,42.345245533209
"39 WOODSTOCK AVENUE, Boston, MA",SAM,-71.13768641891757,42.34565436051309
"4 WOODSTOCK AVENUE, Boston, MA",SAM,-71.13901304936712,42.34472665742165
"7 WOODSTOCK AVENUE, Boston, MA",SAM,-71.13872374662122,42.34479431064877
"8 WOODSTOCK AVENUE, Boston, MA",SAM,-71.13893481974311,42.34479151689508
"9 WOODSTOCK AVENUE, Boston, MA",SAM,-71.13865285102445,42.34485308954657
"11 WOODVILLE PARK, Boston, MA",SAM,-71.07562991219599,42.322002692886855
"2 WOODVILLE PARK, Boston, MA",SAM,-71.07578845446578,42.321943526836506
"3 WOODVILLE PARK, Boston, MA",SAM,-71.07568453023828,42.32202960193758
"7 WOODVILLE PARK, Boston, MA",SAM,-71.07565465808028,42.32201411266691
"8 WOODVILLE PARK, Boston, MA",SAM,-71.07574271272385,42.32191980889079
"9 WOODVILLE PARK, Boston, MA",SAM,-71.07564576480202,42.32200936766991
"1 WOODVILLE STREET, Boston, MA",SAM,-71.07540374371868,42.32073895832708
"13 WOODVILLE STREET, Boston, MA",SAM,-71.07532437382612,42.321160611985285
"15 WOODVILLE STREET, Boston, MA",SAM,-71.07540160672825,42.32131858472773
"16 WOODVILLE STREET, Boston, MA",SAM,-71.07547421993571,42.321189868732624
"19 WOODVILLE STREET, Boston, MA",SAM,-71.0756674540757,42.321373086930336
"2 WOODVILLE STREET, Boston, MA",SAM,-71.07555681570646,42.320756890536366
"20 WOODVILLE STREET, Boston, MA",SAM,-71.07560183163757,42.3212434281487
"21 WOODVILLE STREET, Boston, MA",SAM,-71.07579068625166,42.32139484060754
"23 WOODVILLE STREET, Boston, MA",SAM,-71.0759134519452,42.32141605937646
"25 WOODVILLE STREET, Boston, MA",SAM,-71.07603621763872,42.32143727814536
"26 WOODVILLE STREET, Boston, MA",SAM,-71.07603057392126,42.32131862197633
"3 WOODVILLE STREET, Boston, MA",SAM,-71.07538821749726,42.320812004127944
"32 WOODVILLE STREET, Boston, MA",SAM,-71.0764518973813,42.32138103883706
"34 WOODVILLE STREET, Boston, MA",SAM,-71.07648252277622,42.321381038838055
"38 WOODVILLE STREET, Boston, MA",SAM,-71.07654377356603,42.32138103884
"41 WOODVILLE STREET, Boston, MA",SAM,-71.07660052061466,42.32149563021716
"42 WOODVILLE STREET, Boston, MA",SAM,-71.07660502435584,42.32138103884195
"44 WOODVILLE STREET, Boston, MA",SAM,-71.07663564975076,42.32138103884294
"45 WOODVILLE STREET, Boston, MA",SAM,-71.07665996991066,42.32149563021904
"5 WOODVILLE STREET, Boston, MA",SAM,-71.07537631324247,42.32088342964139
"9 WOODVILLE STREET, Boston, MA",SAM,-71.07535250473288,42.32102628066831
"21 WOODWARD AVENUE, Boston, MA",SAM,-71.07402544287694,42.32473601345257
"25 WOODWARD AVENUE, Boston, MA",SAM,-71.07393668565815,42.32477190435105
"27 WOODWARD AVENUE, Boston, MA",SAM,-71.0738923070488,42.32478984980031
"33 WOODWARD AVENUE, Boston, MA",SAM,-71.07375917122064,42.32484368614804
"34 WOODWARD AVENUE, Boston, MA",SAM,-71.07381875127561,42.324950204829
"35 WOODWARD AVENUE, Boston, MA",SAM,-71.07371479261124,42.3248616315973
"36 WOODWARD AVENUE, Boston, MA",SAM,-71.07377120879553,42.32496898888231
"37 WOODWARD AVENUE, Boston, MA",SAM,-71.07367174809536,42.32487784520478
"38 WOODWARD AVENUE, Boston, MA",SAM,-71.07372519797111,42.32498631763491
"40 WOODWARD AVENUE, Boston, MA",SAM,-71.07367918714672,42.3250036463875
"41 WOODWARD AVENUE, Boston, MA",SAM,-71.07358160443938,42.324911795413946
"42 WOODWARD AVENUE, Boston, MA",SAM,-71.07363317632232,42.325020975140106
"43 WOODWARD AVENUE, Boston, MA",SAM,-71.0735365326114,42.324928770518525
"44 WOODWARD AVENUE, Boston, MA",SAM,-71.07358716549791,42.32503830389269
"45 WOODWARD AVENUE, Boston, MA",SAM,-71.07349146078343,42.32494574562312
"46 WOODWARD AVENUE, Boston, MA",SAM,-71.07354115467352,42.32505563264528
"14 WOODWARD STREET, Boston, MA",SAM,-71.05636144023008,42.3317504942288
"16 WOODWARD STREET, Boston, MA",SAM,-71.05630777932923,42.33171615124453
"19 WOODWARD STREET, Boston, MA",SAM,-71.0563222606395,42.33155600593483
"25 WOODWARD STREET, Boston, MA",SAM,-71.05620824176762,42.33142736922905
"26 WOODWARD STREET, Boston, MA",SAM,-71.0560405819016,42.33144729471986
"27 WOODWARD STREET, Boston, MA",SAM,-71.05617023547701,42.33138449032714
"28 WOODWARD STREET, Boston, MA",SAM,-71.05600257561098,42.33140441581794
"30 WOODWARD STREET, Boston, MA",SAM,-71.05596456932035,42.33136153691603
"32 WOODWARD STREET, Boston, MA",SAM,-71.05592656302971,42.3313186580141
"35 WOODWARD STREET, Boston, MA",SAM,-71.05597076295018,42.331159930258735
"36 WOODWARD STREET, Boston, MA",SAM,-71.05580422764845,42.3311815433855
"38 WOODWARD STREET, Boston, MA",SAM,-71.0557669498726,42.33113990845741
"40 WOODWARD STREET, Boston, MA",SAM,-71.05572967209675,42.331098273529285
"43 WOODWARD STREET, Boston, MA",SAM,-71.05582165184681,42.33099339054629
"44 WOODWARD STREET, Boston, MA",SAM,-71.05565511654508,42.33101500367306
"46 WOODWARD STREET, Boston, MA",SAM,-71.05561783876924,42.33097336874495
"48 WOODWARD STREET, Boston, MA",SAM,-71.05558056099338,42.33093173381685
"50 WOODWARD STREET, Boston, MA",SAM,-71.05549512879773,42.330835739143
"51 WOODWARD STREET, Boston, MA",SAM,-71.05562485709744,42.33077302093818
"53 WOODWARD STREET, Boston, MA",SAM,-71.05561261073954,42.33075917722603
"54 WOODWARD STREET, Boston, MA",SAM,-71.05547063608195,42.33080805171873
"55 WOODWARD STREET, Boston, MA",SAM,-71.05560036438166,42.33074533351391
"9 WOODWARD STREET, Boston, MA",SAM,-71.05660135589551,42.331709050397095
"14 WOODWARD PARK STREET, Boston, MA",SAM,-71.07231950544936,42.31833679249393
"15 WOODWARD PARK STREET, Boston, MA",SAM,-71.07224307469497,42.31843833032307
"16 WOODWARD PARK STREET, Boston, MA",SAM,-71.07234328608519,42.31835085991549
"17 WOODWARD PARK STREET, Boston, MA",SAM,-71.07226637001168,42.318452110654405
"2 WOODWARD PARK STREET, Boston, MA",SAM,-71.07217682163444,42.318252387964606
"23 WOODWARD PARK STREET, Boston, MA",SAM,-71.07233625596183,42.318493451648344
"24 WOODWARD PARK STREET, Boston, MA",SAM,-71.07243840862849,42.31840712960171
"5 WOODWARD PARK STREET, Boston, MA",SAM,-71.07212659811134,42.318369428666486
"6 WOODWARD PARK STREET, Boston, MA",SAM,-71.07222438290609,42.31828052280772
"7 WOODWARD PARK STREET, Boston, MA",SAM,-71.07214989342806,42.31838320899781
"8 WOODWARD PARK STREET, Boston, MA",SAM,-71.0722481635419,42.31829459022927
"9 WOODWARD PARK STREET, Boston, MA",SAM,-71.0721731887448,42.31839698932911
"11 WOODWORTH STREET, Boston, MA",SAM,-71.04085943501009,42.287249467025894
"17 WOODWORTH STREET, Boston, MA",SAM,-71.04106870298283,42.28744486278481
"2 WOODWORTH STREET, Boston, MA",SAM,-71.04069920753474,42.28691475387549
"20 WOODWORTH STREET, Boston, MA",SAM,-71.04125068235065,42.287429835894955
"22 WOODWORTH STREET, Boston, MA",SAM,-71.04126083499422,42.28743924566429
"5 WOODWORTH STREET, Boston, MA",SAM,-71.04069039058055,42.28709127862492
"9 WOODWORTH STREET, Boston, MA",SAM,-71.04080308686692,42.28719673755892
"10 WOOLSON STREET, Boston, MA",SAM,-71.09155470555673,42.28227739686722
"14 WOOLSON STREET, Boston, MA",SAM,-71.09141137097849,42.28220572956158
"15 WOOLSON STREET, Boston, MA",SAM,-71.09096701708224,42.28185846464756
"18 WOOLSON STREET, Boston, MA",SAM,-71.09121182315238,42.28210735499933
"19 WOOLSON STREET, Boston, MA",SAM,-71.09087287932364,42.28181578885367
"22 WOOLSON STREET, Boston, MA",SAM,-71.09106495671162,42.28203725620385
"23 WOOLSON STREET, Boston, MA",SAM,-71.09077874156505,42.28177311305977
"27 WOOLSON STREET, Boston, MA",SAM,-71.09068460380648,42.28173043726589
"28 WOOLSON STREET, Boston, MA",SAM,-71.09083902609102,42.28193483429852
"31 WOOLSON STREET, Boston, MA",SAM,-71.0905904660479,42.28168776147198
"32 WOOLSON STREET, Boston, MA",SAM,-71.09068840567728,42.28186655302828
"33 WOOLSON STREET, Boston, MA",SAM,-71.0905433971686,42.28166642357504
"37 WOOLSON STREET, Boston, MA",SAM,-71.09033159192218,42.28156877109691
"39 WOOLSON STREET, Boston, MA",SAM,-71.09025068820293,42.28153119000565
"40 WOOLSON STREET, Boston, MA",SAM,-71.09033013754754,42.2817034005629
"41 WOOLSON STREET, Boston, MA",SAM,-71.09016978448366,42.28149360891439
"42 WOOLSON STREET, Boston, MA",SAM,-71.09021687234058,42.281650787035126
"43 WOOLSON STREET, Boston, MA",SAM,-71.09008888076443,42.28145602782311
"47 WOOLSON STREET, Boston, MA",SAM,-71.08992707332591,42.2813808656406
"48 WOOLSON STREET, Boston, MA",SAM,-71.08987707671969,42.28149294645182
"49 WOOLSON STREET, Boston, MA",SAM,-71.08984616960664,42.28134328454934
"51 WOOLSON STREET, Boston, MA",SAM,-71.08971479569459,42.28128238624741
"52 WOOLSON STREET, Boston, MA",SAM,-71.0896326843262,42.281379548809056
"53 WOOLSON STREET, Boston, MA",SAM,-71.08958225259853,42.28122107378051
"56 WOOLSON STREET, Boston, MA",SAM,-71.08951486824084,42.281325048838454
"59 WOOLSON STREET, Boston, MA",SAM,-71.08918462331037,42.28103713637976
"60 WOOLSON STREET, Boston, MA",SAM,-71.08939705215543,42.281270548867866
"61 WOOLSON STREET, Boston, MA",SAM,-71.08905117206658,42.280976765138085
"63 WOOLSON STREET, Boston, MA",SAM,-71.08900145498737,42.280954774886325
"64 WOOLSON STREET, Boston, MA",SAM,-71.08927923607007,42.2812160488973
"65 WOOLSON STREET, Boston, MA",SAM,-71.08895173790816,42.28093278463457
"67 WOOLSON STREET, Boston, MA",SAM,-71.08890202082895,42.28091079438283
"69 WOOLSON STREET, Boston, MA",SAM,-71.08885230374975,42.28088880413108
"78 WOOLSON STREET, Boston, MA",SAM,-71.0887537068744,42.28097870148597
"10 WORCESTER SQUARE, Boston, MA",SAM,-71.07549192785889,42.337420920566586
"14 WORCESTER SQUARE, Boston, MA",SAM,-71.07545871533523,42.337394613611245
"16 WORCESTER SQUARE, Boston, MA",SAM,-71.0754421090734,42.33738146013359
"18 WORCESTER SQUARE, Boston, MA",SAM,-71.07542550281158,42.337368306655925
"19 WORCESTER SQUARE, Boston, MA",SAM,-71.07515838454316,42.33677128262842
"2 WORCESTER SQUARE, Boston, MA",SAM,-71.0755583529062,42.33747353447723
"20 WORCESTER SQUARE, Boston, MA",SAM,-71.07540889654976,42.33735515317826
"21 WORCESTER SQUARE, Boston, MA",SAM,-71.07507300541378,42.336700668295
"24 WORCESTER SQUARE, Boston, MA",SAM,-71.07537568402611,42.337328846222924
"25 WORCESTER SQUARE, Boston, MA",SAM,-71.074902247155,42.33655943962818
"26 WORCESTER SQUARE, Boston, MA",SAM,-71.07535907776429,42.33731569274524
"27 WORCESTER SQUARE, Boston, MA",SAM,-71.07481686802561,42.336488825294765
"28 WORCESTER SQUARE, Boston, MA",SAM,-71.07534247150245,42.33730253926759
"29 WORCESTER SQUARE, Boston, MA",SAM,-71.07473148889622,42.33641821096138
"33 WORCESTER SQUARE, Boston, MA",SAM,-71.07452855491454,42.336271128156135
"34 WORCESTER SQUARE, Boston, MA",SAM,-71.07529265271697,42.33726307883457
"36 WORCESTER SQUARE, Boston, MA",SAM,-71.07527604645514,42.33724992535693
"37 WORCESTER SQUARE, Boston, MA",SAM,-71.0743244456826,42.336253668940415
"4 WORCESTER SQUARE, Boston, MA",SAM,-71.07554174664438,42.33746038099959
"5 WORCESTER SQUARE, Boston, MA",SAM,-71.07553219629948,42.33728486229474
"6 WORCESTER SQUARE, Boston, MA",SAM,-71.07552514038255,42.33744722752191
"7 WORCESTER SQUARE, Boston, MA",SAM,-71.0754624499998,42.33722961768855
"8 WORCESTER SQUARE, Boston, MA",SAM,-71.07550853412073,42.33743407404426
"9 WORCESTER SQUARE, Boston, MA",SAM,-71.07539270370013,42.337174373082334
"13 WORCESTER STREET, Boston, MA",SAM,-71.07592839560928,42.33776363573529
"139 WORCESTER STREET, Boston, MA",SAM,-71.0797363600749,42.341112047723016
"140 WORCESTER STREET, Boston, MA",SAM,-71.07992398119066,42.34110806408534
"141 WORCESTER STREET, Boston, MA",SAM,-71.07974402894952,42.34111986129517
"144 WORCESTER STREET, Boston, MA",SAM,-71.07993556275643,42.341119864173926
"145 WORCESTER STREET, Boston, MA",SAM,-71.07975936669878,42.3411354884395
"146 WORCESTER STREET, Boston, MA",SAM,-71.0799413535393,42.34112576421821
"149 WORCESTER STREET, Boston, MA",SAM,-71.07977470444804,42.34115111558381
"151 WORCESTER STREET, Boston, MA",SAM,-71.07978237332266,42.341158929155974
"153 WORCESTER STREET, Boston, MA",SAM,-71.0797900421973,42.34116674272814
"155 WORCESTER STREET, Boston, MA",SAM,-71.07979771107192,42.341174556300324
"159 WORCESTER STREET, Boston, MA",SAM,-71.0798130488212,42.34119018344463
"17 WORCESTER STREET, Boston, MA",SAM,-71.07607757726932,42.33788129670844
"19 WORCESTER STREET, Boston, MA",SAM,-71.076157543019,42.33794526932251
"21 WORCESTER STREET, Boston, MA",SAM,-71.07623750876864,42.3380092419366
"23 WORCESTER STREET, Boston, MA",SAM,-71.0763174745183,42.3380732145507
"25 WORCESTER STREET, Boston, MA",SAM,-71.07639744026797,42.33813718716479
"27 WORCESTER STREET, Boston, MA",SAM,-71.07647740601763,42.338201159778905
"31 WORCESTER STREET, Boston, MA",SAM,-71.07666035313788,42.33834921489836
"32 WORCESTER STREET, Boston, MA",SAM,-71.07681318256743,42.33830388638702
"33 WORCESTER STREET, Boston, MA",SAM,-71.07671563520628,42.338395283299064
"34 WORCESTER STREET, Boston, MA",SAM,-71.07683160992356,42.338319242520605
"35 WORCESTER STREET, Boston, MA",SAM,-71.07677091727473,42.33844135169978
"36 WORCESTER STREET, Boston, MA",SAM,-71.07685003727971,42.33833459865417
"38 WORCESTER STREET, Boston, MA",SAM,-71.07686846463585,42.338349954787745
"39 WORCESTER STREET, Boston, MA",SAM,-71.07688148141156,42.338533488501206
"41 WORCESTER STREET, Boston, MA",SAM,-71.0769818018299,42.33861907987007
"42 WORCESTER STREET, Boston, MA",SAM,-71.07690531934813,42.338380667054864
"43 WORCESTER STREET, Boston, MA",SAM,-71.07702342491297,42.33865544027269
"45 WORCESTER STREET, Boston, MA",SAM,-71.07706504799603,42.33869180067529
"47 WORCESTER STREET, Boston, MA",SAM,-71.07710667107911,42.33872816107789
"49 WORCESTER STREET, Boston, MA",SAM,-71.07714829416217,42.33876452148049
"51 WORCESTER STREET, Boston, MA",SAM,-71.07718991724525,42.33880088188308
"53 WORCESTER STREET, Boston, MA",SAM,-71.07723154032831,42.33883724228569
"55 WORCESTER STREET, Boston, MA",SAM,-71.07727316341139,42.3388736026883
"59 WORCESTER STREET, Boston, MA",SAM,-71.07742077064096,42.33900438050776
"61 WORCESTER STREET, Boston, MA",SAM,-71.07746938097485,42.33904775589242
"65 WORCESTER STREET, Boston, MA",SAM,-71.07756660164267,42.33913450666175
"67 WORCESTER STREET, Boston, MA",SAM,-71.07761521197658,42.339177882046414
"69 WORCESTER STREET, Boston, MA",SAM,-71.0776638223105,42.33922125743106
"73 WORCESTER STREET, Boston, MA",SAM,-71.07776104297831,42.33930800820042
"75 WORCESTER STREET, Boston, MA",SAM,-71.07780965331222,42.33935138358506
"79 WORCESTER STREET, Boston, MA",SAM,-71.07796255285089,42.33948328021816
"80 WORCESTER STREET, Boston, MA",SAM,-71.07831269676424,42.339596353905584
"81 WORCESTER STREET, Boston, MA",SAM,-71.07803918096857,42.33954517217327
"83 WORCESTER STREET, Boston, MA",SAM,-71.07811580908626,42.33960706412837
"86 WORCESTER STREET, Boston, MA",SAM,-71.078489530882,42.33973918149429
"88 WORCESTER STREET, Boston, MA",SAM,-71.07854821436776,42.33978893604879
"89 WORCESTER STREET, Boston, MA",SAM,-71.07834569343933,42.3397927399937
"9 WORCESTER STREET, Boston, MA",SAM,-71.07584052335925,42.337694866132864
"91 WORCESTER STREET, Boston, MA",SAM,-71.0784197430159,42.33985435893465
"92 WORCESTER STREET, Boston, MA",SAM,-71.07866275563651,42.33988636197749
"94 WORCESTER STREET, Boston, MA",SAM,-71.07872002627089,42.33993507494184
"10 WORDSWORTH STREET, Boston, MA",SAM,-71.01910389950268,42.38534837042723
"105 WORDSWORTH STREET, Boston, MA",SAM,-71.01546101098117,42.384256345117485
"107 WORDSWORTH STREET, Boston, MA",SAM,-71.015434252567,42.38421736371446
"109 WORDSWORTH STREET, Boston, MA",SAM,-71.01540749415284,42.384178382311426
"11 WORDSWORTH STREET, Boston, MA",SAM,-71.0190745384128,42.385222180950876
"12 WORDSWORTH STREET, Boston, MA",SAM,-71.01902142653563,42.385330043095806
"125 WORDSWORTH STREET, Boston, MA",SAM,,
"128 WORDSWORTH STREET, Boston, MA",SAM,-71.01471438224871,42.38341643051576
"130 WORDSWORTH STREET, Boston, MA",SAM,-71.01469603721148,42.38338960335795
"134 WORDSWORTH STREET, Boston, MA",SAM,-71.01465934713698,42.38333594904231
"14 WORDSWORTH STREET, Boston, MA",SAM,-71.01893895356856,42.385311715764395
"140 WORDSWORTH STREET, Boston, MA",SAM,-71.01455270600772,42.38318002865547
"142 WORDSWORTH STREET, Boston, MA",SAM,-71.01451757796632,42.383128687659294
"147 WORDSWORTH STREET, Boston, MA",SAM,,
"148 WORDSWORTH STREET, Boston, MA",SAM,-71.0144121938421,42.38297466467079
"15 WORDSWORTH STREET, Boston, MA",SAM,-71.01891295872225,42.385186274342374
"154 WORDSWORTH STREET, Boston, MA",SAM,-71.01430680971791,42.38282064168228
"158 WORDSWORTH STREET, Boston, MA",SAM,-71.01381117741818,42.382897946282434
"17 WORDSWORTH STREET, Boston, MA",SAM,-71.01883216887698,42.385168321038144
"175 WORDSWORTH STREET, Boston, MA",SAM,,
"178 WORDSWORTH STREET, Boston, MA",SAM,-71.01369781168282,42.38191979798732
"18 WORDSWORTH STREET, Boston, MA",SAM,-71.01877400763448,42.38527506110156
"182 WORDSWORTH STREET, Boston, MA",SAM,-71.01362982338206,42.38181968332206
"185 WORDSWORTH STREET, Boston, MA",SAM,-71.01371286051229,42.381686390828044
"186 WORDSWORTH STREET, Boston, MA",SAM,-71.01356183508128,42.38171956865676
"189 WORDSWORTH STREET, Boston, MA",SAM,-71.01365105296614,42.38159537749597
"19 WORDSWORTH STREET, Boston, MA",SAM,-71.0187513790317,42.38515036773389
"20 WORDSWORTH STREET, Boston, MA",SAM,-71.01869153466743,42.385256733770156
"21 WORDSWORTH STREET, Boston, MA",SAM,-71.01867058918643,42.38513241442967
"22 WORDSWORTH STREET, Boston, MA",SAM,-71.01860906170039,42.38523840643873
"23 WORDSWORTH STREET, Boston, MA",SAM,-71.01858979934116,42.385114461125404
"24 WORDSWORTH STREET, Boston, MA",SAM,-71.01852658873332,42.38522007910732
"25 WORDSWORTH STREET, Boston, MA",SAM,-71.01850900949589,42.385096507821174
"27 WORDSWORTH STREET, Boston, MA",SAM,-71.0184282196506,42.38507855451692
"28 WORDSWORTH STREET, Boston, MA",SAM,-71.01836164279922,42.385183424444485
"29 WORDSWORTH STREET, Boston, MA",SAM,-71.01834742980533,42.38506060121268
"30 WORDSWORTH STREET, Boston, MA",SAM,-71.01827916983218,42.38516509711309
"31 WORDSWORTH STREET, Boston, MA",SAM,-71.01826663996006,42.38504264790844
"33 WORDSWORTH STREET, Boston, MA",SAM,-71.01818585011479,42.38502469460418
"35 WORDSWORTH STREET, Boston, MA",SAM,-71.01810506026949,42.385006741299954
"37 WORDSWORTH STREET, Boston, MA",SAM,-71.01802427042422,42.384988787995724
"39 WORDSWORTH STREET, Boston, MA",SAM,-71.01794348057895,42.38497083469146
"41 WORDSWORTH STREET, Boston, MA",SAM,-71.0178626907337,42.38495288138723
"42 WORDSWORTH STREET, Boston, MA",SAM,-71.01778433202988,42.38505513312458
"43 WORDSWORTH STREET, Boston, MA",SAM,-71.01778190088841,42.384934928082984
"45 WORDSWORTH STREET, Boston, MA",SAM,-71.01770111104314,42.38491697477873
"46 WORDSWORTH STREET, Boston, MA",SAM,-71.01761938609577,42.38501847846175
"48 WORDSWORTH STREET, Boston, MA",SAM,-71.01753691312872,42.385000151130335
"50 WORDSWORTH STREET, Boston, MA",SAM,-71.01745444016166,42.38498182379893
"51 WORDSWORTH STREET, Boston, MA",SAM,-71.01745874150733,42.384863114866
"52 WORDSWORTH STREET, Boston, MA",SAM,-71.0173719671946,42.3849634964675
"53 WORDSWORTH STREET, Boston, MA",SAM,-71.01737795166206,42.38484516156178
"54 WORDSWORTH STREET, Boston, MA",SAM,-71.01728896442343,42.384944840423024
"55 WORDSWORTH STREET, Boston, MA",SAM,-71.01729794326381,42.38482692997069
"56 WORDSWORTH STREET, Boston, MA",SAM,-71.01720669860654,42.38492601341467
"57 WORDSWORTH STREET, Boston, MA",SAM,-71.01721735634119,42.384808487187
"58 WORDSWORTH STREET, Boston, MA",SAM,-71.0171244327897,42.38490718640632
"59 WORDSWORTH STREET, Boston, MA",SAM,-71.01713676941856,42.38479004440333
"60 WORDSWORTH STREET, Boston, MA",SAM,-71.01704216697286,42.384888359397976
"61 WORDSWORTH STREET, Boston, MA",SAM,-71.01705618249592,42.38477160161964
"62 WORDSWORTH STREET, Boston, MA",SAM,-71.01695990115599,42.38486953238965
"63 WORDSWORTH STREET, Boston, MA",SAM,-71.01697559557329,42.384753158835956
"65 WORDSWORTH STREET, Boston, MA",SAM,-71.01689500865065,42.384734716052286
"67 WORDSWORTH STREET, Boston, MA",SAM,-71.01681442172801,42.384716273268594
"69 WORDSWORTH STREET, Boston, MA",SAM,-71.01673383480538,42.38469783048492
"7 WORDSWORTH STREET, Boston, MA",SAM,-71.01923611810335,42.38525808755936
"70 WORDSWORTH STREET, Boston, MA",SAM,-71.01663083788856,42.384794224356256
"71 WORDSWORTH STREET, Boston, MA",SAM,-71.01665324788274,42.384679387701226
"72 WORDSWORTH STREET, Boston, MA",SAM,-71.01654857207171,42.38477539734794
"73 WORDSWORTH STREET, Boston, MA",SAM,-71.01657266096012,42.38466094491754
"74 WORDSWORTH STREET, Boston, MA",SAM,-71.01646630625486,42.38475657033958
"75 WORDSWORTH STREET, Boston, MA",SAM,-71.01649207403747,42.38464250213387
"78 WORDSWORTH STREET, Boston, MA",SAM,-71.01630177462113,42.384718916322896
"80 WORDSWORTH STREET, Boston, MA",SAM,-71.0162195088043,42.38470008931455
"86 WORDSWORTH STREET, Boston, MA",SAM,-71.01597271135371,42.384643608289515
"88 WORDSWORTH STREET, Boston, MA",SAM,-71.01589044553685,42.38462478128118
"9 WORDSWORTH STREET, Boston, MA",SAM,-71.01915532825807,42.38524013425511
"90 WORDSWORTH STREET, Boston, MA",SAM,-71.01580817972,42.38460595427283
"92 WORDSWORTH STREET, Boston, MA",SAM,-71.01572591390314,42.3845871272645
"96 WORDSWORTH STREET, Boston, MA",SAM,-71.01556138226942,42.3845494732478
"16 WORLEY STREET, Boston, MA",SAM,-71.16203716044718,42.291808233943776
"20 WORLEY STREET, Boston, MA",SAM,-71.16216632147616,42.29188254578551
"21 WORLEY STREET, Boston, MA",SAM,-71.16213579630895,42.29201015480717
"25 WORLEY STREET, Boston, MA",SAM,-71.16226209740984,42.292085247463234
"29 WORLEY STREET, Boston, MA",SAM,-71.16236915457397,42.29215953931691
"31 WORLEY STREET, Boston, MA",SAM,-71.16242072319673,42.29220652407273
"32 WORLEY STREET, Boston, MA",SAM,-71.16254098769822,42.292134296096954
"35 WORLEY STREET, Boston, MA",SAM,-71.16252386044226,42.292300493584335
"36 WORLEY STREET, Boston, MA",SAM,-71.16264412494375,42.29222826560856
"39 WORLEY STREET, Boston, MA",SAM,-71.1626269976878,42.29239446309593
"40 WORLEY STREET, Boston, MA",SAM,-71.16274726218927,42.29232223512014
"41 WORLEY STREET, Boston, MA",SAM,-71.16267856631056,42.29244144785173
"44 WORLEY STREET, Boston, MA",SAM,-71.16285039943479,42.29241620463178
"47 WORLEY STREET, Boston, MA",SAM,-71.16283024176899,42.29258286749562
"48 WORLEY STREET, Boston, MA",SAM,-71.16295224844721,42.292512255710434
"51 WORLEY STREET, Boston, MA",SAM,-71.16293107178136,42.292678197710714
"52 WORLEY STREET, Boston, MA",SAM,-71.16305307845958,42.292607585925545
"55 WORLEY STREET, Boston, MA",SAM,-71.16303190179373,42.29277352792583
"33 WORMWOOD STREET, Boston, MA",SAM,-71.05013471422163,42.34729586912038
"1 WORTHINGTON STREET, Boston, MA",SAM,-71.10239417814923,42.33371561349634
"10 WORTHINGTON STREET, Boston, MA",SAM,-71.10248590671243,42.33384288065703
"12 WORTHINGTON STREET, Boston, MA",SAM,-71.10247359517406,42.3338627843112
"13 WORTHINGTON STREET, Boston, MA",SAM,-71.10224001627753,42.33396484186166
"15 WORTHINGTON STREET, Boston, MA",SAM,-71.10221432263225,42.33400637992253
"18 WORTHINGTON STREET, Boston, MA",SAM,-71.10243666055898,42.33392249527374
"23 WORTHINGTON STREET, Boston, MA",SAM,-71.10211154805113,42.33417253216611
"28 WORTHINGTON STREET, Boston, MA",SAM,-71.10237510286716,42.3340220135446
"5 WORTHINGTON STREET, Boston, MA",SAM,-71.10234279085866,42.3337986896181
"6 WORTHINGTON STREET, Boston, MA",SAM,-71.10251052978917,42.333803073348676
"8 WORTHINGTON STREET, Boston, MA",SAM,-71.1024982182508,42.33382297700286
"9 WORTHINGTON STREET, Boston, MA",SAM,-71.1022914035681,42.33388176573988
"103 WREN STREET, Boston, MA",SAM,-71.15016109725883,42.280177206693324
"113 WREN STREET, Boston, MA",SAM,-71.1498274451686,42.279970112245856
"117 WREN STREET, Boston, MA",SAM,-71.1496939843325,42.27988727446687
"12 WREN STREET, Boston, MA",SAM,-71.15328682898637,42.28230743676078
"123 WREN STREET, Boston, MA",SAM,-71.14943104639656,42.27972750919225
"126 WREN STREET, Boston, MA",SAM,-71.14914442081772,42.27970235696366
"127 WREN STREET, Boston, MA",SAM,-71.14928824486108,42.279641289377786
"130 WREN STREET, Boston, MA",SAM,-71.1489985156029,42.27961055625224
"131 WREN STREET, Boston, MA",SAM,-71.14910219218712,42.279525426105884
"134 WREN STREET, Boston, MA",SAM,-71.14880629612385,42.27948240990415
"135 WREN STREET, Boston, MA",SAM,-71.14903229419474,42.27947882743385
"139 WREN STREET, Boston, MA",SAM,-71.14896239620236,42.27943222876182
"142 WREN STREET, Boston, MA",SAM,-71.14833040358282,42.27916745419425
"15 WREN STREET, Boston, MA",SAM,-71.15326944096279,42.282146274454426
"173 WREN STREET, Boston, MA",SAM,-71.14762481450944,42.2785603183155
"176 WREN STREET, Boston, MA",SAM,-71.14799509111312,42.27894550210672
"177 WREN STREET, Boston, MA",SAM,-71.14751743376054,42.27849686604047
"180 WREN STREET, Boston, MA",SAM,-71.14780752400785,42.27882336535957
"181 WREN STREET, Boston, MA",SAM,-71.14741005301165,42.2784334137654
"184 WREN STREET, Boston, MA",SAM,-71.14762090046165,42.2787046573954
"185 WREN STREET, Boston, MA",SAM,-71.14730267226277,42.27836996149034
"188 WREN STREET, Boston, MA",SAM,-71.1474256627364,42.27858928962259
"189 WREN STREET, Boston, MA",SAM,-71.14719529151388,42.278306509215284
"192 WREN STREET, Boston, MA",SAM,-71.14723042501113,42.278473921849766
"199 WREN STREET, Boston, MA",SAM,-71.1468906480662,42.278121858125175
"20 WREN STREET, Boston, MA",SAM,-71.1529106080896,42.28207137653712
"203 WREN STREET, Boston, MA",SAM,-71.1468360059938,42.2780865684455
"21 WREN STREET, Boston, MA",SAM,-71.15301750732655,42.2819881984118
"210 WREN STREET, Boston, MA",SAM,-71.14667394151954,42.27813400682896
"211 WREN STREET, Boston, MA",SAM,-71.14672672184899,42.278015989086114
"214 WREN STREET, Boston, MA",SAM,-71.14661706915847,42.27809727675419
"215 WREN STREET, Boston, MA",SAM,-71.14667207977661,42.27798069940644
"218 WREN STREET, Boston, MA",SAM,-71.14656019679741,42.27806054667941
"219 WREN STREET, Boston, MA",SAM,-71.14661743770421,42.27794540972675
"223 WREN STREET, Boston, MA",SAM,-71.1465627956318,42.27791012004705
"226 WREN STREET, Boston, MA",SAM,-71.14644645207525,42.27798708652985
"229 WREN STREET, Boston, MA",SAM,-71.14648083252321,42.27785718552753
"25 WREN STREET, Boston, MA",SAM,-71.15284955156909,42.28188281438339
"28 WREN STREET, Boston, MA",SAM,-71.15253438719286,42.28183531631345
"31 WREN STREET, Boston, MA",SAM,-71.15259761793284,42.28172473834075
"32 WREN STREET, Boston, MA",SAM,-71.15234627674447,42.28171728620164
"35 WREN STREET, Boston, MA",SAM,-71.15242966217538,42.28161935431233
"36 WREN STREET, Boston, MA",SAM,-71.1521581662961,42.281599256089784
"40 WREN STREET, Boston, MA",SAM,-71.15197005584771,42.28148122597796
"41 WREN STREET, Boston, MA",SAM,-71.15217772853913,42.28146127826971
"42 WREN STREET, Boston, MA",SAM,-71.15187600062352,42.281422210922045
"45 WREN STREET, Boston, MA",SAM,-71.15200977278167,42.28135589424128
"46 WREN STREET, Boston, MA",SAM,-71.15168960356523,42.28130051611649
"48 WREN STREET, Boston, MA",SAM,-71.15159759887807,42.28123975829058
"49 WREN STREET, Boston, MA",SAM,-71.15184531546797,42.28124974532176
"5 WREN STREET, Boston, MA",SAM,-71.15369168538184,42.282404219897835
"51 WREN STREET, Boston, MA",SAM,-71.15176316842586,42.2811954972629
"52 WREN STREET, Boston, MA",SAM,-71.15141358950375,42.28111824263873
"53 WREN STREET, Boston, MA",SAM,-71.15168102138374,42.28114124920406
"56 WREN STREET, Boston, MA",SAM,-71.15125038527738,42.28101360692943
"58 WREN STREET, Boston, MA",SAM,-71.15120256087275,42.28098344075971
"59 WREN STREET, Boston, MA",SAM,-71.15139869462062,42.280956571954476
"6 WREN STREET, Boston, MA",SAM,-71.15357520397319,42.282482238696616
"61 WREN STREET, Boston, MA",SAM,-71.15134608777552,42.280923389167796
"65 WREN STREET, Boston, MA",SAM,-71.15124087408532,42.28085702359444
"9 WREN STREET, Boston, MA",SAM,-71.153521374599,42.28230435049707
"106 WRENTHAM STREET, Boston, MA",SAM,-71.05842125138996,42.28855465144448
"107 WRENTHAM STREET, Boston, MA",SAM,-71.05837192204207,42.288446025770824
"108 WRENTHAM STREET, Boston, MA",SAM,-71.05837061541466,42.28856723553296
"109 WRENTHAM STREET, Boston, MA",SAM,-71.05832128606674,42.288458609859305
"11 WRENTHAM STREET, Boston, MA",SAM,-71.06319000591243,42.2875424106127
"110 WRENTHAM STREET, Boston, MA",SAM,-71.05831997943935,42.28857981962143
"114 WRENTHAM STREET, Boston, MA",SAM,-71.05821870748872,42.288604987798394
"115 WRENTHAM STREET, Boston, MA",SAM,-71.05816937814082,42.28849636212475
"117 WRENTHAM STREET, Boston, MA",SAM,-71.0581187421655,42.28850894621323
"118 WRENTHAM STREET, Boston, MA",SAM,-71.0581174355381,42.288630155975355
"122 WRENTHAM STREET, Boston, MA",SAM,-71.05801616358747,42.28865532415229
"126 WRENTHAM STREET, Boston, MA",SAM,-71.05791489163684,42.28868049232926
"129 WRENTHAM STREET, Boston, MA",SAM,-71.0578105137205,42.288586918087375
"13 WRENTHAM STREET, Boston, MA",SAM,-71.0630912386314,42.287568316784814
"130 WRENTHAM STREET, Boston, MA",SAM,-71.05782041986785,42.288707909941785
"131 WRENTHAM STREET, Boston, MA",SAM,-71.05776116005289,42.28860203542723
"132 WRENTHAM STREET, Boston, MA",SAM,-71.05777106620025,42.28872302728164
"133 WRENTHAM STREET, Boston, MA",SAM,-71.05771180638529,42.2886171527671
"134 WRENTHAM STREET, Boston, MA",SAM,-71.05772171253265,42.28873814462152
"137 WRENTHAM STREET, Boston, MA",SAM,-71.0576130990501,42.28864738744684
"14 WRENTHAM STREET, Boston, MA",SAM,-71.06310708712074,42.28768574091346
"140 WRENTHAM STREET, Boston, MA",SAM,-71.05757365152985,42.288783496641116
"141 WRENTHAM STREET, Boston, MA",SAM,-71.0575143917149,42.288677622126556
"145 WRENTHAM STREET, Boston, MA",SAM,-71.0574156843797,42.2887078568063
"147 WRENTHAM STREET, Boston, MA",SAM,-71.05736633071211,42.288722974146154
"149 WRENTHAM STREET, Boston, MA",SAM,-71.0573219632527,42.28873574795288
"15 WRENTHAM STREET, Boston, MA",SAM,-71.06299247135033,42.28759422295693
"150 WRENTHAM STREET, Boston, MA",SAM,-71.05731965127818,42.28885694944827
"151 WRENTHAM STREET, Boston, MA",SAM,-71.05727122360051,42.28874810195507
"155 WRENTHAM STREET, Boston, MA",SAM,-71.05716974429609,42.288772809959454
"17 WRENTHAM STREET, Boston, MA",SAM,-71.06289370406928,42.28762012912904
"18 WRENTHAM STREET, Boston, MA",SAM,-71.062897580767,42.287740693399755
"19 WRENTHAM STREET, Boston, MA",SAM,-71.0627973180379,42.28764395215158
"22 WRENTHAM STREET, Boston, MA",SAM,-71.06268232756203,42.287790227616014
"27 WRENTHAM STREET, Boston, MA",SAM,-71.06239688339734,42.28773561791132
"28 WRENTHAM STREET, Boston, MA",SAM,-71.06236380000705,42.28786314356127
"29 WRENTHAM STREET, Boston, MA",SAM,-71.06229677473722,42.28775853435125
"30 WRENTHAM STREET, Boston, MA",SAM,-71.06225762415538,42.287887448876354
"31 WRENTHAM STREET, Boston, MA",SAM,-71.06219666607709,42.28778145079121
"32 WRENTHAM STREET, Boston, MA",SAM,-71.06215144830374,42.28791175419145
"33 WRENTHAM STREET, Boston, MA",SAM,-71.06209655741695,42.28780436723114
"34 WRENTHAM STREET, Boston, MA",SAM,-71.0620537615144,42.287940123961555
"35 WRENTHAM STREET, Boston, MA",SAM,-71.06199338542264,42.287834569202914
"36 WRENTHAM STREET, Boston, MA",SAM,-71.06195053835765,42.28797060596796
"39 WRENTHAM STREET, Boston, MA",SAM,-71.06179873604131,42.28789204955786
"4 WRENTHAM STREET, Boston, MA",SAM,-71.06362957636655,42.287562162755464
"40 WRENTHAM STREET, Boston, MA",SAM,-71.06174409204411,42.28803156998082
"42 WRENTHAM STREET, Boston, MA",SAM,-71.06164086888735,42.28806205198721
"43 WRENTHAM STREET, Boston, MA",SAM,-71.06160408665997,42.28794952991283
"45 WRENTHAM STREET, Boston, MA",SAM,-71.06150676196931,42.2879782700903
"46 WRENTHAM STREET, Boston, MA",SAM,-71.06142903178555,42.28812228490219
"47 WRENTHAM STREET, Boston, MA",SAM,-71.06141365922544,42.28800536762075
"50 WRENTHAM STREET, Boston, MA",SAM,-71.06121794193479,42.28817381857432
"52 WRENTHAM STREET, Boston, MA",SAM,-71.06111239700941,42.288199585410396
"53 WRENTHAM STREET, Boston, MA",SAM,-71.06111511786507,42.28807825095706
"56 WRENTHAM STREET, Boston, MA",SAM,-71.06090130715864,42.28825111908251
"57 WRENTHAM STREET, Boston, MA",SAM,-71.06091609029149,42.288126839847905
"58 WRENTHAM STREET, Boston, MA",SAM,-71.06079576223325,42.288276885918584
"59 WRENTHAM STREET, Boston, MA",SAM,-71.06081657650469,42.28815113429335
"60 WRENTHAM STREET, Boston, MA",SAM,-71.06069021730787,42.28830265275464
"61 WRENTHAM STREET, Boston, MA",SAM,-71.06071706271791,42.288175428738775
"62 WRENTHAM STREET, Boston, MA",SAM,-71.06058467238249,42.2883284195907
"66 WRENTHAM STREET, Boston, MA",SAM,-71.06034429084775,42.28836663600317
"70 WRENTHAM STREET, Boston, MA",SAM,-71.06008222738316,42.288326053210945
"74 WRENTHAM STREET, Boston, MA",SAM,-71.05989999878601,42.2883345197275
"78 WRENTHAM STREET, Boston, MA",SAM,-71.05970111989325,42.288357268517615
"80 WRENTHAM STREET, Boston, MA",SAM,-71.05960156832512,42.28836882934324
"83 WRENTHAM STREET, Boston, MA",SAM,-71.05953925694277,42.28826007072253
"86 WRENTHAM STREET, Boston, MA",SAM,-71.05930291362067,42.2884035118201
"89 WRENTHAM STREET, Boston, MA",SAM,-71.05921762879954,42.2882974210822
"9 WRENTHAM STREET, Boston, MA",SAM,-71.06328877319348,42.287516504440596
"90 WRENTHAM STREET, Boston, MA",SAM,-71.0591038104844,42.288426633471325
"91 WRENTHAM STREET, Boston, MA",SAM,-71.05911041941846,42.2883098712021
"96 WRENTHAM STREET, Boston, MA",SAM,-71.05881248041239,42.28847247004734
"11 WYCLIFF AVENUE, Boston, MA",SAM,-71.16748573996533,42.276444305328
"12 WYCLIFF AVENUE, Boston, MA",SAM,-71.1675074782371,42.27633071008341
"15 WYCLIFF AVENUE, Boston, MA",SAM,-71.16763048041683,42.27645416599739
"16 WYCLIFF AVENUE, Boston, MA",SAM,-71.16765523411468,42.2763407761834
"19 WYCLIFF AVENUE, Boston, MA",SAM,-71.16777522086835,42.27646402666679
"20 WYCLIFF AVENUE, Boston, MA",SAM,-71.16780298999227,42.2763508422834
"23 WYCLIFF AVENUE, Boston, MA",SAM,-71.16791996131985,42.276473887336195
"24 WYCLIFF AVENUE, Boston, MA",SAM,-71.16795074586986,42.27636090838342
"27 WYCLIFF AVENUE, Boston, MA",SAM,-71.1680647017714,42.276483748005575
"28 WYCLIFF AVENUE, Boston, MA",SAM,-71.16809850174747,42.27637097448343
"31 WYCLIFF AVENUE, Boston, MA",SAM,-71.1682094422229,42.27649360867499
"32 WYCLIFF AVENUE, Boston, MA",SAM,-71.16824625762507,42.27638104058342
"33 WYCLIFF AVENUE, Boston, MA",SAM,-71.16828181244865,42.27649853900967
"36 WYCLIFF AVENUE, Boston, MA",SAM,-71.16839401350265,42.276391106683434
"40 WYCLIFF AVENUE, Boston, MA",SAM,-71.16854176938023,42.27640117278346
"41 WYCLIFF AVENUE, Boston, MA",SAM,-71.1685712933517,42.27651826034849
"44 WYCLIFF AVENUE, Boston, MA",SAM,-71.16868952525782,42.27641123888345
"45 WYCLIFF AVENUE, Boston, MA",SAM,-71.16871603380321,42.276528121017854
"48 WYCLIFF AVENUE, Boston, MA",SAM,-71.16883728113542,42.276421304983465
"49 WYCLIFF AVENUE, Boston, MA",SAM,-71.16886077425472,42.27653798168725
"52 WYCLIFF AVENUE, Boston, MA",SAM,-71.16898655613079,42.2764327069744
"61 WYCLIFF AVENUE, Boston, MA",SAM,-71.16929240916181,42.27657389012627
"62 WYCLIFF AVENUE, Boston, MA",SAM,-71.16935511278,42.276463852622975
"65 WYCLIFF AVENUE, Boston, MA",SAM,-71.16943682319578,42.2765860941355
"66 WYCLIFF AVENUE, Boston, MA",SAM,-71.16950253543969,42.276476310882416
"10 WYMAN STREET, Boston, MA",SAM,-71.10634893257819,42.32200287291919
"100 WYMAN STREET, Boston, MA",SAM,-71.10392229991726,42.31928574332347
"102 WYMAN STREET, Boston, MA",SAM,-71.10380525245291,42.319213600151535
"29 WYMAN STREET, Boston, MA",SAM,-71.10607164063195,42.32136503354859
"35 WYMAN STREET, Boston, MA",SAM,-71.1059330291601,42.32118620198404
"38 WYMAN STREET, Boston, MA",SAM,-71.10573766448994,42.32116497403372
"41 WYMAN STREET, Boston, MA",SAM,-71.10579566138486,42.32100979279923
"42 WYMAN STREET, Boston, MA",SAM,-71.1056507823073,42.32105339899375
"45 WYMAN STREET, Boston, MA",SAM,-71.10570408286806,42.320892186676
"46 WYMAN STREET, Boston, MA",SAM,-71.10556390012468,42.32094182395377
"47 WYMAN STREET, Boston, MA",SAM,-71.10565829360964,42.3208333836144
"48 WYMAN STREET, Boston, MA",SAM,-71.10552045903337,42.3208860364338
"49 WYMAN STREET, Boston, MA",SAM,-71.10561337687801,42.32077491562827
"52 WYMAN STREET, Boston, MA",SAM,-71.10543446277194,42.320773387257056
"56 WYMAN STREET, Boston, MA",SAM,-71.1053491936799,42.32066113424834
"59 WYMAN STREET, Boston, MA",SAM,-71.10538868129763,42.32047911378098
"6 WYMAN STREET, Boston, MA",SAM,-71.1065509008648,42.3222538032739
"60 WYMAN STREET, Boston, MA",SAM,-71.10526392458786,42.32054888123961
"66 WYMAN STREET, Boston, MA",SAM,-71.10513585648837,42.32037994909001
"67 WYMAN STREET, Boston, MA",SAM,-71.10521052369356,42.32024243606366
"68 WYMAN STREET, Boston, MA",SAM,-71.10509394271014,42.32032352668271
"69 WYMAN STREET, Boston, MA",SAM,-71.10516634430567,42.320182963796505
"7 WYMAN STREET, Boston, MA",SAM,-71.10664369286931,42.32214501551372
"70 WYMAN STREET, Boston, MA",SAM,-71.10505202893188,42.320267104275416
"71 WYMAN STREET, Boston, MA",SAM,-71.10512216491779,42.32012349152933
"72 WYMAN STREET, Boston, MA",SAM,-71.10501011515366,42.320210681868105
"76 WYMAN STREET, Boston, MA",SAM,-71.10492628759721,42.320097837053474
"77 WYMAN STREET, Boston, MA",SAM,-71.104971857523,42.31994508869738
"79 WYMAN STREET, Boston, MA",SAM,-71.10491819240855,42.31989004754173
"8 WYMAN STREET, Boston, MA",SAM,-71.1064499167215,42.32212833809654
"80 WYMAN STREET, Boston, MA",SAM,-71.10483238015857,42.319997987555
"83 WYMAN STREET, Boston, MA",SAM,-71.10480431572024,42.31977988033626
"84 WYMAN STREET, Boston, MA",SAM,-71.10473215866625,42.31989641793447
"86 WYMAN STREET, Boston, MA",SAM,-71.10467761897964,42.31984624141143
"87 WYMAN STREET, Boston, MA",SAM,-71.10468934016465,42.3196741028012
"88 WYMAN STREET, Boston, MA",SAM,-71.104623079293,42.31979606488837
"94 WYMAN STREET, Boston, MA",SAM,-71.10434551375104,42.319565297478356
"96 WYMAN STREET, Boston, MA",SAM,-71.10420444247312,42.319472112760074
"98 WYMAN STREET, Boston, MA",SAM,-71.10406337119518,42.31937892804177
"1 WYMAN PLACE, Boston, MA",SAM,-71.10198842087755,42.32286433045871
"19 WYOLA PLACE, Boston, MA",SAM,-71.07496331828804,42.308071964930136
"10 WYOMING STREET, Boston, MA",SAM,-71.08442299260258,42.31487980357375
"11 WYOMING STREET, Boston, MA",SAM,-71.08389742078882,42.31489176542127
"12 WYOMING STREET, Boston, MA",SAM,-71.08461917741248,42.31491973500747
"13 WYOMING STREET, Boston, MA",SAM,-71.08395748583305,42.31490396613714
"14 WYOMING STREET, Boston, MA",SAM,-71.08481536222236,42.31495966644122
"16 WYOMING STREET, Boston, MA",SAM,-71.08501154703224,42.314999597874916
"18 WYOMING STREET, Boston, MA",SAM,-71.0852097899344,42.31504139800072
"19 WYOMING STREET, Boston, MA",SAM,-71.08413763637134,42.31494057556643
"2 WYOMING STREET, Boston, MA",SAM,-71.08363814362444,42.31472026350221
"20 WYOMING STREET, Boston, MA",SAM,-71.08540398481054,42.31508633567101
"22 WYOMING STREET, Boston, MA",SAM,-71.08559817968666,42.315131273341315
"24 WYOMING STREET, Boston, MA",SAM,-71.08579448946216,42.31518028397469
"26 WYOMING STREET, Boston, MA",SAM,-71.0859854945098,42.31523216190295
"28 WYOMING STREET, Boston, MA",SAM,-71.08617629571856,42.31528346649009
"30 WYOMING STREET, Boston, MA",SAM,-71.08637050747622,42.31534191704875
"34 WYOMING STREET, Boston, MA",SAM,-71.08670051846282,42.31546161842782
"5 WYOMING STREET, Boston, MA",SAM,-71.0837172256561,42.31485516327373
"6 WYOMING STREET, Boston, MA",SAM,-71.08403056858012,42.3147999748458
"7 WYOMING STREET, Boston, MA",SAM,-71.08377729070034,42.314867363989585
"8 WYOMING STREET, Boston, MA",SAM,-71.08422680779272,42.31483987214003
"9 WYOMING STREET, Boston, MA",SAM,-71.08383735574456,42.31487956470543
"1 WYVERN STREET, Boston, MA",SAM,-71.11826508776316,42.288794416376184
"10 WYVERN STREET, Boston, MA",SAM,-71.11769209213065,42.2888112781153
"12 WYVERN STREET, Boston, MA",SAM,-71.11757229200676,42.28873897268299
"14 WYVERN STREET, Boston, MA",SAM,-71.11746763820533,42.28867056263328
"16 WYVERN STREET, Boston, MA",SAM,-71.11736644794192,42.28860243451987
"17 WYVERN STREET, Boston, MA",SAM,-71.11730206007645,42.28840414006699
"2 WYVERN STREET, Boston, MA",SAM,-71.11824598002522,42.28890813256969
"20 WYVERN STREET, Boston, MA",SAM,-71.11716406741519,42.28846617829309
"21 WYVERN STREET, Boston, MA",SAM,-71.11707440513507,42.28825860822704
"24 WYVERN STREET, Boston, MA",SAM,-71.11695931750815,42.2883371399932
"25 WYVERN STREET, Boston, MA",SAM,-71.11684381372493,42.288120783445
"28 WYVERN STREET, Boston, MA",SAM,-71.11674646389876,42.28820991711746
"4 WYVERN STREET, Boston, MA",SAM,-71.1181102002926,42.28889564707091
"45 WYVERN STREET, Boston, MA",SAM,-71.11633732127655,42.287769982785335
"50 WYVERN STREET, Boston, MA",SAM,-71.11615602629809,42.28777477210335
"51 WYVERN STREET, Boston, MA",SAM,-71.11625365862778,42.28766945260898
"54 WYVERN STREET, Boston, MA",SAM,-71.11608979125111,42.28768272265831
"55 WYVERN STREET, Boston, MA",SAM,-71.11619961396374,42.287588385593
"58 WYVERN STREET, Boston, MA",SAM,-71.11599253169491,42.28753553561329
"62 WYVERN STREET, Boston, MA",SAM,-71.11589790738385,42.287389959714055
"65 WYVERN STREET, Boston, MA",SAM,-71.1159901943054,42.28726751280104
"66 WYVERN STREET, Boston, MA",SAM,-71.11580328307281,42.28724438381485
"70 WYVERN STREET, Boston, MA",SAM,-71.11570865876178,42.28709880791562
"74 WYVERN STREET, Boston, MA",SAM,-71.11562799569322,42.286953699508956
"75 WYVERN STREET, Boston, MA",SAM,-71.11579066544076,42.286948728017286
"78 WYVERN STREET, Boston, MA",SAM,-71.11559321321889,42.2868841345415
"8 WYVERN STREET, Boston, MA",SAM,-71.11782760147828,42.28885449795862
"9 WYVERN STREET, Boston, MA",SAM,-71.11774193886552,42.288694988103245
"16 YALE TERRACE, Boston, MA",SAM,-71.10750753499505,42.29948429808686
"21 YALE TERRACE, Boston, MA",SAM,-71.10770956403533,42.29958070077451
"22 YALE TERRACE, Boston, MA",SAM,-71.10764876921752,42.2994749248647
"29 YALE TERRACE, Boston, MA",SAM,-71.10791609971659,42.29948962433732
"30 YALE TERRACE, Boston, MA",SAM,-71.10784182607992,42.29938828967971
"39 YALE TERRACE, Boston, MA",SAM,-71.1081448098866,42.29934261007941
"56 YALE TERRACE, Boston, MA",SAM,-71.10806871164506,42.29900353935992
"60 YALE TERRACE, Boston, MA",SAM,-71.10802472361227,42.29895441220936
"10 YARMOUTH STREET, Boston, MA",SAM,-71.07657831603342,42.34576919252375
"12 YARMOUTH STREET, Boston, MA",SAM,-71.07662337975019,42.3457985197111
"14 YARMOUTH STREET, Boston, MA",SAM,-71.07666844346697,42.345827846898445
"16 YARMOUTH STREET, Boston, MA",SAM,-71.07671350718373,42.3458571740858
"18 YARMOUTH STREET, Boston, MA",SAM,-71.0767585709005,42.34588650127316
"24 YARMOUTH STREET, Boston, MA",SAM,-71.07689376205082,42.3459744828352
"26 YARMOUTH STREET, Boston, MA",SAM,-71.07693882576756,42.34600381002256
"28 YARMOUTH STREET, Boston, MA",SAM,-71.07698388948432,42.34603313720992
"2 YARMOUTH STREET, Boston, MA",SAM,-71.07597526498262,42.34538163427441
"30 YARMOUTH STREET, Boston, MA",SAM,-71.0770289532011,42.34606246439728
"32 YARMOUTH STREET, Boston, MA",SAM,-71.07714550794833,42.346141468255695
"34 YARMOUTH STREET, Boston, MA",SAM,-71.07714997944588,42.34614462460761
"4 YARMOUTH STREET, Boston, MA",SAM,-71.07613724267708,42.34548559013162
"6 YARMOUTH STREET, Boston, MA",SAM,-71.07629922037158,42.34558954598881
"8 YARMOUTH STREET, Boston, MA",SAM,-71.07646119806606,42.345693501846
"10 YORK STREET, Boston, MA",SAM,-71.08138229367124,42.29947628676557
"11 YORK STREET, Boston, MA",SAM,-71.08131198502339,42.29937185495039
"14 YORK STREET, Boston, MA",SAM,-71.08131882920487,42.29948944403263
"15 YORK STREET, Boston, MA",SAM,-71.0812498157502,42.29938474370179
"19 YORK STREET, Boston, MA",SAM,-71.08118764647703,42.29939763245318
"20 YORK STREET, Boston, MA",SAM,-71.0812236325053,42.2995091799332
"24 YORK STREET, Boston, MA",SAM,-71.08116016803893,42.29952233720028
"7 YORK STREET, Boston, MA",SAM,-71.08137415429657,42.299358966199
"8 YORK STREET, Boston, MA",SAM,-71.08141402590444,42.29946970813205
"15 YORKTOWN STREET, Boston, MA",SAM,-71.16297914345073,42.28535716910968
"5 YORKTOWN STREET, Boston, MA",SAM,-71.16303820745297,42.28532385095296
"6 YORKTOWN STREET, Boston, MA",SAM,-71.16260104371293,42.28571455963711
"9 YORKTOWN STREET, Boston, MA",SAM,-71.16301458185207,42.28533717821565
"14 YUILL CIRCLE, Boston, MA",SAM,-71.13044657336185,42.237490774690905
"16 YUILL CIRCLE, Boston, MA",SAM,-71.13042383538703,42.23748535095225
"17 YUILL CIRCLE, Boston, MA",SAM,-71.13063046489054,42.23741424691454
"18 YUILL CIRCLE, Boston, MA",SAM,-71.1304010974122,42.237479927213585
"19 YUILL CIRCLE, Boston, MA",SAM,-71.13060384482249,42.237407897171714
"7 YUILL CIRCLE, Boston, MA",SAM,-71.1307772014574,42.23744855827902
"11 ZAMORA COURT, Boston, MA",SAM,-71.11327737885232,42.32274682150488
"12 ZAMORA COURT, Boston, MA",SAM,-71.11322818792723,42.322638154518195
"7 ZAMORA COURT, Boston, MA",SAM,-71.11326867764554,42.32274899680656
"12 ZAMORA STREET, Boston, MA",SAM,-71.11302232249916,42.32196405155482
"15 ZAMORA STREET, Boston, MA",SAM,-71.1128891725556,42.32204799320209
"19 ZAMORA STREET, Boston, MA",SAM,-71.11293168928229,42.32218641980076
"25 ZAMORA STREET, Boston, MA",SAM,-71.11299546437235,42.32239405969875
"30 ZAMORA STREET, Boston, MA",SAM,-71.11326815909588,42.322628161726065
"33 ZAMORA STREET, Boston, MA",SAM,-71.11306890376973,42.32266853377959
"34 ZAMORA STREET, Boston, MA",SAM,-71.11327704157782,42.322625941105606
"35 ZAMORA STREET, Boston, MA",SAM,-71.1130924106528,42.32278158268997
"37 ZAMORA STREET, Boston, MA",SAM,-71.11309491797888,42.32279379228302
"5 ZAMORA STREET, Boston, MA",SAM,-71.11279135315131,42.32169889347089
"8 ZAMORA STREET, Boston, MA",SAM,-71.11297476977924,42.32179463889634
"131 ZEIGLER STREET, Boston, MA",SAM,-71.0798153484456,42.32894985932292
"46 ZEIGLER STREET, Boston, MA",SAM,-71.0818635694151,42.32928559862685
"93 ZEIGLER STREET, Boston, MA",SAM,-71.08092642774326,42.32906795320024
"10 ZELLER STREET, Boston, MA",SAM,-71.13556955787645,42.2912734851693
"14 ZELLER STREET, Boston, MA",SAM,-71.13565554505044,42.291327755774915
"15 ZELLER STREET, Boston, MA",SAM,-71.13559185067875,42.291438188404506
"17 ZELLER STREET, Boston, MA",SAM,-71.13563396684559,42.29146476992565
"18 ZELLER STREET, Boston, MA",SAM,-71.13574153222443,42.29138202638055
"21 ZELLER STREET, Boston, MA",SAM,-71.13571819917931,42.29151793296789
"22 ZELLER STREET, Boston, MA",SAM,-71.1358275193984,42.291436296986184
"26 ZELLER STREET, Boston, MA",SAM,-71.1359135065724,42.29149056759182
"29 ZELLER STREET, Boston, MA",SAM,-71.13588666384672,42.29162425905241
"31 ZELLER STREET, Boston, MA",SAM,-71.13592878001356,42.29165084057351
"33 ZELLER STREET, Boston, MA",SAM,-71.1359708961804,42.29167742209466
"34 ZELLER STREET, Boston, MA",SAM,-71.13608548092039,42.29159910880309
"39 ZELLER STREET, Boston, MA",SAM,-71.13609724468095,42.29175716665804
"40 ZELLER STREET, Boston, MA",SAM,-71.13621446168135,42.29168051471156
"43 ZELLER STREET, Boston, MA",SAM,-71.13618147701466,42.291810329700304
"44 ZELLER STREET, Boston, MA",SAM,-71.13630044885534,42.29173478531719
"47 ZELLER STREET, Boston, MA",SAM,-71.13626570934836,42.29186349274254
"48 ZELLER STREET, Boston, MA",SAM,-71.13638643602931,42.29178905592281
"51 ZELLER STREET, Boston, MA",SAM,-71.13634803544399,42.29191590474365
"52 ZELLER STREET, Boston, MA",SAM,-71.13647316336112,42.291845061551975
"55 ZELLER STREET, Boston, MA",SAM,-71.13643028707544,42.29197073917691
"56 ZELLER STREET, Boston, MA",SAM,-71.13655712856821,42.29190103836929
"59 ZELLER STREET, Boston, MA",SAM,-71.1365125387069,42.292025573610175
"60 ZELLER STREET, Boston, MA",SAM,-71.13664109377532,42.29195701518658
"64 ZELLER STREET, Boston, MA",SAM,-71.13672505898242,42.29201299200388
"1 WINTER PLACE, Boston, MA",SAM,-71.06170360610038,42.35561832276377
"2 WINTER PLACE, Boston, MA",SAM,-71.0616512110996,42.35594633228289
"4 WINTER PLACE, Boston, MA",SAM,-71.06165518030161,42.35594058378328
"10 PARK LANE, Boston, MA",SAM,-71.09812170885256,42.310462930049894
"12 PARK LANE, Boston, MA",SAM,-71.09815990168215,42.3104757186024
"14 PARK LANE, Boston, MA",SAM,-71.09819809451172,42.31048850715491
"15 PARK LANE, Boston, MA",SAM,-71.09816691526174,42.31060385808606
"18 PARK LANE, Boston, MA",SAM,-71.09827448017084,42.310514084259886
"19 PARK LANE, Boston, MA",SAM,-71.09824174202988,42.310628913209335
"4 PARK LANE, Boston, MA",SAM,-71.09800713036388,42.31042456439241
"5 PARK LANE, Boston, MA",SAM,-71.09797984834142,42.3105412202779
"7 PARK LANE, Boston, MA",SAM,-71.09801726172549,42.31055374783952
"9 PARK LANE, Boston, MA",SAM,-71.09805467510957,42.310566275401165
"2 ALBERT PLACE, Boston, MA",SAM,-71.15858189823581,42.28001106083661
"2 ARCHWAY STREET, Boston, MA",SAM,-71.05280689107323,42.362226073309614
"4 ARCHWAY STREET, Boston, MA",SAM,-71.05280197819535,42.36223058784626
"6 ARCHWAY STREET, Boston, MA",SAM,-71.05279706531748,42.362235102382925
"5 ARLINGTON COURT, Boston, MA",SAM,-71.1554172484269,42.35249811477605
"2 BALLARD WAY, Boston, MA",SAM,-71.11733697779945,42.306000272905
"3 BALLARD WAY, Boston, MA",SAM,-71.11718479856695,42.30597826239326
"8 BARD AVENUE, Boston, MA",SAM,-71.0799215420088,42.32841187121032
"1 BELDEN SQUARE, Boston, MA",SAM,-71.06596650598601,42.31780235801422
"17 BLACKFAN STREET, Boston, MA",SAM,-71.10528906780581,42.3377298733102
"29 BLACKFAN STREET, Boston, MA",SAM,-71.10531659880962,42.337707245086726
"1 CANDOR PLACE, Boston, MA",SAM,-71.1105096228412,42.312373188954524
"2 CANDOR PLACE, Boston, MA",SAM,-71.11059102529032,42.31227568177351
"1 CATENACCIA WAY, Boston, MA",SAM,-71.10891589139368,42.30021566668585
"43 CHADWICK STREET, Boston, MA",SAM,-71.07645768949341,42.33055264203481
"49 CHADWICK STREET, Boston, MA",SAM,-71.07654336599013,42.33050094895039
"53 CHADWICK STREET, Boston, MA",SAM,-71.07666928541727,42.330421664436535
"55 CHADWICK STREET, Boston, MA",SAM,-71.0766747623405,42.33041807954115
"1 CIRCUIT SQUARE, Boston, MA",SAM,-71.08617208015492,42.32340785016828
"2 CIRCUIT SQUARE, Boston, MA",SAM,-71.0862252919826,42.32351547622315
"3 CIRCUIT SQUARE, Boston, MA",SAM,-71.08617590531107,42.323406816342306
"2 COPP'S HILL TERRACE, Boston, MA",SAM,-71.05586330429142,42.36780146104687
"4 COPP'S HILL TERRACE, Boston, MA",SAM,-71.05586316453227,42.36780844898537
"4 CORNAUBA STREET EXTENSION, Boston, MA",SAM,-71.12484922851533,42.28078927708599
"6 CORNAUBA STREET EXTENSION, Boston, MA",SAM,-71.12469184420951,42.2809285016712
"8 CORNAUBA STREET EXTENSION, Boston, MA",SAM,-71.12453109065235,42.28106781103411
"9 CORNAUBA STREET EXTENSION, Boston, MA",SAM,-71.12414965310626,42.281214139770704
"38 FRANKLIN AVENUE, Boston, MA",SAM,-71.08505042764214,42.38218867159473
"5 COTTAGE STREET PLACE, Boston, MA",SAM,-71.05344524055984,42.333825599788774
"7 CRAFTSMAN STREET, Boston, MA",SAM,-71.1357562866869,42.35359873850066
"6 CROYDON STREET, Boston, MA",SAM,,
"1 DEAN WAY, Boston, MA",SAM,-71.0254623536539,42.335359990957514
"4 DEAN WAY, Boston, MA",SAM,-71.02561692358724,42.33534821626232
"10 DOUGLASS PARK, Boston, MA",SAM,-71.08315135567307,42.33791599533738
"12 DOUGLASS PARK, Boston, MA",SAM,-71.08316571936423,42.337924563155106
"8 DUNCAN PLACE, Boston, MA",SAM,-71.05851873474485,42.30270495417148
"103 EASTWOOD CIRCUIT, Boston, MA",SAM,-71.16796614280732,42.26937443369772
"106 EASTWOOD CIRCUIT, Boston, MA",SAM,-71.16810008581714,42.26950169272296
"110 EASTWOOD CIRCUIT, Boston, MA",SAM,-71.16808681696999,42.26957776743151
"111 EASTWOOD CIRCUIT, Boston, MA",SAM,-71.16793907435905,42.26952962610315
"114 EASTWOOD CIRCUIT, Boston, MA",SAM,-71.16807598687001,42.26964766645837
"115 EASTWOOD CIRCUIT, Boston, MA",SAM,-71.16792554013495,42.26960722230585
"118 EASTWOOD CIRCUIT, Boston, MA",SAM,-71.1680740695504,42.269724359074786
"119 EASTWOOD CIRCUIT, Boston, MA",SAM,-71.1679200071811,42.26969156248108
"123 EASTWOOD CIRCUIT, Boston, MA",SAM,-71.16791805151512,42.26976978894985
"128 EASTWOOD CIRCUIT, Boston, MA",SAM,-71.1680692762514,42.2699160906159
"129 EASTWOOD CIRCUIT, Boston, MA",SAM,-71.16791511801613,42.269887128653004
"131 EASTWOOD CIRCUIT, Boston, MA",SAM,-71.16791414018313,42.2699262418874
"134 EASTWOOD CIRCUIT, Boston, MA",SAM,-71.16807142499736,42.270024646807144
"135 EASTWOOD CIRCUIT, Boston, MA",SAM,-71.16791417138037,42.270010759710615
"137 EASTWOOD CIRCUIT, Boston, MA",SAM,-71.16791904058262,42.27004971335215
"14 EASTWOOD CIRCUIT, Boston, MA",SAM,-71.17040753924951,42.269359652872566
"140 EASTWOOD CIRCUIT, Boston, MA",SAM,-71.16808574618041,42.27013921634106
"15 EASTWOOD CIRCUIT, Boston, MA",SAM,-71.1705630334562,42.26930978341066
"18 EASTWOOD CIRCUIT, Boston, MA",SAM,-71.17024605126355,42.269249707886864
"19 EASTWOOD CIRCUIT, Boston, MA",SAM,-71.17049853185036,42.269265895710234
"20 EASTWOOD CIRCUIT, Boston, MA",SAM,-71.17015814006066,42.269186704844024
"23 EASTWOOD CIRCUIT, Boston, MA",SAM,-71.17035378254832,42.269167392842995
"26 EASTWOOD CIRCUIT, Boston, MA",SAM,-71.16989440645199,42.268997695715505
"27 EASTWOOD CIRCUIT, Boston, MA",SAM,-71.17023973558243,42.26908565916581
"30 EASTWOOD CIRCUIT, Boston, MA",SAM,-71.16971858404621,42.268871689629826
"31 EASTWOOD CIRCUIT, Boston, MA",SAM,-71.17012568861651,42.2690039254886
"34 EASTWOOD CIRCUIT, Boston, MA",SAM,-71.16954276164043,42.26874568354414
"35 EASTWOOD CIRCUIT, Boston, MA",SAM,-71.17001164165059,42.26892219181139
"39 EASTWOOD CIRCUIT, Boston, MA",SAM,-71.1698975946847,42.26884045813421
"43 EASTWOOD CIRCUIT, Boston, MA",SAM,-71.16978354771878,42.26875872445701
"46 EASTWOOD CIRCUIT, Boston, MA",SAM,-71.16901062700715,42.268386870285816
"50 EASTWOOD CIRCUIT, Boston, MA",SAM,-71.16881647142269,42.26834152383647
"55 EASTWOOD CIRCUIT, Boston, MA",SAM,-71.16944140682104,42.26851352342541
"59 EASTWOOD CIRCUIT, Boston, MA",SAM,-71.16932735985512,42.26843178974822
"60 EASTWOOD CIRCUIT, Boston, MA",SAM,-71.16845277095452,42.268603630156555
"64 EASTWOOD CIRCUIT, Boston, MA",SAM,-71.16833287908254,42.26876153653035
"68 EASTWOOD CIRCUIT, Boston, MA",SAM,-71.168278147485,42.26882348307787
"74 EASTWOOD CIRCUIT, Boston, MA",SAM,-71.16840916710495,42.26884149828242
"75 EASTWOOD CIRCUIT, Boston, MA",SAM,-71.16868852665661,42.268254610884725
"79 EASTWOOD CIRCUIT, Boston, MA",SAM,-71.16853876259941,42.26833634638716
"83 EASTWOOD CIRCUIT, Boston, MA",SAM,-71.16843624137768,42.26842605246068
"87 EASTWOOD CIRCUIT, Boston, MA",SAM,-71.16833234884345,42.26852829474961
"95 EASTWOOD CIRCUIT, Boston, MA",SAM,-71.16817681344195,42.26873314626154
"96 EASTWOOD CIRCUIT, Boston, MA",SAM,-71.1681332579351,42.26931150595162
"99 EASTWOOD CIRCUIT, Boston, MA",SAM,-71.16797967703143,42.26929683749503
"1 EILEEN CIRCLE, Boston, MA",SAM,-71.10999609590489,42.32855426935207
"10 EILEEN CIRCLE, Boston, MA",SAM,-71.1097423016625,42.328621663765105
"11 EILEEN CIRCLE, Boston, MA",SAM,-71.10961980435549,42.32855132758398
"2 EILEEN CIRCLE, Boston, MA",SAM,-71.10989782871769,42.32846565008638
"3 EILEEN CIRCLE, Boston, MA",SAM,-71.10981756188195,42.32867744983458
"4 EILEEN CIRCLE, Boston, MA",SAM,-71.10969657973888,42.328605815981504
"5 EILEEN CIRCLE, Boston, MA",SAM,-71.10960048932083,42.32857589291762
"6 EILEEN CIRCLE, Boston, MA",SAM,-71.10974587537547,42.32861562382214
"7 EILEEN CIRCLE, Boston, MA",SAM,-71.10961290362063,42.328558414825515
"8 EILEEN CIRCLE, Boston, MA",SAM,-71.10973877628707,42.3286252844211
"9 EILEEN CIRCLE, Boston, MA",SAM,-71.10961635398803,42.32855487120475
"8 ELENE STREET, Boston, MA",SAM,-71.09920255776785,42.27880312637676
"1 EUGENE CIRCLE, Boston, MA",SAM,-71.10939200249757,42.32811584314729
"10 EUGENE CIRCLE, Boston, MA",SAM,-71.10924683062079,42.32805479959999
"11 EUGENE CIRCLE, Boston, MA",SAM,-71.10933241215145,42.328150896293785
"2 EUGENE CIRCLE, Boston, MA",SAM,-71.10929549607013,42.32802617286366
"4 EUGENE CIRCLE, Boston, MA",SAM,-71.10928332970778,42.32803332954776
"5 EUGENE CIRCLE, Boston, MA",SAM,-71.10936816635913,42.32812986440588
"6 EUGENE CIRCLE, Boston, MA",SAM,-71.10927116334545,42.32804048623183
"7 EUGENE CIRCLE, Boston, MA",SAM,-71.1093562482899,42.328136875035185
"8 EUGENE CIRCLE, Boston, MA",SAM,-71.10925899698314,42.32804764291591
"9 EUGENE CIRCLE, Boston, MA",SAM,-71.10934433022068,42.32814388566448
"1 FAIRFIELD PLACE, Boston, MA",SAM,-71.05283599174855,42.36546930356145
"1 FANEUIL HALL SQUARE, Boston, MA",SAM,,
"2 FOSTER COURT, Boston, MA",SAM,-71.15684908334245,42.350833458386845
"1 GAY STREET, Boston, MA",SAM,-71.08952701413942,42.33043847317162
"2 GOULDVILLE TERRACE, Boston, MA",SAM,-71.07402534310027,42.32015702424118
"11 GROVER AVENUE, Boston, MA",SAM,-71.1158121988943,42.286929722030294
"7 GROVER AVENUE, Boston, MA",SAM,-71.11579755694099,42.286935657957535
"1 HALL PLACE, Boston, MA",SAM,-71.03516892561152,42.33388203514297
"2 HALL PLACE, Boston, MA",SAM,-71.03501391158595,42.33388203513804
"3 HALL PLACE, Boston, MA",SAM,-71.03516892561179,42.33387739415197
"3 HUMAROCK WAY, Boston, MA",SAM,-71.1103949748275,42.26607135301103
"5 HUMAROCK WAY, Boston, MA",SAM,-71.11011687540879,42.2661591738817
"7 HUMAROCK WAY, Boston, MA",SAM,-71.10983520507538,42.26624387984143
"9 HUMAROCK WAY, Boston, MA",SAM,-71.10955458192728,42.266327189839586
"1 JACKSON PLACE, Boston, MA",SAM,-71.06126917830167,42.35579358804301
"2 JACKSON PLACE, Boston, MA",SAM,-71.06115078876118,42.355719580017805
"3 JACKSON PLACE, Boston, MA",SAM,-71.06127512422752,42.35578839390063
"7 JACKSON STREET, Boston, MA",SAM,-71.12611049126095,42.253342338389366
"12 JETTE COURT, Boston, MA",SAM,-71.1434865947044,42.345781651476436
"13 JETTE COURT, Boston, MA",SAM,,
"29 JETTE COURT, Boston, MA",SAM,-71.144324129666,42.34658223713256
"9 JETTE COURT, Boston, MA",SAM,-71.14320838996424,42.346905917112245
"1 K STREET PLACE, Boston, MA",SAM,-71.03736066300561,42.33607074381938
"3 K STREET PLACE, Boston, MA",SAM,-71.03735537632338,42.33607085874708
"9 KELLEY COURT, Boston, MA",SAM,-71.14291410210274,42.3619022229244
"1 KILBY PLACE, Boston, MA",SAM,-71.05533462510236,42.3577572237087
"1 LENNON COURT, Boston, MA",SAM,-71.02624711014974,42.332918316586536
"17 LENNON COURT, Boston, MA",SAM,-71.02637393992309,42.332965729597525
"25 LENNON COURT, Boston, MA",SAM,-71.02643735480981,42.33298943610305
"33 COLUMBIA ROAD, Boston, MA",SAM,-71.08387961814395,42.30335386446365
"9 LENNON COURT, Boston, MA",SAM,-71.02631052503642,42.33294202309202
"2 LINCOLN PLACE, Boston, MA",SAM,-71.14380166987533,42.35841540145948
"3 LINCOLN PLACE, Boston, MA",SAM,-71.14395491714012,42.35843350921993
"2 LONDON COURT, Boston, MA",SAM,-71.03705727570019,42.374918470638356
"3 LONDON COURT, Boston, MA",SAM,-71.03714703017265,42.37482494526383
"1 M STREET PLACE, Boston, MA",SAM,-71.03337208182411,42.333517194243036
"2 M STREET PLACE, Boston, MA",SAM,-71.03336563532896,42.33340270198514
"3 M STREET PLACE, Boston, MA",SAM,-71.03338085980542,42.333516924151546
"10 MARCH TERRACE, Boston, MA",SAM,-71.15503012453004,42.28300264827675
"28 MARCH TERRACE, Boston, MA",SAM,-71.15508336018694,42.28302810881421
"2 MARCH WAY, Boston, MA",SAM,-71.15504527069108,42.283415411546976
"4 MARCH WAY, Boston, MA",SAM,-71.15503735893931,42.283411941479585
"20 MCKENNA TERRACE, Boston, MA",SAM,-71.15659553512785,42.284235811736814
"3 MCKINLEY SQUARE, Boston, MA",SAM,-71.05335693409494,42.35930827121531
"1 MULVEY TERRACE, Boston, MA",SAM,-71.09555634498591,42.32368532129883
"3 OAKDALE TERRACE, Boston, MA",SAM,-71.1073630163477,42.31186940749351
"3 OAKLAND PLACE, Boston, MA",SAM,-71.15771179205309,42.350837000439874
"5 OAKLAND PLACE, Boston, MA",SAM,-71.157716852501,42.35083631813237
"1 OAKVIEW AVENUE, Boston, MA",SAM,-71.0965210082956,42.32487388599759
"15 PHILIP STREET, Boston, MA",SAM,-71.04046309949533,42.28603804441609
"5 PRESCOTT PLACE, Boston, MA",SAM,-71.13284076558156,42.360871662850585
"1 PRESIDENT TERRACE, Boston, MA",SAM,-71.1292433678057,42.35360251257249
"1 PRIMUS AVENUE, Boston, MA",SAM,-71.06976565897,42.36018993433507
"1 PRINCETON PLACE, Boston, MA",SAM,-71.03075784611313,42.37914630725977
"3 REGENT CIRCLE, Boston, MA",SAM,-71.11680886814742,42.31337842062701
"1 ROCK AVENUE, Boston, MA",SAM,-71.08162667678911,42.28490967103936
"2 ROCK AVENUE, Boston, MA",SAM,-71.08083473183494,42.284750454069844
"10 RODNEY STREET, Boston, MA",SAM,-71.14508025752534,42.351115012348124
"1 ROSEMERE COURT, Boston, MA",SAM,-71.12775302539218,42.28499056948653
"2 ROSEMERE COURT, Boston, MA",SAM,-71.12790789229777,42.284992688519296
"3 ROSEMERE COURT, Boston, MA",SAM,-71.12775290017348,42.28499557822429
"4 ROSEMERE COURT, Boston, MA",SAM,-71.12790776447032,42.28499780160577
"1 ROWEN COURT, Boston, MA",SAM,-71.06157070297839,42.28503890812818
"1 SARATOGA PLACE, Boston, MA",SAM,-71.03836548447131,42.375918042952186
"2 SARATOGA PLACE, Boston, MA",SAM,-71.0385090603072,42.37587466813758
"1 SCHREPEL PLACE, Boston, MA",SAM,-71.0378393139456,42.33651519740593
"3 SHERIDAN PLACE, Boston, MA",SAM,-71.10608699078551,42.31956243025822
"41 SPRAGUE PLACE, Boston, MA",SAM,-71.13770391093288,42.2355568832323
"43 SPRAGUE PLACE, Boston, MA",SAM,-71.13771696328062,42.23556397339813
"45 SPRAGUE PLACE, Boston, MA",SAM,-71.1377300156284,42.23557106356395
"47 SPRAGUE PLACE, Boston, MA",SAM,-71.13774306797616,42.23557815372979
"10 SAINT THERESA AVENUE, Boston, MA",SAM,-71.15897873287888,42.27866549156165
"100 SAINT THERESA AVENUE, Boston, MA",SAM,-71.15600508047827,42.27688438987756
"101 SAINT THERESA AVENUE, Boston, MA",SAM,,
"102 SAINT THERESA AVENUE, Boston, MA",SAM,-71.15597233462617,42.276874449169846
"132 SAINT THERESA AVENUE, Boston, MA",SAM,-71.15475779273054,42.276514846101016
"136 SAINT THERESA AVENUE, Boston, MA",SAM,-71.15471743563721,42.27650027270256
"140 SAINT THERESA AVENUE, Boston, MA",SAM,-71.15467707854384,42.276485699304146
"185 SAINT THERESA AVENUE, Boston, MA",SAM,-71.15192249631657,42.274415045335374
"191 SAINT THERESA AVENUE, Boston, MA",SAM,-71.1518897481904,42.27439557347222
"193 SAINT THERESA AVENUE, Boston, MA",SAM,,
"195 SAINT THERESA AVENUE, Boston, MA",SAM,-71.151491489434,42.2741526834921
"215 SAINT THERESA AVENUE, Boston, MA",SAM,-71.15145214473539,42.27412863950421
"216 SAINT THERESA AVENUE, Boston, MA",SAM,-71.15135946797201,42.27422062423095
"222 SAINT THERESA AVENUE, Boston, MA",SAM,-71.15134694190472,42.274212969410314
"225 SAINT THERESA AVENUE, Boston, MA",SAM,-71.15143247238609,42.27411661751025
"30 SAINT THERESA AVENUE, Boston, MA",SAM,-71.15829542956651,42.27806106911975
"46 SAINT THERESA AVENUE, Boston, MA",SAM,-71.15762997403188,42.27762585562024
"50 SAINT THERESA AVENUE, Boston, MA",SAM,-71.15746461058593,42.27752687893679
"60 SAINT THERESA AVENUE, Boston, MA",SAM,-71.15701385093445,42.27725917120003
"64 SAINT THERESA AVENUE, Boston, MA",SAM,-71.15686851270429,42.27717718551312
"96 SAINT THERESA AVENUE, Boston, MA",SAM,-71.15607967991312,42.276904169440364
"16 THOR TERRACE, Boston, MA",SAM,-71.10382483801536,42.26378566281489
"1 THORNTON TERRACE, Boston, MA",SAM,-71.0933220265604,42.32140973302518
"4 TILESTON PLACE, Boston, MA",SAM,-71.05383599253771,42.36555616016249
"5 TILESTON PLACE, Boston, MA",SAM,-71.05367950488528,42.36551981451746
"2 TREMONT PLACE, Boston, MA",SAM,-71.06120446213924,42.358213992873544
"7 VESPER STREET, Boston, MA",SAM,-71.1606234286177,42.29065204543198
"11 WALNUT COURT, Boston, MA",SAM,-71.03974103100576,42.28891490185843
"4 WALNUT COURT, Boston, MA",SAM,-71.03902713444838,42.28862714679858
"7 WALNUT COURT, Boston, MA",SAM,-71.03976459454772,42.28891544984862
"1 WESTFORD PLACE, Boston, MA",SAM,-71.13448757472871,42.362195775431715
"2 WESTFORD PLACE, Boston, MA",SAM,-71.13429369396945,42.36231088180597
"1 WILBUR COURT, Boston, MA",SAM,-71.03632244962222,42.36731763215868
"2 WILBUR COURT, Boston, MA",SAM,-71.03634438290072,42.36706201693555
"3 WILBUR COURT, Boston, MA",SAM,-71.03632563274816,42.36731359203715
"4 WILBUR COURT, Boston, MA",SAM,-71.03634113345967,42.36706614122626
"5 WILBUR COURT, Boston, MA",SAM,-71.03632881587407,42.36730955191562
"6 WILBUR COURT, Boston, MA",SAM,-71.03633788401862,42.36707026551699
"20 WOODLAND PLACE, Boston, MA",SAM,-71.12021599101615,42.253333624399396
"4 WOODVILLE TERRACE, Boston, MA",SAM,-71.07535341856514,42.32130834375047
"2 WOODWARD PLACE, Boston, MA",SAM,-71.05695629650208,42.33179624791834
"1 BOSTON PLACE, Boston, MA",SAM,-71.05918073187372,42.3273677255891
"20 NAN NAN, Boston, MA",SAM,,
"1 CENTER PLAZA, Boston, MA",SAM,-71.05715191885437,42.29501517619692
"2 CENTER PLAZA, Boston, MA",SAM,-71.05748839642544,42.29540304314954
"3 CENTER PLAZA, Boston, MA",SAM,-71.05715591146463,42.29502374570427
"4 CHARLES RIVER DAM, Boston, MA",SAM,-71.06091421104817,42.37083613942588
"8 SCIENCE PARK, Boston, MA",SAM,,
"11 SENATOR BOLLING CIRCLE, Boston, MA",SAM,-71.09216037893388,42.292033059327174
"13 SENATOR BOLLING CIRCLE, Boston, MA",SAM,-71.09231079041186,42.2919468776247
"15 SENATOR BOLLING CIRCLE, Boston, MA",SAM,-71.09239809438594,42.29185065404523
"17 SENATOR BOLLING CIRCLE, Boston, MA",SAM,-71.09248539836003,42.29175443046573
"18 SENATOR BOLLING CIRCLE, Boston, MA",SAM,-71.09238264038501,42.29166206078133
"19 SENATOR BOLLING CIRCLE, Boston, MA",SAM,-71.09257270233412,42.29165820688625
"20 SENATOR BOLLING CIRCLE, Boston, MA",SAM,-71.09247317783962,42.29156227336556
"21 SENATOR BOLLING CIRCLE, Boston, MA",SAM,-71.09266000630821,42.29156198330675
"22 SENATOR BOLLING CIRCLE, Boston, MA",SAM,-71.09256371529423,42.291462485949786
"23 SENATOR BOLLING CIRCLE, Boston, MA",SAM,-71.0927473102823,42.29146575972726
"24 SENATOR BOLLING CIRCLE, Boston, MA",SAM,-71.09265425274883,42.29136269853403
"26 SENATOR BOLLING CIRCLE, Boston, MA",SAM,-71.09274479020344,42.29126291111826
"27 SENATOR BOLLING CIRCLE, Boston, MA",SAM,-71.09292191823047,42.291273312568286
"29 SENATOR BOLLING CIRCLE, Boston, MA",SAM,-71.09300922220457,42.291177088988796
"30 SENATOR BOLLING CIRCLE, Boston, MA",SAM,-71.09292586511269,42.29106333628671
"31 SENATOR BOLLING CIRCLE, Boston, MA",SAM,-71.09309652617866,42.2910808654093
"32 SENATOR BOLLING CIRCLE, Boston, MA",SAM,-71.09301640256729,42.29096354887096
"33 SENATOR BOLLING CIRCLE, Boston, MA",SAM,-71.09318383015275,42.290984641829816
"34 SENATOR BOLLING CIRCLE, Boston, MA",SAM,-71.09310694002191,42.29086376145519
"35 SENATOR BOLLING CIRCLE, Boston, MA",SAM,-71.09327113412685,42.29088841825032
"37 SENATOR BOLLING CIRCLE, Boston, MA",SAM,-71.09335843810094,42.29079219467084
"41 SENATOR BOLLING CIRCLE, Boston, MA",SAM,-71.09353304604912,42.29059974751186
"43 SENATOR BOLLING CIRCLE, Boston, MA",SAM,-71.0936203500232,42.29050352393237
"45 SENATOR BOLLING CIRCLE, Boston, MA",SAM,-71.0937076539973,42.29040730035288
"10 SNOWDEN WAY, Boston, MA",SAM,-71.09150679251084,42.29154814401274
"11 SNOWDEN WAY, Boston, MA",SAM,-71.09166917654434,42.29157799315128
"12 SNOWDEN WAY, Boston, MA",SAM,-71.0915457107426,42.29150858978841
"13 SNOWDEN WAY, Boston, MA",SAM,-71.09170778957643,42.2915366078996
"14 SNOWDEN WAY, Boston, MA",SAM,-71.09158512821284,42.29146634234399
"15 SNOWDEN WAY, Boston, MA",SAM,-71.09174640260852,42.29149522264793
"16 SNOWDEN WAY, Boston, MA",SAM,-71.0916245456831,42.291424094899554
"17 SNOWDEN WAY, Boston, MA",SAM,-71.09178501564061,42.29145383739625
"18 SNOWDEN WAY, Boston, MA",SAM,-71.09166396315337,42.291381847455135
"19 SNOWDEN WAY, Boston, MA",SAM,-71.0918236286727,42.29141245214457
"20 SNOWDEN WAY, Boston, MA",SAM,-71.0917033806236,42.29133960001074
"21 SNOWDEN WAY, Boston, MA",SAM,-71.09186224170477,42.29137106689291
"22 SNOWDEN WAY, Boston, MA",SAM,-71.09174279809388,42.2912973525663
"23 SNOWDEN WAY, Boston, MA",SAM,-71.09190085473686,42.29132968164123
"24 SNOWDEN WAY, Boston, MA",SAM,-71.09178221556412,42.2912551051219
"25 SNOWDEN WAY, Boston, MA",SAM,-71.09193946776895,42.291288296389546
"26 SNOWDEN WAY, Boston, MA",SAM,-71.09182163303437,42.291212857677465
"27 SNOWDEN WAY, Boston, MA",SAM,-71.09197808080103,42.291246911137875
"28 SNOWDEN WAY, Boston, MA",SAM,-71.09186105050465,42.29117061023305
"3 SNOWDEN WAY, Boston, MA",SAM,-71.09150430234358,42.2917409322472
"30 SNOWDEN WAY, Boston, MA",SAM,-71.09190046797488,42.29112836278863
"5 SNOWDEN WAY, Boston, MA",SAM,-71.09154522647347,42.291700780268755
"6 SNOWDEN WAY, Boston, MA",SAM,-71.09142323907895,42.29163012096877
"7 SNOWDEN WAY, Boston, MA",SAM,-71.09158615060339,42.29166062829031
"8 SNOWDEN WAY, Boston, MA",SAM,-71.0914650157949,42.29158913249076
"9 SNOWDEN WAY, Boston, MA",SAM,-71.0916270747333,42.29162047631185
"2 THIRD STREET PLACE, Boston, MA",SAM,-71.0486964779148,42.338706747416914
"1 TRINITY TERRACE, Boston, MA",SAM,-71.07772538062612,42.30116267663686
"12 TRINITY TERRACE, Boston, MA",SAM,-71.07809662479605,42.301472196608906
"15 TRINITY TERRACE, Boston, MA",SAM,-71.07774960890757,42.30125532738556
"19 TRINITY TERRACE, Boston, MA",SAM,-71.07776217961737,42.30127152016815
"7 PLAYSTEAD ROAD, Boston, MA",SAM,-71.05150512080175,42.309990650818484
"1 RESERVOIR COURT, Boston, MA",SAM,-71.14639306037269,42.33744523236501
"2 RESERVOIR COURT, Boston, MA",SAM,-71.14654870328395,42.337435435077005
"3 RESERVOIR COURT, Boston, MA",SAM,-71.1463931413161,42.33744551566709
"4 RESERVOIR COURT, Boston, MA",SAM,-71.14654473705609,42.33742155327454
"5 RESERVOIR COURT, Boston, MA",SAM,-71.14639322225953,42.33744579896919
"6 RESERVOIR COURT, Boston, MA",SAM,-71.14651037559362,42.3373083452261
"2 RIVER STREET PLACE, Boston, MA",SAM,-71.06938892026905,42.272418417399024
"3 RIVER STREET PLACE, Boston, MA",SAM,-71.07092326918193,42.358117310967074
"150 CUMBERLAND STREET, Boston, MA",SAM,,
"90 SAINT JAMES AVENUE, Boston, MA",SAM,-71.07077544621845,42.35086526274144
"430 PARKER STREET, Boston, MA",SAM,-71.09256088858835,42.338604840155426
"25 TAVERN ROAD, Boston, MA",SAM,-71.09278337311088,42.33706792937476
"35 FIELD STREET, Boston, MA",SAM,-71.1101276572739,42.316129862948124
"39 FIELD STREET, Boston, MA",SAM,-71.11014766124828,42.3160875903985
"44 FIELD STREET, Boston, MA",SAM,-71.1100258801828,42.31599802638703
"40 FIELD STREET, Boston, MA",SAM,-71.11000534680905,42.316041376826824
"490 RUGGLES STREET, Boston, MA",SAM,,
"74 FIELD STREET, Boston, MA",SAM,-71.11018066398418,42.315674801389584
"159 NEWBURY STREET, Boston, MA",SAM,-71.07824792274023,42.35081086600566
"1 CHAMPNEY PLACE, Boston, MA",SAM,-71.16855645187816,42.35111816756489
"951 BOYLSTON STREET, Boston, MA",SAM,-71.08521285054472,42.34804904957107
"59 FENWAY NAN, Boston, MA",SAM,-71.09078750355918,42.34503466900696
"239 D STREET, Boston, MA",SAM,-71.05135179249275,42.338278060570595
"237 D STREET, Boston, MA",SAM,-71.05137841816929,42.33825418927318
"226 BOWEN STREET, Boston, MA",SAM,-71.05037320690681,42.33569411650801
"51 MELCHER STREET, Boston, MA",SAM,-71.04999848381827,42.34933963412754
"63 MELCHER STREET, Boston, MA",SAM,-71.04989347354787,42.34926865494734
"284 A STREET, Boston, MA",SAM,-71.05036697496138,42.3480154219869
"88 BLACK FALCON AVENUE, Boston, MA",SAM,-71.02795389784043,42.34404445299022
"323 A STREET, Boston, MA",SAM,-71.04934507417438,42.34910195657493
"327 SUMMER STREET, Boston, MA",SAM,-71.0480967346356,42.34916671709132
"337 SUMMER STREET, Boston, MA",SAM,-71.04892284558551,42.34954591564898
"50 REV RICHARD A BURKE STREET, Boston, MA",SAM,-71.05204855392053,42.33196222586754
"200 SEVENTH STREET, Boston, MA",SAM,-71.05060866174364,42.33421792118182
"8 ALLSTATE ROAD, Boston, MA",SAM,-71.06468922846416,42.324983163983646
"40 ELDER STREET, Boston, MA",SAM,-71.06451193261474,42.32049346103599
"14 HUMPHREYS STREET, Boston, MA",SAM,-71.06553785639727,42.320374207462706
"65 SUMNER STREET, Boston, MA",SAM,-71.06220281600645,42.31741622264378
"67 SUMNER STREET, Boston, MA",SAM,-71.0622155221125,42.31738931559567
"69 SUMNER STREET, Boston, MA",SAM,-71.0622644543007,42.317278001040314
"636 DUDLEY STREET, Boston, MA",SAM,-71.07064232610948,42.319636776152194
"634 DUDLEY STREET, Boston, MA",SAM,-71.07069027811865,42.31969005617471
"632 DUDLEY STREET, Boston, MA",SAM,-71.07073823012782,42.3197433361972
"606 DUDLEY STREET, Boston, MA",SAM,-71.07141401503688,42.320375704167276
"604 DUDLEY STREET, Boston, MA",SAM,-71.07145127415096,42.32040939049722
"602 DUDLEY STREET, Boston, MA",SAM,-71.07148853326503,42.32044307682715
"598 DUDLEY STREET, Boston, MA",SAM,-71.07156305149321,42.320510449486996
"596 DUDLEY STREET, Boston, MA",SAM,-71.07160031060731,42.320544135816924
"594 DUDLEY STREET, Boston, MA",SAM,-71.07163756972139,42.320577822146866
"592 DUDLEY STREET, Boston, MA",SAM,-71.07167482883547,42.32061150847679
"590 DUDLEY STREET, Boston, MA",SAM,-71.07171208794956,42.32064519480671
"570 DUDLEY STREET, Boston, MA",SAM,-71.0720426506826,42.32100971653309
"47 BURRELL STREET, Boston, MA",SAM,-71.07055123967847,42.32292560681924
"21 HOWARD STREET, Boston, MA",SAM,-71.07468867931973,42.32807888294225
"4 FARNHAM STREET, Boston, MA",SAM,-71.07473059422306,42.3305259325854
"8 FARNHAM STREET, Boston, MA",SAM,-71.07467775589708,42.33052310700439
"139 MALDEN STREET, Boston, MA",SAM,-71.06643911458445,42.33940527110379
"495 ALBANY STREET, Boston, MA",SAM,-71.06353743881616,42.34108172693302
"691 ALBANY STREET, Boston, MA",SAM,-71.07003008307964,42.336045175530955
"1886 WASHINGTON STREET, Boston, MA",SAM,-71.0787175219235,42.335069592903565
"3 LENOX STREET, Boston, MA",SAM,-71.07890540460865,42.3351949969129
"126 ZEIGLER STREET, Boston, MA",SAM,-71.08005351020975,42.32909024200307
"1 NEWHILL PLACE, Boston, MA",SAM,-71.03589640620685,42.336427931174896
"204 K STREET, Boston, MA",SAM,-71.03737116842686,42.33633095669816
"21 LAMBERT AVENUE, Boston, MA",SAM,-71.08981418032623,42.3281313119777
"91 REGENT STREET, Boston, MA",SAM,-71.13282683446403,42.24375878512584
"17 NIRA AVENUE, Boston, MA",SAM,-71.108078047473,42.32500164369867
"1 GAY HEAD STREET, Boston, MA",SAM,-71.10508669977982,42.32276086630734
"127 MARTIN LUTHER KING JR BOULEVARD, Boston, MA",SAM,-71.09098082953518,42.32098841104865
"7 VALENTINE STREET, Boston, MA",SAM,-71.09208637996228,42.321712493563886
"61 VALE STREET, Boston, MA",SAM,-71.09472133699111,42.322403077735956
"20 AMORY AVENUE, Boston, MA",SAM,-71.09964406323094,42.32048394865216
"59 TOWNSEND STREET, Boston, MA",SAM,-71.09186316076206,42.31897397316151
"350 AMORY STREET, Boston, MA",SAM,-71.10541220346813,42.312885183528685
"565 DUDLEY STREET, Boston, MA",SAM,-71.07223659228517,42.32108685890071
"567 DUDLEY STREET, Boston, MA",SAM,-71.07222652185769,42.321046577175565
"569 DUDLEY STREET, Boston, MA",SAM,-71.07220296176166,42.32099724886752
"573 DUDLEY STREET, Boston, MA",SAM,-71.07215586006677,42.320915460593866
"4 RAND PLACE, Boston, MA",SAM,-71.0757991368219,42.31894315143053
"59 CRESCENT AVENUE, Boston, MA",SAM,-71.0537744247657,42.31888803858792
"104 LAWRENCE AVENUE, Boston, MA",SAM,-71.07498019416315,42.31094805248822
"79 BRUNSWICK STREET, Boston, MA",SAM,-71.08084002675533,42.311168160375324
"32 INTERVALE STREET, Boston, MA",SAM,-71.08029360030297,42.31176087605762
"364 BLUE HILL AVENUE, Boston, MA",SAM,-71.0804615133799,42.31212529978408
"360 BLUE HILL AVENUE, Boston, MA",SAM,-71.08028545559706,42.312341704150974
"350 BLUE HILL AVENUE, Boston, MA",SAM,-71.08010949230886,42.3125540184742
"6 LIVINGSTONE STREET, Boston, MA",SAM,-71.08988457780856,42.28518516134622
"8 WILBERT CIRCLE, Boston, MA",SAM,-71.09100152391252,42.29394764643125
"7 WILBERT CIRCLE, Boston, MA",SAM,-71.09113148903351,42.29401001235348
"130 DAKOTA STREET, Boston, MA",SAM,-71.06737515810113,42.30010531898353
"145 BOWDOIN STREET, Boston, MA",SAM,-71.07070574943218,42.30373656182828
"9 TEBROC STREET, Boston, MA",SAM,-71.07027458796946,42.3038327460805
"260 WESTVILLE STREET, Boston, MA",SAM,-71.06308758277362,42.302157534699404
"38 ARCADIA STREET, Boston, MA",SAM,-71.06274665707734,42.30137922404174
"36 ARCADIA STREET, Boston, MA",SAM,-71.0627394411751,42.30138141067883
"6 BAKER AVENUE, Boston, MA",SAM,-71.07129585556784,42.31188015315553
"21 HENDRY STREET, Boston, MA",SAM,-71.06508469798982,42.309516079662174
"27 ERICSSON STREET, Boston, MA",SAM,-71.04027246509838,42.29152446315836
"88 OAKTON AVENUE, Boston, MA",SAM,-71.05019222289846,42.28722677765958
"121 NORFOLK STREET, Boston, MA",SAM,-71.07733340522738,42.288180663202496
"4 BABSON STREET, Boston, MA",SAM,-71.09252686943667,42.27641723856073
"1354 BLUE HILL AVENUE, Boston, MA",SAM,-71.09327662812508,42.2776295387007
"1348 BLUE HILL AVENUE, Boston, MA",SAM,-71.09326733441135,42.27781954331551
"14 HIAWATHA ROAD, Boston, MA",SAM,-71.09414500985984,42.27634600317268
"18 ATHERTON AVENUE, Boston, MA",SAM,-71.13019310440613,42.28413700383526
"32 HIGHFIELD ROAD, Boston, MA",SAM,-71.12808359879448,42.27683560497653
"49 PARROTT STREET, Boston, MA",SAM,-71.1255694066731,42.25913800191865
"26 WESTINGHOUSE PLAZA, Boston, MA",SAM,-71.13338116265963,42.244518774714884
"62 PERSHING ROAD, Boston, MA",SAM,-71.11430016840652,42.31904414972087
"4038 WASHINGTON STREET, Boston, MA",SAM,-71.1223545869963,42.29175670217333
"37 BROWN AVENUE, Boston, MA",SAM,-71.12323388623862,42.28111863543395
"1190 VFW PARKWAY, Boston, MA",SAM,-71.17087747035777,42.28005104015542
"2 EASTWOOD CIRCUIT, Boston, MA",SAM,-71.17068397470317,42.2695477430172
"10 WOODLEY AVENUE, Boston, MA",SAM,-71.15136936937137,42.265804007436934
"40 BURLINGTON AVENUE, Boston, MA",SAM,-71.10100673275755,42.345802902592446
"279 HARVARD STREET, Boston, MA",SAM,-71.08870299765917,42.29435823879399
"15 MICHAEL ROAD, Boston, MA",SAM,-71.15634574952973,42.346460572608386
"32 SWAN AVENUE, Boston, MA",SAM,-70.9974341973393,42.38874573740708
"144 EVERETT STREET, Boston, MA",SAM,-71.13780062722671,42.358098576230844
"160 CHELSEA STREET, Boston, MA",SAM,-71.05439455962089,42.37691621604523
"158 CHELSEA STREET, Boston, MA",SAM,-71.05442877875555,42.37688407652485
"220 BUNKER HILL STREET, Boston, MA",SAM,-71.06274542575059,42.37896092843743
"52 BRIGHTON STREET, Boston, MA",SAM,-71.07764391616313,42.384079196690855
"50 BRIGHTON STREET, Boston, MA",SAM,-71.07768131549545,42.3840193577576
"73 JOY STREET, Boston, MA",SAM,-71.06504197411573,42.36061599203003
"127 ENDICOTT STREET, Boston, MA",SAM,-71.05728119858475,42.36481615981955
"137 SALEM STREET, Boston, MA",SAM,-71.0554033201119,42.36496491731316
"22 BATTERYMARCH STREET, Boston, MA",SAM,-71.05439895691669,42.35774135829616
"659 WASHINGTON STREET, Boston, MA",SAM,-71.17014113308616,42.35154804877336
"15 LAGRANGE STREET, Boston, MA",SAM,-71.14576471637511,42.27517400447663
"83 BERKELEY STREET, Boston, MA",SAM,-71.07082280995043,42.34685638139677
"1143 WASHINGTON STREET, Boston, MA",SAM,-71.06624006335875,42.34363463236287
"750 ADAMS STREET, Boston, MA",SAM,-71.05540298062505,42.284182121031
"132 BABSON STREET, Boston, MA",SAM,-71.09241656773618,42.2709702572324
"84 BEACON STREET, Boston, MA",SAM,-71.11366790215331,42.25509656066731
"1936 BEACON STREET, Boston, MA",SAM,-71.14931808815423,42.33637221182647
"1202 BLUE HILL AVENUE, Boston, MA",SAM,-71.09156369523491,42.28343463844039
"350 BENNINGTON STREET, Boston, MA",SAM,-71.02689817110372,42.37945757676175
"567 BENNINGTON STREET, Boston, MA",SAM,-71.0182787107494,42.38255001638329
"167 BLUE HILL AVENUE, Boston, MA",SAM,-71.07782773988103,42.31900419839283
"44 BINNEY STREET, Boston, MA",SAM,-71.10793257148048,42.33664134442204
"1621 BLUE HILL AVENUE, Boston, MA",SAM,-71.09392368634093,42.268625244296935
"331 BROOKLINE AVENUE, Boston, MA",SAM,-71.10665570319757,42.33961748333748
"124 BOYLSTON STREET, Boston, MA",SAM,-71.10301915993685,42.31659953422003
"1353 DORCHESTER AVENUE, Boston, MA",SAM,-71.05919783090597,42.304505317209625
"70 ROWES WHARF, Boston, MA",SAM,-71.05017055459382,42.35712441593854
"230 SIXTH STREET, Boston, MA",SAM,-71.0499264804489,42.334879966831515
"360 WESTERN AVENUE, Boston, MA",SAM,-71.13750563707292,42.3628385844233
"65 DEDHAM STREET, Boston, MA",SAM,-71.13358238309993,42.253668782378774
"735 WILLIAM T MORRISSEY BOULEVARD, Boston, MA",SAM,-71.04794119879656,42.29490601937277
"113 CAUSEWAY STREET, Boston, MA",SAM,-71.06183858595953,42.36507129751062
"875 WILLIAM T MORRISSEY BOULEVARD, Boston, MA",SAM,-71.0480339395364,42.29470995152444
"3496 WASHINGTON STREET, Boston, MA",SAM,-71.10754602085906,42.30631052718702
"2040 CENTRE STREET, Boston, MA",SAM,-71.15814568757989,42.28038992587183
"1090 COMMONWEALTH AVENUE, Boston, MA",SAM,-71.12390134464644,42.3519287777974
"1230 COMMONWEALTH AVENUE, Boston, MA",SAM,-71.13089476974366,42.35006050420364
"50 CORINTH STREET, Boston, MA",SAM,-71.13060398439762,42.28675653282203
"1484 DORCHESTER AVENUE, Boston, MA",SAM,-71.06016294017269,42.30000862387209
"395 WASHINGTON STREET, Boston, MA",SAM,-71.15505173364319,42.34918268184568
"662 BROADWAY NAN, Boston, MA",SAM,-71.03840065837953,42.335629839924984
"1 UNION STREET, Boston, MA",SAM,-71.14737596173141,42.344917604807286
"207 ENDICOTT STREET, Boston, MA",SAM,-71.05785489446632,42.366403801423814
"1 EXETER PLAZA, Boston, MA",SAM,-71.08130725497394,42.35298172593233
"100 WARRENTON STREET, Boston, MA",SAM,-71.06606531964823,42.35044671715048
"536 TREMONT STREET, Boston, MA",SAM,-71.07079699463392,42.34432804581863
"55 FRUIT STREET, Boston, MA",SAM,-71.06983427550419,42.36248600276821
"353 HANOVER STREET, Boston, MA",SAM,-71.05354923067063,42.3645926773972
"200 STUART STREET, Boston, MA",SAM,,
"252 HARRISON AVENUE, Boston, MA",SAM,-71.06266663156406,42.34762168523148
"262 HARRISON AVENUE, Boston, MA",SAM,-71.0626984600436,42.34754623994759
"336 SUMNER STREET, Boston, MA",SAM,-71.03575282662806,42.36720087560272
"1750 SOLDIERS FIELD ROAD, Boston, MA",SAM,-71.15219564944181,42.359931335622605
"1461 RIVER STREET, Boston, MA",SAM,-71.13106137966689,42.251460236451834
"79 RIVER STREET, Boston, MA",SAM,-71.07389971697384,42.27133617034721
"20 PARK PLAZA, Boston, MA",SAM,-71.06924874902991,42.35147270470394
"7 PARMENTER STREET, Boston, MA",SAM,-71.0547601126648,42.36381496435245
"174 PORTLAND STREET, Boston, MA",SAM,-71.06140529317653,42.363953865970196
"204 HARVARD STREET, Boston, MA",SAM,-71.08823631639945,42.29441704434382
"15 NORTHERN AVENUE, Boston, MA",SAM,-71.05063400427171,42.35489819865519
"960 PARKER STREET, Boston, MA",SAM,-71.1010112939988,42.32424829527412
"6 WATER STREET, Boston, MA",SAM,-71.03929682236932,42.28850949753988
"226 BROADWAY NAN, Boston, MA",SAM,-71.0524098884644,42.33990013818455
"2121 WASHINGTON STREET, Boston, MA",SAM,-71.0818877425069,42.33189450385263
"94 SALEM STREET, Boston, MA",SAM,-71.06636038179685,42.377540883841576
"105 SALEM STREET, Boston, MA",SAM,-71.05549234738137,42.364086507677
"9 STOUGHTON STREET, Boston, MA",SAM,-71.06477565091448,42.31682930542452
"951 DORCHESTER AVENUE, Boston, MA",SAM,-71.05680771029198,42.31843119470368
"307 HUNTINGTON AVENUE, Boston, MA",SAM,-71.11704935772192,42.26714138679405
"55 BENNINGTON STREET, Boston, MA",SAM,-71.03682714253335,42.375595004762026
"1 SOLDIERS FIELD ROAD, Boston, MA",SAM,-71.15016829390386,42.360175213731694
"962 PARKER STREET, Boston, MA",SAM,-71.10101443204759,42.324239017565
"71 AMES STREET, Boston, MA",SAM,-71.08473490062588,42.28953026874132
"1433 DORCHESTER AVENUE, Boston, MA",SAM,-71.05977727449745,42.30191513559593
"1179 RIVER STREET, Boston, MA",SAM,-71.12102748020178,42.25575607667011
"665 COMMONWEALTH AVENUE, Boston, MA",SAM,-71.10290665229824,42.34970151198375
"639 LEWIS WHARF, Boston, MA",SAM,-71.04980929097968,42.36345715890413
"470 MERIDIAN STREET, Boston, MA",SAM,-71.03938964035122,42.38325386864981
"696 BLUE HILL AVENUE, Boston, MA",SAM,-71.08593246545206,42.300509812779325
"6 CUMMINS HIGHWAY, Boston, MA",SAM,-71.12744410001723,42.286086143498444
"31 SAINT JAMES AVENUE, Boston, MA",SAM,-71.07150531346977,42.35079006482142
"199 CLARENDON STREET, Boston, MA",SAM,-71.07469058524464,42.34982681292349
"55 DIMOCK STREET, Boston, MA",SAM,-71.09798024919662,42.31957792264802
"1 CORINTH STREET, Boston, MA",SAM,-71.13088933760105,42.286712069882256
"1102 WASHINGTON STREET, Boston, MA",SAM,-71.06544201059535,42.34459179045455
"37 STOUGHTON STREET, Boston, MA",SAM,-71.06405716547572,42.31652784044112
"1310 DORCHESTER AVENUE, Boston, MA",SAM,-71.05877452430639,42.30574417099467
"25 ESSEX STREET, Boston, MA",SAM,-71.06983706401881,42.37925467324456
"1345 HYDE PARK AVENUE, Boston, MA",SAM,-71.12489566592878,42.25302788226629
"2235 DORCHESTER AVENUE, Boston, MA",SAM,-71.06764400863496,42.274108530512365
"80 L STREET, Boston, MA",SAM,-71.03531818996498,42.335044883996744
"231 MASSACHUSETTS AVENUE, Boston, MA",SAM,-71.08645398455918,42.34448677782818
"704 CENTRE STREET, Boston, MA",SAM,-71.11433316617762,42.31155239049389
"130 DORCHESTER STREET, Boston, MA",SAM,-71.04684938129635,42.33484588499878
"425 SUMNER STREET, Boston, MA",SAM,-71.03235634987323,42.36559403548266
"500 ARBORWAY NAN, Boston, MA",SAM,-71.10925876841543,42.301656293405394
"371 WASHINGTON STREET, Boston, MA",SAM,-71.15435835277586,42.349197627437846
"522 DUDLEY STREET, Boston, MA",SAM,-71.07250640822357,42.32223224151839
"261 NEWBURY STREET, Boston, MA",SAM,-71.08333248775489,42.349445599907504
"148 CAMBRIDGE STREET, Boston, MA",SAM,-71.08001932770432,42.38219105895179
"279 TREMONT STREET, Boston, MA",SAM,-71.06535478183977,42.34977335914007
"991 RIVER STREET, Boston, MA",SAM,-71.11474433390975,42.26089945740584
"44 PROVINCE STREET, Boston, MA",SAM,-71.05985066211227,42.357038301501206
"587 BOYLSTON STREET, Boston, MA",SAM,-71.0769146219778,42.3502664042281
"361 NEWBURY STREET, Boston, MA",SAM,-71.08699062977558,42.34850083980799
"1132 BLUE HILL AVENUE, Boston, MA",SAM,-71.09082125159128,42.28557599437912
"2169 WASHINGTON STREET, Boston, MA",SAM,-71.0825517616081,42.33130788990023
"77 BROAD STREET, Boston, MA",SAM,-71.05352398537416,42.357763667269595
"100 WILLIAM T MORRISSEY BOULEVARD, Boston, MA",SAM,-71.04683554612811,42.314135433039205
"535 ALBANY STREET, Boston, MA",SAM,-71.06687554940517,42.338307466141124
"180 MOUNT VERNON STREET, Boston, MA",SAM,-71.05466731924018,42.3216871195927
"160 FLORENCE STREET, Boston, MA",SAM,-71.12243128122472,42.287654575184014
"84 SUMMER STREET, Boston, MA",SAM,-71.12512644838672,42.259813387420216
"1270 RIVER STREET, Boston, MA",SAM,-71.12337340083234,42.255841598731365
"1356 DORCHESTER AVENUE, Boston, MA",SAM,-71.05902749603575,42.30457384656323
"1635 BLUE HILL AVENUE, Boston, MA",SAM,-71.09393216638752,42.26845847021436
"540 COLUMBIA ROAD, Boston, MA",SAM,-71.0666215936262,42.315730106465836
"436 TREMONT STREET, Boston, MA",SAM,-71.0689862794433,42.346673774572075
"395 LONGWOOD AVENUE, Boston, MA",SAM,-71.10926390557394,42.340139378777
"605 COMMONWEALTH AVENUE, Boston, MA",SAM,-71.10075468685142,42.349438978402155
"94 BLACKSTONE STREET, Boston, MA",SAM,-71.05647094400015,42.36173056399295
"172 FEDERAL STREET, Boston, MA",SAM,-71.0561369919547,42.353883563676014
"160 CHARLES STREET, Boston, MA",SAM,-71.07090259227685,42.36006601639215
"284 BOWDOIN STREET, Boston, MA",SAM,-71.06599522712212,42.307260612319716
"312 BORDER STREET, Boston, MA",SAM,-71.04004935933227,42.377991614652586
"50 BUNKER HILL STREET, Boston, MA",SAM,-71.0571113807882,42.37690342357429
"37 GOVE STREET, Boston, MA",SAM,-71.03740364327064,42.37135447786567
"1669 DORCHESTER AVENUE, Boston, MA",SAM,-71.06215108079273,42.29372329165382
"197 CENTRE STREET, Boston, MA",SAM,-71.09764141095597,42.32489763024204
"381 WASHINGTON STREET, Boston, MA",SAM,-71.1556696815682,42.34917194818294
"9 LANSDOWNE STREET, Boston, MA",SAM,-71.09480187192337,42.347226625905975
"137 BRIGHTON AVENUE, Boston, MA",SAM,-71.1314233603974,42.35302607888515
"28 WALKER STREET, Boston, MA",SAM,-71.06675729964715,42.37934583124859
"131 MOUNT PLEASANT AVENUE, Boston, MA",SAM,-71.07701823709846,42.32498762354426
"1035 CANTERBURY STREET, Boston, MA",SAM,-71.12089420386387,42.27867128766125
"239 NEPONSET AVENUE, Boston, MA",SAM,-71.04902668325836,42.29070246243694
"44 BEACH STREET, Boston, MA",SAM,-71.05469964694353,42.30266168946865
"677 HUNTINGTON AVENUE, Boston, MA",SAM,-71.10273619424895,42.335100544690846
"268 BROADWAY NAN, Boston, MA",SAM,-71.05133876535118,42.33921723100553
"270 TREMONT STREET, Boston, MA",SAM,-71.06505590223298,42.35029418559973
"283 HUNTINGTON AVENUE, Boston, MA",SAM,-71.11720598209143,42.26742141225455
"682 WASHINGTON STREET, Boston, MA",SAM,-71.17135041997079,42.352009181007766
"16 BROADWAY NAN, Boston, MA",SAM,-71.06693586211087,42.34972829476296
"841 BOYLSTON STREET, Boston, MA",SAM,-71.0826530814704,42.348732817131754
"1 SAVIN HILL AVENUE, Boston, MA",SAM,-71.05879150049016,42.31272665643439
"553 TREMONT STREET, Boston, MA",SAM,-71.07184173133683,42.34391010937439
"101 HARBORSIDE DRIVE, Boston, MA",SAM,,
"371 CENTRE STREET, Boston, MA",SAM,-71.1087389929374,42.322372969607095
"154 DUDLEY STREET, Boston, MA",SAM,-71.08329605020687,42.3286950778098
"50 FORSYTH STREET, Boston, MA",SAM,-71.08993976994822,42.33841007272518
"621 HUNTINGTON AVENUE, Boston, MA",SAM,-71.10027675360277,42.336015545406624
"176 FEDERAL STREET, Boston, MA",SAM,-71.0561332497296,42.35385294545177
"1 FINANCIAL CENTER, Boston, MA",SAM,-71.16074157773899,42.27304951938952
"77 CANAL STREET, Boston, MA",SAM,-71.0596256202734,42.36422025572784
"143 STUART STREET, Boston, MA",SAM,-71.06637882551861,42.35111838463531
"1155 DORCHESTER AVENUE, Boston, MA",SAM,-71.05773718484942,42.31101835026911
"1286 BLUE HILL AVENUE, Boston, MA",SAM,-71.0926863248664,42.27995090369577
"885 BOYLSTON STREET, Boston, MA",SAM,-71.08347783748239,42.34851648768573
"1500 WASHINGTON STREET, Boston, MA",SAM,-71.07183201054623,42.3399784729986
"944 BENNINGTON STREET, Boston, MA",SAM,-71.0078551133633,42.386404918629864
"218 HANOVER STREET, Boston, MA",SAM,-71.05534770371438,42.36304456251988
"240 CAMBRIDGE STREET, Boston, MA",SAM,-71.06682826713744,42.36108406443255
"10 BOSWORTH STREET, Boston, MA",SAM,-71.06025034383423,42.35696484087946
"156 BRIGHTON AVENUE, Boston, MA",SAM,-71.13260786669473,42.35295369409377
"190 NEWBURY STREET, Boston, MA",SAM,-71.0794352457462,42.350358636014064
"19 SAINT JOSEPH STREET, Boston, MA",SAM,-71.11685841225793,42.306571362870194
"918 MORTON STREET, Boston, MA",SAM,-71.0833446780006,42.280668856568624
"63 CHATHAM STREET, Boston, MA",SAM,-71.05398793248605,42.35977084185671
"1845 COMMONWEALTH AVENUE, Boston, MA",SAM,-71.15257078983196,42.33909932320946
"355 CHESTNUT HILL AVENUE, Boston, MA",SAM,-71.15059389937603,42.3356291775104
"133 HARVARD AVENUE, Boston, MA",SAM,-71.12260251917061,42.26019569109966
"19 BROOKS STREET, Boston, MA",SAM,-71.16237873358355,42.356433897225614
"650 FOURTH STREET, Boston, MA",SAM,-71.03799185990292,42.33477990561871
"2730 WASHINGTON STREET, Boston, MA",SAM,-71.0903495965331,42.32277428774754
"3090 WASHINGTON STREET, Boston, MA",SAM,-71.09870534016306,42.315291322616226
"222 CAMBRIDGE STREET, Boston, MA",SAM,-71.06648556651916,42.36110134344673
"467 CENTRE STREET, Boston, MA",SAM,-71.1119047550234,42.31929242740188
"283 CAUSEWAY STREET, Boston, MA",SAM,-71.0584132957837,42.36694873633897
"728 HUNTINGTON AVENUE, Boston, MA",SAM,-71.10496407034684,42.3339469996524
"420 THIRD STREET, Boston, MA",SAM,-71.04310304870337,42.3364172957339
"1140 DORCHESTER AVENUE, Boston, MA",SAM,-71.05733131998345,42.312062507139714
"1894 CENTRE STREET, Boston, MA",SAM,-71.15602660651804,42.28544779172069
"131 BRIGHTON AVENUE, Boston, MA",SAM,-71.13122907733451,42.35299996132356
"730 CENTRE STREET, Boston, MA",SAM,-71.11451580762666,42.31091008016096
"1222 BENNINGTON STREET, Boston, MA",SAM,-70.99894913186436,42.38876181532314
"225 SUMNER STREET, Boston, MA",SAM,-71.03927536962962,42.36859852702622
"1267 SARATOGA STREET, Boston, MA",SAM,-70.99622897504096,42.38285721395397
"129 SOUTH STREET, Boston, MA",SAM,-71.11472436591704,42.30515076623427
"35 BROOKFORD STREET, Boston, MA",SAM,-71.07540891784144,42.31836695476992
"35 BAKER STREET, Boston, MA",SAM,-71.16295205287632,42.27155256516952
"500 CAMBRIDGE STREET, Boston, MA",SAM,-71.13778146046852,42.35339151457051
"200 HIGH STREET, Boston, MA",SAM,-71.05212154983317,42.35665283186055
"379 WASHINGTON STREET, Boston, MA",SAM,-71.15545080712951,42.34917572187368
"301 CENTRE STREET, Boston, MA",SAM,-71.1029440038347,42.322976582336686
"235 MASSACHUSETTS AVENUE, Boston, MA",SAM,-71.08634384313875,42.34425108800979
"125 MAGAZINE STREET, Boston, MA",SAM,-71.06853328496206,42.327719243178905
"239 HANOVER STREET, Boston, MA",SAM,-71.05498564002812,42.36321119654471
"29 STANHOPE STREET, Boston, MA",SAM,-71.07259271968354,42.34878609051596
"70 TYLER STREET, Boston, MA",SAM,-71.12359208897573,42.24517111998197
"66 STANIFORD STREET, Boston, MA",SAM,-71.06380884809424,42.36289950265408
"88 NEWTON STREET, Boston, MA",SAM,-71.16605979424018,42.35684244672046
"595 COMMONWEALTH AVENUE, Boston, MA",SAM,-71.10028756799474,42.34938100836985
"1690 COMMONWEALTH AVENUE, Boston, MA",SAM,-71.14549009669268,42.34152429497183
"8 BEACON STREET, Boston, MA",SAM,-71.11789283511936,42.252664317377636
"517 WARREN STREET, Boston, MA",SAM,-71.08370005778481,42.31342585112652
"69 BROMFIELD STREET, Boston, MA",SAM,-71.06075399212912,42.35707666119979
"369 HUNTINGTON AVENUE, Boston, MA",SAM,-71.1160799719518,42.26544642748334
"566 COLUMBIA ROAD, Boston, MA",SAM,-71.06592858295751,42.31652315141835
"273 BERKELEY STREET, Boston, MA",SAM,-71.07421201860451,42.35377400625895
"100 ATLANTIC AVENUE, Boston, MA",SAM,-70.9901276091337,42.40011388736628
"264 HANOVER STREET, Boston, MA",SAM,-71.05479328480307,42.36360301714284
"1007 BLUE HILL AVENUE, Boston, MA",SAM,-71.08976241058907,42.28985562443945
"583 BOYLSTON STREET, Boston, MA",SAM,-71.07683269296933,42.350289617447366
"337 PARIS STREET, Boston, MA",SAM,-71.03236934407833,42.376814006415806
"1312 HYDE PARK AVENUE, Boston, MA",SAM,-71.12433830469301,42.25385135968916
"225 MASSACHUSETTS AVENUE, Boston, MA",SAM,-71.08649295085802,42.34457014760696
"246 BORDER STREET, Boston, MA",SAM,-71.0399699282406,42.377060528266796
"1 HARBORSIDE DRIVE, Boston, MA",SAM,,
"1035 DORCHESTER AVENUE, Boston, MA",SAM,-71.05676176464999,42.31528127783255
"275 CAMBRIDGE STREET, Boston, MA",SAM,-71.12771527522149,42.35758338743609
"161 DEVONSHIRE STREET, Boston, MA",SAM,-71.05728006553741,42.35644931970088
"1459 DORCHESTER AVENUE, Boston, MA",SAM,-71.06000913175185,42.301082246764125
"765 MORTON STREET, Boston, MA",SAM,-71.08920089090762,42.28317750148595
"216 BORDER STREET, Boston, MA",SAM,-71.03987532340395,42.37595437850092
"1456 DORCHESTER AVENUE, Boston, MA",SAM,-71.05990357383945,42.30088554316495
"753 SOUTH STREET, Boston, MA",SAM,-71.13092411813157,42.28798138180944
"141 PORTLAND STREET, Boston, MA",SAM,-71.06103060634815,42.36381243341647
"123 APPLETON STREET, Boston, MA",SAM,-71.07462605536708,42.34523244470509
"23 CORINTH STREET, Boston, MA",SAM,-71.12999495288112,42.28624331383921
"1157 DORCHESTER AVENUE, Boston, MA",SAM,-71.05774953659382,42.31095990543805
"837 SUMMER STREET, Boston, MA",SAM,-71.03559442380678,42.33892799238908
"237 BOWDOIN STREET, Boston, MA",SAM,-71.06721968709222,42.3059710427623
"100 NEWTON STREET, Boston, MA",SAM,-71.16666528313218,42.356768201449775
"772 BLUE HILL AVENUE, Boston, MA",SAM,-71.08666269296961,42.29839812363757
"715 WILLIAM T MORRISSEY BOULEVARD, Boston, MA",SAM,-71.04792987365833,42.29493582236733
"1241 BOYLSTON STREET, Boston, MA",SAM,-71.09463792829814,42.34548219806542
"63 STUART STREET, Boston, MA",SAM,-71.0643708971821,42.351083699986084
"29 STANTON STREET, Boston, MA",SAM,-71.07953391109562,42.284185239342314
"52 BOSTON STREET, Boston, MA",SAM,-71.05788838811708,42.327847327949236
"138 BRIGHTON AVENUE, Boston, MA",SAM,-71.13191614501991,42.35286164036484
"560 WASHINGTON STREET, Boston, MA",SAM,-71.16457317676014,42.34978459627003
"4339 WASHINGTON STREET, Boston, MA",SAM,-71.13155626580121,42.28335621646751
"477 LONGWOOD AVENUE, Boston, MA",SAM,-71.10968197646133,42.34031010460121
"185 HARRISON AVENUE, Boston, MA",SAM,-71.06225524725329,42.3489927349073
"8 HIGH STREET, Boston, MA",SAM,-71.06079330634888,42.309958279651084
"542 WASHINGTON STREET, Boston, MA",SAM,-71.16390792106418,42.34935893945847
"150 OLIVER STREET, Boston, MA",SAM,-71.05267583145111,42.35574201441307
"539 DUDLEY STREET, Boston, MA",SAM,-71.07238964508454,42.321762904361286
"1263 RIVER STREET, Boston, MA",SAM,-71.12376172075052,42.255913060082705
"15 WEST STREET, Boston, MA",SAM,-71.1162148599205,42.257802633827076
"600 BLUE HILL AVENUE, Boston, MA",SAM,-71.08485396539265,42.30380778689323
"367 CENTRE STREET, Boston, MA",SAM,-71.10855027404402,42.322425684382196
"150 HAVILAND STREET, Boston, MA",SAM,,
"143 RICHMOND STREET, Boston, MA",SAM,-71.0542908051663,42.36337751875515
"659 CENTRE STREET, Boston, MA",SAM,-71.11418481136354,42.312969940840055
"129 LONDON STREET, Boston, MA",SAM,-71.03851401629558,42.373698988801436
"160 DUDLEY STREET, Boston, MA",SAM,-71.08309070836673,42.32868191486291
"299 HAVRE STREET, Boston, MA",SAM,-71.03463621965254,42.37591828347279
"26 PARK PLAZA, Boston, MA",SAM,-71.06933515871127,42.351454723499074
"738 HUNTINGTON AVENUE, Boston, MA",SAM,-71.10510583499372,42.33390399509018
"73 TREMONT STREET, Boston, MA",SAM,-71.1715607867737,42.350560399102314
"2 BROOKVIEW STREET, Boston, MA",SAM,-71.09020385301147,42.288494595085496
"1002 DORCHESTER AVENUE, Boston, MA",SAM,-71.05659721965728,42.316375571072626
"4 COLUMBUS AVENUE, Boston, MA",SAM,-71.0682995510079,42.35137423020768
"1489 DORCHESTER AVENUE, Boston, MA",SAM,-71.06035191175607,42.29989030047979
"127 HARVARD AVENUE, Boston, MA",SAM,-71.12259148251798,42.260173617788446
"1727 CENTRE STREET, Boston, MA",SAM,-71.14905876128144,42.28724725019795
"223 ADAMS STREET, Boston, MA",SAM,-71.05989784194495,42.30156996174813
"268 SHAWMUT AVENUE, Boston, MA",SAM,-71.06874718203525,42.34315056615648
"256 WARREN STREET, Boston, MA",SAM,-71.08198374781533,42.322154650985446
"77 SPRING STREET, Boston, MA",SAM,-71.16405036910565,42.27733052861518
"402 BROADWAY NAN, Boston, MA",SAM,-71.04813617866118,42.33712977647962
"695 CENTRE STREET, Boston, MA",SAM,-71.11442244433624,42.31179204899026
"1568 DORCHESTER AVENUE, Boston, MA",SAM,-71.06094266123183,42.29724617332075
"333 BORDER STREET, Boston, MA",SAM,-71.0399861185457,42.37903383888186
"1041 COMMONWEALTH AVENUE, Boston, MA",SAM,-71.1223575873586,42.35206341225616
"217 STUART STREET, Boston, MA",SAM,-71.06771002020173,42.35081313510542
"425 BROOKLINE AVENUE, Boston, MA",SAM,-71.10760679221714,42.33872692133801
"27 COLUMBUS AVENUE, Boston, MA",SAM,-71.06851955509526,42.35137056579593
"72 BRIGHTON AVENUE, Boston, MA",SAM,-71.12845676117635,42.35245939259988
"333 MARTIN LUTHER KING JR BOULEVARD, Boston, MA",SAM,-71.08348929728345,42.318246309319576
"245 MASSACHUSETTS AVENUE, Boston, MA",SAM,-71.08604622308223,42.343614180912226
"305 SOUTH STREET, Boston, MA",SAM,-71.11697840256487,42.30042763835861
"263 BLUE HILL AVENUE, Boston, MA",SAM,-71.07858569388023,42.31519653758901
"8 OAK STREET, Boston, MA",SAM,-71.12376969106138,42.25518964224453
"380 SHAWMUT AVENUE, Boston, MA",SAM,-71.07208364890141,42.34120245585715
"50 QUEENSBERRY STREET, Boston, MA",SAM,-71.09723576509364,42.34273464180232
"633 HYDE PARK AVENUE, Boston, MA",SAM,-71.11926137357335,42.27858559632263
"969 WILLIAM T MORRISSEY BOULEVARD, Boston, MA",SAM,-71.04730505057968,42.291310588434136
"40 BROAD STREET, Boston, MA",SAM,-71.05407409452374,42.358299070267805
"1135 DORCHESTER AVENUE, Boston, MA",SAM,-71.05750860888088,42.311967253467046
"39 SAVIN HILL AVENUE, Boston, MA",SAM,-71.05734460302966,42.31288385633089
"3160 WASHINGTON STREET, Boston, MA",SAM,,
"342 TREMONT STREET, Boston, MA",SAM,-71.06613400428034,42.34863220090588
"200 FANEUIL HALL MARKETPLACE NAN, Boston, MA",SAM,,
"500 TALBOT AVENUE, Boston, MA",SAM,-71.06530221938803,42.2878032831048
"1505 DORCHESTER AVENUE, Boston, MA",SAM,-71.06055553205698,42.29916849295006
"3694 WASHINGTON STREET, Boston, MA",SAM,-71.11305368135929,42.30055291577276
"27 BUSWELL STREET, Boston, MA",SAM,-71.10596257464098,42.347474130617265
"39 BRIGHTON AVENUE, Boston, MA",SAM,-71.12762101297662,42.35258026804065
"2 BELGRADE AVENUE, Boston, MA",SAM,-71.13009132418246,42.2869999287907
"183 DEVONSHIRE STREET, Boston, MA",SAM,-71.0572994611056,42.35594547851407
"2257 DORCHESTER AVENUE, Boston, MA",SAM,-71.0678369441582,42.27339522519136
"906 ALBANY STREET, Boston, MA",SAM,-71.0779760380587,42.330510379246306
"425 WASHINGTON STREET, Boston, MA",SAM,-71.1562068345056,42.34916493849826
"672 CENTRE STREET, Boston, MA",SAM,-71.11409355245283,42.31235415963327
"60 ROWES WHARF, Boston, MA",SAM,-71.05024617461399,42.35710570583056
"115 STUART STREET, Boston, MA",SAM,-71.06560648904092,42.351163708076534
"1897 RIVER STREET, Boston, MA",SAM,-71.14298117126911,42.2431342370221
"1921 DORCHESTER AVENUE, Boston, MA",SAM,-71.06462224829858,42.284848965892174
"9 PEACEVALE ROAD, Boston, MA",SAM,-71.07677497755292,42.287988271658556
"460 BLUE HILL AVENUE, Boston, MA",SAM,-71.08240586589717,42.30967626529406
"12 CORINTH STREET, Boston, MA",SAM,-71.13081063155273,42.286817407017665
"479 CAMBRIDGE STREET, Boston, MA",SAM,-71.13689372704347,42.35384636860838
"746 DUDLEY STREET, Boston, MA",SAM,-71.06686970125207,42.317898098535835
"387 CAMBRIDGE STREET, Boston, MA",SAM,-71.13320759968627,42.35541134550607
"1207 RIVER STREET, Boston, MA",SAM,-71.12202489563484,42.25609063753895
"256 MARGINAL STREET, Boston, MA",SAM,-71.03237298664105,42.364141719038756
"1 OLD ATLANTIC AVENUE, Boston, MA",SAM,-71.05111793008565,42.36327353895927
"600 WASHINGTON STREET, Boston, MA",SAM,-71.16684426683192,42.350460708080554
"291 HUNTINGTON AVENUE, Boston, MA",SAM,-71.11715377396828,42.267328070434374
"104 SOUTH STREET, Boston, MA",SAM,-71.11497882192626,42.30622707156456
"1483 TREMONT STREET, Boston, MA",SAM,-71.09808515058525,42.33201332179686
"36 GAY HEAD STREET, Boston, MA",SAM,-71.10498837946811,42.32455092700339
"515 HYDE PARK AVENUE, Boston, MA",SAM,-71.11899493414192,42.28292053781951
"1153 COMMONWEALTH AVENUE, Boston, MA",SAM,-71.12760699062767,42.35074593028339
"329 HUNTINGTON AVENUE, Boston, MA",SAM,-71.11678761607865,42.2666808082319
"155 SEAPORT BOULEVARD, Boston, MA",SAM,-71.04248303393565,42.350258300289205
"625 HUNTINGTON AVENUE, Boston, MA",SAM,-71.10048764179636,42.33592545638337
"515 GALLIVAN BOULEVARD, Boston, MA",SAM,-71.05500831834328,42.28259622069919
"79 PARK PLAZA, Boston, MA",SAM,-71.07012037236404,42.351321027282154
"30 ROWES WHARF, Boston, MA",SAM,-71.05047303467452,42.357049575506586
"512 PARK DRIVE, Boston, MA",SAM,-71.1057676645925,42.347833201613156
"21 AUTUMN STREET, Boston, MA",SAM,-71.16082098406865,42.27634831950897
"737 HUNTINGTON AVENUE, Boston, MA",SAM,-71.10532714721712,42.33401375741295
"217 BOWDOIN STREET, Boston, MA",SAM,-71.06769114910989,42.30560506862011
"275 BROADWAY NAN, Boston, MA",SAM,-71.05164283511371,42.33925855051705
"55 ANDERSON STREET, Boston, MA",SAM,-71.06777417404707,42.359361728851965
"85 ATLANTIC AVENUE, Boston, MA",SAM,-71.0510837353197,42.36250368621136
"125 TREMONT STREET, Boston, MA",SAM,-71.1738853807659,42.351651094434445
"7 VFW PARKWAY, Boston, MA",SAM,-71.14519675889498,42.29673854424106
"1284 HYDE PARK AVENUE, Boston, MA",SAM,-71.12413495221517,42.25534554653093
"206 WASHINGTON STREET, Boston, MA",SAM,-71.14810221720467,42.346816183298564
"110 BRIGHTON AVENUE, Boston, MA",SAM,-71.13064075509581,42.352715604760846
"98 BLACKSTONE STREET, Boston, MA",SAM,-71.05648046439775,42.36173821029823
"1096 COMMONWEALTH AVENUE, Boston, MA",SAM,-71.1240003672198,42.35194115562405
"1 SUMNER STREET, Boston, MA",SAM,-71.06094793429081,42.31988071318145
"1886 DORCHESTER AVENUE, Boston, MA",SAM,-71.0639439923721,42.286716980539126
"122 CAMBRIDGE STREET, Boston, MA",SAM,-71.07941411803183,42.382252315657354
"177 STATE STREET, Boston, MA",SAM,-71.05293769006698,42.359378875352974
"101 ATLANTIC AVENUE, Boston, MA",SAM,-71.05206625922078,42.361678168463555
"1052 DORCHESTER AVENUE, Boston, MA",SAM,-71.05672447210918,42.31469117572041
"205 ADAMS STREET, Boston, MA",SAM,-71.06001054651391,42.301767589508636
"112 BRIGHTON AVENUE, Boston, MA",SAM,-71.13071232581866,42.35272382341192
"200 BERKELEY STREET, Boston, MA",SAM,-71.07267195217483,42.35026677472191
"1377 HYDE PARK AVENUE, Boston, MA",SAM,-71.12581596705952,42.25108688763168
"1170 WASHINGTON STREET, Boston, MA",SAM,-71.06624488707733,42.34341561301438
"99 CHAUNCY STREET, Boston, MA",SAM,-71.06089985700515,42.353005177860524
"796 WASHINGTON STREET, Boston, MA",SAM,-71.17257153407867,42.35261810186273
"1732 DORCHESTER AVENUE, Boston, MA",SAM,-71.06281956045582,42.29075801743518
"6 BELGRADE AVENUE, Boston, MA",SAM,-71.13025707844784,42.286941254712886
"1 LANSDOWNE STREET, Boston, MA",SAM,-71.09446688369204,42.34721370138391
"700 BOYLSTON STREET, Boston, MA",SAM,-71.0795553154632,42.349436811439006
"1597 COMMONWEALTH AVENUE, Boston, MA",SAM,-71.14311437742931,42.344000661774785
"1281 HYDE PARK AVENUE, Boston, MA",SAM,-71.12429994648448,42.255280374410766
"671 CENTRE STREET, Boston, MA",SAM,-71.11422559028577,42.31251750976971
"150 SECOND AVENUE, Boston, MA",SAM,-71.053322503922,42.37633483085508
"186 HEATH STREET, Boston, MA",SAM,-71.10487926327212,42.32603403886009
"1383 COMMONWEALTH AVENUE, Boston, MA",SAM,-71.13747615354467,42.34867363553472
"403 CENTRE STREET, Boston, MA",SAM,-71.05702166529724,42.29492868869145
"260 EIGHTH STREET, Boston, MA",SAM,-71.04983110837601,42.33211152494801
"670 WASHINGTON STREET, Boston, MA",SAM,-71.17074152261789,42.351700898057345
"151 BRIGHTON AVENUE, Boston, MA",SAM,-71.13188443764822,42.35309123112968
"1 GLADSTONE STREET, Boston, MA",SAM,-70.99949718414217,42.389115965012145
"637 WASHINGTON STREET, Boston, MA",SAM,-71.16743378773455,42.350636786328664
"170 BRIGHTON AVENUE, Boston, MA",SAM,-71.13304460628191,42.35300190065937
"229 BRIGHTON AVENUE, Boston, MA",SAM,-71.13490143630317,42.353451268589644
"216 ADAMS STREET, Boston, MA",SAM,-71.0598877617902,42.30184679353994
"763 CENTRE STREET, Boston, MA",SAM,-71.11510356647746,42.31023599385704
"631 WASHINGTON STREET, Boston, MA",SAM,-71.16721076563275,42.35061137211664
"500 WASHINGTON STREET, Boston, MA",SAM,-71.1618407450131,42.348914286887
"203 ADAMS STREET, Boston, MA",SAM,-71.06004610016268,42.30182930529217
"160 NORFOLK STREET, Boston, MA",SAM,-71.07859148825065,42.287296903529544
"55 COURT STREET, Boston, MA",SAM,-71.05917712535762,42.35925445204829
"433 FANEUIL STREET, Boston, MA",SAM,-71.16779372485311,42.35121312368026
"144 NEWBURY STREET, Boston, MA",SAM,-71.07748986629971,42.35089749131471
"838 BLUE HILL AVENUE, Boston, MA",SAM,-71.08736109123448,42.296206479629035
"2253 DORCHESTER AVENUE, Boston, MA",SAM,-71.06779797792004,42.273526479879614
"90 PETERBOROUGH STREET, Boston, MA",SAM,-71.09903688794002,42.34318472263889
"11 ERIE STREET, Boston, MA",SAM,-71.07886379650576,42.30314327653593
"168 BRIGHTON AVENUE, Boston, MA",SAM,-71.13298165012398,42.352995273692414
"1952 BEACON STREET, Boston, MA",SAM,-71.14955807842135,42.3363129863007
"85 BEDFORD STREET, Boston, MA",SAM,-71.05860991456647,42.35324295030017
"2306 WASHINGTON STREET, Boston, MA",SAM,-71.08408719644514,42.330203253996665
"146 NORTHERN AVENUE, Boston, MA",SAM,-71.04329965244179,42.350771657642724
"950 HYDE PARK AVENUE, Boston, MA",SAM,-71.12086761786499,42.267322183360506
"50 TERMINAL STREET, Boston, MA",SAM,-71.06148898539087,42.38105550948651
"15 BEACH STREET, Boston, MA",SAM,-71.05454437290649,42.30344482203122
"82 WESTLAND AVENUE, Boston, MA",SAM,-71.08918747581477,42.343743997759475
"878 SOUTH STREET, Boston, MA",SAM,-71.13410745637282,42.288840802536015
"1745 CENTRE STREET, Boston, MA",SAM,-71.15025578143174,42.28736514527713
"66 BEACH STREET, Boston, MA",SAM,-71.05494401542823,42.30208085155134
"2 MCLELLAN STREET, Boston, MA",SAM,-71.08562038019078,42.30124941960767
"191 STUART STREET, Boston, MA",SAM,-71.06729658294115,42.35091455256496
"333 NEWBURY STREET, Boston, MA",SAM,-71.08616077453517,42.348705514542644
"1357 BLUE HILL AVENUE, Boston, MA",SAM,-71.0936516805439,42.27730822472465
"155 LAMARTINE STREET, Boston, MA",SAM,-71.10430785925276,42.318103463323375
"643 RIVER STREET, Boston, MA",SAM,-71.09937885731519,42.26507032733275
"745 TRUMAN PARKWAY, Boston, MA",SAM,,
"1282 HYDE PARK AVENUE, Boston, MA",SAM,-71.12413004926616,42.2553798671648
"270 MOUNT VERNON STREET, Boston, MA",SAM,-71.04738947103333,42.31973824682986
"440 MASSACHUSETTS AVENUE, Boston, MA",SAM,-71.08196173109987,42.34089737431206
"144 SOUTH STREET, Boston, MA",SAM,-71.11457637180773,42.30503618480951
"735 HUNTINGTON AVENUE, Boston, MA",SAM,-71.10530924629388,42.33402363378485
"165 NEPONSET AVENUE, Boston, MA",SAM,-71.11624565203037,42.24586608470496
"95 HANCOCK STREET, Boston, MA",SAM,-71.0645842308455,42.31261215423832
"110 CONDOR STREET, Boston, MA",SAM,-71.03755906555358,42.38265467997788
"186 BROOKLINE AVENUE, Boston, MA",SAM,-71.10169283638444,42.344109794449814
"666 CENTRE STREET, Boston, MA",SAM,-71.11406628303722,42.31255809950555
"84 BENNINGTON STREET, Boston, MA",SAM,-71.03579901195364,42.37610913951042
"54 DIGHTON STREET, Boston, MA",SAM,-71.15532502949893,42.347770091557095
"248 MARKET STREET, Boston, MA",SAM,-71.15021491073199,42.35428057940322
"166 BRIGHTON AVENUE, Boston, MA",SAM,-71.13291869396603,42.35298864672545
"162 COLUMBUS AVENUE, Boston, MA",SAM,-71.0708275278199,42.349260166281276
"107 SOUTH STREET, Boston, MA",SAM,-71.11473105423661,42.30536738736075
"925 COMMONWEALTH AVENUE, Boston, MA",SAM,-71.1182125423842,42.35156431586807
"291 ADAMS STREET, Boston, MA",SAM,-71.05810964731528,42.29922640244454
"900 WILLIAM T MORRISSEY BOULEVARD, Boston, MA",SAM,-71.04768628404409,42.29307413122945
"1860 CENTRE STREET, Boston, MA",SAM,-71.15464088627476,42.286185807509455
"466 TALBOT AVENUE, Boston, MA",SAM,-71.06636413442484,42.2887593451496
"5197 WASHINGTON STREET, Boston, MA",SAM,-71.15718205195466,42.2613212063174
"54 BENNINGTON STREET, Boston, MA",SAM,-71.03692142344303,42.37568814452091
"228 MARKET STREET, Boston, MA",SAM,-71.14983099747943,42.35486766949743
"82 SAVIN HILL AVENUE, Boston, MA",SAM,-71.05499534639486,42.312410706109596
"160 BRIGHTON AVENUE, Boston, MA",SAM,-71.13272982549218,42.352968765824535
"564 TREMONT STREET, Boston, MA",SAM,-71.07220786003802,42.3435896106045
"1130 BOYLSTON STREET, Boston, MA",SAM,-71.09330953934547,42.34640773946793
"2181 WASHINGTON STREET, Boston, MA",SAM,-71.08256829066688,42.33129296042706
"43 ROXBURY STREET, Boston, MA",SAM,-71.08571639354484,42.32934132560026
"18 CORINTH STREET, Boston, MA",SAM,-71.13078133797497,42.286813146132076
"624 BLUE HILL AVENUE, Boston, MA",SAM,-71.085080159934,42.30306342136546
"760 WASHINGTON STREET, Boston, MA",SAM,-71.1723234602849,42.352496013161016
"183 CHESTNUT HILL AVENUE, Boston, MA",SAM,-71.15468694233518,42.341453561073564
"120 BOSTON STREET, Boston, MA",SAM,-71.05896574704882,42.32545381886814
"745 BOYLSTON STREET, Boston, MA",SAM,-71.08073099035659,42.34926684723121
"500 NEPONSET AVENUE, Boston, MA",SAM,-71.04048720291401,42.28500300798172
"42 PROVINCE STREET, Boston, MA",SAM,-71.05984798992137,42.35704124091134
"528 COMMONWEALTH AVENUE, Boston, MA",SAM,-71.09617612986357,42.34871535169308
"1449 DORCHESTER AVENUE, Boston, MA",SAM,-71.05993888711905,42.30134287676624
"373 BLUE HILL AVENUE, Boston, MA",SAM,-71.08102727083754,42.31163924121676
"400 HUNTINGTON AVENUE, Boston, MA",SAM,-71.11539160851603,42.264554574375566
"795 COLUMBUS AVENUE, Boston, MA",SAM,,
"119 MERRIMAC STREET, Boston, MA",SAM,-71.06228385742295,42.36375424878709
"295 ADAMS STREET, Boston, MA",SAM,-71.05800877114753,42.29914429391749
"200 LONGWOOD AVENUE, Boston, MA",SAM,-71.10119971116839,42.33620359367979
"5 LONGFELLOW PLACE, Boston, MA",SAM,-71.0676251058504,42.302207700648275
"185 CAMBRIDGE STREET, Boston, MA",SAM,-71.12461111784314,42.358657529120705
"563 WASHINGTON STREET, Boston, MA",SAM,-71.16453523126374,42.34991110773056
"181 CAMBRIDGE STREET, Boston, MA",SAM,-71.12449539861778,42.358694987367855
"412 BROADWAY NAN, Boston, MA",SAM,-71.04782798180513,42.33693093975356
"84 STATE STREET, Boston, MA",SAM,-71.05579362733368,42.35912576747531
"129 BRIGHTON AVENUE, Boston, MA",SAM,-71.13116268611277,42.352992972770764
"1158 RIVER STREET, Boston, MA",SAM,-71.12045252143052,42.25641289906043
"4545 WASHINGTON STREET, Boston, MA",SAM,-71.1372707982508,42.278166109857025
"166 NORFOLK STREET, Boston, MA",SAM,-71.0787499326735,42.28714156585255
"40 WATER STREET, Boston, MA",SAM,-71.04091732490252,42.28861170129871
"5 BEACON STREET, Boston, MA",SAM,-71.15863357728884,42.33217992211104
"501 EIGHTH STREET, Boston, MA",SAM,-71.04134829237651,42.33130925934617
"1250 HYDE PARK AVENUE, Boston, MA",SAM,-71.1238774878237,42.256468359869444
"87 L STREET, Boston, MA",SAM,-71.03543261534661,42.33431272712521
"8 KNEELAND STREET, Boston, MA",SAM,-71.06262787920004,42.350925812531514
"60 SCHOOL STREET, Boston, MA",SAM,-71.14216429057352,42.36004187107904
"474 EIGHTH STREET, Boston, MA",SAM,-71.04201765887989,42.331401312234654
"54 SALEM STREET, Boston, MA",SAM,-71.06652493620778,42.37745576948712
"157 BRIGHTON AVENUE, Boston, MA",SAM,-71.132172489821,42.3531292540923
"477 SHAWMUT AVENUE, Boston, MA",SAM,-71.0758937431476,42.3388537836724
"1940 BEACON STREET, Boston, MA",SAM,-71.14937805744395,42.33635749543646
"1592 BLUE HILL AVENUE, Boston, MA",SAM,-71.09354695618602,42.26919773768654
"112 STOUGHTON STREET, Boston, MA",SAM,-71.06115868110635,42.315325566477114
"2 BROAD STREET, Boston, MA",SAM,-71.0540995117693,42.35833835147526
"1414 COMMONWEALTH AVENUE, Boston, MA",SAM,-71.13908560797341,42.34865103565511
"1237 RIVER STREET, Boston, MA",SAM,-71.12296810586457,42.256003995108266
"2220 CENTRE STREET, Boston, MA",SAM,-71.16024499409869,42.274397622646575
"62 WASHINGTON STREET, Boston, MA",SAM,-71.14352702308663,42.34401907171824
"166 SOUTH STREET, Boston, MA",SAM,-71.1146257081357,42.30439512186876
"805 HARRISON AVENUE, Boston, MA",SAM,-71.0738255572389,42.33605433618268
"57 STUART STREET, Boston, MA",SAM,-71.06413686281762,42.35106566707726
"423 BROADWAY NAN, Boston, MA",SAM,-71.04748411239018,42.33655595056324
"227 HANOVER STREET, Boston, MA",SAM,-71.05522381974652,42.36297562614749
"736 HUNTINGTON AVENUE, Boston, MA",SAM,-71.10507709197982,42.33391494481012
"96 SALEM STREET, Boston, MA",SAM,-71.06635215407628,42.37754513955929
"427 NEWBURY STREET, Boston, MA",SAM,-71.08910086871938,42.34814489863412
"55 BERKELEY STREET, Boston, MA",SAM,-71.07064018625908,42.34647265143618
"123 STUART STREET, Boston, MA",SAM,-71.06596849779399,42.35117405277416
"29 LENOX STREET, Boston, MA",SAM,-71.07986178956065,42.33584144903846
"243 GROVE STREET, Boston, MA",SAM,-71.15730411937899,42.26194089905065
"218 OLD COLONY AVENUE, Boston, MA",SAM,-71.05383020060755,42.33272664923668
"363 TREMONT STREET, Boston, MA",SAM,-71.06764577486882,42.3482999973442
"711 CENTRE STREET, Boston, MA",SAM,-71.11452098131473,42.31143469651144
"483 BROADWAY NAN, Boston, MA",SAM,-71.04614834201735,42.33568965409288
"153 BELGRADE AVENUE, Boston, MA",SAM,-71.13683295275384,42.286318985600666
"184 DUDLEY STREET, Boston, MA",SAM,-71.08212446565906,42.32860065598984
"30 BENNINGTON STREET, Boston, MA",SAM,-71.03776418478643,42.375371614428815
"487 CAMBRIDGE STREET, Boston, MA",SAM,-71.13706497364544,42.35378068497811
"108 BLACKSTONE STREET, Boston, MA",SAM,-71.0565042653917,42.361757326061465
"92 A STREET, Boston, MA",SAM,-71.12448901957038,42.250440793245424
"862 BLUE HILL AVENUE, Boston, MA",SAM,-71.08751964903671,42.29570836982424
"209 COLUMBUS AVENUE, Boston, MA",SAM,-71.07373656610629,42.347178990346734
"777 WILLIAM T MORRISSEY BOULEVARD, Boston, MA",SAM,-71.04796498158683,42.294843433084246
"187 WOLCOTT SQUARE, Boston, MA",SAM,-71.1326042169142,42.23743752294907
"150 COMMONWEALTH AVENUE, Boston, MA",SAM,-71.07780948533906,42.351719235763746
"1097 DORCHESTER AVENUE, Boston, MA",SAM,-71.05724039061481,42.31316287603687
"1493 DORCHESTER AVENUE, Boston, MA",SAM,-71.06039694458443,42.29971338320217
"2295 DORCHESTER AVENUE, Boston, MA",SAM,-71.06808786419798,42.27237881585445
"1025 TRUMAN PARKWAY, Boston, MA",SAM,,
"29 FOODMART ROAD, Boston, MA",SAM,-71.0624307375184,42.33604564310912
"1240 SOLDIERS FIELD ROAD, Boston, MA",SAM,-71.13667755374699,42.36423632535286
"1 HARVARD AVENUE, Boston, MA",SAM,-71.12213980882433,42.25609038079352
"97 HARVARD AVENUE, Boston, MA",SAM,-71.12247327580793,42.25991107650458
"469 COLUMBUS AVENUE, Boston, MA",SAM,-71.07838839247177,42.34343777383272
"5 PARK STREET, Boston, MA",SAM,-71.12058815428222,42.26268630761638
"874 HARRISON AVENUE, Boston, MA",SAM,-71.07578290813501,42.334416317195156
"80 ATLANTIC AVENUE, Boston, MA",SAM,-71.05094121317028,42.36235431497149
"140 COMMONWEALTH AVENUE, Boston, MA",SAM,-71.07746807827179,42.351812460014834
"3 POST OFFICE SQUARE, Boston, MA",SAM,-71.05639119537824,42.357503933798306
"1663 COLUMBIA ROAD, Boston, MA",SAM,-71.03025768959945,42.331215094756274
"155 BRIGHTON AVENUE, Boston, MA",SAM,-71.1320161740056,42.353109846056675
"1145 BLUE HILL AVENUE, Boston, MA",SAM,-71.09124908486419,42.28535650831834
"1 NEPTUNE ROAD, Boston, MA",SAM,-71.02611415941956,42.380325887611185
"140 BAY STATE ROAD, Boston, MA",SAM,-71.09986443621169,42.35022364288727
"957 DORCHESTER AVENUE, Boston, MA",SAM,-71.05679985120767,42.31803767952952
"1917 DORCHESTER AVENUE, Boston, MA",SAM,-71.06454996331847,42.28511012450912
"1772 DORCHESTER AVENUE, Boston, MA",SAM,-71.06310473266818,42.28974197278741
"600 HYDE PARK AVENUE, Boston, MA",SAM,-71.1188062758898,42.28010613138885
"300 NORTHERN AVENUE, Boston, MA",SAM,-71.03715593356445,42.34819287655615
"750 COLUMBIA ROAD, Boston, MA",SAM,-71.0594084269966,42.32006219168707
"1187 COLUMBIA ROAD, Boston, MA",SAM,-71.0430428373754,42.330442017503515
"20 OUTLOOK ROAD, Boston, MA",SAM,-71.09396068270071,42.28194854461568
"131 WALNUT AVENUE, Boston, MA",SAM,-71.08564380490465,42.321478022751634
"302 WALNUT AVENUE, Boston, MA",SAM,-71.0931331390225,42.316469771869336
"110 BEACHVIEW ROAD, Boston, MA",SAM,-71.00595467118512,42.39142802327624
"54 BROOKSIDE AVENUE, Boston, MA",SAM,-71.10381587951014,42.312773388023324
"1130 DORCHESTER AVENUE, Boston, MA",SAM,-71.05728232063203,42.312281440384
"2290 DORCHESTER AVENUE, Boston, MA",SAM,-71.06791800074701,42.27247258941313
"516 GALLIVAN BOULEVARD, Boston, MA",SAM,-71.05512477581063,42.28277696691238
"322 NORFOLK AVENUE, Boston, MA",SAM,-71.06672116372064,42.32248374876617
"269 HUNTINGTON AVENUE, Boston, MA",SAM,-71.11730575332261,42.26757696501288
"2243 DORCHESTER AVENUE, Boston, MA",SAM,-71.06771242110183,42.273854731851756
"1195 BLUE HILL AVENUE, Boston, MA",SAM,-71.09183833000026,42.283663344512306
"1200 BLUE HILL AVENUE, Boston, MA",SAM,-71.09154377471381,42.28349610747377
"1612 COMMONWEALTH AVENUE, Boston, MA",SAM,-71.14290972963802,42.343201437602744
"350 LONGWOOD AVENUE, Boston, MA",SAM,-71.10716677370864,42.338781762336986
"120 FISHER AVENUE, Boston, MA",SAM,-71.10515250126637,42.32789141894259
"95 NEEDHAM ROAD, Boston, MA",SAM,-71.1233788580337,42.242519527756365
"65 HARRISON AVENUE, Boston, MA",SAM,-71.06124726368402,42.351556975266156
"41 QUINT AVENUE, Boston, MA",SAM,-71.13407016409614,42.351651857730296
"154 CHESTNUT HILL AVENUE, Boston, MA",SAM,-71.15451568550621,42.34146420888158
"1585 COMMONWEALTH AVENUE, Boston, MA",SAM,-71.14292481956339,42.34429434298354
"818 HARRISON AVENUE, Boston, MA",SAM,-71.07494643240692,42.33499643500757
"257 NORFOLK AVENUE, Boston, MA",SAM,-71.06881454145355,42.3246195267863
"50 CONCORD SQUARE, Boston, MA",SAM,-71.07951943750999,42.34187431335559
"370 WESTERN AVENUE, Boston, MA",SAM,-71.13753380788278,42.36283407709403
"430 WILLIAM F MCCLELLAN HIGHWAY, Boston, MA",SAM,-71.01270361321788,42.39225138463363
"340 LONGWOOD AVENUE, Boston, MA",SAM,-71.10662034401001,42.33846604732833
"9 DR. MICHAEL GAVIN WAY, Boston, MA",SAM,-71.05328456857477,42.32646490709292
"2216 DORCHESTER AVENUE, Boston, MA",SAM,-71.06767399539858,42.273410015501334
"169 CHESTNUT HILL AVENUE, Boston, MA",SAM,-71.15445910188852,42.341816210344554
"20 COMO ROAD, Boston, MA",SAM,-71.13831300923115,42.24054346890957
"1150 BLUE HILL AVENUE, Boston, MA",SAM,-71.0909738593114,42.28513270431228
"40 PERSHING ROAD, Boston, MA",SAM,-71.11352126252477,42.318991228644514
"400 LONGWOOD AVENUE, Boston, MA",SAM,-71.10935518804715,42.34004675767259
"157 SUTHERLAND ROAD, Boston, MA",SAM,-71.14725756289573,42.340814636348014
"684 AMERICAN LEGION HIGHWAY, Boston, MA",SAM,-71.11241488811397,42.284007717842144
"1305 DORCHESTER AVENUE, Boston, MA",SAM,-71.05885741887315,42.30607783300217
"2 HARBOR POINT BOULEVARD, Boston, MA",SAM,,
"1 POST OFFICE SQUARE, Boston, MA",SAM,-71.05639815340679,42.35751718718955
"560 DORCHESTER AVENUE, Boston, MA",SAM,-71.05688070493413,42.33051555455614
"165 BELGRADE AVENUE, Boston, MA",SAM,-71.13761611032415,42.286305638862835
"150 NORTHERN AVENUE, Boston, MA",SAM,-71.04326506125065,42.350752666396204
"1010 WILLIAM T MORRISSEY BOULEVARD, Boston, MA",SAM,-71.04582794060767,42.290303151396195
"8 ASHBURTON PLACE, Boston, MA",SAM,-71.06211969276791,42.3591524474962
"143 P STREET, Boston, MA",SAM,-71.02718387826259,42.33330175626539
"440 BLUE HILL AVENUE, Boston, MA",SAM,-71.08210689654449,42.31003718326637
"3 HAMILTON PLACE, Boston, MA",SAM,-71.06134067966376,42.35634096963445
"2 RUTHERFORD AVENUE, Boston, MA",SAM,-71.0639374915619,42.37195905986887
"95 GLENVILLE AVENUE, Boston, MA",SAM,-71.1351941164736,42.349326850046836
"117 WESTERN AVENUE, Boston, MA",SAM,-71.12569687558639,42.363593747532775
"1 SCHROEDER PLAZA, Boston, MA",SAM,,
"985 COMMONWEALTH AVENUE, Boston, MA",SAM,-71.12044389597826,42.351824660176426
"177 HARRISON AVENUE, Boston, MA",SAM,-71.06219620680605,42.34914592092883
"950 BLUE HILL AVENUE, Boston, MA",SAM,-71.08897566094912,42.29117564240998
"600 ATLANTIC AVENUE, Boston, MA",SAM,-71.0544952865086,42.353146383539375
"29 COURT SQUARE, Boston, MA",SAM,-71.0591352238193,42.35820755883435
"202 HUMBOLDT AVENUE, Boston, MA",SAM,-71.08982166335333,42.31264565476451
"700 ATLANTIC AVENUE, Boston, MA",SAM,-71.05535953406999,42.35254568826386
"1223 COMMONWEALTH AVENUE, Boston, MA",SAM,-71.13088471427444,42.35064854820721
"173 WOLCOTT SQUARE, Boston, MA",SAM,-71.1325673600347,42.237463731930134
"3 WINTER PLACE, Boston, MA",SAM,-71.06169971790251,42.35562395394709
"25 BOYLSTON PLACE, Boston, MA",SAM,-71.10264035552534,42.31620028101118
"75 BLOSSOM COURT, Boston, MA",SAM,-71.06708011985214,42.3646150375728
"36 FIRST AVENUE, Boston, MA",SAM,-71.0542068167528,42.37498958194579
"22 EDGERLY ROAD, Boston, MA",SAM,-71.08787227006283,42.345812543526364
"231 SHAWMUT AVENUE, Boston, MA",SAM,-71.06787709506962,42.34380846207424
"1100 DORCHESTER AVENUE, Boston, MA",SAM,,
"575 COMMONWEALTH AVENUE, Boston, MA",SAM,-71.09941057489495,42.34927204597478
"1300 FESSENDEN STREET, Boston, MA",SAM,,
"198 HUMBOLDT AVENUE, Boston, MA",SAM,-71.0897400209561,42.31274251862973
"535 WEST ROXBURY PARKWAY, Boston, MA",SAM,-71.14761158027441,42.2878497788425
"1799 CHISWICK ROAD, Boston, MA",SAM,,
"212 COLUMBIA ROAD, Boston, MA",SAM,-71.0766445662421,42.30715508203072
"7 BULFINCH PLACE, Boston, MA",SAM,-71.06103040551695,42.361289193270146
"11 GORDON AVENUE, Boston, MA",SAM,-71.12570544627563,42.256052563376386
"611 DORCHESTER AVENUE, Boston, MA",SAM,-71.05700871108651,42.32868576310011
"994 BLUE HILL AVENUE, Boston, MA",SAM,-71.08935032986325,42.29002074113052
"1588 COLUMBUS AVENUE, Boston, MA",SAM,-71.09831715195764,42.32267544120485
"1187 HYDE PARK AVENUE, Boston, MA",SAM,-71.12353064131266,42.25857511828173
"542 COMMONWEALTH AVENUE, Boston, MA",SAM,-71.09661400351294,42.34870503428574
"1660 DORCHESTER AVENUE, Boston, MA",SAM,-71.0619995474679,42.29369947635176
"669 VFW PARKWAY, Boston, MA",SAM,,
"334 MASSACHUSETTS AVENUE, Boston, MA",SAM,-71.08431845206965,42.342418597488695
"270 COLUMBIA ROAD, Boston, MA",SAM,-71.07471085733769,42.30873407994691
"1234 COLUMBUS AVENUE, Boston, MA",SAM,-71.09602702519865,42.329616043792385
"2197 COMMONWEALTH AVENUE, Boston, MA",SAM,-71.16622015977082,42.34013438816353
"88 HARRISON AVENUE, Boston, MA",SAM,-71.06140456508813,42.350729058884944
"108 L STREET, Boston, MA",SAM,-71.0352710283001,42.33410374750106
"99 BROOKLINE AVENUE, Boston, MA",SAM,-71.09971749340237,42.34615158697085
"40 RAYNOR CIRCLE, Boston, MA",SAM,-71.08658048405474,42.334526534206994
"640 ATLANTIC AVENUE, Boston, MA",SAM,-71.05457744989656,42.35310288527309
"682 HUNTINGTON AVENUE, Boston, MA",SAM,-71.10244342735248,42.334910550619824
"165 WILLIAM J DAY BOULEVARD, Boston, MA",SAM,-71.04911440437814,42.322845163865296
"392 GENEVA AVENUE, Boston, MA",SAM,-71.06772902495936,42.30128887664907
"580 DORCHESTER AVENUE, Boston, MA",SAM,,
"531 COLUMBIA ROAD, Boston, MA",SAM,-71.0670134088195,42.3147674758666
"224 COLUMBIA ROAD, Boston, MA",SAM,-71.07633622387921,42.30742488161194
"1076 HYDE PARK AVENUE, Boston, MA",SAM,-71.12161089059914,42.26249813724882
"650 AMERICAN LEGION HIGHWAY, Boston, MA",SAM,-71.11097500621976,42.28498509835328
"1610 COMMONWEALTH AVENUE, Boston, MA",SAM,-71.14286763912455,42.34326156690966
"146 BELGRADE AVENUE, Boston, MA",SAM,-71.13646048848848,42.28621378024448
"157 HARVARD AVENUE, Boston, MA",SAM,-71.12264666578113,42.260283984344504
"31 MAVERICK SQUARE, Boston, MA",SAM,-71.03968004079233,42.369067272721146
"109 SAVIN HILL AVENUE, Boston, MA",SAM,-71.05377039579335,42.31158558224729
"150 BELGRADE AVENUE, Boston, MA",SAM,-71.13669165903136,42.28620791297841
"1512 DORCHESTER AVENUE, Boston, MA",SAM,-71.06042291401178,42.299088411978595
"46 NEWMARKET SQUARE, Boston, MA",SAM,-71.06544258505274,42.329865753792824
"1725 DORCHESTER AVENUE, Boston, MA",SAM,-71.06254781774471,42.292273934085394
"1576 DORCHESTER AVENUE, Boston, MA",SAM,-71.06106921473608,42.296826569703455
"218 BLUE HILL AVENUE, Boston, MA",SAM,-71.07795136966338,42.31707224519669
"389 COLUMBIA ROAD, Boston, MA",SAM,-71.07026346330062,42.31108296024923
"230 COLUMBIA ROAD, Boston, MA",SAM,-71.07618639712094,42.3075610478617
"2201 COMMONWEALTH AVENUE, Boston, MA",SAM,-71.1662313912108,42.34013320590691
"150 NORFOLK AVENUE, Boston, MA",SAM,-71.06932335347811,42.32527638060026
"35 HARVARD WAY, Boston, MA",SAM,-71.12544597521578,42.36625587818614
"1443 COMMONWEALTH AVENUE, Boston, MA",SAM,-71.14034964572302,42.34877062431509
"140 BRIGHTON AVENUE, Boston, MA",SAM,-71.13201511508605,42.35287295123435
"264 HYDE PARK AVENUE, Boston, MA",SAM,-71.11767387152302,42.29248955447359
"117 CHISWICK ROAD, Boston, MA",SAM,-71.15209774955594,42.34066746686933
"401 PARK DRIVE, Boston, MA",SAM,-71.10457684562978,42.34576753091736
"216 HARRISON AVENUE, Boston, MA",SAM,-71.06248791732897,42.34805147174544
"18 FAIRMOUNT AVENUE, Boston, MA",SAM,-71.12073730785535,42.255507947860266
"980 HARRISON AVENUE, Boston, MA",SAM,-71.0799991247695,42.33157209815339
"732 HUNTINGTON AVENUE, Boston, MA",SAM,-71.10502439206765,42.33392976487488
"200 MASSACHUSETTS AVENUE, Boston, MA",SAM,-71.08694747363634,42.345818767272576
"1100 BLUE HILL AVENUE, Boston, MA",SAM,-71.0904172609253,42.2867978172612
"130 NEWMARKET SQUARE, Boston, MA",SAM,-71.0681592756606,42.33029866903212
"1215 COMMONWEALTH AVENUE, Boston, MA",SAM,-71.13053415431293,42.350761463544266
"44 MAVERICK SQUARE, Boston, MA",SAM,-71.03948802937474,42.369573510203594
"113 H STREET, Boston, MA",SAM,-71.04159165978128,42.33388769871915
"254 BRIGHTON AVENUE, Boston, MA",SAM,-71.13614113471367,42.353353481719424
"94 MASSACHUSETTS AVENUE, Boston, MA",SAM,-71.08822269656591,42.34844883174316
"142 DUDLEY STREET, Boston, MA",SAM,-71.08383477697969,42.32874820298718
"617 CAMBRIDGE STREET, Boston, MA",SAM,-71.14506977615287,42.35109490310505
"134 SALEM STREET, Boston, MA",SAM,-71.05553230053052,42.3651340999467
"328 WARREN STREET, Boston, MA",SAM,-71.08130339606863,42.319744571754995
"96 PETERBOROUGH STREET, Boston, MA",SAM,-71.09928773453008,42.34311914183098
"220 FAYWOOD AVENUE, Boston, MA",SAM,-71.00848133485906,42.39208981741824
"1140 BOYLSTON STREET, Boston, MA",SAM,-71.09344148620238,42.3462877877738
"90 OLIVER STREET, Boston, MA",SAM,-71.05395031434882,42.356712754184024
"1198 BLUE HILL AVENUE, Boston, MA",SAM,-71.09152385419273,42.28355757650716
"225 GROVE STREET, Boston, MA",SAM,-71.15738611929285,42.26228202805826
"6 HUNTINGTON AVENUE, Boston, MA",SAM,-71.11124135465202,42.33240547523533
"67 ALLEGHANY STREET, Boston, MA",SAM,-71.09955302447653,42.33060212926819
"200 LAKE STREET, Boston, MA",SAM,-71.16214660557044,42.3464554280019
"85 SOUTHAMPTON STREET, Boston, MA",SAM,-71.06980361728245,42.33197732206899
"699 BROADWAY NAN, Boston, MA",SAM,-71.03735125720941,42.335531064352296
"306 NORTHERN AVENUE, Boston, MA",SAM,-71.03601354915817,42.34762172677504
"736 CAMBRIDGE STREET, Boston, MA",SAM,-71.1474609657304,42.34996644406534
"1277 HYDE PARK AVENUE, Boston, MA",SAM,-71.12427629378084,42.255444694959955
"9 NEWBURY STREET, Boston, MA",SAM,-71.07152014786567,42.35262093892033
"530 BLUE HILL AVENUE, Boston, MA",SAM,-71.08426896592682,42.30642050687494
"248 CAMBRIDGE STREET, Boston, MA",SAM,-71.06715076976745,42.361073000178486
"460 TREMONT STREET, Boston, MA",SAM,-71.06922679907767,42.34624379860593
"70 LANSDOWNE STREET, Boston, MA",SAM,-71.09732234487424,42.3471120346112
"74 UNION PARK STREET, Boston, MA",SAM,-71.06956163079293,42.34133151383369
"1244 RIVER STREET, Boston, MA",SAM,-71.12275213220998,42.25591146540748
"116 NAN NAN, Boston, MA",SAM,,
"3 GLADSTONE STREET, Boston, MA",SAM,-70.99959045040639,42.38912012559256
"169 HARVARD AVENUE, Boston, MA",SAM,-71.1226687390864,42.260328130966904
"5 AVERY STREET, Boston, MA",SAM,-71.06305787740314,42.35333762373059
"981 BENNINGTON STREET, Boston, MA",SAM,-71.00886432862333,42.385862089483766
"65 CHATHAM STREET, Boston, MA",SAM,-71.05397518508276,42.359772020807064
"53 STATE STREET, Boston, MA",SAM,-71.05642425829312,42.35889373171513
"243 FANEUIL STREET, Boston, MA",SAM,-71.1601639681141,42.352766705022916
"107 SUMMER STREET, Boston, MA",SAM,-71.12488504557469,42.26035711852337
"136 H STREET, Boston, MA",SAM,-71.0414019970796,42.3330714774308
"459 BROADWAY NAN, Boston, MA",SAM,-71.04667767459769,42.33603743690233
"353 CAMBRIDGE STREET, Boston, MA",SAM,-71.13274058673963,42.35561850781679
"49 WARREN STREET, Boston, MA",SAM,-71.14528813453734,42.349821570028176
"1252 WASHINGTON STREET, Boston, MA",SAM,-71.0674269160113,42.34243657932656
"1487 DORCHESTER AVENUE, Boston, MA",SAM,-71.06033552693059,42.29995880355585
"1856 CENTRE STREET, Boston, MA",SAM,-71.15451328994307,42.286239780541706
"345 COLUMBUS AVENUE, Boston, MA",SAM,-71.07549873576079,42.34576924138007
"1285 HYDE PARK AVENUE, Boston, MA",SAM,-71.12432323549235,42.25511735139997
"275 WASHINGTON STREET, Boston, MA",SAM,-71.14740776872118,42.346683671242275
"75 TURTLE POND PARKWAY, Boston, MA",SAM,-71.13860292502163,42.25415497791088
"260 LONGWOOD AVENUE, Boston, MA",SAM,-71.10144053710695,42.33629116677001
"782 ADAMS STREET, Boston, MA",SAM,-71.05564057785155,42.283424456350325
"356 CHESTNUT HILL AVENUE, Boston, MA",SAM,-71.15184317739651,42.336921832311525
"10 PRINCE STREET, Boston, MA",SAM,-71.12094670731304,42.309322608017766
"44 GAINSBOROUGH STREET, Boston, MA",SAM,-71.08702039230127,42.34168692337804
"10 FRANKFORT STREET, Boston, MA",SAM,-71.03597089658265,42.36922056727272
"303 HUNTINGTON AVENUE, Boston, MA",SAM,-71.1170754617835,42.26718805770414
"1420 TREMONT STREET, Boston, MA",SAM,-71.09602606612516,42.331567017694965
"57 FRANKLIN STREET, Boston, MA",SAM,-71.13281703176011,42.25241487728986
"315 SHAWMUT AVENUE, Boston, MA",SAM,-71.07034325682619,42.34235028513489
"67 NEWBURY STREET, Boston, MA",SAM,-71.07403504711114,42.351948010721664
"50 ROWES WHARF, Boston, MA",SAM,-71.05032179463416,42.35708699572257
"45 MAGNOLIA STREET, Boston, MA",SAM,-71.0707572473014,42.31682205381433
"978 SARATOGA STREET, Boston, MA",SAM,-71.00727064689798,42.38686774628228
"25 HARVARD WAY, Boston, MA",SAM,-71.12547944506537,42.36627529070332
"207 PORTER STREET, Boston, MA",SAM,-71.03152522809037,42.37031732134334
"267 HUNTINGTON AVENUE, Boston, MA",SAM,-71.11732122873627,42.26759947471096
"635 HYDE PARK AVENUE, Boston, MA",SAM,-71.11927347428357,42.27852200828779
"94 PETERBOROUGH STREET, Boston, MA",SAM,-71.09920411900006,42.343141002100275
"241 MARKET STREET, Boston, MA",SAM,-71.15034496415703,42.354345433942655
"499 WASHINGTON STREET, Boston, MA",SAM,-71.1609352936397,42.34900385830098
"2056 CENTRE STREET, Boston, MA",SAM,-71.1584768265147,42.279902673756666
"327 NEWBURY STREET, Boston, MA",SAM,-71.08598343265206,42.34874924267795
"145 HARRISON AVENUE, Boston, MA",SAM,-71.0618176144001,42.3500938417397
"825 MORTON STREET, Boston, MA",SAM,-71.08751797372256,42.28179917424226
"196 BORDER STREET, Boston, MA",SAM,-71.03984874210985,42.375633974859376
"174 BORDER STREET, Boston, MA",SAM,-71.03984149084043,42.375541521092515
"155 TALBOT AVENUE, Boston, MA",SAM,-71.07963341651111,42.29240728501494
"422 GENEVA AVENUE, Boston, MA",SAM,-71.06669124375942,42.300683669924965
"7 BOLSTER STREET, Boston, MA",SAM,-71.1062028113149,42.32189686220406
"313 WASHINGTON STREET, Boston, MA",SAM,-71.15159467399913,42.34908256334037
"1035 TRUMAN PARKWAY, Boston, MA",SAM,,
"739 HUNTINGTON AVENUE, Boston, MA",SAM,-71.10534504814035,42.33400388104104
"417 WASHINGTON STREET, Boston, MA",SAM,-71.15561818170028,42.349172836110185
"180 CANAL STREET, Boston, MA",SAM,-71.06109159626973,42.365319343633004
"265 MOUNT VERNON STREET, Boston, MA",SAM,-71.0468632084292,42.319310032703015
"33 TRENTON STREET, Boston, MA",SAM,-71.06180843910269,42.37778238847731
"161 SUTHERLAND ROAD, Boston, MA",SAM,-71.14721454218676,42.34085876015415
"153 SUTHERLAND ROAD, Boston, MA",SAM,-71.1473032266426,42.34076975911412
"252 WESTERN AVENUE, Boston, MA",SAM,-71.13265980580351,42.3632768333635
"4249 WASHINGTON STREET, Boston, MA",SAM,-71.12945506041979,42.28531893030682
"236 QUINCY STREET, Boston, MA",SAM,-71.07307620856749,42.31226372738907
"1911 DORCHESTER AVENUE, Boston, MA",SAM,-71.06446689131198,42.28540382499515
"869 BLUE HILL AVENUE, Boston, MA",SAM,-71.08786561767768,42.295614844502694
"1301 BOYLSTON STREET, Boston, MA",SAM,-71.09797520409867,42.34459285508619
"1255 RIVER STREET, Boston, MA",SAM,-71.12351753155485,42.25594104009056
"18 CROFTLAND AVENUE, Boston, MA",SAM,-71.06965344377896,42.281012874133566
"250 BRIGHTON AVENUE, Boston, MA",SAM,-71.13608564059794,42.35334897000027
"1284 BLUE HILL AVENUE, Boston, MA",SAM,-71.09265189473543,42.28003943831622
"82 HILLSIDE STREET, Boston, MA",SAM,-71.10302937688238,42.33045721318785
"342 BLUE HILL AVENUE, Boston, MA",SAM,-71.07991557965035,42.312798332527386
"290 CONGRESS STREET, Boston, MA",SAM,-71.05285500709904,42.35304855400394
"1116 BOYLSTON STREET, Boston, MA",SAM,-71.08905492934166,42.346886332333675
"111 DARTMOUTH STREET, Boston, MA",SAM,-71.07530398013456,42.346149769570154
"695 TRUMAN PARKWAY, Boston, MA",SAM,,
"15 WESTLAND AVENUE, Boston, MA",SAM,-71.08671261210523,42.34347748231025
"70 STANIFORD STREET, Boston, MA",SAM,-71.06380973245781,42.36293974130924
"482 BROADWAY NAN, Boston, MA",SAM,-71.0460672674943,42.33579064196135
"1 BROOKLINE AVENUE, Boston, MA",SAM,-71.09716388739557,42.34873573178469
"1 FIRST AVENUE, Boston, MA",SAM,-71.05460779272131,42.37488907178038
"38 BROOKS STREET, Boston, MA",SAM,-71.16229987805356,42.356160482165215
"138 CAMBRIDGE STREET, Boston, MA",SAM,-71.07986229455693,42.38220430270797
"10 WHITTIER PLACE, Boston, MA",SAM,-71.0673535214488,42.36575566973268
"36 ALEXANDER STREET, Boston, MA",SAM,-71.06941820782933,42.3178202963551
"770 DUDLEY STREET, Boston, MA",SAM,-71.06611144794394,42.31756053631762
"186 HARVARD AVENUE, Boston, MA",SAM,-71.12284705788728,42.26035458190704
"1926 COLUMBUS AVENUE, Boston, MA",SAM,-71.09813991299069,42.31705921398735
"1002 TREMONT STREET, Boston, MA",SAM,-71.08437397771976,42.33705261061151
"710 CENTRE STREET, Boston, MA",SAM,-71.1143669449087,42.31142034637607
"190 BUNKER HILL STREET, Boston, MA",SAM,-71.06172935004035,42.378627388297375
"150 HARVARD AVENUE, Boston, MA",SAM,-71.12278083797148,42.2602221420398
"161 BRIGHTON AVENUE, Boston, MA",SAM,-71.13242303801911,42.353156098554
"61 WOODRUFF WAY, Boston, MA",SAM,-71.08157230834385,42.274829670025944
"121 JERSEY STREET, Boston, MA",SAM,-71.09704953125967,42.342761938081
"464 TREMONT STREET, Boston, MA",SAM,-71.06925998271214,42.34618529061783
"4252 WASHINGTON STREET, Boston, MA",SAM,-71.12899664262585,42.28555372134332
"10 PERTHSHIRE ROAD, Boston, MA",SAM,-71.16611138552699,42.35344796973956
"720 BROADWAY NAN, Boston, MA",SAM,-71.03630739300476,42.33567205624185
"1357 WASHINGTON STREET, Boston, MA",SAM,-71.06896103267319,42.341661609463216
"45 MILK STREET, Boston, MA",SAM,-71.05762234462148,42.356731120104655
"61 SCHOOL STREET, Boston, MA",SAM,-71.14299169369224,42.360278922675036
"90 TREMONT STREET, Boston, MA",SAM,-71.17232555892,42.35076701794996
"866 BROADWAY NAN, Boston, MA",SAM,-71.02931174288761,42.33578625349363
"406 CAMBRIDGE STREET, Boston, MA",SAM,-71.1338540257333,42.354999049786855
"1618 CALUMET STREET, Boston, MA",SAM,,
"91 MAIN STREET, Boston, MA",SAM,-71.0629633133219,42.373892201384166
"42 PENINSULA PLACE, Boston, MA",SAM,-71.04476267333744,42.319829818180125
"443 BROADWAY NAN, Boston, MA",SAM,-71.04703804516335,42.33626674207641
"100 SERVICE ROAD, Boston, MA",SAM,-71.0300619361162,42.36845509861361
"145 IPSWICH STREET, Boston, MA",SAM,-71.09365611286053,42.3475580509396
"1200 HYDE PARK AVENUE, Boston, MA",SAM,-71.123503325665,42.258020856466096
"310 BOWDOIN STREET, Boston, MA",SAM,-71.06527916636163,42.30793820147619
"267 BOWDOIN STREET, Boston, MA",SAM,-71.0664825214709,42.306624639235686
"76 BRIGHTON AVENUE, Boston, MA",SAM,-71.12857723984794,42.35247445243988
"1810 CENTRE STREET, Boston, MA",SAM,-71.15286354567306,42.28734569360703
"114 WESTERN AVENUE, Boston, MA",SAM,-71.10796919268782,42.364942139461924
"429 NORFOLK STREET, Boston, MA",SAM,-71.08698483471304,42.28173013032908
"284 AMORY STREET, Boston, MA",SAM,-71.10460230878014,42.31469101957123
"684 CENTRE STREET, Boston, MA",SAM,-71.11419176894144,42.31203187429851
"117 ATLANTIC AVENUE, Boston, MA",SAM,-71.05214192095256,42.36163445279413
"473 RIVER STREET, Boston, MA",SAM,-71.09297576913892,42.26817665669792
"4610 WASHINGTON STREET, Boston, MA",SAM,-71.13819479128802,42.277196575173015
"604 HYDE PARK AVENUE, Boston, MA",SAM,-71.11882588114733,42.27999754844451
"15 BOSTON FISH PIER NAN, Boston, MA",SAM,,
"122 HARVARD AVENUE, Boston, MA",SAM,-71.12272933359255,42.260119133254136
"1800 CENTRE STREET, Boston, MA",SAM,-71.15228133273438,42.287469047713536
"2387 WASHINGTON STREET, Boston, MA",SAM,-71.08585327478427,42.32865120862985
"393 HUNTINGTON AVENUE, Boston, MA",SAM,-71.11568859763506,42.26474940102017
"541 BROADWAY NAN, Boston, MA",SAM,-71.04277361039223,42.33543674430282
"50 PARK PLAZA, Boston, MA",SAM,-71.06968079743663,42.351382798679566
"480 BOYLSTON STREET, Boston, MA",SAM,-71.07362303876315,42.351043366861255
"1210 BLUE HILL AVENUE, Boston, MA",SAM,-71.09166495318757,42.28310725189954
"380 WARREN STREET, Boston, MA",SAM,-71.08181833107582,42.318051353960314
"178 KNEELAND STREET, Boston, MA",SAM,-71.05742320051301,42.34967099339198
"857 DORCHESTER AVENUE, Boston, MA",SAM,-71.05685440405006,42.32152546302831
"1688 DORCHESTER AVENUE, Boston, MA",SAM,-71.06228300630539,42.292660745094445
"644 AMERICAN LEGION HIGHWAY, Boston, MA",SAM,-71.11070961134455,42.28514892235851
"1891 WASHINGTON STREET, Boston, MA",SAM,-71.0789364320733,42.33506113484422
"275 COTTAGE STREET, Boston, MA",SAM,-71.05752139620807,42.31843624892497
"568 CAMBRIDGE STREET, Boston, MA",SAM,-71.14054368305183,42.35238301150523
"1 STUART STREET, Boston, MA",SAM,-71.06303751898233,42.350976531042775
"1154 DORCHESTER AVENUE, Boston, MA",SAM,-71.05745830643728,42.311538824981454
"137 STUART STREET, Boston, MA",SAM,-71.06629737360733,42.35113342191057
"972 SARATOGA STREET, Boston, MA",SAM,-71.00705414055155,42.38680192833577
"1353 BLUE HILL AVENUE, Boston, MA",SAM,-71.09363847256121,42.277519552280836
"10 MILK STREET, Boston, MA",SAM,-71.05791111815515,42.356845110929804
"69 LONDON STREET, Boston, MA",SAM,-71.03984674189722,42.37234852315317
"315 ADAMS STREET, Boston, MA",SAM,-71.05748745107081,42.29867896638734
"3520 WASHINGTON STREET, Boston, MA",SAM,-71.10813296492887,42.30571814842163
"4432 WASHINGTON STREET, Boston, MA",SAM,-71.13431594935389,42.280605617393725
"16 DERNE STREET, Boston, MA",SAM,-71.06345474256076,42.35949222348333
"869 BROADWAY NAN, Boston, MA",SAM,-71.02930807289036,42.335671694203434
"11 ELKINS STREET, Boston, MA",SAM,-71.03731105827437,42.33913380341383
"1758 RIVER STREET, Boston, MA",SAM,-71.1374109611279,42.24436554228464
"102 WATER STREET, Boston, MA",SAM,-71.04109852814005,42.28862522393606
"73 BENNINGTON STREET, Boston, MA",SAM,-71.03621048789184,42.37582661214649
"26 CHANDLER STREET, Boston, MA",SAM,-71.07129471965035,42.34681445585835
"9 FULDA STREET, Boston, MA",SAM,-71.09247897996836,42.323113587189354
"170 CAMBRIDGE STREET, Boston, MA",SAM,-71.08036480062856,42.38216192268823
"888 SOUTH STREET, Boston, MA",SAM,-71.13442753919773,42.288694411678215
"863 WASHINGTON STREET, Boston, MA",SAM,-71.07117148142638,42.281593665188794
"80 LEXINGTON STREET, Boston, MA",SAM,-71.05925351334966,42.37762987604815
"265 NINTH STREET, Boston, MA",SAM,-71.05189876386538,42.33260984601055
"35 WESTVILLE STREET, Boston, MA",SAM,-71.0708594331163,42.300071767613474
"775 COMMONWEALTH AVENUE, Boston, MA",SAM,-71.11010752726726,42.35060604814503
"116 SALEM STREET, Boston, MA",SAM,-71.05558474584483,42.36463622742555
"4019 WASHINGTON STREET, Boston, MA",SAM,-71.12238547675923,42.29191245809301
"165 WEBSTER STREET, Boston, MA",SAM,-71.03484189501435,42.365693039034134
"25 STANIFORD STREET, Boston, MA",SAM,-71.06361802984642,42.36334573597199
"71 LANSDOWNE STREET, Boston, MA",SAM,-71.09734628423071,42.34722662598731
"745 SEVENTH STREET, Boston, MA",SAM,-71.03063521864499,42.332316729528856
"71 PLEASANT STREET, Boston, MA",SAM,-71.11276271282532,42.2564805369448
"257 NORTH STREET, Boston, MA",SAM,-71.05200083431352,42.36367854125711
"1159 DORCHESTER AVENUE, Boston, MA",SAM,-71.05776188833822,42.31090146060698
"624 WASHINGTON STREET, Boston, MA",SAM,-71.16782195149553,42.35057378272915
"1283 DORCHESTER AVENUE, Boston, MA",SAM,-71.05860490548235,42.30715856832469
"117 SALEM STREET, Boston, MA",SAM,-71.05544492563544,42.364452842035355
"333 HANOVER STREET, Boston, MA",SAM,-71.05381569467048,42.36431845229693
"1714 WASHINGTON STREET, Boston, MA",SAM,-71.07626928809512,42.33695405585612
"93 SALEM STREET, Boston, MA",SAM,-71.06569896932601,42.377803458862665
"870 BLUE HILL AVENUE, Boston, MA",SAM,-71.08757035452273,42.29554176609479
"23 FLORENCE STREET, Boston, MA",SAM,-71.12775987783914,42.28487329178019
"44 ALLANDALE STREET, Boston, MA",SAM,-71.1297579279194,42.300790235195606
"342 LONGWOOD AVENUE, Boston, MA",SAM,-71.10672962994973,42.338529190330036
"90 GLENWAY STREET, Boston, MA",SAM,-71.08225607871492,42.300164545599124
"18 PROVINCE STREET, Boston, MA",SAM,-71.05958015508594,42.35732910384992
"100 FERRIN STREET, Boston, MA",SAM,-71.05856015331156,42.376914512461006
"1716 CENTRE STREET, Boston, MA",SAM,-71.14900399061304,42.28712582671902
"1761 CENTRE STREET, Boston, MA",SAM,-71.15071290015278,42.28740999345433
"484 CENTRE STREET, Boston, MA",SAM,-71.11195839636235,42.31894525910888
"569 TREMONT STREET, Boston, MA",SAM,-71.07229413774161,42.3436848189846
"7 ELKINS STREET, Boston, MA",SAM,-71.0373886711633,42.33913244476597
"135 GOVE STREET, Boston, MA",SAM,-71.03421672141123,42.36987439217438
"711 BOYLSTON STREET, Boston, MA",SAM,-71.07986054083102,42.34948215276642
"861 WASHINGTON STREET, Boston, MA",SAM,-71.07119994600575,42.281662490012664
"34 OXFORD STREET, Boston, MA",SAM,-71.12836031917574,42.36033515264014
"1 BULFINCH PLACE, Boston, MA",SAM,-71.0609867747906,42.36125976788995
"332 HANOVER STREET, Boston, MA",SAM,-71.05365471512658,42.36468060310857
"291 DEVONSHIRE STREET, Boston, MA",SAM,-71.05797553764124,42.353899153629605
"1728 DORCHESTER AVENUE, Boston, MA",SAM,-71.06280810927771,42.290803004201926
"560 DORCHESTER STREET, Boston, MA",SAM,-71.05688070493413,42.33051555455614
"259 DORCHESTER STREET, Boston, MA",SAM,-71.05215514302354,42.33220637133391
"105 NEWBURY STREET, Boston, MA",SAM,-71.07555941759223,42.35152705485381
"375 WASHINGTON STREET, Boston, MA",SAM,-71.15501310930189,42.349183365461215
"237 NEWBURY STREET, Boston, MA",SAM,-71.0821462602056,42.34975365963153
"218 BROADWAY NAN, Boston, MA",SAM,-71.05249448041091,42.339949483497875
"280 BROADWAY NAN, Boston, MA",SAM,-71.05113867280248,42.33908079991827
"55 SUMMER STREET, Boston, MA",SAM,-71.12508893944069,42.25897901776661
"132 CANAL STREET, Boston, MA",SAM,-71.0608008302338,42.36504735199306
"34 ESSEX STREET, Boston, MA",SAM,-71.07019178622505,42.37927598251525
"17 NORTH STREET, Boston, MA",SAM,-71.05582558072389,42.360684949661405
"1810 WASHINGTON STREET, Boston, MA",SAM,-71.07792884913947,42.335697396575846
"179 BRIGHTON AVENUE, Boston, MA",SAM,-71.13354812938526,42.35328290565806
"407 MERIDIAN STREET, Boston, MA",SAM,-71.03917505064388,42.380485003728175
"85 OLNEY STREET, Boston, MA",SAM,-71.07331516322587,42.305407248474694
"90 RIVER STREET, Boston, MA",SAM,-71.07509978480242,42.271338018042954
"365 ADAMS STREET, Boston, MA",SAM,-71.05665917874782,42.296945038996704
"15 GORHAM STREET, Boston, MA",SAM,-71.13235632306484,42.348261567339755
"672 TRUMAN PARKWAY, Boston, MA",SAM,,
"20 CUSTOM HOUSE STREET, Boston, MA",SAM,-71.05303108053175,42.35804002248039
"391 CENTRE STREET, Boston, MA",SAM,-71.10988355167251,42.32209283482279
"1195 CENTRE STREET, Boston, MA",SAM,-71.12905653706582,42.29914395535355
"150 KNEELAND STREET, Boston, MA",SAM,-71.05784169896214,42.34977209686669
"1912 BEACON STREET, Boston, MA",SAM,-71.14895827241592,42.336460510166546
"198 WESTERN AVENUE, Boston, MA",SAM,-71.12966774520267,42.363147718202164
"1620 TREMONT STREET, Boston, MA",SAM,-71.10358632832391,42.33369430729212
"246 TREMONT STREET, Boston, MA",SAM,-71.06495631655903,42.350647554093214
"195 STATE STREET, Boston, MA",SAM,-71.05282950841797,42.359395604472645
"1424 TREMONT STREET, Boston, MA",SAM,-71.09623259800016,42.331597766595415
"75 KNEELAND STREET, Boston, MA",SAM,-71.06032494091981,42.3502338556812
"6 MILK STREET, Boston, MA",SAM,-71.05819613779241,42.3568871105554
"535 BROADWAY NAN, Boston, MA",SAM,-71.04303875040507,42.33543235457536
"1277 RIVER STREET, Boston, MA",SAM,-71.12430181469279,42.2558543311386
"101 ARLINGTON STREET, Boston, MA",SAM,-71.156513004477,42.352723015352815
"23 LEONARD STREET, Boston, MA",SAM,-71.05857269698885,42.30145655544831
"156 CAMBRIDGE STREET, Boston, MA",SAM,-71.08014495422222,42.38218046394686
"204 TREMONT STREET, Boston, MA",SAM,-71.06463402987426,42.351751737582326
"80 TALBOT AVENUE, Boston, MA",SAM,-71.08391821183626,42.29377866725543
"87 SUMMER STREET, Boston, MA",SAM,-71.12496524175381,42.2598519842984
"6 BREMEN STREET, Boston, MA",SAM,-71.03988857962318,42.36733407014226
"3 BEACH STREET, Boston, MA",SAM,-71.05440757618491,42.3037575750362
"745 DUDLEY STREET, Boston, MA",SAM,,
"116 BOYLSTON STREET, Boston, MA",SAM,-71.10344486672167,42.31684908881154
"532 WASHINGTON STREET, Boston, MA",SAM,-71.16344763872442,42.34909370912949
"52 QUEENSBERRY STREET, Boston, MA",SAM,-71.0973233887834,42.34270980359084
"38 BATTERYMARCH STREET, Boston, MA",SAM,-71.05412213808819,42.357636675667834
"82 WATER STREET, Boston, MA",SAM,-71.0410400754828,42.28862086179498
"14 MILK STREET, Boston, MA",SAM,-71.0578825465025,42.356844203892166
"172 BRIGHTON AVENUE, Boston, MA",SAM,-71.13310756243989,42.35300852762635
"115 NEWBURY STREET, Boston, MA",SAM,-71.07610708648748,42.351390845276605
"143 CHARLES STREET, Boston, MA",SAM,-71.07073747424957,42.359923347024015
"1735 CENTRE STREET, Boston, MA",SAM,-71.14967532583032,42.28730995170623
"972 AMERICAN LEGION HIGHWAY, Boston, MA",SAM,-71.11661606044069,42.27415639797189
"11 WOLCOTT COURT, Boston, MA",SAM,-71.13164982880588,42.237893854555594
"134 K STREET, Boston, MA",SAM,-71.0374472864472,42.33815702132332
"205 L STREET, Boston, MA",SAM,-71.03534492705319,42.33132571746829
"1580 DORCHESTER AVENUE, Boston, MA",SAM,-71.06112871658624,42.29662287371307
"1485 BLUE HILL AVENUE, Boston, MA",SAM,-71.0937733831452,42.27372242114473
"1138 BLUE HILL AVENUE, Boston, MA",SAM,-71.09089216544419,42.285363252830265
"647 VFW PARKWAY, Boston, MA",SAM,,
"655 VFW PARKWAY, Boston, MA",SAM,,
"195 L STREET, Boston, MA",SAM,-71.03535232450639,42.331596540567
"150 WILLIAM T MORRISSEY BOULEVARD, Boston, MA",SAM,-71.04675770899105,42.313925290201475
"165 NORFOLK AVENUE, Boston, MA",SAM,-71.06988576499705,42.32554558434559
"10 CITY SQUARE, Boston, MA",SAM,-71.06185560816992,42.37219399086673
"17 HARBOR POINT BOULEVARD, Boston, MA",SAM,-71.04186329427857,42.31909157658666
"136 HARVARD AVENUE, Boston, MA",SAM,-71.122755085782,42.260170637646965
"784 MASSACHUSETTS AVENUE, Boston, MA",SAM,-71.075050578532,42.335073264161046
"125 BROOKWAY ROAD, Boston, MA",SAM,-71.12026145558269,42.29195439743988
"1029 COMMONWEALTH AVENUE, Boston, MA",SAM,-71.12192928157008,42.35201121606213
"165 NORTHERN AVENUE, Boston, MA",SAM,-71.042551297903,42.350288901385184
"1033 COMMONWEALTH AVENUE, Boston, MA",SAM,-71.12207299377701,42.352027573556065
"508 PARK DRIVE, Boston, MA",SAM,-71.1056760178474,42.34765843335509
"468 BLUE HILL AVENUE, Boston, MA",SAM,-71.08267876273311,42.30904395365655
"14 MAVERICK SQUARE, Boston, MA",SAM,-71.03969952623477,42.36928399878786
"967 COMMONWEALTH AVENUE, Boston, MA",SAM,-71.11961843838544,42.35173515664125
"52 TEMPLE PLACE, Boston, MA",SAM,-71.0619636835001,42.35528618650995
"20 CHESTNUT HILL AVENUE, Boston, MA",SAM,-71.15330249949838,42.346700262237974
"105 VICTORY ROAD, Boston, MA",SAM,-71.05237880995568,42.29636708367403
"3 NEPTUNE ROAD, Boston, MA",SAM,-71.02607825194218,42.38030512183641
"725 WILLIAM T MORRISSEY BOULEVARD, Boston, MA",SAM,-71.04793553622746,42.29492092087005
"31 GERMANIA STREET, Boston, MA",SAM,-71.10221419014476,42.31408697963687
"630 ATLANTIC AVENUE, Boston, MA",SAM,-71.05528140812406,42.352627442215464
"516 COMMONWEALTH AVENUE, Boston, MA",SAM,-71.09569016453806,42.34872371635371
"10 FAIRMOUNT AVENUE, Boston, MA",SAM,-71.12083249397466,42.25558885607984
"532 COMMONWEALTH AVENUE, Boston, MA",SAM,-71.09637637164997,42.34871014100177
"1147 COMMONWEALTH AVENUE, Boston, MA",SAM,-71.12735345380653,42.350806296192566
"416 MARKET STREET, Boston, MA",SAM,-71.15331412684351,42.34947925293308
"45 FRANCIS STREET, Boston, MA",SAM,-71.1076467228397,42.335999615812874
"654 BEACON STREET, Boston, MA",SAM,-71.09579058961057,42.34920371180371
"0 POST OFFICE SQUARE, Boston, MA",SAM,,
"887 BOYLSTON STREET, Boston, MA",SAM,-71.08351532639202,42.34850665452907
"301 ADAMS STREET, Boston, MA",SAM,-71.05785745689589,42.29902113112694
"1114 BOYLSTON STREET, Boston, MA",SAM,-71.08903337830823,42.34689226854652
"11 TEMPLE PLACE, Boston, MA",SAM,-71.06269618868792,42.355515458939166
"500 RUTHERFORD AVENUE, Boston, MA",SAM,-71.07343333685557,42.383231008375894
"3 BLUE HILL AVENUE, Boston, MA",SAM,-71.0752627020689,42.32508953613727
"1610 VFW PARKWAY, Boston, MA",SAM,-71.16806188540424,42.26546162327435
"7 DRY DOCK AVENUE, Boston, MA",SAM,-71.03719386564458,42.34456509335007
"1329 HYDE PARK AVENUE, Boston, MA",SAM,-71.12470647440392,42.25341750101263
"6 SOUTHBOURNE ROAD, Boston, MA",SAM,-71.11770172412962,42.289902404257234
"736 BLUE HILL AVENUE, Boston, MA",SAM,-71.08617557629584,42.299802391099476
"53 PARKER HILL AVENUE, Boston, MA",SAM,-71.1096433170835,42.33098705650063
"2195 COMMONWEALTH AVENUE, Boston, MA",SAM,-71.16621454405083,42.340134979291854
"204 HARVARD AVENUE, Boston, MA",SAM,-71.13067525766539,42.34998914206867
"479 BLUE HILL AVENUE, Boston, MA",SAM,-71.08319858453237,42.308704470788335
"1 RUTHERFORD AVENUE, Boston, MA",SAM,-71.0637881222879,42.37198994107149
"274 HYDE PARK AVENUE, Boston, MA",SAM,-71.11773031155641,42.29219158287518
"1370 DORCHESTER AVENUE, Boston, MA",SAM,-71.05910881835321,42.3041815793734
"1 CONSTITUTION ROAD, Boston, MA",SAM,-71.06092297577418,42.37084676360325
"170 BLUE HILL AVENUE, Boston, MA",SAM,-71.07767057103729,42.31889547168616
"604 BLUE HILL AVENUE, Boston, MA",SAM,-71.08488829058221,42.3036953171301
"1082 DORCHESTER AVENUE, Boston, MA",SAM,-71.0569321746846,42.31384545259264
"211 HANOVER STREET, Boston, MA",SAM,-71.05536973666082,42.36283818566837
"70 FRANKLIN STREET, Boston, MA",SAM,-71.13303852631212,42.25239344700857
"313 OLD COLONY AVENUE, Boston, MA",SAM,-71.05276199057866,42.32973305089322
"272 BOYLSTON STREET, Boston, MA",SAM,-71.1006688904823,42.31375261588811
"2 OLIVER STREET, Boston, MA",SAM,-71.05473685532054,42.357344927443506
"314 SPRING STREET, Boston, MA",SAM,-71.17172909327185,42.2722202610704
"45 GAINSBOROUGH STREET, Boston, MA",SAM,-71.0871956619177,42.34198753488577
"285 TREMONT STREET, Boston, MA",SAM,-71.0654214164841,42.349526062528874
"7 BOWDOIN STREET, Boston, MA",SAM,-71.06297818616227,42.36098047429204
"250 FRANKLIN STREET, Boston, MA",SAM,-71.05426935330887,42.35645343949717
"14 TREMONT STREET, Boston, MA",SAM,-71.1689499899078,42.350367789864194
"736 CENTRE STREET, Boston, MA",SAM,-71.11456469191313,42.310776291591814
"741 WILLIAM T MORRISSEY BOULEVARD, Boston, MA",SAM,-71.04794459633803,42.294897078474406
"387 BOWDOIN STREET, Boston, MA",SAM,-71.06349612723609,42.30982376542724
"26 BROADWAY NAN, Boston, MA",SAM,-71.0669509437014,42.349744094528084
"775 DUDLEY STREET, Boston, MA",SAM,-71.06676672593899,42.31771693440128
"915 COMMONWEALTH AVENUE, Boston, MA",SAM,-71.11721361391172,42.35144674079793
"152 ARLINGTON STREET, Boston, MA",SAM,-71.15881390157583,42.35259367129525
"142 BERKELEY STREET, Boston, MA",SAM,-71.07200865088241,42.34888390684912
"238 MERIDIAN STREET, Boston, MA",SAM,-71.03921893642317,42.37598227917598
"605 CENTRE STREET, Boston, MA",SAM,-71.11419110822905,42.31469326311271
"26 PROVINCE STREET, Boston, MA",SAM,-71.05974251942395,42.3571557969631
"815 FIFTH STREET, Boston, MA",SAM,-71.02766133003043,42.33401015002867
"1881 CENTRE STREET, Boston, MA",SAM,-71.15575139356886,42.28584381181423
"366 WASHINGTON STREET, Boston, MA",SAM,-71.15369977023491,42.34908809561399
"5200 WASHINGTON STREET, Boston, MA",SAM,-71.15681514832204,42.26134316244421
"285 MARTIN LUTHER KING JR BOULEVARD, Boston, MA",SAM,-71.08439927425529,42.318506302809354
"926 CUMMINS HIGHWAY, Boston, MA",SAM,-71.09507508039978,42.268241977232705
"1065 TRUMAN PARKWAY, Boston, MA",SAM,,
"19 HARRISON AVENUE, Boston, MA",SAM,-71.06133262098277,42.35213624023528
"45 MASSACHUSETTS AVENUE, Boston, MA",SAM,-71.08912817565587,42.34991257983529
"22 MERCHANTS ROW, Boston, MA",SAM,-71.05579943894556,42.36070381413904
"2286 DORCHESTER AVENUE, Boston, MA",SAM,-71.06789175865319,42.27257568334307
"566 DORCHESTER AVENUE, Boston, MA",SAM,,
"21 MASSACHUSETTS AVENUE, Boston, MA",SAM,-71.08943137360934,42.350561230746756
"29 RITA ROAD, Boston, MA",SAM,-71.05107081445703,42.28263153839368
"19 OAKTON AVENUE, Boston, MA",SAM,-71.05353092562851,42.28666779357037
"135 HUMBOLDT AVENUE, Boston, MA",SAM,-71.08744715633713,42.31581152426308
"68 ANNUNCIATION ROAD, Boston, MA",SAM,-71.09369473921845,42.33465931411127
"5 SAINT LUKES ROAD, Boston, MA",SAM,-71.1270646646154,42.3521192545777
"650 ATLANTIC AVENUE, Boston, MA",SAM,-71.05472311625918,42.35303411187012
"160 HUMBOLDT AVENUE, Boston, MA",SAM,-71.08822461081715,42.31462703398977
"685 COMMONWEALTH AVENUE, Boston, MA",SAM,-71.19510592709665,42.33603210490655
"1800 COLUMBUS AVENUE, Boston, MA",SAM,-71.09823245844905,42.32055451865564
"722 HUNTINGTON AVENUE, Boston, MA",SAM,-71.10368988902444,42.33442462980439
"702 AMERICAN LEGION HIGHWAY, Boston, MA",SAM,-71.11317261168902,42.28348404013205
"91 MASSACHUSETTS AVENUE, Boston, MA",SAM,-71.08842215442876,42.34851612822645
"17 NORTH SQUARE, Boston, MA",SAM,-71.05364772305343,42.36376199449194
"456 HYDE PARK AVENUE, Boston, MA",SAM,-71.11880940173823,42.28510714061949
"95 MASSACHUSETTS AVENUE, Boston, MA",SAM,-71.08832908697252,42.3483289507044
"1219 COMMONWEALTH AVENUE, Boston, MA",SAM,-71.13072358714714,42.35071446385259
"1614 BLUE HILL AVENUE, Boston, MA",SAM,-71.09356367562943,42.26885220288809
"2 HYDE PARK AVENUE, Boston, MA",SAM,-71.11352044724038,42.2998582710888
"10 EDGEMERE ROAD, Boston, MA",SAM,-71.15503639121303,42.261930211176264
"98 A STREET, Boston, MA",SAM,-71.12441742195765,42.250427072596956
"21 ARLINGTON AVENUE, Boston, MA",SAM,-71.07406055244631,42.38685511583093
"111 BLUE HILL AVENUE, Boston, MA",SAM,-71.07763777901567,42.321088778073985
"16 BRIGHTON AVENUE, Boston, MA",SAM,-71.12596698542738,42.35214524143464
"1095 BRIGHTON AVENUE, Boston, MA",SAM,,
"27 HARBOR POINT BOULEVARD, Boston, MA",SAM,-71.04175314523117,42.31912183211918
"7 SCHOOL STREET, Boston, MA",SAM,-71.14213224512325,42.359924885147294
"232 SUMNER STREET, Boston, MA",SAM,-71.03937753139348,42.36877738787909
"33 KILMARNOCK STREET, Boston, MA",SAM,-71.09986948128187,42.34356721306003
"143 BOYLSTON STREET, Boston, MA",SAM,-71.10298195431531,42.316206876220775
"179 COMMERCIAL STREET, Boston, MA",SAM,-71.0517920856005,42.362820634444084
"9 TYLER STREET, Boston, MA",SAM,-71.12524199581078,42.246600018535254
"1 ERIE STREET, Boston, MA",SAM,-71.07864010552953,42.30336302241332
"412 MARKET STREET, Boston, MA",SAM,-71.15325277842597,42.34956346143443
"686 MORTON STREET, Boston, MA",SAM,-71.09234360813221,42.28470461430879
"1401 WASHINGTON STREET, Boston, MA",SAM,-71.06996541370933,42.34127515017413
"56 SCHOOL STREET, Boston, MA",SAM,-71.14211338139978,42.36003870901649
"36 PROVINCE STREET, Boston, MA",SAM,-71.05983997334863,42.35705005914176
"30 BENNET STREET, Boston, MA",SAM,-71.06263519301044,42.34949940527516
"250 MOUNT VERNON STREET, Boston, MA",SAM,-71.04778045758634,42.319872733189236
"750 WASHINGTON STREET, Boston, MA",SAM,-71.17225455089772,42.352462099632746
"219 DUDLEY STREET, Boston, MA",SAM,-71.08072834831952,42.32844387604198
"210 BORDER STREET, Boston, MA",SAM,-71.03985335655406,42.37569280907465
"64 STANIFORD STREET, Boston, MA",SAM,-71.06380840591244,42.36287938332651
"29 STATE STREET, Boston, MA",SAM,-71.05706490993992,42.3587940311052
"94 SAINT ALPHONSUS STREET, Boston, MA",SAM,-71.10044619291493,42.334248441502034
"86 WHITE STREET, Boston, MA",SAM,-71.03429946700662,42.38059035675825
"343 SARATOGA STREET, Boston, MA",SAM,-71.0309808202013,42.378553818694684
"215 DORCHESTER STREET, Boston, MA",SAM,-71.05185887711389,42.33237507831854
"35 HARVEST STREET, Boston, MA",SAM,-71.05828411643512,42.32305271032103
"396 NORTHAMPTON STREET, Boston, MA",SAM,-71.0831509464992,42.340460282109724
"160 HARRISHOF STREET, Boston, MA",SAM,-71.09139180716704,42.317571043376695
"462 CENTRE STREET, Boston, MA",SAM,-71.1116869438021,42.31936984828413
"405 CENTRE STREET, Boston, MA",SAM,-71.1101994797977,42.321509491997574
"75 INTERVALE STREET, Boston, MA",SAM,-71.07849134532789,42.31088532264489
"225 FRANKLIN STREET, Boston, MA",SAM,-71.05437804591365,42.35626209727387
"1131 TREMONT STREET, Boston, MA",SAM,-71.08789677428715,42.335385020371504
"55 HALLET STREET, Boston, MA",SAM,-71.04707194161892,42.28316526554478
"1405 WASHINGTON STREET, Boston, MA",SAM,-71.06999630600691,42.341259995461414
"13 CORINTH STREET, Boston, MA",SAM,-71.13032600073093,42.28645021879192
"704 BROADWAY NAN, Boston, MA",SAM,-71.03715808177355,42.33565069973044
"34 BATTERYMARCH STREET, Boston, MA",SAM,-71.05416309892502,42.357651684222446
"206 MAGNOLIA STREET, Boston, MA",SAM,-71.07370273043341,42.31144013663802
"57 CANAL STREET, Boston, MA",SAM,-71.05946577900393,42.364069600704056
"991 BENNINGTON STREET, Boston, MA",SAM,-71.00869032645943,42.38592101085289
"239 DUDLEY STREET, Boston, MA",SAM,-71.07984703435045,42.3284640375983
"120 BYRON STREET, Boston, MA",SAM,-71.01730504984809,42.38418923420698
"221 COLUMBUS AVENUE, Boston, MA",SAM,-71.07388148074891,42.34706320997349
"106 BUNKER HILL STREET, Boston, MA",SAM,-71.05871031409079,42.377593070893305
"4899 WASHINGTON STREET, Boston, MA",SAM,-71.14850399757498,42.2692532345484
"118 DORCHESTER STREET, Boston, MA",SAM,-71.04638432883405,42.33509581714589
"669 CENTRE STREET, Boston, MA",SAM,-71.11421865277816,42.31259091719153
"255 STATE STREET, Boston, MA",SAM,-71.0517257810522,42.359572383544524
"1616 COMMONWEALTH AVENUE, Boston, MA",SAM,-71.14299391066496,42.34308117898889
"141 SALEM STREET, Boston, MA",SAM,-71.05538055404415,42.36511043084869
"6 LONG WHARF, Boston, MA",SAM,-71.05071965507214,42.359734568294925
"100 HEBRON STREET, Boston, MA",SAM,-71.10569550722333,42.27456594090102
"597 WASHINGTON STREET, Boston, MA",SAM,-71.16589699639188,42.35044005832571
"177 ALLSTON STREET, Boston, MA",SAM,-71.138801931181,42.34673634942112
"280 CAMBRIDGE STREET, Boston, MA",SAM,-71.06799994334645,42.361045642563234
"134 BUNKER HILL STREET, Boston, MA",SAM,-71.05978425497932,42.377965074357554
"27 CORINTH STREET, Boston, MA",SAM,-71.1298625337412,42.286160551858124
"224 AMORY STREET, Boston, MA",SAM,-71.10327185546139,42.31635041498658
"271 MERIDIAN STREET, Boston, MA",SAM,-71.03907148257393,42.3763000602216
"303 CONGRESS STREET, Boston, MA",SAM,-71.05037879647699,42.35150878077204
"99 HIGH STREET, Boston, MA",SAM,-71.06144041390522,42.30880919961712
"33 STANHOPE STREET, Boston, MA",SAM,-71.07262374608624,42.348762619764535
"626 ADAMS STREET, Boston, MA",SAM,-71.05535780429443,42.28841513167423
"357 TREMONT STREET, Boston, MA",SAM,-71.06748207244765,42.348385335715705
"3100 WASHINGTON STREET, Boston, MA",SAM,-71.09895195914942,42.31503983195915
"232 TREMONT STREET, Boston, MA",SAM,-71.06479830146505,42.35121537208768
"235 BAKER STREET, Boston, MA",SAM,-71.16685270105869,42.27774224039221
"55 BEACH STREET, Boston, MA",SAM,-71.05497119232032,42.30240818644881
"939 BOYLSTON STREET, Boston, MA",SAM,-71.08489820134857,42.34813428595312
"105 ALLSTON STREET, Boston, MA",SAM,-71.13874468177718,42.34684321497627
"35 NORTHAMPTON STREET, Boston, MA",SAM,-71.07547263588884,42.33418104039346
"4272 WASHINGTON STREET, Boston, MA",SAM,-71.12941532423262,42.28517360249716
"277 DARTMOUTH STREET, Boston, MA",SAM,-71.07765700248231,42.350851354615536
"280 FENWAY NAN, Boston, MA",SAM,-71.09833916601728,42.33874621232857
"75 FRANCIS STREET, Boston, MA",SAM,-71.10575657730858,42.33480337111962
"134 BROADWAY NAN, Boston, MA",SAM,-71.05421710315389,42.34105345596035
"302 BROADWAY NAN, Boston, MA",SAM,-71.0506885482913,42.33877728457611
"645 SECOND STREET, Boston, MA",SAM,-71.03739890648271,42.33723003457737
"180 MORTON STREET, Boston, MA",SAM,-71.1023366857109,42.29903069461993
"467 BROADWAY NAN, Boston, MA",SAM,-71.04649758369068,42.33592317230113
"79 STANTON STREET, Boston, MA",SAM,-71.07882820472454,42.283215765823876
"209 SUMNER STREET, Boston, MA",SAM,-71.03997208308375,42.368911003860916
"384 MAIN STREET, Boston, MA",SAM,-71.06970751560327,42.37993417910072
"590 COMMONWEALTH AVENUE, Boston, MA",SAM,-71.09977360425438,42.3490302246939
"4594 WASHINGTON STREET, Boston, MA",SAM,-71.13801386203691,42.277356111957396
"275 BABCOCK STREET, Boston, MA",SAM,-71.12078311809567,42.35367511388353
"847 DORCHESTER AVENUE, Boston, MA",SAM,-71.05685919241128,42.321865683856366
"85 CAUSEWAY STREET, Boston, MA",SAM,-71.06246541599693,42.36473452807259
"609 FOURTH STREET, Boston, MA",SAM,,
"100 PETERBOROUGH STREET, Boston, MA",SAM,-71.09945496559013,42.343075421292376
"133 HANCOCK STREET, Boston, MA",SAM,-71.06312691334192,42.31157673089902
"40 SCHOOL STREET, Boston, MA",SAM,-71.14322267711137,42.360285136164045
"239 MERIDIAN STREET, Boston, MA",SAM,-71.03906408780863,42.37599440914642
"67 MAIN STREET, Boston, MA",SAM,-71.06248061167646,42.37362250365864
"161 BERKELEY STREET, Boston, MA",SAM,-71.07208326200085,42.34936721793723
"644 BEACON STREET, Boston, MA",SAM,-71.09545422766541,42.34929233411278
"95 BERKELEY STREET, Boston, MA",SAM,-71.07091099825051,42.347036081299315
"22 BENNINGTON STREET, Boston, MA",SAM,-71.03804510523422,42.37526610439813
"2030 CENTRE STREET, Boston, MA",SAM,-71.15808208767378,42.280824766372845
"1060 MORTON STREET, Boston, MA",SAM,-71.0776238542464,42.277462153419336
"676 BROADWAY NAN, Boston, MA",SAM,-71.03805444860755,42.3356347681676
"3064 WASHINGTON STREET, Boston, MA",SAM,-71.09829980956738,42.31569755830648
"1 ASHMONT STREET, Boston, MA",SAM,-71.0711053588596,42.285286992740936
"24 CLINTON STREET, Boston, MA",SAM,-71.05533780223544,42.36074376095659
"87 MEDFORD STREET, Boston, MA",SAM,-71.05598434900632,42.3791808097759
"37 POPLAR STREET, Boston, MA",SAM,-71.12892997563844,42.28609002000002
"1248 RIVER STREET, Boston, MA",SAM,-71.12284801574431,42.25590143837296
"21 BROAD STREET, Boston, MA",SAM,-71.0544557583694,42.3587048225839
"74 STANIFORD STREET, Boston, MA",SAM,-71.06381061682141,42.3629799799644
"50 BROOKLINE STREET, Boston, MA",SAM,-71.07344230078996,42.34031144026796
"338 WASHINGTON STREET, Boston, MA",SAM,-71.15241218641086,42.34901384744973
"25 TYLER STREET, Boston, MA",SAM,-71.12487227097448,42.24623167835251
"86 BOARDMAN STREET, Boston, MA",SAM,-71.00924562008954,42.38797306220031
"1124 BOYLSTON STREET, Boston, MA",SAM,-71.0891411334754,42.34686258748232
"111 CAUSEWAY STREET, Boston, MA",SAM,-71.06187749596423,42.365050418970526
"126 STATE STREET, Boston, MA",SAM,-71.05452538646706,42.359291021801575
"125 PEARL STREET, Boston, MA",SAM,-71.06260513882081,42.38065821729308
"485 CAMBRIDGE STREET, Boston, MA",SAM,-71.13702216199495,42.35379710588567
"210 HANOVER STREET, Boston, MA",SAM,-71.05553668630974,42.362867448598585
"1174 RIVER STREET, Boston, MA",SAM,-71.12083455186374,42.255999924158395
"95 MORELAND STREET, Boston, MA",SAM,-71.07749066546899,42.323186754963245
"1502 TREMONT STREET, Boston, MA",SAM,-71.09927705021093,42.33219975243156
"527 DUDLEY STREET, Boston, MA",SAM,-71.07254002092999,42.322009703889336
"418 MARKET STREET, Boston, MA",SAM,-71.15334745719014,42.34939385464875
"96 BLACKSTONE STREET, Boston, MA",SAM,-71.05647570419895,42.36173438714559
"758 ADAMS STREET, Boston, MA",SAM,-71.05547074571129,42.28396731850537
"147 PEARL STREET, Boston, MA",SAM,-71.06252260379411,42.380766147716734
"100 CITY HALL PLAZA, Boston, MA",SAM,,
"22 CORINTH STREET, Boston, MA",SAM,-71.1307618089231,42.286810305541664
"239 GROVE STREET, Boston, MA",SAM,-71.15732255868214,42.26201659727154
"890 WASHINGTON STREET, Boston, MA",SAM,-71.07074397607111,42.28098719783733
"190 NORTH STREET, Boston, MA",SAM,-71.0535068928317,42.36344881384497
"83 CANAL STREET, Boston, MA",SAM,-71.0596735726542,42.364265452234974
"160 TRENTON STREET, Boston, MA",SAM,-71.0339991670881,42.37986669881145
"333 CENTRE STREET, Boston, MA",SAM,-71.1050892665509,42.32276238304165
"18 HULBERT STREET, Boston, MA",SAM,-71.08782861023178,42.323488019556486
"4441 WASHINGTON STREET, Boston, MA",SAM,-71.13414891309127,42.280937840759385
"506 CAMBRIDGE STREET, Boston, MA",SAM,-71.13795697865199,42.35332956697468
"2 SULLIVAN STREET, Boston, MA",SAM,-71.0673098681524,42.37786638218571
"714 PARKER STREET, Boston, MA",SAM,-71.09734749284605,42.33117181072943
"207 BOYLSTON STREET, Boston, MA",SAM,-71.10126532828261,42.313982147285294
"4172 WASHINGTON STREET, Boston, MA",SAM,-71.12651677211738,42.28786351824162
"680 WASHINGTON STREET, Boston, MA",SAM,-71.17125612039267,42.351961068967
"3390 WASHINGTON STREET, Boston, MA",SAM,-71.10585067984088,42.308030504526144
"32 FRUIT STREET, Boston, MA",SAM,-71.07008277287098,42.3623844267869
"183 WASHINGTON STREET, Boston, MA",SAM,-71.14654660265246,42.346329841803886
"740 DUDLEY STREET, Boston, MA",SAM,-71.06700197088911,42.317951600873776
"1064 RIVER STREET, Boston, MA",SAM,-71.11771741754772,42.258951690366224
"1525 WASHINGTON STREET, Boston, MA",SAM,-71.07208443203955,42.339967143882305
"42 MAVERICK STREET, Boston, MA",SAM,-71.04156598986302,42.371348708689986
"403 WASHINGTON STREET, Boston, MA",SAM,-71.15525768262479,42.34917905160078
"1420 CENTRE STREET, Boston, MA",SAM,-71.13591135946892,42.29435180426066
"3997 WASHINGTON STREET, Boston, MA",SAM,-71.12137354661297,42.292884570518176
"510 WASHINGTON STREET, Boston, MA",SAM,-71.16250879439588,42.348945535121004
"45 BROMFIELD STREET, Boston, MA",SAM,-71.06046418091373,42.356945071211626
"465 BROADWAY NAN, Boston, MA",SAM,-71.04654260641745,42.335951738451435
"734 DUDLEY STREET, Boston, MA",SAM,-71.06713424052613,42.31800510321172
"792 WASHINGTON STREET, Boston, MA",SAM,-71.1725439703238,42.352604536451416
"371 BROADWAY NAN, Boston, MA",SAM,-71.0494027910158,42.33779495756658
"33 BOSTON FISH PIER NAN, Boston, MA",SAM,,
"1076 BOYLSTON STREET, Boston, MA",SAM,-71.08862390867306,42.347005056590454
"1222 COMMONWEALTH AVENUE, Boston, MA",SAM,-71.13057340678301,42.35018881983737
"183 NORFOLK AVENUE, Boston, MA",SAM,-71.06929885761107,42.32509153522807
"17 MAVERICK SQUARE, Boston, MA",SAM,-71.03971782707794,42.369014859484444
"889 DORCHESTER AVENUE, Boston, MA",SAM,-71.05684445346353,42.32053591657896
"10 FENWOOD ROAD, Boston, MA",SAM,-71.10604451949332,42.333997423524686
"40 SAINT THERESA AVENUE, Boston, MA",SAM,-71.15791350817338,42.27779877510331
"10 CITY HALL AVENUE, Boston, MA",SAM,-71.05931492659408,42.35786888276201
"250 ATLANTIC AVENUE, Boston, MA",SAM,-71.05079539139491,42.35913913904166
"1906 DORCHESTER AVENUE, Boston, MA",SAM,-71.06402581276957,42.2864215180163
"93 BELLEVUE STREET, Boston, MA",SAM,-71.0700428807526,42.30832342109928
"49 MARGIN STREET, Boston, MA",SAM,-71.12503860160136,42.251145053759664
"13 READVILLE STREET, Boston, MA",SAM,-71.13419058582546,42.245266449067316
"170 TEMPLE STREET, Boston, MA",SAM,-71.16542887776016,42.28261349051726
"12 CHISHOLM LANE, Boston, MA",SAM,-71.1288564368662,42.27616777576986
"366 SECOND STREET, Boston, MA",SAM,-71.04620902015976,42.33823218815837
"16 WESTMINSTER AVENUE, Boston, MA",SAM,-71.09566816746056,42.316387966175526
"158 WACHUSETT STREET, Boston, MA",SAM,-71.11649141585924,42.29371059657786
"12 DRUMMOND STREET, Boston, MA",SAM,-71.08382445157771,42.30079390549276
"30 UNION PARK STREET, Boston, MA",SAM,-71.0701544927826,42.34184000595088
"323 CENTRE STREET, Boston, MA",SAM,-71.10459354101306,42.322812299905095
"45 LEYDEN STREET, Boston, MA",SAM,-71.01083747449502,42.390159121012324
"27 DALRYMPLE STREET, Boston, MA",SAM,-71.10152274350652,42.31561528378163
"37 SHEPARD STREET, Boston, MA",SAM,-71.15080320918105,42.34667026462843
"185 DEVONSHIRE STREET, Boston, MA",SAM,-71.05730147203192,42.355899629448274
"103 BOLTON STREET, Boston, MA",SAM,-71.05124753751049,42.34085260433764
"11 CERINA ROAD, Boston, MA",SAM,-71.10690474927195,42.31255892056462
"4 WARNER STREET, Boston, MA",SAM,-71.08032668387047,42.296242555901564
"178 MAGNOLIA STREET, Boston, MA",SAM,-71.07276248650949,42.31263155011443
"5 EVERETT AVENUE, Boston, MA",SAM,-71.06284909379069,42.315917327429545
"91 SEVENTH STREET, Boston, MA",SAM,-71.05418041841229,42.33635424815174
"37 LEYDEN STREET, Boston, MA",SAM,-71.01116098217636,42.39029589275414
"441 HYDE PARK AVENUE, Boston, MA",SAM,-71.11890655718649,42.285453264534866
"98 ROSSMORE ROAD, Boston, MA",SAM,-71.10568280195902,42.30382979363136
"39 JULIETTE STREET, Boston, MA",SAM,-71.06281216628898,42.30595377747323
"498 MEDFORD STREET, Boston, MA",SAM,-71.06892308769969,42.38371930947283
"39 LEYDEN STREET, Boston, MA",SAM,-71.01107963259889,42.39026199708874
"174 MAGNOLIA STREET, Boston, MA",SAM,-71.07264072106777,42.312786524319044
"22 ATHERTON AVENUE, Boston, MA",SAM,-71.13017754269211,42.284083649368675
"26 FORBES STREET, Boston, MA",SAM,-71.10784930707035,42.32208648887445
"34 MITCHELL STREET, Boston, MA",SAM,-71.05294208828225,42.332139529024396
"97 HOMES AVENUE, Boston, MA",SAM,-71.06699067391429,42.30330558111477
"6 BEECHWOOD STREET, Boston, MA",SAM,-71.07474506400736,42.305096770647104
"323 SECOND STREET, Boston, MA",SAM,-71.0473186151018,42.33880664090355
"784 THIRD STREET, Boston, MA",SAM,-71.02842227322945,42.33665934589877
"24 MITCHELL STREET, Boston, MA",SAM,-71.05261866339798,42.332354235811614
"24 FORBES STREET, Boston, MA",SAM,-71.10788542356559,42.32211591713642
"10 WALES STREET, Boston, MA",SAM,-71.08598388762539,42.29830158380327
"32 JACOB STREET, Boston, MA",SAM,-71.08325452764909,42.28573652204332
"12 WALES STREET, Boston, MA",SAM,-71.0858441466143,42.29820393343632
"15 CERINA ROAD, Boston, MA",SAM,-71.10694359911032,42.3125729138748
"137 LAMARTINE STREET, Boston, MA",SAM,-71.10391409252068,42.31867326544441
"9 GRANT PLACE, Boston, MA",SAM,-71.07004833607759,42.27464332838833
"24 INTERVALE STREET, Boston, MA",SAM,-71.0806379027391,42.31190985310852
"41 LEYDEN STREET, Boston, MA",SAM,-71.01099916679074,42.390228212098734
"9 READVILLE STREET, Boston, MA",SAM,-71.13432573724315,42.24524823717611
"54 IFFLEY ROAD, Boston, MA",SAM,-71.09921950087382,42.31238199269749
"276 BOWEN STREET, Boston, MA",SAM,-71.04936312363823,42.33503619341372
"10 CHISHOLM LANE, Boston, MA",SAM,-71.12886485351066,42.27617514033545
"95 BELLEVUE STREET, Boston, MA",SAM,-71.07005901778963,42.30830835986395
"151 ELMER ROAD, Boston, MA",SAM,-71.055760961319,42.28709648227282
"99 BELLEVUE STREET, Boston, MA",SAM,-71.0700912918637,42.30827823739334
"133 LAMARTINE STREET, Boston, MA",SAM,-71.10380331957224,42.31878720333963
"301 BOLTON STREET, Boston, MA",SAM,-71.04581309999445,42.33735235083185
"72 SOUTH STREET, Boston, MA",SAM,-71.15671803323868,42.33993517563786
"164 SEAPORT BOULEVARD, Boston, MA",SAM,-71.04315004694766,42.35068981607067
"191 K STREET, Boston, MA",SAM,-71.03753753138368,42.33668333016007
"13 LESTER PLACE, Boston, MA",SAM,-71.11393034522757,42.31360318549284
"126 THIRD STREET, Boston, MA",SAM,-71.05592542400707,42.37255141548955
"101 BELLEVUE STREET, Boston, MA",SAM,-71.07010346657239,42.308267979895234
"1 AUTUMN STREET, Boston, MA",SAM,-71.16057278988146,42.27643105090655
"26 LESLIE STREET, Boston, MA",SAM,-71.05865648416379,42.295410656542806
"28 BEACH STREET, Boston, MA",SAM,-71.05452335584805,42.3030863283205
"48 ROSEBERY ROAD, Boston, MA",SAM,-71.1041733124491,42.26692259967438
"95 HOMES AVENUE, Boston, MA",SAM,-71.06708745826468,42.30327881510184
"419 COMMONWEALTH AVENUE, Boston, MA",SAM,-71.09088355561902,42.34926354727976
"11 READVILLE STREET, Boston, MA",SAM,-71.13425816153429,42.245257343121715
"31 LESTON STREET, Boston, MA",SAM,-71.09047941050444,42.283014561250155
"148 BIRCH STREET, Boston, MA",SAM,-71.1340064970368,42.28335606659977
"10 MARIPOSA STREET, Boston, MA",SAM,-71.1062890600362,42.26828912150909
"52 WHEATLAND AVENUE, Boston, MA",SAM,-71.07456223708145,42.293133278122944
"101 BOLTON STREET, Boston, MA",SAM,-71.05127613096896,42.34087004432333
"15 CRAWFORD STREET, Boston, MA",SAM,-71.08431490214569,42.310865290357484
"37 KITTREDGE STREET, Boston, MA",SAM,-71.1293300850854,42.28380134759271
"7 HIAWATHA ROAD, Boston, MA",SAM,-71.09392052659602,42.2764640728898
"73 BUSINESS STREET, Boston, MA",SAM,-71.12797443515646,42.25272205600342
"36 SAWYER AVENUE, Boston, MA",SAM,-71.06014151033797,42.31246098011079
"176 MAGNOLIA STREET, Boston, MA",SAM,-71.07270160378863,42.31270903721675
"496 MEDFORD STREET, Boston, MA",SAM,-71.06885542172175,42.38371265379973
"221 NEPONSET AVENUE, Boston, MA",SAM,-71.0495210516241,42.291317378440255
"35 CREIGHTON STREET, Boston, MA",SAM,-71.10784720317461,42.32367994157298
"12 WOLCOTT COURT, Boston, MA",SAM,-71.12971397307778,42.23829147447364
"9 ARBORCREST TERRACE, Boston, MA",SAM,-71.08688797676686,42.27269284136897
"40 OLDFIELDS ROAD, Boston, MA",SAM,-71.0781988493704,42.306842947236774
"680 SARATOGA STREET, Boston, MA",SAM,-71.02007821939418,42.38275270058388
"25 G STREET, Boston, MA",SAM,-71.04433935599405,42.3352930151734
"10 EVERGREEN STREET, Boston, MA",SAM,-71.10947905451577,42.32385365084314
"2 WARNER STREET, Boston, MA",SAM,-71.08036562154324,42.296350716137226
"160 E STREET, Boston, MA",SAM,-71.05391607326726,42.33407613655329
"135 LAMARTINE STREET, Boston, MA",SAM,-71.10385870604645,42.31873023439202
"6 WARNER STREET, Boston, MA",SAM,-71.08028774619771,42.296134395665916
"68 SUMMER STREET, Boston, MA",SAM,-71.12518432897794,42.25940822339211
"2604 CENTRE STREET, Boston, MA",SAM,-71.1633505231277,42.26166425055783
"147 B STREET, Boston, MA",SAM,-71.05256346493074,42.34186394475966
"30 COBDEN STREET, Boston, MA",SAM,-71.09518962290146,42.317175144955215
"37 COFFEY STREET, Boston, MA",SAM,-71.04987109330878,42.28879204419133
"42 OLDFIELDS ROAD, Boston, MA",SAM,-71.07822484129707,42.30686312920787
"845 SARATOGA STREET, Boston, MA",SAM,-71.01391522687796,42.384920448525186
"9 HIAWATHA ROAD, Boston, MA",SAM,-71.09399339148008,42.27646295189376
"43 LEYDEN STREET, Boston, MA",SAM,-71.01091832064289,42.390193666555525
"108 GLENDOWER ROAD, Boston, MA",SAM,-71.13170003300873,42.27572537620389
"4 BEECHWOOD STREET, Boston, MA",SAM,-71.07477018602596,42.30507274088899
"530 EIGHTH STREET, Boston, MA",SAM,-71.04026889706607,42.33144292152905
"2 VESTA ROAD, Boston, MA",SAM,-71.0871757694277,42.296686000432395
"36 ROCKLAND STREET, Boston, MA",SAM,-71.15858815427796,42.25791368063285
"10 MAPLE LANE, Boston, MA",SAM,-71.15436681803627,42.28777516057227
"718 EIGHTH STREET, Boston, MA",SAM,-71.0326540465549,42.33156662690038
"500 MEDFORD STREET, Boston, MA",SAM,-71.06899075367764,42.38372596514591
"4 VESTA ROAD, Boston, MA",SAM,-71.08711184530387,42.29666771854107
"8 CHISHOLM LANE, Boston, MA",SAM,-71.12887327015517,42.276182504901016
"19 EMERSON STREET, Boston, MA",SAM,-71.04328849496329,42.33647075333562
"8 EVERGREEN STREET, Boston, MA",SAM,-71.10941765719326,42.323837410256594
"1175 TREMONT STREET, Boston, MA",SAM,-71.08901143324539,42.33488264638268
"1 WORRELL STREET, Boston, MA",SAM,-71.04933446112513,42.29378796891519
"177 SECOND STREET, Boston, MA",SAM,-71.05153991964569,42.341529953710655
"179 SECOND STREET, Boston, MA",SAM,-71.05148688865938,42.34149456785233
"490 COMMONWEALTH AVENUE, Boston, MA",SAM,-71.0946596528477,42.34874937780708
"145 HARVARD AVENUE, Boston, MA",SAM,-71.12262459247587,42.260239837722075
"50 CONGRESS STREET, Boston, MA",SAM,-71.05638516394256,42.35780374570748
"40 BEACH STREET, Boston, MA",SAM,-71.05465455982451,42.3027672593071
"636 WASHINGTON STREET, Boston, MA",SAM,-71.16879905779939,42.35083216991524
"47 TEMPLE PLACE, Boston, MA",SAM,-71.06212841763544,42.355230087035345
"24 TEMPLE PLACE, Boston, MA",SAM,-71.06241249373767,42.35551145340679
"19 BATTERY STREET, Boston, MA",SAM,-71.0524324773663,42.36622605435724
"1 ASHMONT PARK, Boston, MA",SAM,-71.06338054306828,42.28667665181809
"755 TRUMAN PARKWAY, Boston, MA",SAM,,
"25 ATKINS STREET, Boston, MA",SAM,-71.17018554569106,42.352455850462334
"70 SALEM STREET, Boston, MA",SAM,-71.06645911444342,42.37748981522889
"144 FRANKLIN STREET, Boston, MA",SAM,-71.1316806344152,42.36115733375628
"772 TRUMAN PARKWAY, Boston, MA",SAM,,
"164 ROSSETER STREET, Boston, MA",SAM,-71.0727547815219,42.30103986853534
"12 FLEET STREET, Boston, MA",SAM,-71.13568584309456,42.23897186339178
"40 GRANGER STREET, Boston, MA",SAM,-71.05745545821323,42.3025603568635
"3 WALTON STREET, Boston, MA",SAM,-71.07105311382477,42.28720966205961
"128 NONANTUM STREET, Boston, MA",SAM,-71.17272465826836,42.349979388105254
"120 BLACKSTONE STREET, Boston, MA",SAM,-71.05653282658444,42.36178026497733
"1415 WASHINGTON STREET, Boston, MA",SAM,-71.0700735367509,42.34122210867967
"300 HANOVER STREET, Boston, MA",SAM,-71.05416384427882,42.364179681613294
"226 HANOVER STREET, Boston, MA",SAM,-71.0552647306502,42.36312597005853
"37 BROWNING AVENUE, Boston, MA",SAM,-71.08139595048611,42.29428608268509
"41 AMES WAY, Boston, MA",SAM,-71.08643710526566,42.2897297050479
"260 WARREN STREET, Boston, MA",SAM,-71.08195536442398,42.32207552150612
"1299 MASSACHUSETTS AVENUE, Boston, MA",SAM,-71.06158898920243,42.320501257796806
"42 HORAN WAY, Boston, MA",SAM,,
"32 NEWBURY STREET, Boston, MA",SAM,-71.0724627274979,42.3522492691238
"278 NINTH STREET, Boston, MA",SAM,-71.05173759586627,42.33264949687177
"62 ADAMSON STREET, Boston, MA",SAM,-71.13447675359062,42.358136026627676
"551 BOYLSTON STREET, Boston, MA",SAM,-71.07617619491934,42.35047461858149
"41 VALLAR ROAD, Boston, MA",SAM,-71.00802426679273,42.392648170859005
"433 OLD COLONY AVENUE, Boston, MA",SAM,-71.05254572269243,42.325126997428924
"1 TORREY STREET, Boston, MA",SAM,-71.07129736403206,42.28776959665558
"3557 WASHINGTON STREET, Boston, MA",SAM,-71.10979504172404,42.304205235370915
"385 BLUE HILL AVENUE, Boston, MA",SAM,-71.08110924183997,42.31153358969844
"11 MARSHFIELD STREET, Boston, MA",SAM,-71.06978896666476,42.32256942300814
"11 LONG AVENUE, Boston, MA",SAM,-71.13572965626106,42.34918914510367
"159 DELHI STREET, Boston, MA",SAM,-71.08959956637938,42.2761861867027
"15 DR. MICHAEL GAVIN WAY, Boston, MA",SAM,-71.05357214209859,42.32615217659356
"125 FOREST HILLS STREET, Boston, MA",SAM,-71.10261679425679,42.308177001715094
"1243 ADAMS STREET, Boston, MA",SAM,-71.06806915171032,42.27194683570634
"106 GRANITE AVENUE, Boston, MA",SAM,-71.05448347005706,42.28000263772513
"23 COLORADO STREET, Boston, MA",SAM,-71.09863617012782,42.27826159306011
"1409 WASHINGTON STREET, Boston, MA",SAM,-71.07002719830452,42.3412448407487
"11 THORNTON STREET, Boston, MA",SAM,-71.08918113889631,42.32639600505562
"92 MAIN STREET, Boston, MA",SAM,-71.06301285857134,42.37377784534981
"73 A STREET, Boston, MA",SAM,-71.12482471799326,42.25041209498477
"169 A STREET, Boston, MA",SAM,-71.05352675390195,42.34357317126564
"241 A STREET, Boston, MA",SAM,-71.05147574692509,42.34639705103384
"5 A STREET, Boston, MA",SAM,-71.12578624637639,42.25068071250979
"12 ABBOT STREET, Boston, MA",SAM,-71.08655891410602,42.29760639275997
"4 ABBOTSFORD STREET, Boston, MA",SAM,-71.09353623400241,42.31501814172607
"31 ABBOTSFORD STREET, Boston, MA",SAM,-71.0915136679031,42.31419310164403
"40 ADAIR ROAD, Boston, MA",SAM,-71.16679781327298,42.35208402258948
"130 ADAMS STREET, Boston, MA",SAM,-71.06099447476663,42.30437787907659
"132 ADAMS STREET, Boston, MA",SAM,-71.06096265054134,42.304303780859186
"134 ADAMS STREET, Boston, MA",SAM,-71.06093082631607,42.304229682641775
"136 ADAMS STREET, Boston, MA",SAM,-71.06089900209076,42.30415558442435
"200 ADAMS STREET, Boston, MA",SAM,-71.06004577800698,42.30212108591121
"240 ADAMS STREET, Boston, MA",SAM,-71.05929436846935,42.300869666368264
"246 ADAMS STREET, Boston, MA",SAM,-71.05922993937862,42.300766280127036
"276 ADAMS STREET, Boston, MA",SAM,-71.05861896575495,42.29985989038
"286 ADAMS STREET, Boston, MA",SAM,-71.05840273535613,42.29964283003404
"321 ADAMS STREET, Boston, MA",SAM,-71.05715302774836,42.29825647054055
"322 ADAMS STREET, Boston, MA",SAM,-71.05710082958085,42.298418690607356
"333 ADAMS STREET, Boston, MA",SAM,-71.05692235311243,42.29794459596363
"337 ADAMS STREET, Boston, MA",SAM,-71.05686666575248,42.29780580447094
"430 ADAMS STREET, Boston, MA",SAM,-71.05636672930366,42.294674661489445
"537 ADAMS STREET, Boston, MA",SAM,-71.05718226016963,42.291280028031565
"690 ADAMS STREET, Boston, MA",SAM,-71.05458826462637,42.286305147604466
"875 ADAMS STREET, Boston, MA",SAM,-71.05634383208915,42.28277202320316
"1156 ADAMS STREET, Boston, MA",SAM,-71.06549465683752,42.27265405956977
"4 ADAMS PLACE, Boston, MA",SAM,-71.04871523759358,42.33838982651942
"16 ADAMSON STREET, Boston, MA",SAM,-71.13653432982714,42.35854294661051
"6 ADANAC TERRACE, Boston, MA",SAM,-71.06128106653493,42.287156763046916
"79 ADDISON STREET, Boston, MA",SAM,-71.01734981312796,42.38555048335557
"95 ADDISON STREET, Boston, MA",SAM,-71.01695561824717,42.385462800479935
"145 ADDISON STREET, Boston, MA",SAM,-71.01572375924465,42.38518879149353
"8 ADELAIDE STREET, Boston, MA",SAM,-71.10948568553694,42.318002782763216
"1 AGUADILLA STREET, Boston, MA",SAM,-71.07417609202595,42.342003318295426
"22 AGUADILLA STREET, Boston, MA",SAM,-71.07460450551498,42.341467141603644
"1 AKRON STREET, Boston, MA",SAM,-71.08648086039135,42.32596363271603
"2 AKRON STREET, Boston, MA",SAM,-71.0864267149687,42.326071004153036
"50 ALARIC STREET, Boston, MA",SAM,-71.16203362974248,42.27714606479301
"39 ALASKA STREET, Boston, MA",SAM,-71.07888525046542,42.3210867595194
"109 ALBAN STREET, Boston, MA",SAM,-71.06632834084725,42.287405753936596
"2 KNEELAND STREET, Boston, MA",SAM,-71.06287878075014,42.35095947006945
"365 ALBANY STREET, Boston, MA",SAM,-71.06291584219909,42.342312017945204
"381 ALBANY STREET, Boston, MA",SAM,-71.063054478182,42.34204119416232
"531 ALBANY STREET, Boston, MA",SAM,-71.06680250736311,42.338356532553604
"575 ALBANY STREET, Boston, MA",SAM,-71.06755068748136,42.337819038122184
"669 ALBANY STREET, Boston, MA",SAM,-71.06986089532634,42.336168424894076
"715 ALBANY STREET, Boston, MA",SAM,-71.0705399622831,42.335690696700574
"771 ALBANY STREET, Boston, MA",SAM,-71.07336617071519,42.33368734346706
"1 ALBION STREET, Boston, MA",SAM,-71.11576373486545,42.25374101840778
"4 ALBRIGHT STREET, Boston, MA",SAM,-71.16653881388629,42.286771081505826
"75 ALDIE STREET, Boston, MA",SAM,-71.13400524956182,42.35866334089339
"5 ALDRICH STREET, Boston, MA",SAM,-71.13949528363052,42.28599854720979
"10 ALDWIN ROAD, Boston, MA",SAM,-71.11888623589317,42.29437036172719
"7 ALGER STREET, Boston, MA",SAM,-71.05810306923759,42.33276603608629
"11 ALGER STREET, Boston, MA",SAM,-71.05805784511408,42.33276603608485
"109 ALLANDALE STREET, Boston, MA",SAM,-71.13306028974225,42.30156397225063
"200 ALLANDALE STREET, Boston, MA",SAM,-71.13911321039079,42.301693365251026
"16 ALLEN STREET, Boston, MA",SAM,-71.12798933302139,42.24747849396368
"11 ALLEN ROAD, Boston, MA",SAM,-71.15930567856884,42.34960396194892
"13 ALLERTON STREET, Boston, MA",SAM,-71.07207849948597,42.329743239817965
"26 CHESTERTON STREET, Boston, MA",SAM,-71.07043834002349,42.33024842265727
"31 ALLERTON STREET, Boston, MA",SAM,-71.07182510301651,42.32958454704375
"100 ALLSTATE ROAD, Boston, MA",SAM,-71.06484552701563,42.32490041768778
"40 ALLSTON STREET, Boston, MA",SAM,-71.13551366265844,42.35175365700094
"74 ALLSTON STREET, Boston, MA",SAM,-71.13604637505811,42.3508269548884
"212 ALLSTON STREET, Boston, MA",SAM,-71.13889469921399,42.346275608606355
"305 ALLSTON STREET, Boston, MA",SAM,-71.14095980081198,42.34414029948257
"20 ALVESTON STREET, Boston, MA",SAM,-71.11212209708125,42.31066871662509
"56 AMERICAN LEGION HIGHWAY, Boston, MA",SAM,-71.08968385005407,42.297425484593695
"140 AMERICAN LEGION HIGHWAY, Boston, MA",SAM,-71.09255756405462,42.29533088987045
"921 AMERICAN LEGION HIGHWAY, Boston, MA",SAM,,
"20 AMES STREET, Boston, MA",SAM,-71.08619815453746,42.290185931989356
"21 AMES WAY, Boston, MA",SAM,-71.0864767851076,42.28991402438988
"50 AMES STREET, Boston, MA",SAM,-71.08586193409943,42.289867810861736
"51 AMES STREET, Boston, MA",SAM,-71.08545705988394,42.28958663248401
"80 AMES STREET, Boston, MA",SAM,-71.08549433321062,42.28972132800043
"70 AMORY STREET, Boston, MA",SAM,-71.09925375269164,42.320210737761734
"234 AMORY STREET, Boston, MA",SAM,-71.10341053597891,42.31619669681569
"253 AMORY STREET, Boston, MA",SAM,-71.10408580001572,42.315680771745
"18 ANDERSON STREET, Boston, MA",SAM,-71.06772966480202,42.36058253329762
"20 ANDERSON STREET, Boston, MA",SAM,-71.06772608087002,42.3605233983546
"25 ANDERSON STREET, Boston, MA",SAM,-71.06787383761858,42.36040000187476
"53 ANDERSON STREET, Boston, MA",SAM,-71.06778110563103,42.359413715761605
"64 ANDERSON STREET, Boston, MA",SAM,-71.06761015469414,42.35922507876988
"8 ANGELL STREET, Boston, MA",SAM,-71.088116784067,42.2954956126057
"5 ANITA TERRACE, Boston, MA",SAM,-71.09510538119002,42.33023351864623
"26 ANNABEL STREET, Boston, MA",SAM,-71.0629801422792,42.31845581665937
"42 ANNUNCIATION ROAD, Boston, MA",SAM,-71.09279916039704,42.335403338297965
"80 ANNUNCIATION ROAD, Boston, MA",SAM,-71.09375285074988,42.33467982406864
"18 ANSON STREET, Boston, MA",SAM,-71.11430889120116,42.30308674470167
"7 ANTHONY J GRIECO TERRACE, Boston, MA",SAM,-71.03628697476762,42.37216745285563
"2 ANTRIM STREET, Boston, MA",SAM,-71.00588705916657,42.387087323877466
"55 ANTWERP STREET, Boston, MA",SAM,-71.13975047585382,42.35972913077733
"7 APPIAN WAY, Boston, MA",SAM,-71.13284302794725,42.36075612531413
"69 APPLETON STREET, Boston, MA",SAM,-71.07284617173312,42.34569249937304
"131 APPLETON STREET, Boston, MA",SAM,-71.07497088409414,42.34514238315691
"150 APPLETON STREET, Boston, MA",SAM,-71.0750169220174,42.345007837104745
"160 APPLETON STREET, Boston, MA",SAM,-71.0750666436884,42.344994353261704
"27 ARBORFIELD ROAD, Boston, MA",SAM,-71.1220322412042,42.27218886034025
"278 ARBORWAY NAN, Boston, MA",SAM,-71.11945799326878,42.30460641036496
"9 ARCH STREET, Boston, MA",SAM,-71.05786611619835,42.35616497156251
"83 ARCH STREET, Boston, MA",SAM,-71.05825657705584,42.355322598091654
"93 ARCH STREET, Boston, MA",SAM,-71.05835666235357,42.355215363839115
"128 ARCH STREET, Boston, MA",SAM,-71.05865267365478,42.354716354414144
"4 ARDEN STREET, Boston, MA",SAM,-71.12910306493991,42.358225737630534
"4 ARLINGTON STREET, Boston, MA",SAM,-71.15284502920281,42.35186030857908
"16 ARLINGTON STREET, Boston, MA",SAM,-71.15298183614615,42.35190094431554
"20 ARLINGTON STREET, Boston, MA",SAM,-71.15302743846061,42.35191448956104
"140 ARLINGTON STREET, Boston, MA",SAM,-71.15847661940597,42.35259303552758
"166 ARLINGTON STREET, Boston, MA",SAM,-71.15920611137906,42.35259769397302
"5 ARLINGTON AVENUE, Boston, MA",SAM,-71.0739239384833,42.38677492935619
"10 ARMSTRONG STREET, Boston, MA",SAM,-71.10314751980479,42.32126365958839
"19 ARUNDEL STREET, Boston, MA",SAM,-71.10347042765376,42.347607690574016
"22 NASSAU STREET, Boston, MA",SAM,-71.0632219942858,42.34896841682552
"86 ASHFORD STREET, Boston, MA",SAM,-71.12453178877008,42.35432830251677
"134 ASHFORD STREET, Boston, MA",SAM,-71.12375581078788,42.35422991710119
"1 ASHLEY STREET, Boston, MA",SAM,-71.10337053960214,42.32048380434106
"5 ASHLEY STREET, Boston, MA",SAM,-71.10340029566666,42.32051170065789
"209 ASHMONT STREET, Boston, MA",SAM,-71.06314079056526,42.28601276344283
"360 ASHMONT STREET, Boston, MA",SAM,-71.0575822970849,42.2875671248197
"35 ASHMONT STREET, Boston, MA",SAM,-71.0685418583612,42.28517404547519
"65 ASHTON STREET, Boston, MA",SAM,-71.08968451785711,42.28633227833219
"11 ASTICOU ROAD, Boston, MA",SAM,-71.11499216267677,42.30034011747813
"26 ATHENS STREET, Boston, MA",SAM,-71.05595521276881,42.34290212223043
"215 ATHENS STREET, Boston, MA",SAM,-71.05118816752885,42.33965294228149
"276 ATHENS STREET, Boston, MA",SAM,-71.04891823018214,42.33834901047946
"335 ATHENS STREET, Boston, MA",SAM,-71.04822456228467,42.33776060811747
"353 ATHENS STREET, Boston, MA",SAM,-71.04812306738724,42.33769657776507
"1 ATHERTON PLACE, Boston, MA",SAM,-71.09951702060609,42.316668167728714
"99 ATKINSON STREET, Boston, MA",SAM,-71.06855288745703,42.33254239752341
"81 ATLANTIC AVENUE, Boston, MA",SAM,-71.05107982640277,42.36264101712529
"110 ATLANTIC AVENUE, Boston, MA",SAM,-71.05107194385006,42.36210339493019
"227 ATLANTIC AVENUE, Boston, MA",SAM,-71.05259082016595,42.361257901117405
"352 ATLANTIC AVENUE, Boston, MA",SAM,,
"555 ATLANTIC AVENUE, Boston, MA",SAM,-71.05492309766713,42.35306936777075
"669 ATLANTIC AVENUE, Boston, MA",SAM,-71.05609569087034,42.35152307295622
"675 ATLANTIC AVENUE, Boston, MA",SAM,-71.05611780505045,42.35147884459574
"753 ATLANTIC AVENUE, Boston, MA",SAM,-71.0567186005049,42.35026939833521
"757 ATLANTIC AVENUE, Boston, MA",SAM,-71.05674794027865,42.350211878496914
"77 AUCKLAND STREET, Boston, MA",SAM,-71.05634587060004,42.31214259965021
"115 AUCKLAND STREET, Boston, MA",SAM,-71.05671048905606,42.3110116551571
"23 AUSTIN STREET, Boston, MA",SAM,-71.12608663098717,42.25816192260617
"27 AUSTIN STREET, Boston, MA",SAM,-71.12604723630646,42.258369394645676
"49 AUSTIN STREET, Boston, MA",SAM,-71.12590748516182,42.25936629814732
"41 AVENUE LOUIS PASTEUR NAN, Boston, MA",SAM,-71.10199110312122,42.3390473142992
"40 AVERTON STREET, Boston, MA",SAM,-71.13666351529605,42.28212645245005
"11 B STREET, Boston, MA",SAM,-71.12588289456149,42.25031538450604
"12 B STREET, Boston, MA",SAM,-71.125933324557,42.25020702805058
"35 B STREET, Boston, MA",SAM,-71.125612073125,42.250242680744925
"59 B STREET, Boston, MA",SAM,-71.12534503793198,42.25017411838766
"68 B STREET, Boston, MA",SAM,-71.12527950644899,42.250041014181434
"83 B STREET, Boston, MA",SAM,-71.12506810306019,42.25011537460932
"90 B STREET, Boston, MA",SAM,-71.12502036079638,42.24998604387496
"100 B STREET, Boston, MA",SAM,-71.05393547097448,42.34086919041492
"265 BABCOCK STREET, Boston, MA",SAM,-71.12080485936461,42.353575725238926
"6 BAGNAL STREET, Boston, MA",SAM,-71.13619696649737,42.359267996749864
"5 BAKER STREET, Boston, MA",SAM,-71.16201112181534,42.27125427381462
"641 BAKER STREET, Boston, MA",SAM,-71.17361872112374,42.29099029030477
"1 BAKER'S ALLEY, Boston, MA",SAM,-71.071193652949,42.31177809936439
"3 BAKERSFIELD STREET, Boston, MA",SAM,-71.06071491504255,42.31799221480384
"15 BALDWIN STREET, Boston, MA",SAM,-71.0706688353989,42.381521930998694
"3 BALDWIN PLACE, Boston, MA",SAM,-71.1539754799672,42.34905683175234
"21 BALFOUR STREET, Boston, MA",SAM,-71.07623115410541,42.314393058397826
"1 BALL STREET, Boston, MA",SAM,-71.05492614915505,42.3354601573081
"3 BALSAM STREET, Boston, MA",SAM,-71.09018971094697,42.28711116445546
"20 BARBARA STREET, Boston, MA",SAM,-71.11084690477998,42.32096704001451
"7 BARNES AVENUE, Boston, MA",SAM,-71.00594568527686,42.38587709397131
"9 BARNES AVENUE, Boston, MA",SAM,-71.00582555376948,42.38591640973823
"37 BARRY STREET, Boston, MA",SAM,-71.12808755803515,42.25423313669063
"1 BARSTOW STREET, Boston, MA",SAM,-71.14219554268848,42.35325967808031
"50 BARTLETT STREET, Boston, MA",SAM,-71.0635223018773,42.37798360160047
"53 BARTLETT STREET, Boston, MA",SAM,-71.06356041755326,42.3781437786857
"5 BARTLETT PLACE, Boston, MA",SAM,-71.05564390782718,42.364175903146396
"19 BARTLETT PLACE, Boston, MA",SAM,-71.05572431784464,42.36419504839413
"14 BARTLETT SQUARE, Boston, MA",SAM,-71.10749087534585,42.31061966238777
"18 BARTLETT SQUARE, Boston, MA",SAM,-71.10749199390622,42.3106179579148
"25 BATTERY STREET, Boston, MA",SAM,-71.05235618699545,42.3662343947823
"30 BATTERYMARCH STREET, Boston, MA",SAM,-71.05420405976182,42.35766669277704
"31 BATTERYMARCH STREET, Boston, MA",SAM,-71.05419646082694,42.3575360033688
"65 BATTERYMARCH STREET, Boston, MA",SAM,-71.05404014089869,42.35747872582371
"66 BATTERYMARCH STREET, Boston, MA",SAM,-71.0538354122305,42.357531615785675
"48 BAXTER STREET, Boston, MA",SAM,-71.05432722759298,42.33597288727125
"51 BAY STATE ROAD, Boston, MA",SAM,-71.0951558379552,42.350003056163054
"236 BAY STATE ROAD, Boston, MA",SAM,,
"264 BAY STATE ROAD, Boston, MA",SAM,,
"2 BAYARD STREET, Boston, MA",SAM,-71.12983040659097,42.36100827888911
"6 BAYARD STREET, Boston, MA",SAM,-71.13001656670554,42.36095734228014
"23 BAYARD STREET, Boston, MA",SAM,-71.13069746926321,42.360718679439735
"46 BAYARD STREET, Boston, MA",SAM,-71.13094531849407,42.36044651829734
"11 BAYSWATER STREET, Boston, MA",SAM,-71.00559801664521,42.38578596553212
"48 BAYSWATER STREET, Boston, MA",SAM,-71.00480422736595,42.38479425786703
"64 BAYSWATER STREET, Boston, MA",SAM,-71.00450330900149,42.38431643585945
"17 BEACH STREET, Boston, MA",SAM,-71.05456475532604,42.303392733626914
"57 BEACH STREET, Boston, MA",SAM,-71.05499255206595,42.302356312781704
"116 BEACH STREET, Boston, MA",SAM,-71.05748354472672,42.35070058633113
"123 BEACH STREET, Boston, MA",SAM,-71.05789544391888,42.35070663173681
"51 BEACHVIEW ROAD, Boston, MA",SAM,-71.00371754063706,42.39106186404201
"12 BEACON STREET, Boston, MA",SAM,-71.11770747883172,42.25277297451709
"67 BEACON STREET, Boston, MA",SAM,-71.1607715243408,42.333640132254466
"102 BEACON STREET, Boston, MA",SAM,-71.11263950706154,42.2557037520267
"490 BEACON STREET, Boston, MA",SAM,-71.08914713464438,42.351001817174556
"590 BEACON STREET, Boston, MA",SAM,-71.0915082210199,42.35037603599039
"680 BEACON STREET, Boston, MA",SAM,-71.18819451928822,42.33107646231339
"712 BEACON STREET, Boston, MA",SAM,-71.0983039795149,42.34862139467075
"1943 BEACON STREET, Boston, MA",SAM,-71.14904118101998,42.33631942377129
"3 BEALE STREET, Boston, MA",SAM,-71.06494715452774,42.28296904578045
"116 BEAVER STREET, Boston, MA",SAM,-71.13044844542861,42.25638115063153
"31 BEAVER PLACE, Boston, MA",SAM,-71.07242741574211,42.356107852043706
"37 BEAVER PLACE, Boston, MA",SAM,-71.07246773372529,42.35609753814106
"30 BECKET STREET, Boston, MA",SAM,-71.0647224732341,42.281513458981756
"89 BEDFORD STREET, Boston, MA",SAM,-71.05843637890409,42.35324103220431
"105 BEDFORD STREET, Boston, MA",SAM,-71.05835888465636,42.35324103220184
"108 BEDFORD STREET, Boston, MA",SAM,-71.05923612392809,42.35337066391337
"569 BEECH STREET, Boston, MA",SAM,,
"1 BEETHOVEN STREET, Boston, MA",SAM,-71.09896073100866,42.31520131942892
"3 BEETHOVEN STREET, Boston, MA",SAM,-71.09898737459352,42.31522238645424
"35 BELGRADE AVENUE, Boston, MA",SAM,-71.13233390320705,42.28651351591492
"400 BELGRADE AVENUE, Boston, MA",SAM,,
"8 BELLEVUE STREET, Boston, MA",SAM,-71.06810810183725,42.31206909889004
"11 BELLEVUE STREET, Boston, MA",SAM,-71.06827168492465,42.31208320789463
"37 BELLEVUE STREET, Boston, MA",SAM,-71.06779231513966,42.31065767669457
"50 BELMONT STREET, Boston, MA",SAM,-71.0654439530689,42.38125451698062
"16 BELVIDERE STREET, Boston, MA",SAM,-71.08720222705483,42.346518993914714
"101 BELVIDERE STREET, Boston, MA",SAM,-71.08334658531119,42.34582652817098
"3 BENNET STREET, Boston, MA",SAM,-71.06291303868936,42.349495211592654
"24 BENNET STREET, Boston, MA",SAM,-71.06267988787641,42.34952064640452
"1 BENNINGTON STREET, Boston, MA",SAM,-71.03867715186155,42.37490016703529
"82 BENNINGTON STREET, Boston, MA",SAM,-71.03593820187574,42.376057429628354
"211 BENNINGTON STREET, Boston, MA",SAM,-71.03117135985144,42.37769796325305
"466 BENNINGTON STREET, Boston, MA",SAM,-71.02243772959666,42.381220418047235
"515 BENNINGTON STREET, Boston, MA",SAM,-71.01986697109125,42.38196907003161
"572 BENNINGTON STREET, Boston, MA",SAM,-71.01800501254378,42.382869328499275
"635 BENNINGTON STREET, Boston, MA",SAM,-71.01571071673855,42.38351157954909
"982 BENNINGTON STREET, Boston, MA",SAM,-71.00719320125047,42.38662754373032
"1003 BENNINGTON STREET, Boston, MA",SAM,-71.00848152386274,42.38599171649587
"1025 BENNINGTON STREET, Boston, MA",SAM,-71.00809871910216,42.386121343507966
"1070 BENNINGTON STREET, Boston, MA",SAM,,
"1138 BENNINGTON STREET, Boston, MA",SAM,-71.00207832164881,42.38809104822499
"4 BENSON STREET, Boston, MA",SAM,-71.14029770775494,42.35907804828174
"8 BENSON STREET, Boston, MA",SAM,-71.14033001007472,42.359088182345474
"8 BENTLEY STREET, Boston, MA",SAM,-71.1509597387443,42.35117251807983
"34 BENTLEY STREET, Boston, MA",SAM,-71.15117308132103,42.35083116994856
"154 BERKELEY STREET, Boston, MA",SAM,-71.07203494262029,42.34893264276627
"190 BERKELEY STREET, Boston, MA",SAM,-71.07258951672465,42.35009294339863
"85 BERKELEY STREET, Boston, MA",SAM,-71.07082970917257,42.34687063979306
"90 BERKELEY STREET, Boston, MA",SAM,-71.07126853400533,42.34741490554945
"223 BERKELEY STREET, Boston, MA",SAM,-71.07303959804564,42.35136116459318
"255 BERKELEY STREET, Boston, MA",SAM,-71.07314601837871,42.35158367989624
"306 BERKELEY STREET, Boston, MA",SAM,-71.07450736797252,42.354066520566306
"2 BERKSHIRE STREET, Boston, MA",SAM,-71.05713335354143,42.285355177438255
"4 BERRY STREET, Boston, MA",SAM,-71.04217924599708,42.28747636570766
"16 BETHUNE WAY, Boston, MA",SAM,-71.07520589388513,42.332419189550755
"10 BICKFORD STREET, Boston, MA",SAM,-71.10234243369345,42.32306376496881
"17 BICKFORD STREET, Boston, MA",SAM,-71.10245758783536,42.32318561100152
"60 BICKFORD STREET, Boston, MA",SAM,-71.10208533840434,42.32365078181521
"12 BICKFORD AVENUE, Boston, MA",SAM,-71.10239971156383,42.326487905927365
"90 BIGELOW STREET, Boston, MA",SAM,-71.16724567313449,42.3551350712134
"103 BIGELOW STREET, Boston, MA",SAM,-71.1670898028452,42.35512658827068
"2 BINNEY STREET, Boston, MA",SAM,-71.10823596035782,42.33636898393891
"35 BINNEY STREET, Boston, MA",SAM,-71.10787570078593,42.3365121257423
"57 BINNEY STREET, Boston, MA",SAM,-71.10772002602671,42.33665187922636
"59 BINNEY STREET, Boston, MA",SAM,-71.10770587377587,42.33666458408856
"3 BIRD STREET, Boston, MA",SAM,-71.06605852843926,42.31486380590931
"12 BIRD STREET, Boston, MA",SAM,-71.06637793058275,42.314677194266146
"7 BISMARCK STREET, Boston, MA",SAM,-71.10241768538968,42.31525867658744
"21 BISMARCK STREET, Boston, MA",SAM,-71.10248714645732,42.31522584044496
"2 BISMARCK STREET, Boston, MA",SAM,-71.10230444573142,42.31517620131822
"114 BLACKSTONE STREET, Boston, MA",SAM,-71.05651854598807,42.361768795519396
"5 BLACKWELL STREET, Boston, MA",SAM,-71.04701209745498,42.288162710846535
"133 BLAKE STREET, Boston, MA",SAM,-71.10467076420605,42.26895264435571
"439 HYDE PARK AVENUE, Boston, MA",SAM,-71.1188879743698,42.285563919864884
"42 BLAKEVILLE STREET, Boston, MA",SAM,-71.07090693956012,42.304555245536854
"23 BLANDFORD MALL, Boston, MA",SAM,-71.10079637295088,42.3484029041898
"70 BLOSSOM STREET, Boston, MA",SAM,-71.06702133501216,42.3628780544501
"100 BLOSSOM STREET, Boston, MA",SAM,-71.06862923269335,42.364047380697585
"40 BLUE HILL AVENUE, Boston, MA",SAM,-71.07596209814668,42.32379361130754
"54 BLUE HILL AVENUE, Boston, MA",SAM,-71.0763124256634,42.32326508062961
"67 BLUE HILL AVENUE, Boston, MA",SAM,-71.07676754033571,42.322864460320666
"189 BLUE HILL AVENUE, Boston, MA",SAM,-71.0779184640659,42.31813841144092
"315 BLUE HILL AVENUE, Boston, MA",SAM,-71.07953184585604,42.31359847585022
"327 BLUE HILL AVENUE, Boston, MA",SAM,-71.07963998441397,42.31342060552759
"329 BLUE HILL AVENUE, Boston, MA",SAM,-71.07965311302894,42.3134001120793
"545 BLUE HILL AVENUE, Boston, MA",SAM,-71.08462197381479,42.306407264471765
"258 BLUE HILL AVENUE, Boston, MA",SAM,-71.07819304175088,42.31568116389173
"456 BLUE HILL AVENUE, Boston, MA",SAM,-71.08234607202664,42.30974844888852
"478 BLUE HILL AVENUE, Boston, MA",SAM,-71.08313037124898,42.30823841229383
"490 BLUE HILL AVENUE, Boston, MA",SAM,-71.08361724429783,42.30759126424229
"750 BLUE HILL AVENUE, Boston, MA",SAM,-71.08625077518882,42.29957900616273
"816 BLUE HILL AVENUE, Boston, MA",SAM,-71.08714552526365,42.29679385890824
"887 BLUE HILL AVENUE, Boston, MA",SAM,-71.08813088996303,42.294755889278505
"930 BLUE HILL AVENUE, Boston, MA",SAM,-71.08897338515413,42.29118171119651
"957 BLUE HILL AVENUE, Boston, MA",SAM,-71.08913345296534,42.29174486284103
"975 BLUE HILL AVENUE, Boston, MA",SAM,-71.08943614897477,42.29080422937838
"1014 BLUE HILL AVENUE, Boston, MA",SAM,-71.08951110296846,42.289521790140455
"1048 BLUE HILL AVENUE, Boston, MA",SAM,-71.08992002957237,42.288299557892884
"1080 BLUE HILL AVENUE, Boston, MA",SAM,-71.09021751445306,42.28740673460552
"1090 BLUE HILL AVENUE, Boston, MA",SAM,-71.09030779628294,42.287133198276344
"1102 BLUE HILL AVENUE, Boston, MA",SAM,-71.09043915385378,42.28673074105816
"1108 BLUE HILL AVENUE, Boston, MA",SAM,-71.09051964335171,42.2864850425196
"1157 BLUE HILL AVENUE, Boston, MA",SAM,-71.09130184838504,42.285180629926884
"1163 BLUE HILL AVENUE, Boston, MA",SAM,-71.09132823014548,42.28509269073114
"1168 BLUE HILL AVENUE, Boston, MA",SAM,-71.09119927586383,42.284514024948706
"1331 BLUE HILL AVENUE, Boston, MA",SAM,-71.09352599709152,42.27858903880672
"1439 BLUE HILL AVENUE, Boston, MA",SAM,-71.09372103265488,42.27509995129276
"1447 BLUE HILL AVENUE, Boston, MA",SAM,-71.09373846226583,42.27475484534403
"1540 BLUE HILL AVENUE, Boston, MA",SAM,-71.09348230612663,42.27141846948765
"1569 BLUE HILL AVENUE, Boston, MA",SAM,-71.09384877111519,42.27034692790891
"1646 BLUE HILL AVENUE, Boston, MA",SAM,-71.09359128769822,42.26834600449212
"10 BLUE LEDGE DRIVE, Boston, MA",SAM,-71.13836400417797,42.27670522093384
"26 BLUE LEDGE DRIVE, Boston, MA",SAM,-71.13798789046018,42.27636616818899
"100 BLUE LEDGE DRIVE, Boston, MA",SAM,-71.13658521758799,42.275089691497136
"150 BLUE LEDGE DRIVE, Boston, MA",SAM,-71.13596706264154,42.27404401214665
"154 BLUE LEDGE DRIVE, Boston, MA",SAM,-71.13592199848634,42.27390577094792
"164 BLUE LEDGE DRIVE, Boston, MA",SAM,-71.13584110620351,42.27357718612055
"270 BLUE LEDGE DRIVE, Boston, MA",SAM,-71.13750108777785,42.27246446408214
"359 BLUE LEDGE DRIVE, Boston, MA",SAM,-71.13895498438792,42.27403421204126
"1 BOARDMAN STREET, Boston, MA",SAM,-71.0080433922822,42.38720131766288
"162 BOARDMAN STREET, Boston, MA",SAM,-71.01022555991804,42.38874793231297
"45 BOGANDALE ROAD, Boston, MA",SAM,-71.15847848348298,42.27537561604873
"40 BOLTON STREET, Boston, MA",SAM,-71.05201493165427,42.341487029227935
"25 BONAD ROAD, Boston, MA",SAM,-71.1505379378698,42.29374579106599
"188 BORDER STREET, Boston, MA",SAM,-71.03984610528462,42.37560035530778
"192 BORDER STREET, Boston, MA",SAM,-71.03984742369725,42.375617165083575
"208 BORDER STREET, Boston, MA",SAM,-71.03985269734775,42.37568440418676
"215 BORDER STREET, Boston, MA",SAM,-71.03972765174125,42.37604505055855
"268 BORDER STREET, Boston, MA",SAM,-71.03992704071466,42.376559073706275
"272 BORDER STREET, Boston, MA",SAM,-71.03994133655664,42.376726225226435
"273 BORDER STREET, Boston, MA",SAM,-71.03980947662629,42.377001773075364
"8 BOSTON STREET, Boston, MA",SAM,-71.05755097121563,42.32856464339257
"118 BOSTON STREET, Boston, MA",SAM,-71.05893524067417,42.325525598572405
"226 BOSTON STREET, Boston, MA",SAM,-71.06105439257595,42.32209030219928
"260 BOSTON STREET, Boston, MA",SAM,-71.0612319727501,42.32101579796479
"98 BOURNE STREET, Boston, MA",SAM,-71.11391444772104,42.28951196956918
"21 BOURNESIDE STREET, Boston, MA",SAM,-71.06274707919125,42.29683830599193
"11 BOWDOIN STREET, Boston, MA",SAM,-71.06297321522128,42.3608552063785
"19 BOWDOIN STREET, Boston, MA",SAM,-71.0629632733393,42.360604670551425
"24 BOWDOIN STREET, Boston, MA",SAM,-71.06282037530282,42.360913369676766
"170 BOWDOIN STREET, Boston, MA",SAM,-71.06994860066746,42.30417598634341
"251 BOWDOIN STREET, Boston, MA",SAM,-71.06690079345738,42.30625365015064
"335 BOWDOIN STREET, Boston, MA",SAM,-70.97790386661626,42.37370086889598
"403 BOWDOIN STREET, Boston, MA",SAM,-71.06229764400192,42.31040354091806
"6 BOWDOIN SQUARE, Boston, MA",SAM,-71.06749655422749,42.30595439368084
"236 BOWEN STREET, Boston, MA",SAM,-71.05009290760994,42.33551040679238
"287 BOWEN STREET, Boston, MA",SAM,-71.04895847734848,42.33462525547142
"40 BOWKER STREET, Boston, MA",SAM,-71.06049864246405,42.36253774958352
"760 BOYLSTON STREET, Boston, MA",SAM,-71.08024852413511,42.34926534639737
"1046 BOYLSTON STREET, Boston, MA",SAM,-71.08830064317162,42.347094099783014
"1068 BOYLSTON STREET, Boston, MA",SAM,-71.08853770453933,42.347028801441795
"1088 BOYLSTON STREET, Boston, MA",SAM,-71.08875321487365,42.346969439313405
"1120 BOYLSTON STREET, Boston, MA",SAM,-71.08909803140853,42.34687445990801
"98 BOYLSTON STREET, Boston, MA",SAM,-71.10496969361549,42.31708582351266
"200 BOYLSTON STREET, Boston, MA",SAM,-71.10141773424564,42.31434195583933
"236 BOYLSTON STREET, Boston, MA",SAM,-71.10089963571684,42.313893761532846
"244 BOYLSTON STREET, Boston, MA",SAM,-71.10084827159038,42.31386225819485
"308 BOYLSTON STREET, Boston, MA",SAM,-71.07024979211579,42.35188046884127
"367 BOYLSTON STREET, Boston, MA",SAM,-71.07129652680061,42.35179655307769
"382 BOYLSTON STREET, Boston, MA",SAM,-71.07090687704688,42.351766113474994
"414 BOYLSTON STREET, Boston, MA",SAM,-71.07178419981177,42.35153356435311
"423 BOYLSTON STREET, Boston, MA",SAM,-71.0720843385099,42.351572461224286
"650 BOYLSTON STREET, Boston, MA",SAM,-71.07843178498993,42.34973351152916
"705 BOYLSTON STREET, Boston, MA",SAM,-71.07970693209121,42.34952014786089
"733 BOYLSTON STREET, Boston, MA",SAM,-71.08042377287696,42.349342837420096
"845 BOYLSTON STREET, Boston, MA",SAM,-71.08272805928968,42.348713150818476
"1101 BOYLSTON STREET, Boston, MA",SAM,-71.08936022321751,42.3469269145409
"1309 BOYLSTON STREET, Boston, MA",SAM,-71.09823778331534,42.34452006084742
"1310 BOYLSTON STREET, Boston, MA",SAM,-71.09804645796251,42.34445071460595
"187 BOYLSTON STREET, Boston, MA",SAM,-71.10184339648602,42.31463662204853
"189 BOYLSTON STREET, Boston, MA",SAM,-71.10178960501143,42.31457113675977
"14 BOYLSTON STREET, Boston, MA",SAM,-71.11049767229517,42.31891729106591
"1358 BOYLSTON STREET, Boston, MA",SAM,-71.0990503356163,42.34416931510892
"1 BOYNTON STREET, Boston, MA",SAM,-71.11466022776075,42.305409594539704
"3 BRACKETT STREET, Boston, MA",SAM,-71.1653018891466,42.3503573785611
"4 BRADDOCK PARK, Boston, MA",SAM,-71.07838350644202,42.344009798919544
"65 BRADEEN STREET, Boston, MA",SAM,-71.12120445833138,42.290486566283015
"73 BRADEEN STREET, Boston, MA",SAM,-71.12096901188492,42.29041521885639
"75 BRADEEN STREET, Boston, MA",SAM,-71.12090753911836,42.29039672530191
"77 BRADEEN STREET, Boston, MA",SAM,-71.12084785731645,42.29038044844243
"79 BRADEEN STREET, Boston, MA",SAM,-71.12078817551455,42.29036417158297
"49 BRADLEE STREET, Boston, MA",SAM,-71.11660019721478,42.26859926095644
"89 BRADLEE STREET, Boston, MA",SAM,-71.11782773288672,42.27059517195491
"71 BRAGDON STREET, Boston, MA",SAM,-71.09928061477355,42.31894769029107
"12 BRAINARD STREET, Boston, MA",SAM,-71.13381862357191,42.25456378166779
"27 BRAINARD STREET, Boston, MA",SAM,-71.13343955702902,42.25475714083558
"55 BRAINERD ROAD, Boston, MA",SAM,-71.13292650942671,42.347881526221634
"7 BRAINTREE STREET, Boston, MA",SAM,-71.13321208921109,42.356053466256824
"17 BRANCH STREET, Boston, MA",SAM,-71.06928565974867,42.35673349132641
"15 BRANNON-HARRIS WAY, Boston, MA",SAM,-71.08000024907427,42.33623871727471
"59 BRAYTON ROAD, Boston, MA",SAM,-71.16949389158815,42.34826049721927
"165 BRAYTON ROAD, Boston, MA",SAM,-71.17353378277323,42.34955875115248
"46 BRECK AVENUE, Boston, MA",SAM,-71.16889381948575,42.34909171855172
"18 BREED STREET, Boston, MA",SAM,-71.00671976939763,42.38730719518076
"215 BREMEN STREET, Boston, MA",SAM,-71.034012294007,42.37299673923545
"250 BREMEN STREET, Boston, MA",SAM,-71.03226645048925,42.37466709323519
"258 BREMEN STREET, Boston, MA",SAM,-71.03201732818239,42.37488040898297
"352 BREMEN STREET, Boston, MA",SAM,-71.02900040860843,42.37749013866468
"464 BREMEN STREET, Boston, MA",SAM,-71.02605466887447,42.3800266944941
"81 BRENT STREET, Boston, MA",SAM,-71.06677583339155,42.28998478806496
"9 BRENT STREET, Boston, MA",SAM,-71.0706686584888,42.288820218944906
"15 BRENT STREET, Boston, MA",SAM,-71.0704082322462,42.28890752947914
"8 BRENTWOOD STREET, Boston, MA",SAM,-71.13587809316716,42.36087302365442
"10 BRIDGE STREET, Boston, MA",SAM,-71.10652826082953,42.287379581554504
"4 BRIGHTON STREET, Boston, MA",SAM,-71.07864573462652,42.38259539947378
"2 BRIGHTON AVENUE, Boston, MA",SAM,-71.12516372357202,42.352050914905085
"90 BRIGHTON AVENUE, Boston, MA",SAM,-71.12899891519854,42.352527161879884
"120 BRIGHTON AVENUE, Boston, MA",SAM,-71.13099860870996,42.35275669801624
"202 BRIGHTON AVENUE, Boston, MA",SAM,-71.13455271409597,42.35319582499265
"223 BRIGHTON AVENUE, Boston, MA",SAM,-71.13483196164147,42.35344296183319
"5 BRIMMER STREET, Boston, MA",SAM,-71.07179580317502,42.35861686970476
"44 BRIMMER STREET, Boston, MA",SAM,-71.07190068168487,42.3573801501442
"63 BRIMMER STREET, Boston, MA",SAM,-71.07178599156882,42.35669628231631
"69 BRIMMER STREET, Boston, MA",SAM,-71.07162467866493,42.35630642761333
"3 BRINSLEY STREET, Boston, MA",SAM,-71.07918260004456,42.30455145297381
"60 PAUL SULLIVAN WAY, Boston, MA",SAM,-71.06435765282966,42.34279746761656
"70 PAUL SULLIVAN WAY, Boston, MA",SAM,-71.06424941927341,42.34276997972162
"8 BROAD STREET, Boston, MA",SAM,-71.05409549852,42.35833214917933
"11 BROAD STREET, Boston, MA",SAM,-71.05456799948445,42.35892568419219
"23 BROAD STREET, Boston, MA",SAM,-71.05440177047916,42.35859772498295
"61 BROAD STREET, Boston, MA",SAM,-71.05391567898118,42.35790767169659
"62 BROAD STREET, Boston, MA",SAM,-71.05333219325486,42.35782316570725
"83 BROAD STREET, Boston, MA",SAM,-71.05338313215763,42.35771417828929
"141 BROAD STREET, Boston, MA",SAM,-71.05210600973749,42.35715292529908
"77 BROADWAY NAN, Boston, MA",SAM,-71.06729459671547,42.3499005730461
"105 MELROSE STREET, Boston, MA",SAM,-71.2492167693456,42.35195265642368
"19 BROCK STREET, Boston, MA",SAM,-71.16030430953845,42.350130202725694
"1 BROMFIELD STREET, Boston, MA",SAM,-71.0594432823385,42.356482243620434
"4 BROMFIELD STREET, Boston, MA",SAM,-71.0595975723012,42.356418220736124
"31 BROMFIELD STREET, Boston, MA",SAM,-71.06022958153854,42.356841635586115
"13 BROOK AVENUE, Boston, MA",SAM,-71.073767813039,42.322564114687204
"164 BROOK FARM ROAD, Boston, MA",SAM,-71.16926899689442,42.290551868565366
"168 BROOK FARM ROAD, Boston, MA",SAM,-71.16930594968848,42.29052530576981
"172 BROOK FARM ROAD, Boston, MA",SAM,-71.16934226467792,42.29049975077593
"15 BROOK MARSHALL ROAD, Boston, MA",SAM,-71.08585384723582,42.334793822933975
"21 BROOK MARSHALL ROAD, Boston, MA",SAM,-71.08586789124264,42.33478178521323
"23 BROOK MARSHALL ROAD, Boston, MA",SAM,-71.08587257257821,42.33477777263966
"12 BROOKFIELD STREET, Boston, MA",SAM,-71.13255695852813,42.28779779390226
"55 BROOKLEDGE STREET, Boston, MA",SAM,-71.08979776407384,42.30939806018463
"2 BROOKLEY ROAD, Boston, MA",SAM,-71.10900241799548,42.304836487119125
"30 BROOKLEY ROAD, Boston, MA",SAM,-71.10751189345149,42.303955399407684
"34 BROOKLEY ROAD, Boston, MA",SAM,-71.10742917955855,42.303907609147615
"59 BROOKLEY ROAD, Boston, MA",SAM,-71.10684479886008,42.303418836114474
"255 BROOKLINE AVENUE, Boston, MA",SAM,-71.10412024817069,42.34201698685374
"275 BROOKLINE AVENUE, Boston, MA",SAM,-71.10432395011819,42.34181817374329
"410 BROOKLINE AVENUE, Boston, MA",SAM,-71.10744798434146,42.33868975454125
"440 BROOKLINE AVENUE, Boston, MA",SAM,-71.10788951799063,42.33828517176213
"64 BROOKLINE AVENUE, Boston, MA",SAM,-71.09856114806826,42.347088768706364
"73 BROOKLINE AVENUE, Boston, MA",SAM,-71.0989152829345,42.34694648385687
"500 BROOKLINE AVENUE, Boston, MA",SAM,-71.10931955116227,42.336918862447384
"196 BROOKLINE AVENUE, Boston, MA",SAM,-71.10176112534586,42.344046758482285
"17 BROOKS STREET, Boston, MA",SAM,-71.16237728375883,42.3564394548866
"67 BROOKS STREET, Boston, MA",SAM,-71.16270094850837,42.355334493692006
"77 BROOKS STREET, Boston, MA",SAM,-71.1628916132912,42.354655032546155
"98 BROOKS STREET, Boston, MA",SAM,-71.16279456752454,42.35432960861774
"221 BROOKS STREET, Boston, MA",SAM,-71.03601202495591,42.38212789440463
"47 BROOKS STREET, Boston, MA",SAM,-71.16247730230181,42.356102005349925
"11 BROOKSIDE AVENUE, Boston, MA",SAM,-71.1028814937759,42.31403552499021
"132 BROOKSIDE AVENUE, Boston, MA",SAM,-71.10610228347974,42.310460847268295
"165 BROOKSIDE AVENUE, Boston, MA",SAM,-71.10610641884367,42.3106439013105
"10 BROOKWAY TERRACE, Boston, MA",SAM,-71.12022815388221,42.29104797488162
"126 BROWN AVENUE, Boston, MA",SAM,-71.12122838247845,42.28401287977503
"17 BROWNING AVENUE, Boston, MA",SAM,-71.0808133382046,42.294394470954565
"32 BROWNING AVENUE, Boston, MA",SAM,-71.08120138617059,42.29420447268313
"31 BRUNSWICK STREET, Boston, MA",SAM,-71.08334778457885,42.311877654179476
"35 BRUNSWICK STREET, Boston, MA",SAM,-71.08317828348842,42.311852137877125
"38 BRUNSWICK STREET, Boston, MA",SAM,-71.08193167922795,42.311810911188935
"39 BRUNSWICK STREET, Boston, MA",SAM,-71.083008782398,42.31182662157478
"10 NAN NAN, Boston, MA",SAM,,
"52 BULLARD STREET, Boston, MA",SAM,-71.0734875502567,42.30220016602208
"160 BUNKER HILL STREET, Boston, MA",SAM,-71.06093867904207,42.378340972223846
"166 BUNKER HILL STREET, Boston, MA",SAM,-71.0612042751264,42.378435421034666
"210 BUNKER HILL STREET, Boston, MA",SAM,-71.06235978433976,42.378831174457304
"234 BUNKER HILL STREET, Boston, MA",SAM,-71.06355538118908,42.379330997221366
"318 BUNKER HILL STREET, Boston, MA",SAM,-71.06680107188463,42.380961104137405
"440 BUNKER HILL STREET, Boston, MA",SAM,-71.06985074916929,42.38245981533169
"7 REV RICHARD A BURKE STREET, Boston, MA",SAM,-71.05155575435998,42.33148893898497
"8 REV RICHARD A BURKE STREET, Boston, MA",SAM,-71.0521763477557,42.33204367690168
"19 REV RICHARD A BURKE STREET, Boston, MA",SAM,-71.05149011804632,42.33144768186421
"20 REV RICHARD A BURKE STREET, Boston, MA",SAM,-71.05213983523136,42.33202040517764
"31 REV RICHARD A BURKE STREET, Boston, MA",SAM,-71.05142448173268,42.33140642474347
"32 REV RICHARD A BURKE STREET, Boston, MA",SAM,-71.05210332270704,42.33199713345359
"43 REV RICHARD A BURKE STREET, Boston, MA",SAM,-71.05124339758957,42.331286679180295
"49 REV RICHARD A BURKE STREET, Boston, MA",SAM,-71.0511900777584,42.331249681738136
"55 REV RICHARD A BURKE STREET, Boston, MA",SAM,-71.05113675792722,42.33121268429597
"56 REV RICHARD A BURKE STREET, Boston, MA",SAM,-71.05203029765838,42.33195059000551
"22 BURLEY STREET, Boston, MA",SAM,-71.1238340450407,42.273301804583525
"15 BURLINGTON AVENUE, Boston, MA",SAM,-71.10054483907483,42.345668976642855
"21 BURLINGTON AVENUE, Boston, MA",SAM,-71.1006355805752,42.34572053432527
"6 BURNETT STREET, Boston, MA",SAM,-71.10948907864945,42.304709341121665
"3 BURRELL STREET, Boston, MA",SAM,-71.07249092907774,42.32236582751918
"41 BURRELL STREET, Boston, MA",SAM,-71.07089129157124,42.32282501758458
"42 BURRELL STREET, Boston, MA",SAM,-71.0704995038034,42.32306515883995
"56 BUSINESS STREET, Boston, MA",SAM,-71.12763040192048,42.25295845270739
"60 BUSINESS STREET, Boston, MA",SAM,-71.12769570434409,42.25285147294647
"82 BUSINESS STREET, Boston, MA",SAM,-71.12813713497923,42.25233325814236
"84 BUSINESS STREET, Boston, MA",SAM,-71.12818508343477,42.25228448547597
"96 BUSINESS STREET, Boston, MA",SAM,-71.1284984206487,42.252023942585566
"110 BUSINESS STREET, Boston, MA",SAM,-71.12945385904722,42.25148388687227
"21 BUSWELL STREET, Boston, MA",SAM,-71.10548031488663,42.34761059993664
"52 BUSWELL STREET, Boston, MA",SAM,-71.10630252294422,42.34725413234258
"78 BUTTONWOOD STREET, Boston, MA",SAM,-71.05592384411705,42.321505026644864
"27 BUTTONWOOD STREET, Boston, MA",SAM,-71.05574837133781,42.320075808139
"270 C STREET, Boston, MA",SAM,-71.0517060562375,42.34044917685418
"315 C STREET, Boston, MA",SAM,-71.04977133156052,42.341940521821876
"15 CADDY ROAD, Boston, MA",SAM,-71.07396829262828,42.273386993316734
"16 CADDY ROAD, Boston, MA",SAM,-71.07381908091779,42.273417825435004
"12 CALDWELL STREET, Boston, MA",SAM,-71.07754283003185,42.38540538701668
"202 CALLENDER STREET, Boston, MA",SAM,-71.08796512502468,42.288266245188126
"249 CALLENDER STREET, Boston, MA",SAM,-71.08897270256065,42.28902665470134
"40 CAMBRIDGE STREET, Boston, MA",SAM,-71.0741707329838,42.38391379569711
"66 NAN NAN, Boston, MA",SAM,,
"92 CAMBRIDGE STREET, Boston, MA",SAM,-71.07791210006569,42.38261451327603
"106 CAMBRIDGE STREET, Boston, MA",SAM,-71.07886654173211,42.38234832119275
"141 CAMBRIDGE STREET, Boston, MA",SAM,-71.12362847967945,42.35899240242155
"200 CAMBRIDGE STREET, Boston, MA",SAM,-71.06571746690314,42.36113696974209
"588 CAMBRIDGE STREET, Boston, MA",SAM,-71.14133946398194,42.35209882661008
"720 CAMBRIDGE STREET, Boston, MA",SAM,-71.14731167506717,42.35002318365309
"748 CAMBRIDGE STREET, Boston, MA",SAM,-71.14757492215772,42.349921184773486
"120 CAMBRIDGE STREET, Boston, MA",SAM,-71.07935920079267,42.38225925257093
"393 CAMBRIDGE STREET, Boston, MA",SAM,-71.1333836110913,42.35533291337937
"60 CANAL STREET, Boston, MA",SAM,-71.06034201593125,42.36465505712349
"66 CANAL STREET, Boston, MA",SAM,-71.0603814106744,42.36468670208821
"664 CANTERBURY STREET, Boston, MA",SAM,-71.1099189805882,42.28589208353389
"855 CANTERBURY STREET, Boston, MA",SAM,-71.11429708115539,42.28085704644794
"155 CAPEN STREET, Boston, MA",SAM,-71.07844359154902,42.2800264044316
"1 CARDINGTON STREET, Boston, MA",SAM,-71.09415483846594,42.31693087150473
"3 CARMEL STREET, Boston, MA",SAM,-71.10014824991362,42.332436955778846
"7 CARMODY COURT, Boston, MA",SAM,-71.04881261588508,42.33085260023209
"8 CARMODY COURT, Boston, MA",SAM,-71.04877701072361,42.331100337009374
"2 CARNEY COURT, Boston, MA",SAM,-71.06064671813262,42.37874698035895
"9 CARNEY COURT, Boston, MA",SAM,-71.06033508857291,42.37893165835792
"10 CARNEY COURT, Boston, MA",SAM,-71.06061386943033,42.37879183147332
"25 CARNEY COURT, Boston, MA",SAM,-71.06002399522848,42.37936375418342
"33 CARNEY COURT, Boston, MA",SAM,-71.05998487056834,42.37942244117541
"41 CARNEY COURT, Boston, MA",SAM,-71.0599457459082,42.379481128167384
"10 CAROL AVENUE, Boston, MA",SAM,-71.14111152836556,42.34503212156203
"12 CAROL AVENUE, Boston, MA",SAM,-71.14109418402681,42.345024054425835
"2 CARPENTER STREET, Boston, MA",SAM,-71.05624221881574,42.329366099051846
"1 CARTER STREET, Boston, MA",SAM,-71.0793061000252,42.38226716006366
"2 CASTLE COURT, Boston, MA",SAM,-71.03190742691984,42.36636486362191
"49 CAUSEWAY STREET, Boston, MA",SAM,-71.06328108084524,42.364217164287034
"91 CAUSEWAY STREET, Boston, MA",SAM,-71.0622665960111,42.36484163356955
"100 CAUSEWAY STREET, Boston, MA",SAM,-71.06129090573712,42.36551412298478
"135 CAUSEWAY STREET, Boston, MA",SAM,,
"146 CAUSEWAY STREET, Boston, MA",SAM,-71.06069925211916,42.36585461341918
"249 CAUSEWAY STREET, Boston, MA",SAM,-71.05919700308213,42.36645653518798
"54 CEDAR GROVE STREET, Boston, MA",SAM,-71.04920362647857,42.280967082113634
"14 CEDAR PARK, Boston, MA",SAM,-71.09406176895875,42.32657291117442
"9 CEDRIC STREET, Boston, MA",SAM,-71.07204493390188,42.32616139978164
"74 CENTRAL STREET, Boston, MA",SAM,-71.05274153001632,42.35895288871263
"77 CENTRAL STREET, Boston, MA",SAM,-71.05326111026554,42.35880405849561
"79 CENTRAL STREET, Boston, MA",SAM,-71.05328667836041,42.35880320897976
"82 CENTRAL STREET, Boston, MA",SAM,-71.05269978502355,42.35895787318869
"86 CENTRAL STREET, Boston, MA",SAM,-71.05267891252716,42.35896036542672
"90 CENTRAL STREET, Boston, MA",SAM,-71.05265804003075,42.35896285766476
"94 CENTRAL STREET, Boston, MA",SAM,-71.05263716753436,42.35896534990279
"16 CENTRAL AVENUE, Boston, MA",SAM,-71.12126503878584,42.25672590740033
"61 CENTRAL AVENUE, Boston, MA",SAM,-71.12034129386785,42.25922772285743
"110 CENTRAL AVENUE, Boston, MA",SAM,-71.11949376178652,42.26101458654935
"265 CENTRE STREET, Boston, MA",SAM,-71.10116168857188,42.32290666578728
"278 CENTRE STREET, Boston, MA",SAM,-71.10159400088612,42.32282516929745
"325 CENTRE STREET, Boston, MA",SAM,-71.1046632486765,42.32280492343401
"329 CENTRE STREET, Boston, MA",SAM,-71.10480266400339,42.322790170491885
"153 CENTRE STREET, Boston, MA",SAM,-71.09674671784583,42.32593994182404
"263 CENTRE STREET, Boston, MA",SAM,-71.10114586131009,42.32290567658278
"38 CENTRE STREET, Boston, MA",SAM,-71.09391226252232,42.32936857972627
"58 CENTRE STREET, Boston, MA",SAM,-71.0943494985276,42.32910503333098
"401 CENTRE STREET, Boston, MA",SAM,-71.11013091234784,42.32180495632652
"424 CENTRE STREET, Boston, MA",SAM,-71.11095030004758,42.320344010806636
"530 CENTRE STREET, Boston, MA",SAM,-71.11310951543048,42.31732290593492
"541 CENTRE STREET, Boston, MA",SAM,-71.11311620063282,42.31756509693749
"546 CENTRE STREET, Boston, MA",SAM,-71.11356566619563,42.316654324308935
"561 CENTRE STREET, Boston, MA",SAM,-71.11386611261703,42.31645801404135
"668 CENTRE STREET, Boston, MA",SAM,-71.11407397011946,42.31248843845518
"673 CENTRE STREET, Boston, MA",SAM,-71.1142366053483,42.31244197793239
"746 CENTRE STREET, Boston, MA",SAM,-71.11467735419195,42.31055382969439
"767 GREENOUGH AVENUE, Boston, MA",SAM,,
"881 CENTRE STREET, Boston, MA",SAM,-71.12034725211592,42.30904503039664
"1005 CENTRE STREET, Boston, MA",SAM,-71.12407508561819,42.306596429547675
"1151 CENTRE STREET, Boston, MA",SAM,-71.12626895272209,42.30187985668617
"100 WELD STREET, Boston, MA",SAM,-71.13689485008508,42.29418445368688
"1436 CENTRE STREET, Boston, MA",SAM,-71.135976178148,42.294304778942035
"1545 CENTRE STREET, Boston, MA",SAM,-71.14111741910804,42.29023478480199
"1562 CENTRE STREET, Boston, MA",SAM,-71.1414712374575,42.289765919295654
"1708 CENTRE STREET, Boston, MA",SAM,-71.14831943936406,42.2870872476698
"1724 CENTRE STREET, Boston, MA",SAM,-71.1493110679876,42.287157239399406
"1749 CENTRE STREET, Boston, MA",SAM,-71.15037222993337,42.28737469024137
"1752 CENTRE STREET, Boston, MA",SAM,-71.15048244709666,42.28726843177797
"1872 CENTRE STREET, Boston, MA",SAM,-71.15516072431895,42.28598658238277
"1878 CENTRE STREET, Boston, MA",SAM,-71.15541479409856,42.285891780223324
"1902 CENTRE STREET, Boston, MA",SAM,-71.15635240459854,42.28514353596967
"1952 CENTRE STREET, Boston, MA",SAM,-71.15705803586988,42.28326789585025
"1993 CENTRE STREET, Boston, MA",SAM,-71.15783386930764,42.28207105696774
"2022 CENTRE STREET, Boston, MA",SAM,-71.15806453976691,42.281122665259026
"2545 CENTRE STREET, Boston, MA",SAM,-71.16335766899954,42.26334836290254
"8 CENTRE AVENUE, Boston, MA",SAM,-71.06241136619983,42.29290343863858
"3 CENTRE STREET TERRACE, Boston, MA",SAM,-71.0962297616913,42.32597037926411
"3 CEYLON STREET, Boston, MA",SAM,-71.0714149781194,42.313002405754204
"70 CEYLON STREET, Boston, MA",SAM,-71.07248366509124,42.310997243189064
"90 CEYLON STREET, Boston, MA",SAM,-71.0730443209633,42.31006794678429
"103 CHANDLER STREET, Boston, MA",SAM,-71.07324207622267,42.3464116297462
"10 CHANDLER STREET, Boston, MA",SAM,-71.07110095963661,42.34686439400619
"46 CHANDLER STREET, Boston, MA",SAM,-71.07153691966752,42.34675203317356
"94 CHANDLER STREET, Boston, MA",SAM,-71.07287095354512,42.34638974451619
"9 CHAPPIE STREET, Boston, MA",SAM,-71.06911178874192,42.38239184779163
"20 CHAPPIE STREET, Boston, MA",SAM,-71.0691193740069,42.38260485463878
"265 CHARLES STREET, Boston, MA",SAM,-71.07045283955205,42.36281409591441
"289 CHARLES STREET, Boston, MA",SAM,-71.0703148892141,42.363080799903656
"13 CHARLES STREET, Boston, MA",SAM,-71.13212486587602,42.25112294230006
"115 CHARLES STREET, Boston, MA",SAM,-71.07071137736594,42.35952310433511
"10 SCIENCE PARK, Boston, MA",SAM,,
"58 CARVER STREET, Boston, MA",SAM,-71.07909786147125,42.38201426820989
"60 CARVER STREET, Boston, MA",SAM,-71.07909590352902,42.38200462910555
"2 CHARLOTTE STREET, Boston, MA",SAM,-71.08594005595904,42.300409384355646
"40 CHARTER STREET, Boston, MA",SAM,-71.05425895607308,42.36696327381207
"42 CHARTER STREET, Boston, MA",SAM,-71.05439587510526,42.367025160180546
"45 CHATHAM STREET, Boston, MA",SAM,-71.05410265911567,42.35976023130363
"58 CHATHAM STREET, Boston, MA",SAM,-71.05423891796775,42.359632143819596
"52 CHAUNCY STREET, Boston, MA",SAM,-71.05997377661274,42.35372611726222
"90 CHAUNCY STREET, Boston, MA",SAM,-71.06010914641233,42.3535968087905
"7 CHEEVER COURT, Boston, MA",SAM,-71.03506408834268,42.366740231286926
"2 CHELMSFORD STREET, Boston, MA",SAM,-71.05511897978101,42.28496038209882
"112 CHELSEA STREET, Boston, MA",SAM,-71.05718481320643,42.374604546368516
"238 CHELSEA STREET, Boston, MA",SAM,-71.03210019267043,42.375764346988795
"239 CHELSEA STREET, Boston, MA",SAM,-71.03198147456543,42.37569059493318
"436 CHELSEA STREET, Boston, MA",SAM,-71.02641645344569,42.38062626285865
"440 CHELSEA STREET, Boston, MA",SAM,-71.02640688388105,42.38063480711324
"1 CHELSEA STREET, Boston, MA",SAM,-71.06031676784961,42.372124190350796
"3 CHENEY STREET, Boston, MA",SAM,-71.08344741666447,42.3086039146
"50 CHENEY STREET, Boston, MA",SAM,-71.08528290950112,42.309334070919824
"76 CHENEY STREET, Boston, MA",SAM,-71.08655677965244,42.310001563225335
"11 CHERITON ROAD, Boston, MA",SAM,-71.15521421049763,42.26175742022758
"15 CHEROKEE STREET, Boston, MA",SAM,-71.10022791704517,42.33007528301035
"24 CHESTERFIELD STREET, Boston, MA",SAM,-71.13466099405684,42.240800592514404
"72 CHESTERTON STREET, Boston, MA",SAM,-71.07116616065488,42.329838420617314
"93 CHESTNUT STREET, Boston, MA",SAM,-71.12795171045735,42.25957709713729
"6 CHESTNUT AVENUE, Boston, MA",SAM,-71.10177290341333,42.32260308813478
"8 CHESTNUT AVENUE, Boston, MA",SAM,-71.10182308517933,42.322489635428035
"61 CHESTNUT AVENUE, Boston, MA",SAM,-71.10353123190403,42.320348174190684
"83 CHESTNUT AVENUE, Boston, MA",SAM,-71.10414653428288,42.31996592258376
"122 CHESTNUT AVENUE, Boston, MA",SAM,-71.10522937797927,42.319030738301755
"128 CHESTNUT AVENUE, Boston, MA",SAM,-71.10528482927123,42.318958077985414
"147 CHESTNUT AVENUE, Boston, MA",SAM,-71.10638665474293,42.31777108726827
"296 CHESTNUT AVENUE, Boston, MA",SAM,-71.10932983140331,42.31309250067597
"308 CHESTNUT AVENUE, Boston, MA",SAM,-71.10951858199344,42.313038905993196
"330 CHESTNUT HILL AVENUE, Boston, MA",SAM,-71.15230329410838,42.337316259189656
"3 CHESTNUT HILL AVENUE, Boston, MA",SAM,-71.15353720404694,42.34905212039861
"125 CHESTNUT HILL AVENUE, Boston, MA",SAM,-71.15361892587777,42.343078235499455
"117 CHILD STREET, Boston, MA",SAM,-71.11133586588402,42.306988171456005
"6 CHILD STREET, Boston, MA",SAM,-71.11503939831596,42.30672303581797
"10 CHISHOLM ROAD, Boston, MA",SAM,-71.12712339606355,42.27569096271527
"111 CHISWICK ROAD, Boston, MA",SAM,-71.15182656430382,42.34063182625144
"123 CHITTICK ROAD, Boston, MA",SAM,-71.12099541708457,42.245068168151484
"73 CHRISTOPHER STREET, Boston, MA",SAM,-71.05707012748726,42.29887978355427
"25 CHURCH STREET, Boston, MA",SAM,-71.13221879886423,42.2489927459602
"29 CHURCH STREET, Boston, MA",SAM,-71.13232256023329,42.24904368337135
"42 CHURCH STREET, Boston, MA",SAM,-71.13276881335548,42.249125252164205
"47 CHURCH STREET, Boston, MA",SAM,-71.133583565078,42.24963519081294
"91 CHURCH STREET, Boston, MA",SAM,-71.13417711272363,42.24994486791635
"133 CHURCH STREET, Boston, MA",SAM,-71.14864556520692,42.29200977336575
"3 CHURCH AVENUE, Boston, MA",SAM,-71.1316495803421,42.24870787052369
"22 CIRCUIT STREET, Boston, MA",SAM,-71.08531473707522,42.32357136000949
"85 CIRCUIT STREET, Boston, MA",SAM,-71.0870148323378,42.32475364267573
"87 CIRCUIT STREET, Boston, MA",SAM,-71.0870141893546,42.324774861083164
"89 CIRCUIT STREET, Boston, MA",SAM,-71.08701354637144,42.32479607949059
"91 CIRCUIT STREET, Boston, MA",SAM,-71.08701290338823,42.32481729789801
"93 CIRCUIT STREET, Boston, MA",SAM,-71.08701226040506,42.32483851630542
"97 CIRCUIT STREET, Boston, MA",SAM,-71.08701220390186,42.32488434663453
"99 CIRCUIT STREET, Boston, MA",SAM,-71.08701326436275,42.324905555879845
"101 CIRCUIT STREET, Boston, MA",SAM,-71.08701432482364,42.32492676512516
"1 JEWISH WAR VETERANS DRIVE, Boston, MA",SAM,,
"1 CLARENCE STREET, Boston, MA",SAM,-71.07413092727417,42.324135692856686
"100 CLARENDON STREET, Boston, MA",SAM,-71.07381148640087,42.3476957073408
"17 CLARENDON STREET, Boston, MA",SAM,-71.07223890817788,42.34476812276304
"29 CLARENDON STREET, Boston, MA",SAM,-71.07240501088576,42.34511670280198
"49 CLARENDON STREET, Boston, MA",SAM,-71.07307320621678,42.346486783650974
"180 CLARENDON STREET, Boston, MA",SAM,-71.07435371292357,42.34876872668612
"7 CLARK STREET, Boston, MA",SAM,-71.0527579097017,42.36512991730635
"32 CLARK STREET, Boston, MA",SAM,-71.052516812,42.36519034265475
"38 CLARK STREET, Boston, MA",SAM,-71.05246927074192,42.36517838942081
"7 CLARKWOOD STREET, Boston, MA",SAM,-71.09223235459547,42.28071819335731
"22 CLAYBOURNE STREET, Boston, MA",SAM,-71.07206511062064,42.298810176969255
"7 CLAYMONT TERRACE, Boston, MA",SAM,-71.05148115025874,42.293613769710696
"61 CLAYTON STREET, Boston, MA",SAM,-71.05636375368158,42.30212005353496
"4 CLEARWAY STREET, Boston, MA",SAM,-71.08669339783913,42.34546235708771
"7 CLEVELAND PLACE, Boston, MA",SAM,-71.05570763134831,42.36604736287123
"3 COHASSET STREET, Boston, MA",SAM,-71.12988287807622,42.28613091277126
"36 COLBORNE ROAD, Boston, MA",SAM,-71.14653590468565,42.343205297596604
"98 COLBORNE ROAD, Boston, MA",SAM,-71.14961659866457,42.34460278738681
"20 COLEMAN STREET, Boston, MA",SAM,-71.065746280921,42.30847391835028
"1 COLERAIN STREET, Boston, MA",SAM,-71.13621863613875,42.35798933765781
"125 COLORADO STREET, Boston, MA",SAM,-71.10134101561333,42.27578000781578
"1005 COLUMBIA ROAD, Boston, MA",SAM,-71.04926780235103,42.33029263917388
"1846 COLUMBIA ROAD, Boston, MA",SAM,-71.02750905709794,42.3325119692979
"641 COLUMBIA ROAD, Boston, MA",SAM,-71.06278694381183,42.31931325155054
"708 COLUMBIA ROAD, Boston, MA",SAM,-71.0616801670994,42.32049465013023
"790 COLUMBIA ROAD, Boston, MA",SAM,-71.05827553114821,42.32019322036774
"1400 COLUMBIA ROAD, Boston, MA",SAM,-71.0440101174585,42.330550143506585
"1436 COLUMBIA ROAD, Boston, MA",SAM,-71.04264214626387,42.330560077119365
"1548 COLUMBIA ROAD, Boston, MA",SAM,-71.0389885691027,42.330180477602134
"533 COLUMBIA ROAD, Boston, MA",SAM,-71.06700687447228,42.31477608932465
"544 COLUMBIA ROAD, Boston, MA",SAM,-71.0665464888374,42.31582093086539
"579 COLUMBIA ROAD, Boston, MA",SAM,-71.06685658448608,42.31497419885937
"707 COLUMBIA ROAD, Boston, MA",SAM,-71.06129874997264,42.320317597993316
"16 COLUMBIA ROAD, Boston, MA",SAM,-71.08430865718341,42.30358350327266
"52 COLUMBIA ROAD, Boston, MA",SAM,-71.08264742497238,42.30415337369357
"99 COLUMBIA ROAD, Boston, MA",SAM,-71.07238901838184,42.30936129989255
"108 COLUMBIA ROAD, Boston, MA",SAM,-71.08067246781178,42.305447256245344
"156 COLUMBIA ROAD, Boston, MA",SAM,-71.0788262698989,42.30613448330892
"225 COLUMBIA ROAD, Boston, MA",SAM,-71.07640895990825,42.30699709671495
"232 COLUMBIA ROAD, Boston, MA",SAM,-71.07608515843023,42.307650162568905
"257 COLUMBIA ROAD, Boston, MA",SAM,-71.07540274639429,42.30785933426914
"273 COLUMBIA ROAD, Boston, MA",SAM,-71.07556502589833,42.30771717205175
"317 COLUMBIA ROAD, Boston, MA",SAM,-71.07185377451134,42.31024761812185
"395 COLUMBIA ROAD, Boston, MA",SAM,-71.07012511892208,42.311147520961974
"269 COLUMBUS AVENUE, Boston, MA",SAM,-71.07446113931942,42.34660008848057
"278 COLUMBUS AVENUE, Boston, MA",SAM,-71.07425334015367,42.346497053492165
"312 COLUMBUS AVENUE, Boston, MA",SAM,-71.07464508589244,42.34617386324097
"362 COLUMBUS AVENUE, Boston, MA",SAM,-71.0756229875993,42.34537974034625
"366 COLUMBUS AVENUE, Boston, MA",SAM,-71.07567539552713,42.34533715890269
"370 COLUMBUS AVENUE, Boston, MA",SAM,-71.0758219270445,42.34521977682754
"374 COLUMBUS AVENUE, Boston, MA",SAM,-71.0759039145338,42.345154621203534
"455 COLUMBUS AVENUE, Boston, MA",SAM,-71.07820941526943,42.34358530910172
"481 COLUMBUS AVENUE, Boston, MA",SAM,-71.07854180150234,42.343311315030704
"525 COLUMBUS AVENUE, Boston, MA",SAM,-71.08025771683779,42.3419134290423
"534 COLUMBUS AVENUE, Boston, MA",SAM,-71.08019173975187,42.341689573923105
"129 COLUMBUS AVENUE, Boston, MA",SAM,,
"270 COLUMBUS AVENUE, Boston, MA",SAM,-71.07416116468573,42.346573098257146
"585 COLUMBUS AVENUE, Boston, MA",SAM,-71.08233828743982,42.34027525933986
"1170 COLUMBUS AVENUE, Boston, MA",SAM,,
"1965 COLUMBUS AVENUE, Boston, MA",SAM,-71.09840288412622,42.316197510271955
"1971 COLUMBUS AVENUE, Boston, MA",SAM,-71.09840045181427,42.316076320590746
"1985 COLUMBUS AVENUE, Boston, MA",SAM,-71.09837631485522,42.31572333867937
"2020 COLUMBUS AVENUE, Boston, MA",SAM,-71.09676787238553,42.31464417262882
"10 COMET PLACE, Boston, MA",SAM,-71.07819327104409,42.33706465304593
"4 COMMERCIAL STREET, Boston, MA",SAM,-71.05368157589817,42.35940619507486
"98 COMMERCIAL STREET, Boston, MA",SAM,-71.05289086957757,42.36176347668856
"114 COMMERCIAL STREET, Boston, MA",SAM,-71.05274196526416,42.361925410136784
"130 COMMERCIAL STREET, Boston, MA",SAM,-71.05254281485549,42.362154770405624
"205 COMMERCIAL STREET, Boston, MA",SAM,-71.05133803681426,42.363461743101354
"269 COMMERCIAL STREET, Boston, MA",SAM,-71.05100348473403,42.36499857216702
"411 COMMERCIAL STREET, Boston, MA",SAM,-71.05298616273694,42.367452773561006
"460 COMMERCIAL STREET, Boston, MA",SAM,-71.05350277770138,42.3674934278687
"472 COMMERCIAL STREET, Boston, MA",SAM,-71.05393461431099,42.36762253600759
"474 COMMERCIAL STREET, Boston, MA",SAM,-71.05404408110444,42.36766143958608
"89 COMMERCIAL WHARF, Boston, MA",SAM,-71.05014201816341,42.36205590606496
"154 COMMONWEALTH AVENUE, Boston, MA",SAM,-71.07796513934169,42.35167574420387
"266 COMMONWEALTH AVENUE, Boston, MA",SAM,-71.08363670444932,42.35014540085451
"560 COMMONWEALTH AVENUE, Boston, MA",SAM,-71.09815285952892,42.348840463378544
"1092 COMMONWEALTH AVENUE, Boston, MA",SAM,-71.12393435217088,42.3519329037396
"1103 COMMONWEALTH AVENUE, Boston, MA",SAM,-71.12524310265299,42.351999233159596
"1106 COMMONWEALTH AVENUE, Boston, MA",SAM,-71.12457572681768,42.35178909188886
"1192 COMMONWEALTH AVENUE, Boston, MA",SAM,-71.12905747148352,42.35026070924656
"1227 COMMONWEALTH AVENUE, Boston, MA",SAM,-71.13104540256911,42.350577959679654
"1228 COMMONWEALTH AVENUE, Boston, MA",SAM,-71.1307647920046,42.3501150327616
"1308 COMMONWEALTH AVENUE, Boston, MA",SAM,-71.13426675979099,42.34846817436243
"1310 COMMONWEALTH AVENUE, Boston, MA",SAM,-71.13434984140484,42.34842823127711
"1314 COMMONWEALTH AVENUE, Boston, MA",SAM,-71.13451512939524,42.348348614267
"1406 COMMONWEALTH AVENUE, Boston, MA",SAM,-71.13858091694388,42.348531005518915
"1429 COMMONWEALTH AVENUE, Boston, MA",SAM,-71.13968399141527,42.34905191967746
"1464 COMMONWEALTH AVENUE, Boston, MA",SAM,-71.1403287973914,42.34737764131353
"1688 COMMONWEALTH AVENUE, Boston, MA",SAM,-71.14545238267053,42.341533723477355
"1700 COMMONWEALTH AVENUE, Boston, MA",SAM,-71.14567866683367,42.34147715242361
"21 COMO ROAD, Boston, MA",SAM,-71.13673917033817,42.24031678213537
"60 COMO ROAD, Boston, MA",SAM,-71.14027483471666,42.240748025599366
"19 CONDOR STREET, Boston, MA",SAM,-71.03939556190761,42.38254583539556
"20 CONDOR STREET, Boston, MA",SAM,-71.0389590550265,42.38265861257778
"100 CONDOR STREET, Boston, MA",SAM,-71.03771461993946,42.382655116933414
"101 CONDOR STREET, Boston, MA",SAM,-71.03619077690688,42.382536244230494
"7 CONGRESS STREET, Boston, MA",SAM,-71.05673358519095,42.35840367725784
"125 CONGRESS STREET, Boston, MA",SAM,-71.05631014660304,42.3565099789516
"316 CONGRESS STREET, Boston, MA",SAM,-71.04969458079859,42.35122435697843
"9 CONISTON ROAD, Boston, MA",SAM,-71.13176081521411,42.2915081992488
"10 CONISTON ROAD, Boston, MA",SAM,-71.1318531885708,42.291416157050236
"2 CHARLES RIVER AVENUE, Boston, MA",SAM,-71.06092294869804,42.37084684501748
"3 COOK STREET, Boston, MA",SAM,-71.06435047847162,42.37995427109392
"10 COOK STREET, Boston, MA",SAM,-71.06427142877101,42.38029419553797
"27 COOK STREET, Boston, MA",SAM,-71.06379482097428,42.380689556770385
"34 COOK STREET, Boston, MA",SAM,-71.0638756222762,42.380816701490275
"38 COOKSON TERRACE, Boston, MA",SAM,-71.09080563887203,42.27219114958884
"41 COOKSON TERRACE, Boston, MA",SAM,-71.09005895153405,42.27170352886613
"1 COOPER STREET, Boston, MA",SAM,-71.05559433040924,42.36443416652233
"25 COOPER STREET, Boston, MA",SAM,-71.05681954747217,42.3645250351501
"38 COOPER STREET, Boston, MA",SAM,-71.05713491224421,42.36437635536106
"50 COOPER STREET, Boston, MA",SAM,-71.05744824848084,42.36435126713275
"8 COPELAND STREET, Boston, MA",SAM,-71.08167571578494,42.321915926830066
"1 COPELAND PARK, Boston, MA",SAM,-71.07961439347682,42.322923374765246
"8 COPENGER STREET, Boston, MA",SAM,-71.10969299204156,42.331947037889584
"12 COPLEY STREET, Boston, MA",SAM,-71.10014364942278,42.31712192461452
"3 CORAL PLACE, Boston, MA",SAM,-71.06302526933774,42.38033441738506
"1 CORDIS STREET, Boston, MA",SAM,-71.06299289622203,42.37472842319966
"2 CORDIS STREET, Boston, MA",SAM,-71.06314062574184,42.37476336039564
"47 COREY STREET, Boston, MA",SAM,-71.15473868713386,42.2861000254453
"71 COREY STREET, Boston, MA",SAM,-71.15510300752504,42.28658724571141
"133 COREY STREET, Boston, MA",SAM,-71.15701628578874,42.28823688137393
"560 COREY STREET, Boston, MA",SAM,-71.16984022878171,42.30017320149734
"281 COREY ROAD, Boston, MA",SAM,-71.1362810505085,42.34560889841937
"5 CORINNE ROAD, Boston, MA",SAM,,
"2 CORINTH STREET, Boston, MA",SAM,-71.1308594541824,42.28682450849366
"29 CORINTH STREET, Boston, MA",SAM,-71.12974451701388,42.286086581126284
"30 CORINTH STREET, Boston, MA",SAM,-71.13072275081937,42.28680462436086
"46 CORINTH STREET, Boston, MA",SAM,-71.13061918788625,42.28676603500455
"50 CORNELIA COURT, Boston, MA",SAM,-71.09844085512673,42.33476379511343
"56 CORNELIA COURT, Boston, MA",SAM,-71.09846401473118,42.33473023731814
"110 CORNELL STREET, Boston, MA",SAM,-71.1322046617001,42.27719635953857
"167 CORNELL STREET, Boston, MA",SAM,-71.13424585328413,42.27874702012536
"265 CORNELL STREET, Boston, MA",SAM,-71.13730449017172,42.28081537622238
"271 CORNELL STREET, Boston, MA",SAM,-71.13750082705705,42.28093365148119
"67 CORNWALL STREET, Boston, MA",SAM,-71.10473146344941,42.312330023667215
"111 COTTAGE STREET, Boston, MA",SAM,-71.03472868759079,42.368231469019285
"201 COTTAGE ROAD, Boston, MA",SAM,-71.15914886922339,42.26259626618
"65 COURT STREET, Boston, MA",SAM,-71.05930823201909,42.359291456613
"15 COWING STREET, Boston, MA",SAM,-71.14571987190233,42.27233157059356
"62 COWING STREET, Boston, MA",SAM,-71.14816439143874,42.273774109388754
"6 CRANMORE ROAD, Boston, MA",SAM,-71.12513713271765,42.24023156768204
"88 CRAWFORD STREET, Boston, MA",SAM,-71.08935563180354,42.313182426354054
"90 CRAWFORD STREET, Boston, MA",SAM,-71.08949899097172,42.31322696867443
"9 CREEK SQUARE, Boston, MA",SAM,-71.05624321677607,42.361120173800316
"30 CREEK SQUARE, Boston, MA",SAM,-71.05617060701492,42.36124461194558
"20 CRESCENT AVENUE, Boston, MA",SAM,-71.05570367625228,42.31894010010657
"3 CRESTON STREET, Boston, MA",SAM,-71.07996343671508,42.31255579698814
"6 CRESTON STREET, Boston, MA",SAM,-71.07928502700851,42.312318113057785
"30 CRISPUS ATTUCKS PLACE, Boston, MA",SAM,-71.0879126562093,42.324996182095894
"42 CRISPUS ATTUCKS PLACE, Boston, MA",SAM,-71.08794861611948,42.324919767286765
"50 CRISPUS ATTUCKS PLACE, Boston, MA",SAM,-71.08797148013383,42.324870010932784
"62 CRISPUS ATTUCKS PLACE, Boston, MA",SAM,-71.08800492973823,42.324792975480946
"70 CRISPUS ATTUCKS PLACE, Boston, MA",SAM,-71.08802722947449,42.32474161851307
"86 CRISPUS ATTUCKS PLACE, Boston, MA",SAM,-71.08807182894702,42.324638904577306
"30 CROWELL STREET, Boston, MA",SAM,-71.08201749112489,42.283324451933424
"65 CROWN POINT DRIVE, Boston, MA",SAM,-71.14728382612007,42.25826883097229
"67 CROWN POINT DRIVE, Boston, MA",SAM,-71.14731626701928,42.25827253850519
"69 CROWN POINT DRIVE, Boston, MA",SAM,-71.14734870791847,42.25827624603811
"71 CROWN POINT DRIVE, Boston, MA",SAM,-71.14738114881767,42.258279953571005
"73 CROWN POINT DRIVE, Boston, MA",SAM,-71.14741358971688,42.25828366110391
"75 CROWN POINT DRIVE, Boston, MA",SAM,-71.14744603061607,42.258287368636815
"77 CROWN POINT DRIVE, Boston, MA",SAM,-71.14747847151526,42.25829107616973
"79 CROWN POINT DRIVE, Boston, MA",SAM,-71.14751091241446,42.25829478370263
"81 CROWN POINT DRIVE, Boston, MA",SAM,-71.14756975251055,42.25829472115797
"83 CROWN POINT DRIVE, Boston, MA",SAM,-71.14760198298974,42.258290116804226
"85 CROWN POINT DRIVE, Boston, MA",SAM,-71.14763421346895,42.258285512450485
"87 CROWN POINT DRIVE, Boston, MA",SAM,-71.14766644394817,42.25828090809673
"89 CROWN POINT DRIVE, Boston, MA",SAM,-71.14769867442737,42.25827630374302
"93 CROWN POINT DRIVE, Boston, MA",SAM,-71.1477631353858,42.258267095035535
"95 CROWN POINT DRIVE, Boston, MA",SAM,-71.14779536586501,42.258262490681794
"97 CROWN POINT DRIVE, Boston, MA",SAM,-71.14785888691593,42.258238617040355
"99 CROWN POINT DRIVE, Boston, MA",SAM,-71.1478838565859,42.258222846721715
"101 CROWN POINT DRIVE, Boston, MA",SAM,-71.14790882625586,42.25820707640305
"103 CROWN POINT DRIVE, Boston, MA",SAM,-71.14793379592582,42.25819130608438
"105 CROWN POINT DRIVE, Boston, MA",SAM,-71.14795876559576,42.25817553576572
"107 CROWN POINT DRIVE, Boston, MA",SAM,-71.14798373526575,42.25815976544705
"109 CROWN POINT DRIVE, Boston, MA",SAM,-71.14800870493569,42.258143995128385
"175 CROWN POINT DRIVE, Boston, MA",SAM,-71.14826909464708,42.25733198558415
"315 CUMMINS HIGHWAY, Boston, MA",SAM,-71.11765854650447,42.27936582382288
"3 CUMMINGTON MALL, Boston, MA",SAM,-71.10083300933631,42.34841310113405
"19 CUMMINGTON MALL, Boston, MA",SAM,-71.10118241897622,42.348464390641155
"28 CUMMINGTON MALL, Boston, MA",SAM,-71.10188550701626,42.348479135696756
"30 CUMMINGTON MALL, Boston, MA",SAM,-71.10196677228812,42.34849461480106
"44 CUMMINGTON MALL, Boston, MA",SAM,-71.10253673780842,42.34859104223179
"108 CUMMINGTON MALL, Boston, MA",SAM,-71.10519758704794,42.349165469365616
"262 CUMMINS HIGHWAY, Boston, MA",SAM,-71.11880643349836,42.27996735369988
"785 CUMMINS HIGHWAY, Boston, MA",SAM,-71.09881613759435,42.27019710988774
"810 CUMMINS HIGHWAY, Boston, MA",SAM,-71.09886356687032,42.27031555907072
"8 CUMMINS HIGHWAY, Boston, MA",SAM,-71.12732644653293,42.28600850343272
"38 CUMMINS HIGHWAY, Boston, MA",SAM,-71.12674666847823,42.28564770408376
"114 CUMMINS HIGHWAY, Boston, MA",SAM,-71.12417277745911,42.28346927462365
"27 CUNARD STREET, Boston, MA",SAM,-71.08608951524634,42.33646083332668
"48 CUNARD STREET, Boston, MA",SAM,-71.08631765087213,42.336496193408905
"15 CURLEW STREET, Boston, MA",SAM,-71.15110163692135,42.27366214295991
"2 CURTIS STREET, Boston, MA",SAM,-71.0208721505188,42.382447580326236
"11 CURTIS STREET, Boston, MA",SAM,-71.20831178651292,42.318675202409715
"4 CUSHING AVENUE, Boston, MA",SAM,-71.06522840151213,42.31653955862373
"8 CUSTER STREET, Boston, MA",SAM,-71.11589466689603,42.30750058401141
"4 CYGNET STREET, Boston, MA",SAM,-71.13999281800251,42.359636884670465
"15 CYPHER STREET, Boston, MA",SAM,-71.0501004904622,42.34279287580192
"210 D STREET, Boston, MA",SAM,-71.05034026581735,42.33931887668354
"243 D STREET, Boston, MA",SAM,-71.05129854113964,42.338325803165425
"248 D STREET, Boston, MA",SAM,-71.05014087790268,42.33947838702358
"272 D STREET, Boston, MA",SAM,-71.05001494869342,42.33957913039626
"273 D STREET, Boston, MA",SAM,-71.05006177537362,42.33937281224108
"350 D STREET, Boston, MA",SAM,-71.04849670130693,42.34086455991935
"400 D STREET, Boston, MA",SAM,-71.04260606543762,42.34597068619859
"10 D STREET, Boston, MA",SAM,-71.05691055997455,42.3338052147095
"40 D STREET, Boston, MA",SAM,-71.05649230408237,42.33414395143622
"99 D STREET, Boston, MA",SAM,-71.05506792091907,42.33517234394665
"23 DACIA STREET, Boston, MA",SAM,-71.07725795291495,42.31494259685833
"31 DACIA STREET, Boston, MA",SAM,-71.0771884929304,42.315121848427076
"35 DACIA STREET, Boston, MA",SAM,-71.07715376293812,42.31521147421144
"84 DACIA STREET, Boston, MA",SAM,-71.07670411865143,42.31702909945652
"86 DACIA STREET, Boston, MA",SAM,-71.07668845812073,42.317062508588656
"90 DACIA STREET, Boston, MA",SAM,-71.07665713705931,42.31712932685298
"98 DACIA STREET, Boston, MA",SAM,-71.07659449493649,42.317262963381594
"100 DACIA STREET, Boston, MA",SAM,-71.07654546686668,42.317370602975444
"2 DACY STREET, Boston, MA",SAM,-71.12674435515945,42.249159881219825
"3 LOUIS D BROWN WAY, Boston, MA",SAM,-71.06924633595386,42.30060251348595
"142 DAKOTA STREET, Boston, MA",SAM,-71.06718942665015,42.30014978989395
"3 DALESSIO COURT, Boston, MA",SAM,-71.05536637381779,42.33824171396547
"4 DALESSIO COURT, Boston, MA",SAM,-71.0560627842402,42.33779222907118
"40 DALESSIO COURT, Boston, MA",SAM,-71.05515544760534,42.33864068458562
"64 DALESSIO COURT, Boston, MA",SAM,-71.05454893487521,42.3392285888497
"68 DALESSIO COURT, Boston, MA",SAM,-71.05449392592065,42.33927936634873
"108 DALESSIO COURT, Boston, MA",SAM,-71.0538426568628,42.339874041883384
"15 DALIN PLACE, Boston, MA",SAM,-71.076820092474,42.31948876890558
"8 DALKEITH STREET, Boston, MA",SAM,-71.07613290650032,42.315125369108245
"12 DALKEITH STREET, Boston, MA",SAM,-71.07613589987459,42.31512624217598
"15 DALKEITH STREET, Boston, MA",SAM,-71.07607482049147,42.315231610712864
"10 DALTON STREET, Boston, MA",SAM,-71.08433681420206,42.34563006171463
"28 DAMRELL STREET, Boston, MA",SAM,-71.05581806426768,42.33306440125293
"25 DANA AVENUE, Boston, MA",SAM,-71.12413981184804,42.25353568661929
"58 DANA AVENUE, Boston, MA",SAM,-71.12310622717074,42.25229343705031
"12 DANE STREET, Boston, MA",SAM,-71.11859959813154,42.311179115178575
"5 DANFORTH STREET, Boston, MA",SAM,-71.10422701987014,42.31906248843261
"9 DANNY ROAD, Boston, MA",SAM,-71.13622967737517,42.24081839309884
"2 DARTMOUTH STREET, Boston, MA",SAM,-71.07385498839007,42.34286521194904
"3 DARTMOUTH STREET, Boston, MA",SAM,-71.07388383263068,42.34326621678348
"107 DARTMOUTH STREET, Boston, MA",SAM,-71.07526550796342,42.3460721996431
"141 DARTMOUTH STREET, Boston, MA",SAM,-71.07559252141803,42.34673154402298
"1 DAVITT STREET, Boston, MA",SAM,-71.04954316349115,42.312603861346005
"2 DAVITT STREET, Boston, MA",SAM,-71.04969653651041,42.31262022620479
"6 DAVITT STREET, Boston, MA",SAM,-71.04969145859883,42.312646250497416
"130 DAY STREET, Boston, MA",SAM,-71.10972820375282,42.322741446564805
"132 DAY STREET, Boston, MA",SAM,-71.10973535550744,42.322721546030934
"25 DEACONESS ROAD, Boston, MA",SAM,-71.10862457912621,42.338086088679574
"6 DEAN STREET, Boston, MA",SAM,-71.07362238645092,42.31915054416746
"34 DEARBORN STREET, Boston, MA",SAM,-71.07897111183225,42.329176156338384
"58 DEARBORN STREET, Boston, MA",SAM,-71.07899349977673,42.32910526118482
"60 DEARBORN STREET, Boston, MA",SAM,-71.07899536543874,42.32909935325535
"2 DECATUR STREET, Boston, MA",SAM,-71.05527741348483,42.377012823461406
"82 DECATUR STREET, Boston, MA",SAM,-71.05426039164763,42.37800919317031
"30 DEERFIELD STREET, Boston, MA",SAM,-71.09782268377941,42.35022871501109
"2 DEGAUTIER WAY, Boston, MA",SAM,-71.08043857522779,42.33053888858249
"5 DEGAUTIER WAY, Boston, MA",SAM,-71.08060520501824,42.330299846985355
"6 DEGAUTIER WAY, Boston, MA",SAM,-71.08069959789977,42.330390740572234
"7 DEGAUTIER WAY, Boston, MA",SAM,-71.08070716868352,42.33021799666634
"8 DEGAUTIER WAY, Boston, MA",SAM,-71.08082196574549,42.33029499561426
"9 DEGAUTIER WAY, Boston, MA",SAM,-71.08081911737153,42.330128140377724
"10 DEGAUTIER WAY, Boston, MA",SAM,-71.08093295754956,42.33020591174902
"15 DEGAUTIER WAY, Boston, MA",SAM,-71.08111150369974,42.32984442216732
"16 DEGAUTIER WAY, Boston, MA",SAM,-71.08122684910563,42.32992097128894
"17 DEGAUTIER WAY, Boston, MA",SAM,-71.08112687647234,42.32983176223629
"18 DEGAUTIER WAY, Boston, MA",SAM,-71.08124259682388,42.3299080025791
"19 DEGAUTIER WAY, Boston, MA",SAM,-71.08114224924493,42.32981910230526
"22 DEGAUTIER WAY, Boston, MA",SAM,-71.08127409226044,42.329882065159445
"24 DEGAUTIER WAY, Boston, MA",SAM,-71.08128983997871,42.3298690964496
"9 DELLE AVENUE, Boston, MA",SAM,-71.09797615587229,42.33087138056834
"15 DELLE AVENUE, Boston, MA",SAM,-71.09817293752262,42.33094902232672
"13 DELNORE PLACE, Boston, MA",SAM,-71.0912184682748,42.270415201601345
"24 DENBY ROAD, Boston, MA",SAM,-71.13470196111285,42.35511108982593
"20 DERNE STREET, Boston, MA",SAM,-71.06368036408655,42.35947763906393
"28 DERNE STREET, Boston, MA",SAM,-71.06409346679861,42.359453159049515
"32 DERNE STREET, Boston, MA",SAM,-71.06410504841416,42.35945259409295
"26 DE SOTO ROAD, Boston, MA",SAM,-71.15439944781191,42.26214846406953
"142 DEVON STREET, Boston, MA",SAM,-71.07651490865223,42.307933819586104
"43 DEVONSHIRE STREET, Boston, MA",SAM,-71.05735783353597,42.35800937522323
"54 DEVONSHIRE STREET, Boston, MA",SAM,-71.05719357181981,42.35818636075738
"157 DEVONSHIRE STREET, Boston, MA",SAM,-71.05727724329938,42.35654104227653
"2 DEVONSHIRE PLACE, Boston, MA",SAM,-71.05706612240843,42.35879712368668
"16 DEWEY STREET, Boston, MA",SAM,-71.0770822883299,42.31682178297061
"24 DEWEY STREET, Boston, MA",SAM,-71.07682875308993,42.31678871314379
"38 DEWITT DRIVE, Boston, MA",SAM,-71.08333220861434,42.333869603632934
"44 DEWITT DRIVE, Boston, MA",SAM,-71.08343246254353,42.33392817897562
"50 DEWITT DRIVE, Boston, MA",SAM,-71.08353271647272,42.33398675431831
"56 DEWITT DRIVE, Boston, MA",SAM,-71.0836314582788,42.33403305934346
"59 DEWITT DRIVE, Boston, MA",SAM,-71.08374723177229,42.33419803281707
"62 DEWITT DRIVE, Boston, MA",SAM,-71.08374160638725,42.334080949836725
"65 DEWITT DRIVE, Boston, MA",SAM,-71.08393785208274,42.33417435075447
"70 DEWITT DRIVE, Boston, MA",SAM,-71.08385457462288,42.334081955859844
"71 DEWITT DRIVE, Boston, MA",SAM,-71.08404578984491,42.33408467021354
"72 DEWITT DRIVE, Boston, MA",SAM,-71.08385611521494,42.334076221273136
"73 DEWITT DRIVE, Boston, MA",SAM,-71.08407081271567,42.334056072645666
"78 DEWITT DRIVE, Boston, MA",SAM,-71.08391893552528,42.334018657038676
"79 DEWITT DRIVE, Boston, MA",SAM,-71.08414700313322,42.333965557248725
"84 DEWITT DRIVE, Boston, MA",SAM,-71.08398833858195,42.333939339256126
"86 DEWITT DRIVE, Boston, MA",SAM,-71.08400693470892,42.33391612601602
"92 DEWITT DRIVE, Boston, MA",SAM,-71.08406773099195,42.333833037759604
"94 DEWITT DRIVE, Boston, MA",SAM,-71.08408799641964,42.33380534167411
"99 DEWITT DRIVE, Boston, MA",SAM,-71.08436620061629,42.33366598734458
"100 DEWITT DRIVE, Boston, MA",SAM,-71.08414879270268,42.3337222534177
"128 DEWITT DRIVE, Boston, MA",SAM,-71.08510290000885,42.33252459938073
"101 DEWITT DRIVE, Boston, MA",SAM,-71.08444135981233,42.333569036297774
"103 DEWITT DRIVE, Boston, MA",SAM,-71.08446883014604,42.33353553588944
"105 DEWITT DRIVE, Boston, MA",SAM,-71.08449630047976,42.33350203548108
"107 DEWITT DRIVE, Boston, MA",SAM,-71.08452377081346,42.33346853507274
"109 DEWITT DRIVE, Boston, MA",SAM,-71.08455124114717,42.333435034664404
"111 DEWITT DRIVE, Boston, MA",SAM,-71.0845787114809,42.333401534256055
"113 DEWITT DRIVE, Boston, MA",SAM,-71.08460624958882,42.333367286684904
"115 DEWITT DRIVE, Boston, MA",SAM,-71.08463319035376,42.33333355216047
"117 DEWITT DRIVE, Boston, MA",SAM,-71.08466013111874,42.33329981763603
"119 DEWITT DRIVE, Boston, MA",SAM,-71.0846870718837,42.333266083111596
"121 DEWITT DRIVE, Boston, MA",SAM,-71.08471401264866,42.333232348587174
"138 DEWITT DRIVE, Boston, MA",SAM,-71.08540089201932,42.33215656717038
"140 DEWITT DRIVE, Boston, MA",SAM,-71.08548066772555,42.332052617003775
"142 DEWITT DRIVE, Boston, MA",SAM,-71.08556044343177,42.33194866683718
"146 DEWITT DRIVE, Boston, MA",SAM,-71.08569150837312,42.33173810946945
"148 DEWITT DRIVE, Boston, MA",SAM,-71.08568769639591,42.331730064552836
"150 DEWITT DRIVE, Boston, MA",SAM,-71.08564867461088,42.3317142662555
"152 DEWITT DRIVE, Boston, MA",SAM,-71.08560965282587,42.331698467958184
"154 DEWITT DRIVE, Boston, MA",SAM,-71.08557063104085,42.331682669660836
"156 DEWITT DRIVE, Boston, MA",SAM,-71.08553160925584,42.3316668713635
"1 DEXTER STREET, Boston, MA",SAM,-71.0570397223083,42.33042841443791
"5 DICKINSON ROAD, Boston, MA",SAM,-71.16132313978454,42.34884656746459
"9 DICKINSON ROAD, Boston, MA",SAM,-71.161363281829,42.34880348819538
"1 DITMUS COURT, Boston, MA",SAM,-71.08260799295127,42.33687314906373
"2 DITMUS COURT, Boston, MA",SAM,-71.08250657193325,42.33678648483128
"9 DITMUS COURT, Boston, MA",SAM,-71.08256356364205,42.33690155964386
"10 DITMUS COURT, Boston, MA",SAM,-71.0824612170134,42.336815487298495
"18 DITMUS COURT, Boston, MA",SAM,-71.08241586209358,42.33684448976572
"46 DITSON STREET, Boston, MA",SAM,-71.06412254252618,42.301328368692616
"3 DONNYBROOK ROAD, Boston, MA",SAM,-71.15856407941958,42.353933670821874
"3 DORCHESTER STREET, Boston, MA",SAM,-71.04331409855529,42.33735000823837
"30 DORCHESTER STREET, Boston, MA",SAM,-71.04372347720782,42.33681235864639
"61 DORCHESTER STREET, Boston, MA",SAM,-71.04481082947059,42.336093804611124
"86 DORCHESTER STREET, Boston, MA",SAM,-71.04488475826719,42.33587239550893
"131 DORCHESTER STREET, Boston, MA",SAM,-71.04713273177437,42.33484441143437
"133 DORCHESTER STREET, Boston, MA",SAM,-71.04721969115228,42.334801752115
"267 DORCHESTER STREET, Boston, MA",SAM,-71.05220900955257,42.332175697336716
"130 DORCHESTER AVENUE, Boston, MA",SAM,-71.057051072737,42.34197011789526
"148 DORCHESTER AVENUE, Boston, MA",SAM,-71.05704734473396,42.341870207245094
"385 DORCHESTER AVENUE, Boston, MA",SAM,-71.05714184849568,42.33545089780891
"475 DORCHESTER AVENUE, Boston, MA",SAM,-71.05709270766441,42.33306599922562
"540 DORCHESTER AVENUE, Boston, MA",SAM,-71.05688390831659,42.33088383210394
"543 DORCHESTER AVENUE, Boston, MA",SAM,-71.05703891486718,42.33088383210888
"603 DORCHESTER AVENUE, Boston, MA",SAM,-71.0570102306213,42.328846834798334
"650 DORCHESTER AVENUE, Boston, MA",SAM,-71.05683053042026,42.3277257845932
"800 DORCHESTER AVENUE, Boston, MA",SAM,-71.05674271865446,42.32334432246924
"862 DORCHESTER AVENUE, Boston, MA",SAM,-71.056699420345,42.32141831273164
"887 DORCHESTER AVENUE, Boston, MA",SAM,-71.05684510398511,42.320660818130634
"920 DORCHESTER AVENUE, Boston, MA",SAM,-71.0566702077227,42.31946905761708
"946 DORCHESTER AVENUE, Boston, MA",SAM,-71.05665215935646,42.31831195527392
"1000 DORCHESTER AVENUE, Boston, MA",SAM,-71.05659904213069,42.31645697510748
"1027 DORCHESTER AVENUE, Boston, MA",SAM,-71.05673946267666,42.31557347092919
"1062 DORCHESTER AVENUE, Boston, MA",SAM,-71.05676631777406,42.314528114886386
"1081 DORCHESTER AVENUE, Boston, MA",SAM,-71.05709838173271,42.31380121563706
"1086 DORCHESTER AVENUE, Boston, MA",SAM,-71.0569488526283,42.31376661141551
"1105 DORCHESTER AVENUE, Boston, MA",SAM,-71.05732127979057,42.31280917080332
"1106 DORCHESTER AVENUE, Boston, MA",SAM,-71.05716472218866,42.31280688017029
"1115 DORCHESTER AVENUE, Boston, MA",SAM,-71.05737946652037,42.31254918757574
"1118 DORCHESTER AVENUE, Boston, MA",SAM,-71.05722352141035,42.31254416027714
"1174 DORCHESTER AVENUE, Boston, MA",SAM,-71.05760878843024,42.31088376641518
"1178 DORCHESTER AVENUE, Boston, MA",SAM,-71.05763349191908,42.31076687675304
"1271 DORCHESTER AVENUE, Boston, MA",SAM,-71.05850986257961,42.30753260809876
"1273 DORCHESTER AVENUE, Boston, MA",SAM,-71.05852570306341,42.30747026813642
"1325 DORCHESTER AVENUE, Boston, MA",SAM,-71.05900380685254,42.305436003740496
"1334 DORCHESTER AVENUE, Boston, MA",SAM,-71.05892585091047,42.305082072109506
"1380 DORCHESTER AVENUE, Boston, MA",SAM,-71.05923225918096,42.303678922095216
"1386 DORCHESTER AVENUE, Boston, MA",SAM,-71.05926427064291,42.30352659171201
"1397 DORCHESTER AVENUE, Boston, MA",SAM,-71.05948139511744,42.30323952950962
"1429 DORCHESTER AVENUE, Boston, MA",SAM,-71.05974207450024,42.30206825246726
"1480 DORCHESTER AVENUE, Boston, MA",SAM,-71.06014613723814,42.30006743413859
"1500 DORCHESTER AVENUE, Boston, MA",SAM,-71.06024548434111,42.29968926793045
"1502 DORCHESTER AVENUE, Boston, MA",SAM,-71.06027455871107,42.29958937138423
"1588 DORCHESTER AVENUE, Boston, MA",SAM,-71.06124481178985,42.296213125966595
"1773 DORCHESTER AVENUE, Boston, MA",SAM,-71.06324924146276,42.28979116419137
"1792 DORCHESTER AVENUE, Boston, MA",SAM,-71.06320080689076,42.28939384498266
"1809 DORCHESTER AVENUE, Boston, MA",SAM,-71.06355775341952,42.288667461532604
"1845 DORCHESTER AVENUE, Boston, MA",SAM,-71.06375528149337,42.28797700954098
"1850 DORCHESTER AVENUE, Boston, MA",SAM,-71.06363496905279,42.28782458347109
"1854 DORCHESTER AVENUE, Boston, MA",SAM,-71.06370666813044,42.28753626105759
"1856 DORCHESTER AVENUE, Boston, MA",SAM,-71.06373797708711,42.28742204163023
"1866 DORCHESTER AVENUE, Boston, MA",SAM,-71.06381192774005,42.28717420702576
"1876 DORCHESTER AVENUE, Boston, MA",SAM,-71.06390308217337,42.28686471180054
"1879 DORCHESTER AVENUE, Boston, MA",SAM,-71.06395579102175,42.287223690788295
"1884 DORCHESTER AVENUE, Boston, MA",SAM,-71.06393581033234,42.28674652679141
"1944 DORCHESTER AVENUE, Boston, MA",SAM,-71.06475133916909,42.28384685411151
"2116 DORCHESTER AVENUE, Boston, MA",SAM,-71.06622223726724,42.27859186272733
"2120 DORCHESTER AVENUE, Boston, MA",SAM,-71.0662313669921,42.278560517340864
"2215 DORCHESTER AVENUE, Boston, MA",SAM,-71.06736832354615,42.27511943104971
"2222 DORCHESTER AVENUE, Boston, MA",SAM,,
"21 DORIS STREET, Boston, MA",SAM,-71.0571501225674,42.313548782408866
"30 DORRANCE STREET, Boston, MA",SAM,-71.07544168205906,42.38661280708123
"9 DR. MARY MOORE BEATTY CIRCLE, Boston, MA",SAM,-71.07894989679421,42.27181848839017
"15 DR. MARY MOORE BEATTY CIRCLE, Boston, MA",SAM,-71.07901926870547,42.27189874218849
"21 DR. MARY MOORE BEATTY CIRCLE, Boston, MA",SAM,-71.07908864061672,42.27197899598679
"4 DRACUT STREET, Boston, MA",SAM,-71.06381034935168,42.28700602790849
"21 DRY DOCK AVENUE, Boston, MA",SAM,-71.03170039857596,42.34464690132052
"690 DUDLEY STREET, Boston, MA",SAM,-71.06986846250109,42.31907237500245
"174 DUDLEY STREET, Boston, MA",SAM,-71.08250670796548,42.32863719387483
"318 DUDLEY STREET, Boston, MA",SAM,-71.077047805116,42.327531189627706
"400 DUDLEY STREET, Boston, MA",SAM,-71.07446867535279,42.324558006911715
"411 DUDLEY STREET, Boston, MA",SAM,-71.07513437892824,42.325460650360775
"538 DUDLEY STREET, Boston, MA",SAM,-71.07236137590219,42.32200038728934
"1 DUDLEY STREET, Boston, MA",SAM,-71.09015951098787,42.32953420784877
"6 DUDLEY STREET, Boston, MA",SAM,-71.08887171602181,42.32948485762816
"80 DUDLEY STREET, Boston, MA",SAM,-71.08714518177193,42.32924525250645
"155 DUDLEY STREET, Boston, MA",SAM,-71.08314972943862,42.328570676976526
"165 DUDLEY STREET, Boston, MA",SAM,-71.08292157183844,42.328556051479964
"1 DUNCAN TERRACE, Boston, MA",SAM,-71.05817718772865,42.30213595658494
"2 DUNCAN TERRACE, Boston, MA",SAM,-71.05825538970693,42.30223488003166
"8 DUNMORE STREET, Boston, MA",SAM,-71.07510157777399,42.32610683944553
"38 DUNREATH STREET, Boston, MA",SAM,-71.08119965527813,42.32294205971302
"70 DUNSTABLE STREET, Boston, MA",SAM,-71.06878396486724,42.376659028085186
"58 DWIGHT STREET, Boston, MA",SAM,-71.06931019617593,42.344424338191786
"63 DWIGHT STREET, Boston, MA",SAM,-71.06933925226966,42.34456826490204
"14 DYER STREET, Boston, MA",SAM,-71.0798064707936,42.28329224105584
"220 E STREET, Boston, MA",SAM,-71.0524506566172,42.335210369467234
"271 E STREET, Boston, MA",SAM,-71.05097330032207,42.33629901355784
"328 E STREET, Boston, MA",SAM,-71.04920954307623,42.337962672562405
"341 E STREET, Boston, MA",SAM,-71.0486011578563,42.33830434960355
"582 E STREET, Boston, MA",SAM,-71.04189303283847,42.34419047610955
"176 E STREET, Boston, MA",SAM,-71.05379928244434,42.33415170708968
"178 E STREET, Boston, MA",SAM,-71.05368632160737,42.334227316284
"6 EAGLE SQUARE, Boston, MA",SAM,-71.02643824730855,42.381293050281386
"11 EAST STREET, Boston, MA",SAM,-71.05939338172278,42.30766263230003
"485 BROADWAY NAN, Boston, MA",SAM,-71.04610517205053,42.33565956592743
"487 BROADWAY NAN, Boston, MA",SAM,-71.04606200208367,42.33562947776199
"506 BROADWAY NAN, Boston, MA",SAM,-71.04434600832117,42.335525431222344
"537 BROADWAY NAN, Boston, MA",SAM,-71.04295037040079,42.335433817817844
"592 BROADWAY NAN, Boston, MA",SAM,-71.04039871641005,42.335597402444776
"753 BROADWAY NAN, Boston, MA",SAM,-71.03534105681112,42.335575052332416
"73 BROOKLINE STREET, Boston, MA",SAM,-71.07363974273937,42.340630245247425
"229 EIGHTH STREET, Boston, MA",SAM,-71.05078295672462,42.332537951795565
"258 EIGHTH STREET, Boston, MA",SAM,-71.04988086927837,42.332139011928895
"334 EIGHTH STREET, Boston, MA",SAM,-71.04827569796537,42.33128549590777
"502 EIGHTH STREET, Boston, MA",SAM,-71.04135156787018,42.33142382514285
"605 EIGHTH STREET, Boston, MA",SAM,-71.03701113896932,42.33137985012427
"518 FIFTH STREET, Boston, MA",SAM,-71.03944303864377,42.3339199205205
"559 FIFTH STREET, Boston, MA",SAM,-71.03754862602604,42.333841540931424
"623 FIFTH STREET, Boston, MA",SAM,-71.0355882157618,42.33387764704557
"625 FIFTH STREET, Boston, MA",SAM,-71.03553182089615,42.333878654095074
"627 FIFTH STREET, Boston, MA",SAM,-71.0354754260305,42.3338796611446
"668 FIFTH STREET, Boston, MA",SAM,-71.033790601101,42.334023608673036
"409 FIRST STREET, Boston, MA",SAM,-71.04430470754596,42.33784561686711
"594 FIRST STREET, Boston, MA",SAM,-71.0379285676326,42.338144366217946
"597 FIRST STREET, Boston, MA",SAM,-71.0356971723967,42.338081076818824
"603 FIRST STREET, Boston, MA",SAM,-71.0353698891219,42.33808587116475
"658 FIRST STREET, Boston, MA",SAM,-71.03508239471056,42.33820252142087
"696 FIRST STREET, Boston, MA",SAM,-71.03486732525374,42.338204057624644
"855 FIRST STREET, Boston, MA",SAM,-71.02990951317715,42.33817608386159
"542 FOURTH STREET, Boston, MA",SAM,-71.0431795591237,42.334673917764086
"554 FOURTH STREET, Boston, MA",SAM,-71.0425194841861,42.334691313194746
"560 FOURTH STREET, Boston, MA",SAM,-71.04217882683493,42.33470004798894
"615 FOURTH STREET, Boston, MA",SAM,-71.03819332244196,42.33465935746957
"617 FOURTH STREET, Boston, MA",SAM,-71.03815822680934,42.33466037967148
"689 FOURTH STREET, Boston, MA",SAM,-71.03711591653693,42.334685427201904
"691 FOURTH STREET, Boston, MA",SAM,-71.03702213929559,42.334686272039036
"700 FOURTH STREET, Boston, MA",SAM,-71.03730536007399,42.33479832040227
"707 FOURTH STREET, Boston, MA",SAM,-71.03621056054514,42.334693806329014
"786 FOURTH STREET, Boston, MA",SAM,-71.03196625237507,42.33488228855281
"20 LENOX STREET, Boston, MA",SAM,-71.07915715530183,42.335209850659595
"241 NINTH STREET, Boston, MA",SAM,-71.05198240924125,42.332677227022884
"519 SECOND STREET, Boston, MA",SAM,-71.04189861931863,42.33714234950755
"537 SECOND STREET, Boston, MA",SAM,-71.0416920541304,42.33714686458767
"601 SECOND STREET, Boston, MA",SAM,-71.03918202038584,42.337187651636924
"641 SECOND STREET, Boston, MA",SAM,-71.03762926271062,42.3372266870803
"718 SECOND STREET, Boston, MA",SAM,-71.03489606093945,42.337377619653786
"479 SEVENTH STREET, Boston, MA",SAM,-71.04152126635994,42.33212583772593
"522 SEVENTH STREET, Boston, MA",SAM,-71.0393087110289,42.332287716736666
"544 SEVENTH STREET, Boston, MA",SAM,-71.03839285376203,42.3323037562415
"490 SIXTH STREET, Boston, MA",SAM,-71.04164995384332,42.33306535141389
"624 SIXTH STREET, Boston, MA",SAM,-71.03552816148162,42.33316586052659
"703 SIXTH STREET, Boston, MA",SAM,-71.03222898154868,42.33310155791783
"784 SIXTH STREET, Boston, MA",SAM,-71.02909394635725,42.33326909015342
"811 SIXTH STREET, Boston, MA",SAM,-71.02860423315315,42.33316383285133
"835 SIXTH STREET, Boston, MA",SAM,-71.02821599975861,42.33317122836804
"880 SIXTH STREET, Boston, MA",SAM,-71.02579900945116,42.333331423816254
"2 SPRINGFIELD STREET, Boston, MA",SAM,-71.07626957345963,42.336948490629815
"8 SPRINGFIELD STREET, Boston, MA",SAM,-71.07599802083973,42.336716484455756
"401 THIRD STREET, Boston, MA",SAM,-71.04414195037481,42.33627790917481
"764 THIRD STREET, Boston, MA",SAM,-71.0291137361431,42.33665297298983
"50 EASTERN AVENUE, Boston, MA",SAM,-71.05035360305403,42.3640549562042
"23 EDGEMONT STREET, Boston, MA",SAM,-71.14161070235741,42.288071656897856
"18 EDGERLY ROAD, Boston, MA",SAM,-71.087935133827,42.34592929559063
"48 EDGEWOOD STREET, Boston, MA",SAM,-71.07967227888942,42.31818912662889
"51 EDGEWOOD STREET, Boston, MA",SAM,-71.0792016979104,42.317728064818574
"29 EDINBORO STREET, Boston, MA",SAM,-71.0598540382943,42.35226479008747
"35 EDINBORO STREET, Boston, MA",SAM,-71.05984538417098,42.35221719238718
"56 EDISON GREEN, Boston, MA",SAM,-71.05735439775307,42.319588928994506
"2 ELBERT STREET, Boston, MA",SAM,-71.0862589197334,42.31757280057018
"1 ELDRIDGE ROAD, Boston, MA",SAM,-71.11769489337011,42.29237567293246
"4 ELEANOR STREET, Boston, MA",SAM,-71.14290024470245,42.35158210500802
"31 ELIOT STREET, Boston, MA",SAM,-71.11753538538736,42.3117987012557
"35 ELIOT STREET, Boston, MA",SAM,-71.11775083561525,42.312005647836585
"2 ELIOT TERRACE, Boston, MA",SAM,-71.09233456964115,42.329820713471065
"22 ELKINS STREET, Boston, MA",SAM,-71.03711261178091,42.33925190084587
"1 ELKO STREET, Boston, MA",SAM,-71.14898311452053,42.34953217835367
"45 ELLERY STREET, Boston, MA",SAM,-71.0583270790841,42.33007586428049
"54 ELLERY STREET, Boston, MA",SAM,-71.05817871320346,42.32903668048059
"30 ELLINGTON STREET, Boston, MA",SAM,-71.08391672628203,42.30211107449269
"33 ELLINGTON STREET, Boston, MA",SAM,-71.08398203468559,42.302001293145096
"16 ELLIS STREET, Boston, MA",SAM,-71.13129047655211,42.249266418142774
"3 ELLSWORTH STREET, Boston, MA",SAM,-71.05888697760878,42.30512415217667
"6 ELLWOOD STREET, Boston, MA",SAM,-71.05983478088206,42.373868609833906
"1 ELM HILL AVENUE, Boston, MA",SAM,-71.08446740485759,42.31259371859787
"42 ELM HILL AVENUE, Boston, MA",SAM,-71.0857539422125,42.31171051112052
"54 ELM HILL AVENUE, Boston, MA",SAM,-71.08603249943242,42.31132855796987
"6 ELMIRA STREET, Boston, MA",SAM,-71.15060035107639,42.35334505537356
"35 ELTON STREET, Boston, MA",SAM,-71.0555899306785,42.31363077202827
"36 ELTON STREET, Boston, MA",SAM,-71.055553162932,42.31374210989232
"12 ELVEN ROAD, Boston, MA",SAM,-71.12018514073476,42.29365186424076
"75 DAVID G MUGAR WAY, Boston, MA",SAM,-71.07171871428974,42.36078437622752
"88 EMERSON STREET, Boston, MA",SAM,-71.04098316102287,42.335987523525766
"135 EMERSON STREET, Boston, MA",SAM,-71.03904171872149,42.33525796775358
"137 EMERSON STREET, Boston, MA",SAM,-71.03900017603779,42.33524487339323
"164 EMERSON STREET, Boston, MA",SAM,-71.03893111646109,42.33534748634822
"225 EMERSON STREET, Boston, MA",SAM,-71.0363813574757,42.33441407566875
"5 EMERSON PLACE, Boston, MA",SAM,-71.06858849286304,42.364179283197345
"108 EMPIRE STREET, Boston, MA",SAM,-71.12650713821112,42.35857746909514
"63 ENDICOTT STREET, Boston, MA",SAM,-71.0571543329319,42.36368187612551
"106 ENDICOTT STREET, Boston, MA",SAM,-71.05740353705922,42.36435012499221
"107 ENDICOTT STREET, Boston, MA",SAM,-71.05726367022653,42.36452799671673
"178 ENDICOTT COURT, Boston, MA",SAM,-71.05786708720363,42.36587244205033
"6 ENDICOTT TERRACE, Boston, MA",SAM,-71.06210071331925,42.29415268586626
"8 ENDICOTT TERRACE, Boston, MA",SAM,-71.06213433404231,42.29415686235526
"25 ENFIELD STREET, Boston, MA",SAM,-71.11007764733799,42.31623554432217
"140 ENGLEWOOD AVENUE, Boston, MA",SAM,-71.15088672552541,42.33738974705998
"5 ERIC ROAD, Boston, MA",SAM,-71.13445035961271,42.35724686891222
"6 ERIC ROAD, Boston, MA",SAM,-71.1346033439279,42.35726561728364
"39 ERIE STREET, Boston, MA",SAM,-71.07993800691033,42.3027086578796
"132 ERIE STREET, Boston, MA",SAM,-71.08292180762439,42.301270399543235
"3 ESMOND STREET, Boston, MA",SAM,-71.0862750709433,42.299369582829065
"5 ESMOND STREET, Boston, MA",SAM,-71.08619738244857,42.29931483092528
"7 ESMOND STREET, Boston, MA",SAM,-71.08611969395388,42.29926007902151
"50 ESSEX STREET, Boston, MA",SAM,-71.07030531817803,42.37932445684382
"22 ESTABROOK ROAD, Boston, MA",SAM,-71.08455538749777,42.33187385988268
"8 ESTEY STREET, Boston, MA",SAM,-71.10753746707728,42.328229815810914
"42 ETNA STREET, Boston, MA",SAM,-71.14717816947379,42.35392969174455
"98 ETNA STREET, Boston, MA",SAM,-71.14806913017999,42.35255256506809
"3 EUSTIS STREET, Boston, MA",SAM,-71.08088304500839,42.330961315858616
"270 EUSTIS STREET, Boston, MA",SAM,-71.07383843303619,42.32624590479595
"278 EUSTIS STREET, Boston, MA",SAM,-71.0737932086503,42.32622161762021
"282 EUSTIS STREET, Boston, MA",SAM,-71.07377059645738,42.326209474032346
"286 EUSTIS STREET, Boston, MA",SAM,-71.07374798426443,42.326197330444465
"68 EUSTON ROAD, Boston, MA",SAM,-71.1461747027271,42.34331819348925
"124 EUTAW STREET, Boston, MA",SAM,-71.0353858630338,42.38014811077948
"137 EVANS STREET, Boston, MA",SAM,-71.08341426683351,42.28158817999551
"40 EVANS WAY, Boston, MA",SAM,-71.09877783434307,42.337987485149235
"54 EVELYN STREET, Boston, MA",SAM,-71.09116785671932,42.27932922633427
"10 EVERETT STREET, Boston, MA",SAM,-71.10888656941124,42.31011785550285
"43 EVERETT STREET, Boston, MA",SAM,-71.10910664466134,42.309072375670745
"53 EVERETT STREET, Boston, MA",SAM,-71.1091316919346,42.30898888476537
"66 EVERETT STREET, Boston, MA",SAM,-71.10901608759528,42.308852924404135
"154 EVERETT STREET, Boston, MA",SAM,-71.1377261415966,42.3582367132194
"7 EVERETT AVENUE, Boston, MA",SAM,-71.06286448054986,42.31589017432466
"61 EXETER STREET, Boston, MA",SAM,-71.07911871503588,42.34847736529274
"48 F STREET, Boston, MA",SAM,-71.05060804565399,42.33447217176787
"64 F STREET, Boston, MA",SAM,-71.04997568883213,42.33501602511435
"66 F STREET, Boston, MA",SAM,-71.04994118599863,42.335045988102856
"156 F STREET, Boston, MA",SAM,-71.04744644368476,42.337170806061536
"180 F STREET, Boston, MA",SAM,-71.04663063771616,42.33787445927335
"204 F STREET, Boston, MA",SAM,-71.04613410751725,42.33830159634658
"1 F STREET, Boston, MA",SAM,-71.04958464755458,42.33517877855703
"75 F STREET, Boston, MA",SAM,-71.0493441865142,42.33538737127741
"24 FACTORY STREET, Boston, MA",SAM,-71.12531252954935,42.252788226579504
"38 FAIRFIELD STREET, Boston, MA",SAM,-71.0822825196875,42.35003208479915
"40 FAIRLAWN AVENUE, Boston, MA",SAM,-71.1014821252731,42.26736856967432
"80 FAIRLAWN AVENUE, Boston, MA",SAM,-71.10131635912836,42.267532815036624
"63 FAIRMOUNT AVENUE, Boston, MA",SAM,-71.12028309053099,42.25491724219516
"80 FAIRMOUNT AVENUE, Boston, MA",SAM,-71.11993868897261,42.25462258594916
"3 FALKLAND STREET, Boston, MA",SAM,-71.15803293986998,42.35422391542306
"5 FANEUIL STREET, Boston, MA",SAM,-71.15054599061718,42.3550907257683
"11 FANEUIL STREET, Boston, MA",SAM,-71.15066499076462,42.35513832583878
"41 FANEUIL STREET, Boston, MA",SAM,-71.15153599861843,42.35545124262308
"304 FANEUIL STREET, Boston, MA",SAM,-71.16281153637651,42.35238684229979
"340 FANEUIL HALL MARKETPLACE NAN, Boston, MA",SAM,,
"341 FANEUIL HALL MARKETPLACE NAN, Boston, MA",SAM,,
"60 FARGO STREET, Boston, MA",SAM,-71.04198249293316,42.344978195703604
"119 FARRAGUT ROAD, Boston, MA",SAM,-71.02510548009558,42.33423369913763
"12 FAYSTON STREET, Boston, MA",SAM,-71.07855884383865,42.31381763740418
"14 FEDERAL STREET, Boston, MA",SAM,-71.0564884386086,42.3566492098165
"42 FEDERAL STREET, Boston, MA",SAM,-71.05645086572541,42.356295746153904
"1 FENCOURT STREET, Boston, MA",SAM,-71.09112728182853,42.33957762733087
"8 FENTON STREET, Boston, MA",SAM,-71.05803504956688,42.30302437218191
"56 FENWAY NAN, Boston, MA",SAM,-71.09071481753642,42.34459049477413
"220 FENWAY NAN, Boston, MA",SAM,-71.09709805535614,42.33881155382359
"1 FENWAY PLAZA, Boston, MA",SAM,-71.09935872818285,42.34652088584163
"1 FENWICK PLACE, Boston, MA",SAM,-71.08710260635404,42.32429611291101
"89 FENWOOD ROAD, Boston, MA",SAM,-71.10886330239285,42.33597290581375
"19 FERNDALE STREET, Boston, MA",SAM,-71.07712487916326,42.288481767574844
"5 FESSENDEN STREET, Boston, MA",SAM,-71.09293638173257,42.27915547931061
"2 FID KENNEDY AVENUE, Boston, MA",SAM,-71.0336593074691,42.34809357819752
"19 FID KENNEDY AVENUE, Boston, MA",SAM,-71.02906501298234,42.34648945589762
"1 FIDELIS WAY, Boston, MA",SAM,-71.14340025356314,42.34568373875572
"105 FIRST AVENUE, Boston, MA",SAM,-71.05243029001147,42.37622110120148
"106 FIRST AVENUE, Boston, MA",SAM,-71.05121339159817,42.37685114689434
"32 FIRST AVENUE, Boston, MA",SAM,-71.05450760638756,42.374801588414456
"74 FISHER AVENUE, Boston, MA",SAM,-71.10285396875531,42.32774620549288
"220 FISHER AVENUE, Boston, MA",SAM,-71.10851687722149,42.3290539079127
"3 FLEET STREET, Boston, MA",SAM,-71.13580336013072,42.23887817350705
"6 FLEET STREET, Boston, MA",SAM,-71.13574063473973,42.23898391755729
"31 FLEET STREET, Boston, MA",SAM,-71.1355528840385,42.23882306875049
"46 FLEET STREET, Boston, MA",SAM,-71.13537403709526,42.238902835090734
"52 FLORENCE STREET, Boston, MA",SAM,-71.12620716280802,42.28519179075449
"201 FLORENCE STREET, Boston, MA",SAM,-71.12107469676577,42.28690533879894
"231 FLORENCE STREET, Boston, MA",SAM,-71.12033764729286,42.28619120724295
"22 FLORIAN STREET, Boston, MA",SAM,-71.11766603470463,42.28741960452656
"39 FOLSOM STREET, Boston, MA",SAM,-71.12541499058482,42.254663735150636
"2 FOODMART ROAD, Boston, MA",SAM,-71.06223560209855,42.33455237901532
"6 FOODMART ROAD, Boston, MA",SAM,-71.06224381455266,42.33458555734255
"18 FOODMART ROAD, Boston, MA",SAM,-71.062268451915,42.33468509232426
"22 FOODMART ROAD, Boston, MA",SAM,-71.06227666436912,42.334718270651486
"93 FORBES STREET, Boston, MA",SAM,-71.1067593992004,42.321028736880116
"6 FORDHAM ROAD, Boston, MA",SAM,-71.12768730367414,42.352298742688816
"15 FORDHAM ROAD, Boston, MA",SAM,-71.12787621643523,42.352145742600534
"48 FOREST STREET, Boston, MA",SAM,-71.07749775973049,42.32669477397306
"101 FOREST HILLS STREET, Boston, MA",SAM,-71.10254932192352,42.30883726045033
"109 FOREST HILLS STREET, Boston, MA",SAM,-71.10261499596092,42.30861037739079
"111 FOREST HILLS STREET, Boston, MA",SAM,-71.10261679885662,42.308556290607385
"113 FOREST HILLS STREET, Boston, MA",SAM,-71.10261860175228,42.308502203823984
"115 FOREST HILLS STREET, Boston, MA",SAM,-71.10261864360243,42.30844573706945
"117 FOREST HILLS STREET, Boston, MA",SAM,-71.10261741416086,42.308391641495206
"119 FOREST HILLS STREET, Boston, MA",SAM,-71.10261618471932,42.30833754592098
"121 FOREST HILLS STREET, Boston, MA",SAM,-71.10261495527774,42.30828345034673
"123 FOREST HILLS STREET, Boston, MA",SAM,-71.10261579243634,42.30823109985657
"127 FOREST HILLS STREET, Boston, MA",SAM,-71.10261779607721,42.30812290357362
"129 FOREST HILLS STREET, Boston, MA",SAM,-71.10261879789765,42.308068805432136
"131 FOREST HILLS STREET, Boston, MA",SAM,-71.10261979971808,42.30801470729066
"135 FOREST HILLS STREET, Boston, MA",SAM,-71.10262180335894,42.30790651100771
"137 FOREST HILLS STREET, Boston, MA",SAM,-71.1026228051794,42.30785241286623
"181 FOREST HILLS STREET, Boston, MA",SAM,-71.10277136520843,42.30602192736177
"185 FOREST HILLS STREET, Boston, MA",SAM,-71.1027588776635,42.305839924920384
"187 FOREST HILLS STREET, Boston, MA",SAM,-71.10275407945365,42.305772749918184
"189 FOREST HILLS STREET, Boston, MA",SAM,-71.10274928124373,42.30570557491597
"191 FOREST HILLS STREET, Boston, MA",SAM,-71.10274608466993,42.30564467908074
"193 FOREST HILLS STREET, Boston, MA",SAM,-71.1027512508326,42.30557751900753
"197 FOREST HILLS STREET, Boston, MA",SAM,-71.10276158315796,42.30544319886109
"199 FOREST HILLS STREET, Boston, MA",SAM,-71.1027707026645,42.30538050945096
"445 ARBORWAY NAN, Boston, MA",SAM,-71.11510130631684,42.3022114356221
"455 FOREST HILLS STREET, Boston, MA",SAM,,
"55 FORSYTH STREET, Boston, MA",SAM,-71.09089090127286,42.34005505529837
"70 FORSYTH STREET, Boston, MA",SAM,-71.08988392787597,42.33827356984191
"100 FORSYTH STREET, Boston, MA",SAM,-71.08980890344894,42.3380626592938
"112 FORSYTH STREET, Boston, MA",SAM,-71.08978906398525,42.33797290171413
"115 FORSYTH STREET, Boston, MA",SAM,-71.09002912599944,42.338232601523565
"120 FORSYTH STREET, Boston, MA",SAM,-71.08977962816917,42.337916286789685
"5 FORT AVENUE TERRACE, Boston, MA",SAM,-71.09399791015174,42.325348566450316
"2 FOSTER STREET, Boston, MA",SAM,-71.15684908334245,42.350833458386845
"80 FOSTER STREET, Boston, MA",SAM,-71.15741567606308,42.347989107491095
"104 FOSTER STREET, Boston, MA",SAM,-71.1578453116495,42.34701724489818
"6 FOSTER COURT, Boston, MA",SAM,-71.15686925441686,42.35065528063046
"14 FOTTLER ROAD, Boston, MA",SAM,-71.09505923250259,42.278802820648124
"33 FOWLER STREET, Boston, MA",SAM,-71.08228820020749,42.300530284589954
"82 FOWLER STREET, Boston, MA",SAM,-71.08045681774831,42.301150374117455
"80 FRANCIS STREET, Boston, MA",SAM,-71.1083368386256,42.33628247353885
"86 FRANCIS STREET, Boston, MA",SAM,-71.10866151353595,42.336498923527735
"5 FRANKFORT STREET, Boston, MA",SAM,-71.03594672596829,42.36906659355574
"14 FRANKFORT STREET, Boston, MA",SAM,-71.03585336321763,42.36932027050391
"23 FRANKLIN STREET, Boston, MA",SAM,-71.13248867787485,42.252235524286505
"86 FRANKLIN STREET, Boston, MA",SAM,-71.13319626494331,42.252479606784696
"216 FRANKLIN STREET, Boston, MA",SAM,-71.05469614956839,42.35623465341384
"253 FRANKLIN STREET, Boston, MA",SAM,-71.05375128874726,42.35657078645396
"274 FRANKLIN STREET, Boston, MA",SAM,-71.0538621677065,42.35665382037104
"4 LAWLEY STREET, Boston, MA",SAM,-71.04149882744387,42.28885131039675
"41 FRANKLIN STREET, Boston, MA",SAM,-71.1326625122847,42.25233047587652
"96 FRANKLIN STREET, Boston, MA",SAM,-71.13329485158776,42.25253345664478
"1 FRANKLIN GARDEN, Boston, MA",SAM,-71.11625309156393,42.25200956389058
"4 FRANKLIN GARDEN, Boston, MA",SAM,-71.11632792794836,42.252111174774676
"6 FRANKLIN GARDEN, Boston, MA",SAM,-71.1163103808917,42.252120833705405
"11 FRANKLIN HILL AVENUE, Boston, MA",SAM,-71.08976480015161,42.294775278904766
"15 FRANKLIN HILL AVENUE, Boston, MA",SAM,-71.08988765000572,42.29483407884859
"33 FRANKLIN HILL AVENUE, Boston, MA",SAM,-71.09043781860176,42.29510066721243
"41 FRANKLIN HILL AVENUE, Boston, MA",SAM,-71.09068196358301,42.29522002700867
"145 FREEPORT STREET, Boston, MA",SAM,-71.05640916544981,42.304692278367966
"296 FREEPORT STREET, Boston, MA",SAM,-71.0510487668098,42.30183444907245
"337 FREEPORT STREET, Boston, MA",SAM,-71.05029808116687,42.30120727163006
"22 FREEPORT WAY, Boston, MA",SAM,-71.05725317856553,42.306328738992576
"1 FRENCH STREET, Boston, MA",SAM,-71.09094219325104,42.274693850190374
"181 FRIEND STREET, Boston, MA",SAM,-71.06022714672379,42.36385967223417
"191 FRIEND STREET, Boston, MA",SAM,-71.06030423600471,42.363934460359545
"259 FRIEND STREET, Boston, MA",SAM,-71.06123433153031,42.36474767411382
"276 FRIEND STREET, Boston, MA",SAM,-71.0615416941422,42.364837158610904
"6 FRONTENAC STREET, Boston, MA",SAM,-71.0906602165296,42.284778255550634
"35 FRUIT STREET, Boston, MA",SAM,-71.06948245009657,42.36247179193822
"65 FRUIT STREET, Boston, MA",SAM,-71.07001073714864,42.362495194327046
"309 FULLER STREET, Boston, MA",SAM,-71.07998577419566,42.28015722919986
"330 FULLER STREET, Boston, MA",SAM,-71.08070022736909,42.27989641161346
"28 FULLERTON STREET, Boston, MA",SAM,-71.08701661161042,42.37110255461226
"104 FULTON STREET, Boston, MA",SAM,-71.05293908523683,42.36266509932627
"116 FULTON STREET, Boston, MA",SAM,-71.05282267589219,42.36277118778339
"151 FULTON STREET, Boston, MA",SAM,-71.05246456177974,42.36291525821886
"20 FULTON STREET, Boston, MA",SAM,-71.12392118354693,42.25117754490893
"33 FULTON STREET, Boston, MA",SAM,-71.12388610805678,42.250883207585915
"5 G STREET, Boston, MA",SAM,-71.04435342505957,42.33615978970837
"19 G STREET, Boston, MA",SAM,-71.04434655103967,42.3356051058866
"30 GAINSBOROUGH STREET, Boston, MA",SAM,-71.08688963472866,42.341592606419276
"43 GAINSBOROUGH STREET, Boston, MA",SAM,-71.08709143878175,42.341898284061585
"99 GAINSBOROUGH STREET, Boston, MA",SAM,-71.0890729846761,42.342468242015094
"299 GALLIVAN BOULEVARD, Boston, MA",SAM,-71.06568521779197,42.27992215258309
"526 GALLIVAN BOULEVARD, Boston, MA",SAM,-71.05476766952475,42.28282224189447
"589 GALLIVAN BOULEVARD, Boston, MA",SAM,-71.05129505423375,42.28315780273423
"651 GALLIVAN BOULEVARD, Boston, MA",SAM,-71.04921558154832,42.28330096052749
"663 GALLIVAN BOULEVARD, Boston, MA",SAM,-71.04888814997064,42.2833365331808
"9 GALLIVAN BOULEVARD, Boston, MA",SAM,-71.07848631559796,42.27847274876464
"29 GARDEN STREET, Boston, MA",SAM,-71.06695714509283,42.36046256989127
"54 GARDEN STREET, Boston, MA",SAM,-71.06679453447636,42.36010863096816
"88 GARDENA STREET, Boston, MA",SAM,-71.14662472297066,42.35329922834153
"187 GARDNER STREET, Boston, MA",SAM,-71.17308838534304,42.27776063503907
"195 GARDNER STREET, Boston, MA",SAM,-71.17326775035536,42.27784124854671
"217 GARFIELD AVENUE, Boston, MA",SAM,-71.12019554971015,42.243561613823964
"1 GATES STREET, Boston, MA",SAM,-71.0483557024792,42.334150094178945
"11 GENEVA AVENUE, Boston, MA",SAM,-71.08106336546547,42.30801071681114
"60 GENEVA AVENUE, Boston, MA",SAM,-71.08022902088611,42.30755738053525
"63 GENEVA AVENUE, Boston, MA",SAM,-71.07994096525995,42.30719198075048
"110 GENEVA AVENUE, Boston, MA",SAM,-71.07912233488396,42.30675183544052
"198 GENEVA AVENUE, Boston, MA",SAM,-71.07668395682575,42.30522652559084
"200 GENEVA AVENUE, Boston, MA",SAM,-71.07648824173963,42.305171480708125
"211 GENEVA AVENUE, Boston, MA",SAM,-71.07410829720644,42.30484306138469
"227 GENEVA AVENUE, Boston, MA",SAM,-71.07369050219633,42.304750949071796
"231 GENEVA AVENUE, Boston, MA",SAM,-71.07358877987853,42.30472788419747
"303 GENEVA AVENUE, Boston, MA",SAM,-71.07137318563353,42.30330249438581
"311 GENEVA AVENUE, Boston, MA",SAM,-71.071200316668,42.3031908062326
"466 GENEVA AVENUE, Boston, MA",SAM,-71.06495930768159,42.299657131070944
"509 GENEVA AVENUE, Boston, MA",SAM,-71.06362293375312,42.29872369589704
"3 GEORGE STREET, Boston, MA",SAM,-71.10755849318821,42.26323541387199
"64 GEORGE STREET, Boston, MA",SAM,-71.10869431781866,42.2653982238808
"87 GEORGE STREET, Boston, MA",SAM,-71.1083715945011,42.26506098366409
"106 GEORGE STREET, Boston, MA",SAM,-71.0720111638008,42.32529632098245
"400 GEORGETOWNE DRIVE, Boston, MA",SAM,-71.14559756555586,42.25932502630431
"70 GEORGETOWNE PLACE, Boston, MA",SAM,-71.14490249247716,42.25476259821769
"82 GERARD STREET, Boston, MA",SAM,-71.07212357518874,42.33018336734854
"124 GERARD STREET, Boston, MA",SAM,-71.07259803641988,42.328296182004856
"128 GERARD STREET, Boston, MA",SAM,-71.07260612333525,42.328262216964156
"29 GERMANIA STREET, Boston, MA",SAM,-71.10220368670402,42.31408356601775
"4 GIBSON STREET, Boston, MA",SAM,-71.06090264877623,42.29729870008943
"46 GIBSON STREET, Boston, MA",SAM,-71.05830275548455,42.29798475100904
"50 GIBSON STREET, Boston, MA",SAM,-71.0582135553739,42.298006619423134
"58 GIBSON STREET, Boston, MA",SAM,-71.0580351551526,42.298050356251295
"15 GILLETTE PARK, Boston, MA",SAM,-71.05670346855955,42.343827994731654
"9 GILMAN STREET, Boston, MA",SAM,-71.11556335542953,42.27914002712749
"15 GILMER STREET, Boston, MA",SAM,-71.09713162833884,42.28283575356107
"3 GLADESIDE TERRACE, Boston, MA",SAM,-71.087135834235,42.27311424095265
"104 GLADSTONE STREET, Boston, MA",SAM,-71.00445505959279,42.38919729553729
"176 GLADSTONE STREET, Boston, MA",SAM,-71.00738665476939,42.389581746844016
"30 GLENARM STREET, Boston, MA",SAM,-71.08074372533498,42.30377985459794
"10 GLENCOE STREET, Boston, MA",SAM,-71.14769238075665,42.3553635028797
"2 GLENDALE STREET, Boston, MA",SAM,-71.06522909459419,42.3134760336817
"43 GLENDALE STREET, Boston, MA",SAM,-71.06854956439636,42.312798377569514
"21 GLENDOWER ROAD, Boston, MA",SAM,-71.1292234578854,42.27431582602098
"99 GLENDOWER ROAD, Boston, MA",SAM,-71.13135189257774,42.27565635905141
"30 GLENLEY TERRACE, Boston, MA",SAM,-71.1706198128886,42.34820265269908
"2 GLENROSE ROAD, Boston, MA",SAM,-71.05769870985682,42.291818795410116
"14 GLENSIDE AVENUE, Boston, MA",SAM,-71.10102160283537,42.30831399758532
"36 GLENVILLE AVENUE, Boston, MA",SAM,-71.13306601239317,42.35032701604116
"115 GLENVILLE AVENUE, Boston, MA",SAM,-71.13591326420915,42.34905127630822
"26 GLENWAY STREET, Boston, MA",SAM,-71.08433882917475,42.301335854568805
"39 GLENWAY STREET, Boston, MA",SAM,-71.08409258591759,42.30104813054598
"49 GLENWAY STREET, Boston, MA",SAM,-71.08382197519127,42.30090504897978
"105 GLENWAY STREET, Boston, MA",SAM,-71.08191193982549,42.29983289156974
"21 GLENWOOD AVENUE, Boston, MA",SAM,-71.12730562805523,42.248629677449244
"36 GLOUCESTER STREET, Boston, MA",SAM,-71.08431045944344,42.34934916397725
"24 GOLD STREET, Boston, MA",SAM,-71.0561657513559,42.34048503623501
"282 GOLD STREET, Boston, MA",SAM,-71.04772461300065,42.33510110527742
"52 GOODALE ROAD, Boston, MA",SAM,-71.09361330062727,42.28362434631911
"4 GOODENOUGH STREET, Boston, MA",SAM,-71.15375677978209,42.3572842197309
"5 GOODRIDGE COURT, Boston, MA",SAM,,
"51 GORDON STREET, Boston, MA",SAM,-71.10846125452484,42.310497429833234
"15 GORDON AVENUE, Boston, MA",SAM,-71.12582248660631,42.25618633996171
"57 GORDON AVENUE, Boston, MA",SAM,-71.12705308658286,42.25749376108503
"6 GORE STREET, Boston, MA",SAM,-71.0968015712957,42.33077213539972
"150 GOVE STREET, Boston, MA",SAM,-71.03312591584648,42.36951366532982
"1 GRACE COURT, Boston, MA",SAM,-71.0279404091683,42.33672493087004
"2 GRAFTON STREET, Boston, MA",SAM,-71.05668897248572,42.31991379950745
"3 GRANITE AVENUE, Boston, MA",SAM,-71.05575709244387,42.28251057203936
"98 GRANITE AVENUE, Boston, MA",SAM,-71.05451617589105,42.28008892548339
"172 GRANITE AVENUE, Boston, MA",SAM,-71.05421364692674,42.27929076371936
"18 GRANT PLACE, Boston, MA",SAM,-71.07014091819248,42.27454067577482
"22 GRANTLEY STREET, Boston, MA",SAM,-71.12605035448689,42.24968235575541
"9 GRAY STREET, Boston, MA",SAM,-71.0706913019043,42.34583773333805
"134 GREATON ROAD, Boston, MA",SAM,-71.15260187567638,42.291983970356284
"9 GREEN STREET, Boston, MA",SAM,-71.11360544122296,42.31303528494537
"94 GREEN STREET, Boston, MA",SAM,-71.10896606313942,42.31136795684669
"154 GREEN STREET, Boston, MA",SAM,-71.10653420030916,42.31033917053221
"167 GREEN STREET, Boston, MA",SAM,-71.10632536230177,42.31011660834442
"189 GREEN STREET, Boston, MA",SAM,-71.10562092136934,42.30980450665438
"198 GREEN STREET, Boston, MA",SAM,-71.10526235681711,42.309786306350496
"1 GREEN STREET, Boston, MA",SAM,-71.11405193641917,42.31315678026981
"59 GREEN STREET, Boston, MA",SAM,-71.11101298125463,42.31212867717179
"4 GREENDALE ROAD, Boston, MA",SAM,-71.09295776331267,42.28490849142462
"8 GREENDALE ROAD, Boston, MA",SAM,-71.0929652997491,42.28490965087678
"35 GREENLEAF STREET, Boston, MA",SAM,-71.09058710077406,42.33843803671675
"11 GREENVIEW AVENUE, Boston, MA",SAM,-71.11386075181825,42.3133563516105
"65 GREENWICH STREET, Boston, MA",SAM,-71.05693596534752,42.30401585783554
"1 GREENWICH PARK, Boston, MA",SAM,-71.07986168695743,42.34224576206614
"40 GREENWOOD AVENUE, Boston, MA",SAM,-71.12002844367383,42.26526741324848
"55 GREW AVENUE, Boston, MA",SAM,-71.12264120769132,42.276385493536715
"4 GREYLOCK ROAD, Boston, MA",SAM,-71.13599958913183,42.35081149213079
"6 GREYMERE ROAD, Boston, MA",SAM,-71.16236829945022,42.348897429956345
"20 GRIGGS STREET, Boston, MA",SAM,-71.13394681549549,42.34858264838364
"35 GRIGGS PLACE, Boston, MA",SAM,-71.13656648453224,42.351527571361245
"2 GROVE STREET, Boston, MA",SAM,-71.16174636256763,42.26885669969945
"24 GROVE STREET, Boston, MA",SAM,-71.16138245903072,42.26842600551954
"48 GROVE STREET, Boston, MA",SAM,-71.1610899495892,42.267904766921454
"34 GUERNSEY STREET, Boston, MA",SAM,-71.14255686119606,42.28828517089849
"8 GUILD ROW, Boston, MA",SAM,-71.08590617798806,42.32934436405959
"3 H STREET, Boston, MA",SAM,-71.17282471397996,42.26761910221873
"162 H STREET, Boston, MA",SAM,-71.04137955781907,42.33246851886175
"146 HACKENSACK ROAD, Boston, MA",SAM,-71.1440216018734,42.29879590113278
"24 HALL STREET, Boston, MA",SAM,-71.11384497516102,42.30488908925623
"52 HALL STREET, Boston, MA",SAM,-71.11289584360823,42.30487553020181
"2 HAMILTON STREET, Boston, MA",SAM,-71.13086266836662,42.23686425565294
"66 HAMILTON STREET, Boston, MA",SAM,-71.13247420794391,42.23338046237578
"1 HAMILTON PLACE, Boston, MA",SAM,-71.061331043096,42.356335897755514
"22 HAMMOND STREET, Boston, MA",SAM,-71.08223461554593,42.3346662207719
"30 HAMMOND STREET, Boston, MA",SAM,-71.0823810037354,42.33488159655177
"80 HAMMOND STREET, Boston, MA",SAM,-71.08326906621397,42.33620187018499
"115 HAMMOND STREET, Boston, MA",SAM,-71.08356553637783,42.33686626569352
"90 HANCOCK STREET, Boston, MA",SAM,-71.06451578691096,42.312721441956754
"170 HANCOCK STREET, Boston, MA",SAM,-71.06161961341625,42.310585382065106
"282 HANCOCK STREET, Boston, MA",SAM,-71.05885040669702,42.308758702013535
"299 HANCOCK STREET, Boston, MA",SAM,-71.05904306200702,42.3087622865102
"305 HANCOCK STREET, Boston, MA",SAM,-71.05900605495614,42.30872326088397
"307 HANCOCK STREET, Boston, MA",SAM,-71.0589937192725,42.30871025234189
"225 HANOVER STREET, Boston, MA",SAM,-71.05532033135324,42.36288379056997
"251 HANOVER STREET, Boston, MA",SAM,-71.05491120764933,42.36328728297998
"308 HANOVER STREET, Boston, MA",SAM,-71.05405920764164,42.36427385459151
"330 HANOVER STREET, Boston, MA",SAM,-71.05368341124964,42.36465107117469
"392 HANOVER STREET, Boston, MA",SAM,-71.05293946815303,42.365840363644736
"519 HANOVER STREET, Boston, MA",SAM,,
"3 HANOVER AVENUE, Boston, MA",SAM,-71.05246426717146,42.36573925622348
"24 HANOVER AVENUE, Boston, MA",SAM,-71.0519217772598,42.36579788758054
"16 HARBOR VIEW STREET, Boston, MA",SAM,-71.05576213650195,42.31746165037505
"44 HARBOR VIEW STREET, Boston, MA",SAM,-71.05438547509478,42.317187734788234
"1 HARLOW STREET, Boston, MA",SAM,-71.07237399306975,42.31952973817275
"88 HAROLD STREET, Boston, MA",SAM,-71.08934987215187,42.31821557104352
"181 HAROLD STREET, Boston, MA",SAM,-71.09093155568026,42.31516711844152
"206 HAROLD STREET, Boston, MA",SAM,-71.09188691323907,42.313736070210645
"25 HARRIS STREET, Boston, MA",SAM,-71.05249184609262,42.36541930354321
"1 HARRIS AVENUE, Boston, MA",SAM,-71.11449988406288,42.31091831522764
"6 HARRIS AVENUE, Boston, MA",SAM,-71.11439040682679,42.31102632843155
"120 HARRISHOF STREET, Boston, MA",SAM,-71.08972498892953,42.31709710855432
"133 HARRISHOF STREET, Boston, MA",SAM,-71.08991890150922,42.31727338242817
"1 HARRISON AVENUE, Boston, MA",SAM,-71.06139510872573,42.35242264250834
"61 HARRISON AVENUE, Boston, MA",SAM,-71.06124234714908,42.35158531989853
"135 HARRISON AVENUE, Boston, MA",SAM,-71.06176978496647,42.35021399860712
"171 HARRISON AVENUE, Boston, MA",SAM,-71.06197629112708,42.34969570568386
"224 HARRISON AVENUE, Boston, MA",SAM,-71.06252752160644,42.347954936320676
"240 HARRISON AVENUE, Boston, MA",SAM,-71.0626284373886,42.34771221957217
"471 HARRISON AVENUE, Boston, MA",SAM,-71.0666570436661,42.341767777398296
"618 HARRISON AVENUE, Boston, MA",SAM,-71.06864511734356,42.34005932864497
"732 HARRISON AVENUE, Boston, MA",SAM,-71.0714620494781,42.337809330543614
"750 HARRISON AVENUE, Boston, MA",SAM,-71.07196685550191,42.33741344797316
"815 HARRISON AVENUE, Boston, MA",SAM,-71.07403893604851,42.3358925328122
"840 HARRISON AVENUE, Boston, MA",SAM,-71.07557465380306,42.33456893616846
"847 HARRISON AVENUE, Boston, MA",SAM,-71.07547518959336,42.334801933534365
"863 HARRISON AVENUE, Boston, MA",SAM,-71.07576019655163,42.3345952072609
"1102 HARRISON AVENUE, Boston, MA",SAM,-71.08095103540298,42.330935987188845
"1149 HARRISON AVENUE, Boston, MA",SAM,-71.08204336409493,42.330186427962836
"1203 HARRISON AVENUE, Boston, MA",SAM,,
"24 HARTFORD STREET, Boston, MA",SAM,-71.07291412155882,42.31700226386148
"1 HARTLAND STREET, Boston, MA",SAM,-71.05302670754222,42.31506855828151
"17 HARTLAND STREET, Boston, MA",SAM,-71.05295863717156,42.31505559249255
"25 HARVARD STREET, Boston, MA",SAM,-71.06309835267317,42.372508222086125
"109 HARVARD STREET, Boston, MA",SAM,-71.0783956092159,42.29686713099946
"157 HARVARD STREET, Boston, MA",SAM,-71.08178871605146,42.29639152781182
"185 HARVARD STREET, Boston, MA",SAM,-71.08370715616118,42.2960930363316
"70 HARVARD AVENUE, Boston, MA",SAM,-71.12251998919832,42.25862476062812
"154 HARVARD AVENUE, Boston, MA",SAM,-71.12278819573989,42.26023685758059
"160 HARVARD AVENUE, Boston, MA",SAM,-71.12279923239255,42.260258930891794
"164 HARVARD AVENUE, Boston, MA",SAM,-71.12280659016096,42.260273646432594
"179 HARVARD AVENUE, Boston, MA",SAM,-71.12268713350747,42.26036491981892
"190 HARVARD AVENUE, Boston, MA",SAM,-71.1228544156557,42.260369297447845
"10 HARVARD TERRACE, Boston, MA",SAM,-71.13250996172324,42.353973299111225
"45 HARVARD AVENUE, Boston, MA",SAM,-71.12229551787766,42.25707217780854
"47 HARVARD AVENUE, Boston, MA",SAM,-71.12230394143647,42.257128755849635
"80 HARVARD AVENUE, Boston, MA",SAM,-71.12248430895815,42.259088009697045
"6 HARVEST STREET, Boston, MA",SAM,-71.05707362446948,42.3225288043063
"69 HARVEST STREET, Boston, MA",SAM,-71.05925020916068,42.323381261277554
"6 HATHERLY ROAD, Boston, MA",SAM,-71.15402739806018,42.34258731965102
"6 HATHON SQUARE, Boston, MA",SAM,-71.06522187356177,42.376221041345
"56 HAVERFORD STREET, Boston, MA",SAM,-71.10191061044368,42.313234151087066
"28 HAVILAND STREET, Boston, MA",SAM,-71.08852223268892,42.34627647443057
"3 HAVRE STREET, Boston, MA",SAM,-71.04110654118817,42.36960937071029
"84 HAWLEY STREET, Boston, MA",SAM,-71.05920413347978,42.355351196839244
"8 HAWTHORNE PLACE, Boston, MA",SAM,-71.06667154054743,42.36377272524386
"43 HAZELWOOD STREET, Boston, MA",SAM,-71.08490170913008,42.31754641659282
"31 HEATH STREET, Boston, MA",SAM,-71.09960196003944,42.32541197557706
"303 HEATH STREET, Boston, MA",SAM,-71.11003827026713,42.32857600454635
"69 HEMENWAY STREET, Boston, MA",SAM,-71.08982584440162,42.344726413480615
"6 HENLEY STREET, Boston, MA",SAM,-71.06208588034508,42.37299708409345
"12 HENRY STREET, Boston, MA",SAM,-71.03969298815818,42.36940327005581
"1 HENSHAW STREET, Boston, MA",SAM,-71.14958446380956,42.34937302349004
"25 HENSHAW STREET, Boston, MA",SAM,-71.15065147889683,42.34987912576833
"52 HEREFORD STREET, Boston, MA",SAM,-71.08569322417367,42.34902527474001
"9 HIGGINS STREET, Boston, MA",SAM,-71.13579923209377,42.353038713699455
"62 HIGH STREET, Boston, MA",SAM,-71.06115050197802,42.309155532074016
"67 HIGH STREET, Boston, MA",SAM,-71.06131957173153,42.309140869570335
"50 HIGH VIEW AVENUE, Boston, MA",SAM,-71.15208649667477,42.26725089246833
"12 HIGHFIELD ROAD, Boston, MA",SAM,-71.12783680520697,42.27703237284693
"158 HIGHLAND STREET, Boston, MA",SAM,-71.11169149106087,42.253518773088445
"183 HIGHLAND STREET, Boston, MA",SAM,-71.11122082412521,42.25363407063873
"232 HIGHLAND STREET, Boston, MA",SAM,-71.09505000972261,42.32313525486009
"19 HIGHLAND AVENUE, Boston, MA",SAM,-71.09257647032705,42.32861884449255
"17 HIGHLAND PARK STREET, Boston, MA",SAM,-71.09437965190254,42.32587270460881
"14 HILL STREET, Boston, MA",SAM,-71.0640242250356,42.381032748452945
"16 HILL STREET, Boston, MA",SAM,-71.06401923722825,42.38102907322564
"18 HILL STREET, Boston, MA",SAM,-71.06401424942092,42.38102539799835
"9 HOLBORN STREET, Boston, MA",SAM,-71.08300285369803,42.315189491394996
"21 HOLBORN STREET, Boston, MA",SAM,-71.08260563034153,42.31509268192207
"13 HOLBROOK AVENUE, Boston, MA",SAM,-71.04443228824228,42.28673327669281
"18 HOLLANDER STREET, Boston, MA",SAM,-71.08957396219878,42.31565308026247
"98 HOLLINGSWORTH STREET, Boston, MA",SAM,-71.09899905749654,42.26811370752871
"6 HOLMAN STREET, Boston, MA",SAM,-71.12981406410613,42.35820285739782
"3 HOLMFIELD AVENUE, Boston, MA",SAM,-71.1010368842238,42.26393471204423
"94 HOLTON STREET, Boston, MA",SAM,-71.13654792643032,42.3600931978907
"3 HOLYOKE STREET, Boston, MA",SAM,-71.07758343017939,42.344625620222445
"121 HOMES AVENUE, Boston, MA",SAM,-71.06582926170962,42.303626773269684
"143 HOMES AVENUE, Boston, MA",SAM,-71.0648434502185,42.30388797195424
"151 BULLARD STREET, Boston, MA",SAM,,
"7 HOMESTEAD STREET, Boston, MA",SAM,-71.09418048727535,42.31370096596084
"1 HOMMAGEN COURT, Boston, MA",SAM,-71.08714838250154,42.32463182234772
"19 HOMMAGEN COURT, Boston, MA",SAM,-71.08714838250154,42.32463182234772
"72 HOOKER STREET, Boston, MA",SAM,-71.12715451097179,42.358936095706426
"98 HOOKER STREET, Boston, MA",SAM,-71.12676353912194,42.3590691930318
"99 HOOKER STREET, Boston, MA",SAM,-71.12673012364658,42.35895389440307
"1 HOOPER STREET, Boston, MA",SAM,-71.0692530140146,42.294950184866195
"32 HOPEDALE STREET, Boston, MA",SAM,-71.12594574158528,42.36019168019423
"2 HOPESTILL STREET, Boston, MA",SAM,-71.07303702469424,42.29162024464467
"1 HOPKINS PLACE, Boston, MA",SAM,-71.09062025509687,42.271359851246125
"53 HORACE STREET, Boston, MA",SAM,-71.01785136847273,42.381910667546
"1 HORADAN WAY, Boston, MA",SAM,-71.09602613948957,42.33347688967189
"98 HORADAN WAY, Boston, MA",SAM,-71.09926501312269,42.33462630927623
"26 HORAN WAY, Boston, MA",SAM,,
"33 HORAN WAY, Boston, MA",SAM,,
"49 HORAN WAY, Boston, MA",SAM,,
"7 HOWARD STREET, Boston, MA",SAM,-71.074906722423,42.32821028183435
"50 GERARD STREET, Boston, MA",SAM,-71.07202338269998,42.33060411323032
"66 GERARD STREET, Boston, MA",SAM,-71.07207511899239,42.3303944978925
"67 GERARD STREET, Boston, MA",SAM,-71.07217569833318,42.330625376147616
"70 GERARD STREET, Boston, MA",SAM,-71.0720872330415,42.33034171525652
"39 HOWE STREET, Boston, MA",SAM,-71.06428653043763,42.311523961814125
"1 HUDSON STREET, Boston, MA",SAM,-71.05996793417616,42.35118790692949
"14 HUDSON STREET, Boston, MA",SAM,-71.05998767081331,42.350693182825104
"43 HUDSON STREET, Boston, MA",SAM,-71.06026448329168,42.35037429784417
"69 HUMBOLDT AVENUE, Boston, MA",SAM,-71.08631264628782,42.31818579375546
"112 HUMBOLDT AVENUE, Boston, MA",SAM,-71.08680195535692,42.316418094512194
"192 HUMBOLDT AVENUE, Boston, MA",SAM,-71.08961755736024,42.312887814427576
"246 HUMBOLDT AVENUE, Boston, MA",SAM,-71.09099243134287,42.3111719439914
"278 HUMBOLDT AVENUE, Boston, MA",SAM,-71.09158036246703,42.310423442778934
"2 HUMBOLDT COURT, Boston, MA",SAM,-71.08563770592849,42.31852189097687
"5 HUMPHREYS STREET, Boston, MA",SAM,-71.06578673319184,42.320256733368026
"41 HUNNEWELL AVENUE, Boston, MA",SAM,-71.17113503576952,42.35326834885983
"66 HUNNEWELL AVENUE, Boston, MA",SAM,-71.17160588461819,42.35352962543215
"83 HUNNEWELL AVENUE, Boston, MA",SAM,-71.17203955709101,42.354144885519126
"370 HUNTINGTON AVENUE, Boston, MA",SAM,-71.11596170078107,42.26553459762169
"549 HUNTINGTON AVENUE, Boston, MA",SAM,-71.1137853669968,42.26144157551589
"553 HUNTINGTON AVENUE, Boston, MA",SAM,-71.11377307378281,42.26142071429896
"620 HUNTINGTON AVENUE, Boston, MA",SAM,-71.09878620898543,42.33630207795904
"635 HUNTINGTON AVENUE, Boston, MA",SAM,-71.1008682439597,42.33575596015816
"655 HUNTINGTON AVENUE, Boston, MA",SAM,-71.10177802140996,42.335409711726236
"646 HUNTINGTON AVENUE, Boston, MA",SAM,-71.10013461493445,42.33576977026749
"727 HUNTINGTON AVENUE, Boston, MA",SAM,-71.10523764260097,42.33406313927251
"770 HUNTINGTON AVENUE, Boston, MA",SAM,-71.10624995148238,42.33336928834266
"788 HUNTINGTON AVENUE, Boston, MA",SAM,-71.10670657315507,42.333224879405584
"800 HUNTINGTON AVENUE, Boston, MA",SAM,-71.1112107761311,42.332427317037116
"805 HUNTINGTON AVENUE, Boston, MA",SAM,-71.10912661231085,42.33329621168728
"900 HUNTINGTON AVENUE, Boston, MA",SAM,-71.1113646551396,42.33231740345392
"104 HUTCHINGS STREET, Boston, MA",SAM,-71.09190669301873,42.31149463020442
"39 HUTCHINSON STREET, Boston, MA",SAM,-71.06428838489227,42.27917799919713
"628 HYDE PARK AVENUE, Boston, MA",SAM,-71.11903017405749,42.279004614159135
"826 HYDE PARK AVENUE, Boston, MA",SAM,-71.12015872618375,42.27174339939775
"918 HYDE PARK AVENUE, Boston, MA",SAM,-71.12081264929621,42.26846743914975
"920 HYDE PARK AVENUE, Boston, MA",SAM,-71.12081705314466,42.26839037186965
"922 HYDE PARK AVENUE, Boston, MA",SAM,-71.1208214569931,42.26831330458952
"979 HYDE PARK AVENUE, Boston, MA",SAM,-71.1210939559562,42.26622122957018
"982 HYDE PARK AVENUE, Boston, MA",SAM,-71.12093362009959,42.26626950405362
"983 HYDE PARK AVENUE, Boston, MA",SAM,-71.12110805022088,42.266085924686465
"984 HYDE PARK AVENUE, Boston, MA",SAM,-71.12094044700905,42.26620396575056
"1052 HYDE PARK AVENUE, Boston, MA",SAM,-71.12139666159017,42.26342264401929
"1079 HYDE PARK AVENUE, Boston, MA",SAM,-71.12178960250073,42.26245374029867
"1214 HYDE PARK AVENUE, Boston, MA",SAM,-71.12361197182685,42.257571456482275
"1260 HYDE PARK AVENUE, Boston, MA",SAM,-71.12406603126021,42.255755188641906
"1280 HYDE PARK AVENUE, Boston, MA",SAM,-71.12412514631713,42.25541418779866
"1304 HYDE PARK AVENUE, Boston, MA",SAM,-71.12424525535297,42.254254205068676
"1337 HYDE PARK AVENUE, Boston, MA",SAM,-71.12481655143465,42.25318836036088
"1410 HYDE PARK AVENUE, Boston, MA",SAM,-71.12591797176198,42.250522707331065
"1438 HYDE PARK AVENUE, Boston, MA",SAM,-71.12637775098823,42.24956252475608
"1449 HYDE PARK AVENUE, Boston, MA",SAM,-71.12673412680066,42.24912514603159
"1450 HYDE PARK AVENUE, Boston, MA",SAM,-71.12658868626998,42.2490858945915
"1470 HYDE PARK AVENUE, Boston, MA",SAM,-71.12708086115993,42.24825172903263
"1475 HYDE PARK AVENUE, Boston, MA",SAM,-71.12696067388968,42.248665186788294
"1510 HYDE PARK AVENUE, Boston, MA",SAM,-71.12782030187664,42.24735260609283
"1587 HYDE PARK AVENUE, Boston, MA",SAM,-71.12946307829648,42.24506099749361
"1605 HYDE PARK AVENUE, Boston, MA",SAM,-71.1296572348277,42.24455724001985
"1624 HYDE PARK AVENUE, Boston, MA",SAM,-71.12944081042939,42.2447011121166
"1692 HYDE PARK AVENUE, Boston, MA",SAM,-71.13030908128839,42.24251572328943
"1702 HYDE PARK AVENUE, Boston, MA",SAM,-71.13043536741033,42.24219407146472
"1806 HYDE PARK AVENUE, Boston, MA",SAM,-71.13189033921412,42.237063416913465
"1819 HYDE PARK AVENUE, Boston, MA",SAM,-71.13223255135296,42.236641207283434
"1823 HYDE PARK AVENUE, Boston, MA",SAM,-71.13229102159782,42.23651875073277
"68 HYDE PARK AVENUE, Boston, MA",SAM,-71.11458121842836,42.298234550625935
"415 HYDE PARK AVENUE, Boston, MA",SAM,-71.11882183591545,42.28606657196362
"60 I STREET, Boston, MA",SAM,-71.03987661235908,42.33595284517203
"69 I STREET, Boston, MA",SAM,-71.04003619020344,42.33566181399115
"70 I STREET, Boston, MA",SAM,-71.03988111607768,42.33566460820944
"132 I STREET, Boston, MA",SAM,-71.03985752458374,42.33335653159198
"193 I STREET, Boston, MA",SAM,-71.03991453075695,42.33133367162916
"194 I STREET, Boston, MA",SAM,-71.03977163654505,42.33158160848741
"32 IDAHO STREET, Boston, MA",SAM,-71.07632310188981,42.27232289037588
"1 IMRIE ROAD, Boston, MA",SAM,-71.13889961483903,42.352954231821236
"223 INDEPENDENCE DRIVE, Boston, MA",SAM,-71.15726613004348,42.297867049229
"25 INDIA STREET, Boston, MA",SAM,-71.05264927700537,42.35814732609387
"41 INDIA STREET, Boston, MA",SAM,-71.05290456850956,42.35825853962412
"1 INGLESIDE STREET, Boston, MA",SAM,-71.07788152368953,42.31734251778396
"33 INTERVALE STREET, Boston, MA",SAM,-71.08052835931282,42.31172968859069
"37 INTERVALE STREET, Boston, MA",SAM,-71.08034055798402,42.3116484283811
"54 IRVING STREET, Boston, MA",SAM,-71.06629044138964,42.360094814590205
"5 ISABELLA STREET, Boston, MA",SAM,-71.06960836714498,42.34880706788077
"73 ISLAND STREET, Boston, MA",SAM,-71.07156862008746,42.33119706667645
"5 JACKSON STREET, Boston, MA",SAM,-71.12611358354256,42.25333316129593
"110 JACKSON STREET, Boston, MA",SAM,-71.12595409264783,42.25333296198155
"1 JEFFRIES STREET, Boston, MA",SAM,-71.02897399841197,42.36573376986424
"14 JENKINS STREET, Boston, MA",SAM,-71.05366312903709,42.330902984815374
"8 JEROME STREET, Boston, MA",SAM,-71.06467118225582,42.31483241826358
"11 JEROME STREET, Boston, MA",SAM,-71.06565992101042,42.314791176106354
"120 JERSEY STREET, Boston, MA",SAM,-71.09691600081877,42.3428249582443
"21 JETTE COURT, Boston, MA",SAM,-71.14440508858817,42.34643410677705
"15 JONES AVENUE, Boston, MA",SAM,-71.08182767806672,42.28673674924829
"41 JONES AVENUE, Boston, MA",SAM,-71.08308024878258,42.2864428345961
"1 JOSEPHINE STREET, Boston, MA",SAM,-71.06589604625673,42.300186489210425
"1 JOSLIN PLACE, Boston, MA",SAM,-71.10810232158704,42.338276445904874
"10 JOY STREET, Boston, MA",SAM,-71.06514908209944,42.35880388428873
"7 JUSTIN ROAD, Boston, MA",SAM,-71.16808586053234,42.35292594422145
"60 K STREET, Boston, MA",SAM,-71.03751296574013,42.33929513247739
"110 K STREET, Boston, MA",SAM,-71.03746778707396,42.338511389704266
"115 K STREET, Boston, MA",SAM,-71.03758695904635,42.337880682262124
"165 K STREET, Boston, MA",SAM,-71.03755235649471,42.33722889548494
"195 K STREET, Boston, MA",SAM,-71.03753525059736,42.33659939703317
"224 K STREET, Boston, MA",SAM,-71.03735923199534,42.335906122973455
"259 K STREET, Boston, MA",SAM,-71.03745527390157,42.334553024377485
"279 K STREET, Boston, MA",SAM,-71.03743869469002,42.33395928808892
"365 K STREET, Boston, MA",SAM,-71.03736783222817,42.33136988410307
"145 KELTON STREET, Boston, MA",SAM,-71.13908236661707,42.34795302296205
"153 KELTON STREET, Boston, MA",SAM,-71.13901883985521,42.34792020079417
"157 KELTON STREET, Boston, MA",SAM,-71.13878017449805,42.347799224158976
"193 KELTON STREET, Boston, MA",SAM,-71.13768205857731,42.34722970560259
"254 KELTON STREET, Boston, MA",SAM,-71.13546580833167,42.3462391757177
"47 KEMBLE STREET, Boston, MA",SAM,-71.07272186292485,42.32856215297939
"77 KEMBLE STREET, Boston, MA",SAM,-71.07222984736441,42.32822834628213
"10 LATTIMORE COURT, Boston, MA",SAM,-71.0811081824133,42.335870069606116
"30 LATTIMORE COURT, Boston, MA",SAM,-71.0812841875745,42.33599573607154
"60 LATTIMORE COURT, Boston, MA",SAM,-71.08154918055412,42.33618437518408
"1 KENILWORTH STREET, Boston, MA",SAM,-71.0868332909213,42.329084427175175
"23 KENILWORTH STREET, Boston, MA",SAM,-71.08718116791542,42.328863011937436
"16 KENNEBEC STREET, Boston, MA",SAM,-71.10268854069483,42.27650794330998
"45 KENNEBEC STREET, Boston, MA",SAM,-71.1030940052457,42.27627871137354
"18 KENNETH STREET, Boston, MA",SAM,-71.149090870686,42.28497303893596
"20 KENSINGTON STREET, Boston, MA",SAM,-71.08243236740074,42.320882940990074
"5 KERR PLACE, Boston, MA",SAM,-71.08438954353832,42.333682123358756
"11 KERR PLACE, Boston, MA",SAM,-71.08443611602341,42.33370411592629
"13 KERR PLACE, Boston, MA",SAM,-71.08445164018512,42.33371144678213
"19 KERR PLACE, Boston, MA",SAM,-71.08449821267023,42.333733439349665
"21 KERR PLACE, Boston, MA",SAM,-71.08451373683191,42.333740770205516
"1 SOJOURNER TRUTH COURT, Boston, MA",SAM,-71.0851327954445,42.33401217749312
"3 SOJOURNER TRUTH COURT, Boston, MA",SAM,-71.08494160233954,42.33424235172617
"5 SOJOURNER TRUTH COURT, Boston, MA",SAM,-71.08475040923462,42.334472525959214
"7 SOJOURNER TRUTH COURT, Boston, MA",SAM,,
"9 SOJOURNER TRUTH COURT, Boston, MA",SAM,-71.0851327954445,42.33401217749312
"11 SOJOURNER TRUTH COURT, Boston, MA",SAM,-71.0850563182025,42.334104247186346
"13 SOJOURNER TRUTH COURT, Boston, MA",SAM,-71.08497984096054,42.33419631687956
"17 SOJOURNER TRUTH COURT, Boston, MA",SAM,-71.08482688647659,42.33438045626598
"19 SOJOURNER TRUTH COURT, Boston, MA",SAM,-71.08475040923462,42.334472525959214
"21 SOJOURNER TRUTH COURT, Boston, MA",SAM,-71.08473807100162,42.3347111801753
"23 SOJOURNER TRUTH COURT, Boston, MA",SAM,-71.08473974003789,42.33470909387989
"25 SOJOURNER TRUTH COURT, Boston, MA",SAM,-71.08474140907416,42.33470700758445
"27 SOJOURNER TRUTH COURT, Boston, MA",SAM,-71.08474307811045,42.334704921289045
"29 SOJOURNER TRUTH COURT, Boston, MA",SAM,-71.08474474714671,42.334702834993614
"31 SOJOURNER TRUTH COURT, Boston, MA",SAM,-71.08474641618298,42.33470074869818
"71 KILBY STREET, Boston, MA",SAM,-71.05521150151108,42.357579378477816
"21 KINGSDALE STREET, Boston, MA",SAM,-71.08027737842269,42.29519932233778
"55 KINGSDALE STREET, Boston, MA",SAM,-71.08179694283311,42.294897783070006
"81 KINGSDALE STREET, Boston, MA",SAM,-71.0828405169848,42.294688022729126
"3 KINGSTON STREET, Boston, MA",SAM,-71.05901792855197,42.353759272740206
"11 KINGSTON STREET, Boston, MA",SAM,-71.05904995811204,42.353729868552435
"32 KINGSTON STREET, Boston, MA",SAM,-71.05932737866667,42.35324707648086
"107 KINGSTON STREET, Boston, MA",SAM,-71.05941545401292,42.35238937032933
"24 KNEELAND STREET, Boston, MA",SAM,-71.06193621719935,42.35081652898723
"25 KNEELAND STREET, Boston, MA",SAM,-71.0618878143983,42.350685934565846
"49 KNEELAND STREET, Boston, MA",SAM,-71.06071917203228,42.35035242146036
"65 KNEELAND STREET, Boston, MA",SAM,-71.06047656827077,42.35027945790396
"117 KNEELAND STREET, Boston, MA",SAM,-71.05815407239898,42.34972226956393
"118 KNEELAND STREET, Boston, MA",SAM,-71.0580746873899,42.34982423415258
"3 KNIGHT STREET, Boston, MA",SAM,-71.13324368911303,42.24554659137951
"56 L STREET, Boston, MA",SAM,-71.03535692528074,42.33618933812138
"139 L STREET, Boston, MA",SAM,-71.0353939328789,42.33297438501136
"369 LAGRANGE STREET, Boston, MA",SAM,-71.15707309944355,42.28020989771077
"384 LAGRANGE STREET, Boston, MA",SAM,-71.1576028768955,42.28036241199244
"459 LAGRANGE STREET, Boston, MA",SAM,-71.16048175512181,42.282224213192
"567 LAGRANGE STREET, Boston, MA",SAM,-71.16317741513551,42.28541408081318
"905 LAGRANGE STREET, Boston, MA",SAM,-71.17077494864816,42.29379326258755
"923 LAGRANGE STREET, Boston, MA",SAM,-71.17126578383017,42.29459106303678
"925 LAGRANGE STREET, Boston, MA",SAM,-71.17129836649731,42.2946851353738
"941 LAGRANGE STREET, Boston, MA",SAM,-71.17152828663554,42.295461690165084
"943 LAGRANGE STREET, Boston, MA",SAM,-71.17155793346244,42.29555853649906
"945 LAGRANGE STREET, Boston, MA",SAM,-71.17158758028937,42.295655382833026
"947 LAGRANGE STREET, Boston, MA",SAM,-71.17163392997762,42.29575593031403
"18 LAKE STREET, Boston, MA",SAM,-71.16618172045345,42.34097474365543
"114 LAKE STREET, Boston, MA",SAM,-71.16395650208719,42.34445376248691
"144 LAKE SHORE ROAD, Boston, MA",SAM,-71.16781756038328,42.34369924650651
"30 LAKE SHORE TERRACE, Boston, MA",SAM,-71.16915162743788,42.34397853890302
"38 LAKE SHORE TERRACE, Boston, MA",SAM,-71.16916236886078,42.343957056057086
"10 LAMARTINE STREET, Boston, MA",SAM,-71.10149014341216,42.32137682808571
"51 LAMARTINE STREET, Boston, MA",SAM,-71.10188595497867,42.32114452794219
"83 LAMARTINE STREET, Boston, MA",SAM,-71.1027217147558,42.32007735357246
"169 LAMARTINE STREET, Boston, MA",SAM,-71.1045933333418,42.31765542910149
"177 LAMARTINE STREET, Boston, MA",SAM,-71.1047244157705,42.317438465076584
"321 LAMARTINE STREET, Boston, MA",SAM,-71.10823580677449,42.31247875322755
"16 LAMSON STREET, Boston, MA",SAM,-71.03291705404415,42.366107628730795
"17 LANCASTER STREET, Boston, MA",SAM,-71.06210158939807,42.36387215880451
"40 LANCASTER STREET, Boston, MA",SAM,-71.06242539820838,42.36398564998663
"78 LANGDON STREET, Boston, MA",SAM,-71.07293715992041,42.32421327827459
"2 LANGDON TERRACE, Boston, MA",SAM,,
"12 LANSDOWNE STREET, Boston, MA",SAM,-71.09489249951893,42.34711203453353
"13 LANSDOWNE STREET, Boston, MA",SAM,-71.09496602755613,42.347226625911226
"69 LANSDOWNE STREET, Boston, MA",SAM,-71.09726420641434,42.34722662598469
"7 LARK STREET, Boston, MA",SAM,-71.05364751302007,42.33300771449805
"1 LATTIMORE COURT, Boston, MA",SAM,-71.08092967742179,42.33590135475974
"2 LATTIMORE COURT, Boston, MA",SAM,-71.0810380109326,42.33581939019201
"9 LATTIMORE COURT, Boston, MA",SAM,-71.08099841683145,42.335950999900085
"17 LATTIMORE COURT, Boston, MA",SAM,-71.08106777462496,42.3360007672559
"18 LATTIMORE COURT, Boston, MA",SAM,-71.08117819038267,42.335920280426514
"26 LATTIMORE COURT, Boston, MA",SAM,-71.08124885517722,42.33597058418986
"6 LAURIAT STREET, Boston, MA",SAM,-71.08037653714452,42.288075273920846
"38 LAWN STREET, Boston, MA",SAM,-71.1050819577844,42.32686790059172
"44 LAWN STREET, Boston, MA",SAM,-71.10535042049818,42.32692475153648
"48 LAWN STREET, Boston, MA",SAM,-71.10552939564069,42.3269626521663
"60 LAWN STREET, Boston, MA",SAM,-71.10606314363385,42.32710015133074
"1 LAWNDALE TERRACE, Boston, MA",SAM,-71.10656247034797,42.31413829093001
"77 LAWRENCE STREET, Boston, MA",SAM,-71.14279255798246,42.35982481265513
"7 LAWRENCE AVENUE, Boston, MA",SAM,-71.07921029250609,42.313259044033956
"88 LAWRENCE AVENUE, Boston, MA",SAM,-71.07554374359243,42.31127887561305
"2 LAWRENCE PLACE, Boston, MA",SAM,-71.14943546947795,42.35549171394456
"1 LEBANON STREET, Boston, MA",SAM,-71.07011681845717,42.317857046216375
"18 LEDGE HILL ROAD, Boston, MA",SAM,-71.16950808787695,42.27307244754829
"27 LEE STREET, Boston, MA",SAM,-71.11184395128673,42.307253189517226
"94 LELAND ROAD, Boston, MA",SAM,-71.11273463429067,42.29732727023476
"31 LENOX STREET, Boston, MA",SAM,-71.07993534354864,42.335891190595454
"43 LEON STREET, Boston, MA",SAM,-71.09101231772081,42.33707630530668
"15 LEONARD STREET, Boston, MA",SAM,-71.05891440905854,42.301364432662254
"82 LEONARD STREET, Boston, MA",SAM,-71.05678662584268,42.30214193118716
"3 LEROY STREET, Boston, MA",SAM,-71.06652475108385,42.300592354629316
"3 LESLIE STREET, Boston, MA",SAM,-71.05891006908385,42.29558747557934
"2 LEWIS STREET, Boston, MA",SAM,-71.05157942754535,42.36317219487834
"1 LEWIS STREET, Boston, MA",SAM,-71.05173335075318,42.36315818896407
"9 LEWIS STREET, Boston, MA",SAM,-71.05207746366993,42.363565269779706
"14 LEWIS STREET, Boston, MA",SAM,-71.05171828237438,42.36338630470111
"14 LEWIS WHARF, Boston, MA",SAM,-71.05098548806407,42.36357368355003
"60 LEWIS WHARF, Boston, MA",SAM,-71.05090179138354,42.36355694420873
"133 LEXINGTON STREET, Boston, MA",SAM,-71.03482068393232,42.378662080795046
"2 LEXINGTON AVENUE, Boston, MA",SAM,-71.11488453999611,42.260851540543634
"15 LEYDEN STREET, Boston, MA",SAM,-71.01205582752854,42.39066874507342
"140 LEYDEN STREET, Boston, MA",SAM,-71.00667565374319,42.38902124171589
"146 LEYDEN STREET, Boston, MA",SAM,-71.00639551812131,42.38898634591507
"40 LIFE STREET, Boston, MA",SAM,-71.14613484392036,42.35570862415186
"36 LINCOLN STREET, Boston, MA",SAM,-71.14574510071986,42.35866601752806
"116 LINCOLN STREET, Boston, MA",SAM,-71.14135732899327,42.35810132546158
"144 LINCOLN STREET, Boston, MA",SAM,-71.14055569498954,42.358007245981696
"155 LINCOLN STREET, Boston, MA",SAM,-71.14035048125655,42.357864515694125
"262 LINCOLN STREET, Boston, MA",SAM,-71.13491622438453,42.357269916206015
"296 LINCOLN STREET, Boston, MA",SAM,-71.13414542213677,42.35717602254954
"328 LINCOLN STREET, Boston, MA",SAM,-71.13378998934955,42.3571312643288
"1 LINDALL PLACE, Boston, MA",SAM,-71.0693420158119,42.361018821397984
"73 LINDEN STREET, Boston, MA",SAM,-71.0607795776766,42.30561919238273
"31 LINDEN ROAD, Boston, MA",SAM,-71.16207190982516,42.26602537445391
"2 LINLEY TERRACE, Boston, MA",SAM,-71.03920700293438,42.33637571096697
"6 LINLEY TERRACE, Boston, MA",SAM,-71.03920670371834,42.33635686028345
"39 LINSKY-BARRY COURT, Boston, MA",SAM,-71.05357090203273,42.33758982083585
"54 LINWOOD STREET, Boston, MA",SAM,-71.12824888318211,42.25722396495736
"3 LINWOOD STREET, Boston, MA",SAM,-71.12639249469643,42.25562244540363
"98 LITCHFIELD STREET, Boston, MA",SAM,-71.14008061588933,42.36146695623496
"101 LIVERMORE STREET, Boston, MA",SAM,-71.10788469324265,42.27392307447083
"51 LIVERPOOL STREET, Boston, MA",SAM,-71.04158624187444,42.37123985185149
"153 LIVERPOOL STREET, Boston, MA",SAM,-71.0404259588672,42.372741258190935
"45 LOCHDALE ROAD, Boston, MA",SAM,-71.12005605861675,42.2945232741598
"75 LONDON STREET, Boston, MA",SAM,-71.0398439920704,42.37235240526176
"105 LONDON STREET, Boston, MA",SAM,-71.03895085090127,42.37334505709518
"109 LONDON STREET, Boston, MA",SAM,-71.03887804513366,42.373404045712896
"117 LONDON STREET, Boston, MA",SAM,-71.03873243359844,42.373522022948315
"132 LONDON STREET, Boston, MA",SAM,-71.03906546886198,42.37342226603187
"136 LONDON STREET, Boston, MA",SAM,-71.0389244076872,42.37353655647868
"210 LONDON STREET, Boston, MA",SAM,-71.03670125401456,42.37538205074421
"212 LONDON STREET, Boston, MA",SAM,-71.03668402846132,42.37539670051453
"214 LONDON STREET, Boston, MA",SAM,-71.0366668029081,42.37541135028486
"216 LONDON STREET, Boston, MA",SAM,-71.03664957735486,42.37542600005517
"218 LONDON STREET, Boston, MA",SAM,-71.03663235180164,42.3754406498255
"15 LONG AVENUE, Boston, MA",SAM,-71.13576817705932,42.349322914065546
"13 LONG WHARF, Boston, MA",SAM,-71.05070872675316,42.35985403589469
"71 LONG WHARF, Boston, MA",SAM,-71.05000120543734,42.359976255679754
"3 LONGFELLOW PLACE, Boston, MA",SAM,-71.06769792537547,42.302188908512775
"177 LONGWOOD AVENUE, Boston, MA",SAM,-71.09995709824146,42.33580234548042
"250 LONGWOOD AVENUE, Boston, MA",SAM,-71.10140039945051,42.33627657125498
"325 LONGWOOD AVENUE, Boston, MA",SAM,-71.10563534027716,42.338049049814494
"80 LORING STREET, Boston, MA",SAM,-71.1228607031634,42.24633707674587
"124 LORNA ROAD, Boston, MA",SAM,-71.08490408160924,42.27694903670452
"2 LORNE STREET, Boston, MA",SAM,-71.08973090579745,42.293170902771244
"16 LORRAINE TERRACE, Boston, MA",SAM,-71.13904394771868,42.347895240821266
"1 LATHROP PLACE, Boston, MA",SAM,-71.05417645166268,42.36399749245888
"3 LATHROP PLACE, Boston, MA",SAM,-71.05417495858181,42.363996762508044
"35 LUCERNE STREET, Boston, MA",SAM,-71.08822213270294,42.28795929984122
"4 LYFORD STREET, Boston, MA",SAM,-71.0834116931591,42.28755939478128
"43 LYNDE STREET, Boston, MA",SAM,-71.06668893629681,42.373576891443165
"330 MARTIN LUTHER KING JR BOULEVARD, Boston, MA",SAM,-71.08343226737027,42.3184832366982
"116 M STREET, Boston, MA",SAM,-71.03322413110848,42.33403351416482
"140 M STREET, Boston, MA",SAM,-71.03320576977075,42.333273234193555
"167 M STREET, Boston, MA",SAM,-71.03333542407954,42.332269593923805
"230 M STREET, Boston, MA",SAM,-71.0331246784564,42.33048169624982
"8 MADELINE STREET, Boston, MA",SAM,-71.15541340866847,42.35325717138973
"1 MAGAZINE STREET, Boston, MA",SAM,-71.07480664422198,42.32517059781058
"57 MAGAZINE STREET, Boston, MA",SAM,-71.06905166244871,42.3275164829743
"72 MAGNOLIA STREET, Boston, MA",SAM,-71.0708758629659,42.31623192940195
"89 MAGNOLIA STREET, Boston, MA",SAM,-71.07099934702333,42.31631568065768
"158 MAGNOLIA STREET, Boston, MA",SAM,-71.07212244417403,42.313483581545434
"15 MAIN STREET, Boston, MA",SAM,-71.06188690908698,42.37275264525437
"105 MAIN STREET, Boston, MA",SAM,-71.06323789915713,42.37409010522951
"117 MAIN STREET, Boston, MA",SAM,-71.06341924630458,42.37428884187543
"132 MAIN STREET, Boston, MA",SAM,-71.06378278758,42.37449977916466
"187 MAIN STREET, Boston, MA",SAM,-71.06480647457069,42.37587916718989
"221 MAIN STREET, Boston, MA",SAM,-71.06559170041096,42.37646494201394
"233 MAIN STREET, Boston, MA",SAM,-71.06582537960365,42.37663534859961
"237 MAIN STREET, Boston, MA",SAM,-71.06590284088348,42.37669365280181
"256 MAIN STREET, Boston, MA",SAM,-71.0667671356124,42.377184582600805
"274 MAIN STREET, Boston, MA",SAM,-71.06707794072622,42.3774664376756
"290 MAIN STREET, Boston, MA",SAM,-71.06732826957419,42.3776926703821
"292 MAIN STREET, Boston, MA",SAM,-71.06734398297,42.377706637848206
"294 MAIN STREET, Boston, MA",SAM,-71.0674431580254,42.377794536636294
"296 MAIN STREET, Boston, MA",SAM,-71.06749016390006,42.37783607672097
"298 MAIN STREET, Boston, MA",SAM,-71.06753716977472,42.37787761680565
"300 MAIN STREET, Boston, MA",SAM,-71.06763708672797,42.37795740883761
"402 MAIN STREET, Boston, MA",SAM,-71.07049710759385,42.38073135683294
"504 MAIN STREET, Boston, MA",SAM,-71.07192661007689,42.38309601350859
"518 MAIN STREET, Boston, MA",SAM,-71.07188479400021,42.38326327798521
"520 MAIN STREET, Boston, MA",SAM,-71.07187882026804,42.38328717291144
"524 MAIN STREET, Boston, MA",SAM,-71.07186088796566,42.383340068928206
"58 MALLET STREET, Boston, MA",SAM,-71.05867235585036,42.290183121911674
"21 MALLON ROAD, Boston, MA",SAM,-71.07459681090663,42.302570361839905
"30 MANSFIELD STREET, Boston, MA",SAM,-71.13126908096613,42.35812658815886
"38 MANTHORNE ROAD, Boston, MA",SAM,-71.15077157947998,42.288556925917604
"170 MANTHORNE ROAD, Boston, MA",SAM,-71.15433697257242,42.292892831150546
"109 MAPLE STREET, Boston, MA",SAM,-71.15625214631481,42.29010736324982
"3 MAPLEWOOD STREET, Boston, MA",SAM,-71.14757618785498,42.270289135430524
"2 MARCELLA STREET, Boston, MA",SAM,-71.09325540670913,42.32079619702261
"82 MARCELLA STREET, Boston, MA",SAM,-71.0959243620372,42.32402288598364
"27 MARGARET STREET, Boston, MA",SAM,-71.05551874033252,42.36599373636974
"12 MARGARETTA DRIVE, Boston, MA",SAM,-71.14534981878005,42.25751040696487
"100 MARGARETTA DRIVE, Boston, MA",SAM,-71.14646093346293,42.25712961757568
"101 MARGARETTA DRIVE, Boston, MA",SAM,-71.14637295569241,42.25665572262926
"46 MARGINAL STREET, Boston, MA",SAM,-71.03900830645954,42.36672880017804
"118 MARGINAL STREET, Boston, MA",SAM,-71.03698722888538,42.365852538821194
"53 MARINE ROAD, Boston, MA",SAM,-71.03714568273382,42.330552926498704
"123 FLINT PLACE, Boston, MA",SAM,,
"51 MARION STREET, Boston, MA",SAM,-71.14369633040495,42.24164460710612
"52 MARION STREET, Boston, MA",SAM,-71.14344216954086,42.241444804446196
"68 MARION STREET, Boston, MA",SAM,-71.14349182947191,42.241460006469865
"88 MARION STREET, Boston, MA",SAM,-71.14355390438573,42.24147900899943
"147 MARION STREET, Boston, MA",SAM,-71.03613236229502,42.37634300063912
"153 MARION STREET, Boston, MA",SAM,-71.0360793710935,42.376265205026314
"173 MARION STREET, Boston, MA",SAM,-71.03576092380314,42.37591011661188
"208 MARION STREET, Boston, MA",SAM,-71.03461547340306,42.37533196507927
"228 MARION STREET, Boston, MA",SAM,-71.033707368207,42.374749462119894
"238 MARION STREET, Boston, MA",SAM,-71.03348786875456,42.37461083085551
"245 MARION STREET, Boston, MA",SAM,-71.03342777804596,42.37442149161859
"152 MARKET STREET, Boston, MA",SAM,-71.14876738631011,42.35652820423856
"164 MARKET STREET, Boston, MA",SAM,-71.14882243799725,42.356437417243676
"170 MARKET STREET, Boston, MA",SAM,-71.1488499638408,42.356392023746245
"175 MARKET STREET, Boston, MA",SAM,-71.14897006795763,42.35647418814579
"207 MARKET STREET, Boston, MA",SAM,-71.14953616673607,42.35558850364642
"212 MARKET STREET, Boston, MA",SAM,-71.14949815265862,42.355382115044414
"218 MARKET STREET, Boston, MA",SAM,-71.14962330730494,42.35518515034996
"238 MARKET STREET, Boston, MA",SAM,-71.15011298739414,42.35444025930346
"300 MARKET STREET, Boston, MA",SAM,-71.15126306709084,42.35257740586487
"335 MARKET STREET, Boston, MA",SAM,-71.15204696465354,42.35156320011961
"358 MARKET STREET, Boston, MA",SAM,-71.1523474819172,42.35082789812792
"221 MARLBOROUGH STREET, Boston, MA",SAM,-71.0815017817643,42.35215461463901
"222 MARLBOROUGH STREET, Boston, MA",SAM,-71.08153505495373,42.35202409683676
"325 MARLBOROUGH STREET, Boston, MA",SAM,-71.08485343969791,42.35127858813564
"6 MARSHALL PLACE, Boston, MA",SAM,-71.06890928105105,42.382878201215696
"7 MARSHALL PLACE, Boston, MA",SAM,-71.0688235865356,42.382973746364044
"8 MARSHALL PLACE, Boston, MA",SAM,-71.06891177614267,42.38287947144445
"35 MARSHFIELD STREET, Boston, MA",SAM,-71.06874195096202,42.32290619458905
"53 MARSHFIELD STREET, Boston, MA",SAM,-71.06833714219938,42.323096083705195
"11 MASCOMA STREET, Boston, MA",SAM,-71.07542676378422,42.31182116990296
"26 MASCOT STREET, Boston, MA",SAM,-71.08453035262511,42.28572175807447
"70 MASON STREET, Boston, MA",SAM,-71.12669014745612,42.24771000996051
"167 MASSACHUSETTS AVENUE, Boston, MA",SAM,-71.08726870195441,42.34612337624599
"300 MASSACHUSETTS AVENUE, Boston, MA",SAM,-71.09832627667103,42.362126678751544
"365 MASSACHUSETTS AVENUE, Boston, MA",SAM,-71.08448222516671,42.34237369685147
"92 MASSACHUSETTS AVENUE, Boston, MA",SAM,-71.08827752145257,42.348557423263024
"646 MASSACHUSETTS AVENUE, Boston, MA",SAM,-71.07701330486348,42.33667393391612
"728 MASSACHUSETTS AVENUE, Boston, MA",SAM,-71.07564299057348,42.33555597037732
"915 MASSACHUSETTS AVENUE, Boston, MA",SAM,-71.06993393821105,42.33034779206308
"951 MASSACHUSETTS AVENUE, Boston, MA",SAM,-71.06911907770626,42.32939127003286
"985 MASSACHUSETTS AVENUE, Boston, MA",SAM,-71.11076568035053,42.36925141360861
"1006 MASSACHUSETTS AVENUE, Boston, MA",SAM,-71.06757436533177,42.32783043869596
"390 MASSACHUSETTS AVENUE, Boston, MA",SAM,-71.08329705012167,42.34179727990552
"422 MASSACHUSETTS AVENUE, Boston, MA",SAM,-71.08245152003558,42.341223900342584
"434 MASSACHUSETTS AVENUE, Boston, MA",SAM,-71.08212499407844,42.34100621632221
"447 MASSACHUSETTS AVENUE, Boston, MA",SAM,-71.08153603885059,42.34028548089872
"16 MATCHETT STREET, Boston, MA",SAM,-71.17111740688652,42.35304149819316
"10 MATTAPAN STREET, Boston, MA",SAM,-71.0940074132929,42.27664341857145
"71 MATTAPAN STREET, Boston, MA",SAM,-71.09627193117024,42.27844153052927
"172 MAVERICK STREET, Boston, MA",SAM,-71.03736345103353,42.369522715724834
"175 MAVERICK STREET, Boston, MA",SAM,-71.03730450389403,42.36936321459547
"177 MAVERICK STREET, Boston, MA",SAM,-71.03720063396139,42.36931736854542
"43 MAYFIELD STREET, Boston, MA",SAM,-71.05835282253598,42.316616988204615
"80 MAYFIELD STREET, Boston, MA",SAM,-71.05997567937739,42.31677001606768
"3 MAYWOOD STREET, Boston, MA",SAM,-71.08165069105928,42.318127789759444
"47 MAYWOOD STREET, Boston, MA",SAM,-71.08050906043903,42.31740411581992
"41 MCGREEVEY WAY, Boston, MA",SAM,-71.09765907171595,42.33493394976551
"1 MCKINLEY SQUARE, Boston, MA",SAM,-71.05335874847644,42.35931698025025
"21 MCKONE STREET, Boston, MA",SAM,-71.0472248897688,42.28955741444834
"1 MCLELLAN STREET, Boston, MA",SAM,-71.08573249852633,42.30117033315632
"18 MCNULTY COURT, Boston, MA",SAM,-71.0578770438951,42.37840935532144
"33 MCNULTY COURT, Boston, MA",SAM,-71.05767090262196,42.37860808919394
"41 MCNULTY COURT, Boston, MA",SAM,-71.057656833361,42.37866968973437
"9 MCNULTY COURT, Boston, MA",SAM,-71.05781258134238,42.378085776068765
"10 MCNULTY COURT, Boston, MA",SAM,-71.0579642357556,42.37810987025637
"17 MCNULTY COURT, Boston, MA",SAM,-71.05772538948187,42.378385261133815
"34 MCNULTY COURT, Boston, MA",SAM,-71.05782323339841,42.37862991745973
"42 MCNULTY COURT, Boston, MA",SAM,-71.05780880338716,42.378693097501206
"38 MEAD STREET, Boston, MA",SAM,-71.13194041868118,42.36161683174765
"1 MECHANIC COURT, Boston, MA",SAM,-71.0550809758755,42.36289957439871
"20 MEDFIELD STREET, Boston, MA",SAM,-71.10549263641565,42.345399548413695
"85 MEDFORD STREET, Boston, MA",SAM,-71.05915950571968,42.36630268332506
"346 MEDFORD STREET, Boston, MA",SAM,-71.06363592071841,42.38156901640223
"425 MEDFORD STREET, Boston, MA",SAM,-71.06460386406869,42.38211024309864
"509 MEDFORD STREET, Boston, MA",SAM,-71.06941982776044,42.38382731932508
"1 MEEHAN PLACE, Boston, MA",SAM,-71.1073969062596,42.30629923186821
"3 MELBOURNE STREET, Boston, MA",SAM,-71.06618348261259,42.29167918560077
"46 MERCER STREET, Boston, MA",SAM,-71.10597851465332,42.265716239927805
"110 MERCER STREET, Boston, MA",SAM,-71.0495922785283,42.330905761880096
"28 CHATHAM STREET, Boston, MA",SAM,-71.05516547004663,42.35954311486527
"8 MERCIER AVENUE, Boston, MA",SAM,-71.06543138040837,42.28292618211625
"37 MERIDIAN STREET, Boston, MA",SAM,-71.03892294372572,42.3711250960228
"144 MERIDIAN STREET, Boston, MA",SAM,-71.03914322719486,42.37366338232115
"235 MERIDIAN STREET, Boston, MA",SAM,-71.03906316346294,42.375956202762005
"236 MERIDIAN STREET, Boston, MA",SAM,-71.03921848708846,42.37596370662802
"273 MERIDIAN STREET, Boston, MA",SAM,-71.03907457901344,42.37641486414302
"305 MERIDIAN STREET, Boston, MA",SAM,-71.0390967471582,42.377170629098295
"310 MERIDIAN STREET, Boston, MA",SAM,-71.03925653211353,42.37736318244239
"332 MERIDIAN STREET, Boston, MA",SAM,-71.0392713302619,42.37798156822452
"356 MERIDIAN STREET, Boston, MA",SAM,-71.03929071816484,42.378771225967306
"405 MERIDIAN STREET, Boston, MA",SAM,-71.03917352713918,42.380418477178544
"409 MERIDIAN STREET, Boston, MA",SAM,-71.03918737322338,42.381023074595426
"10 MERRIAM STREET, Boston, MA",SAM,-71.10391500783432,42.31385895365845
"79 MERRIMAC STREET, Boston, MA",SAM,-71.0618119920905,42.36363589550565
"105 MERRIMAC STREET, Boston, MA",SAM,-71.06209711548412,42.363703810436185
"2 METCALF COURT, Boston, MA",SAM,-71.11487005319857,42.30570778696977
"1 METCALF COURT, Boston, MA",SAM,-71.11487005319857,42.30570778696977
"9 METCALF COURT, Boston, MA",SAM,-71.11502718015555,42.30567120714956
"10 METCALF COURT, Boston, MA",SAM,-71.11503045363384,42.30567044506998
"15 METCALF COURT, Boston, MA",SAM,-71.11514502537327,42.30564377228441
"43 METROPOLITAN AVENUE, Boston, MA",SAM,-71.1330024935488,42.28097565353402
"78 METROPOLITAN AVENUE, Boston, MA",SAM,-71.13175764508775,42.280352900636096
"101 METROPOLITAN AVENUE, Boston, MA",SAM,-71.13114381568195,42.27984622351367
"142 METROPOLITAN AVENUE, Boston, MA",SAM,-71.12948079010427,42.27914914780532
"248 METROPOLITAN AVENUE, Boston, MA",SAM,-71.12631148361082,42.276617112997734
"303 METROPOLITAN AVENUE, Boston, MA",SAM,-71.12447116941617,42.274686318748216
"475 METROPOLITAN AVENUE, Boston, MA",SAM,-71.12079054336222,42.27034512879126
"656 METROPOLITAN AVENUE, Boston, MA",SAM,-71.11754273565528,42.26355135368686
"1 MICHELANGELO STREET, Boston, MA",SAM,-71.05479626994467,42.36720478292631
"15 MIDDLESEX STREET, Boston, MA",SAM,-71.07063051208236,42.3800617436257
"3 MILFORD STREET, Boston, MA",SAM,-71.06883370110197,42.34366650988414
"38 MILFORD STREET, Boston, MA",SAM,-71.0697049396698,42.34396856170736
"8 MILK STREET, Boston, MA",SAM,-71.05144790956459,42.30113478484897
"39 MILK STREET, Boston, MA",SAM,-71.05781491592936,42.356727359824994
"77 MILK STREET, Boston, MA",SAM,-71.05650429661534,42.35680090657446
"104 MILK STREET, Boston, MA",SAM,-71.05434058804195,42.357762067745035
"110 MILK STREET, Boston, MA",SAM,-71.05431167011716,42.35778460299431
"151 MILK STREET, Boston, MA",SAM,-71.05422536313206,42.35768484394034
"157 MILK STREET, Boston, MA",SAM,-71.05412721087136,42.35777079103032
"1 MILL STREET, Boston, MA",SAM,-71.05116040878376,42.30173069148675
"2 MILL STREET, Boston, MA",SAM,-71.05103176087627,42.30166683408268
"5 MILL STREET, Boston, MA",SAM,-71.0515415794808,42.30124924931363
"50 MILLET STREET, Boston, MA",SAM,-71.07723434209154,42.294845984416035
"55 MILLET STREET, Boston, MA",SAM,-71.07733846233211,42.294645386328476
"125 MILLET STREET, Boston, MA",SAM,-71.0763044166376,42.29177836723574
"4 MILLMONT STREET, Boston, MA",SAM,-71.09212954721066,42.328281032938406
"9 MILLMONT STREET, Boston, MA",SAM,-71.09206544833218,42.3281318774896
"46 MILLMONT STREET, Boston, MA",SAM,-71.09120172744673,42.32792637395829
"93 MILTON STREET, Boston, MA",SAM,-71.13361221106095,42.239673600699646
"17 MILTON AVENUE, Boston, MA",SAM,-71.11502044481819,42.2538805706891
"124 MILTON AVENUE, Boston, MA",SAM,-71.11094787312142,42.2501812479501
"106 MILTON AVENUE, Boston, MA",SAM,-71.11203056897381,42.251198856965765
"79 MINDEN STREET, Boston, MA",SAM,-71.10531507725356,42.32522421919133
"86 MINDEN STREET, Boston, MA",SAM,-71.10474918540842,42.325006635622174
"24 MINER STREET, Boston, MA",SAM,-71.10296164121851,42.34657211522667
"77 MINOT STREET, Boston, MA",SAM,-71.04908407651672,42.285213475093485
"98 MINOT STREET, Boston, MA",SAM,-71.05012488885677,42.28482139956875
"266 MINOT STREET, Boston, MA",SAM,-71.05845777224027,42.28347377831163
"28 MITCHELL STREET, Boston, MA",SAM,-71.05272154969049,42.332285296769406
"15 MONASTERY ROAD, Boston, MA",SAM,-71.14679448914913,42.34559115664516
"6 MONKS STREET, Boston, MA",SAM,-71.0325086130051,42.333071334464336
"26 MONTCALM AVENUE, Boston, MA",SAM,-71.14689456837458,42.35275814148123
"27 MONTCALM AVENUE, Boston, MA",SAM,-71.14696439409022,42.35289636312405
"3 MONTFERN AVENUE, Boston, MA",SAM,-71.16462651628325,42.35004583001637
"53 MONTGOMERY STREET, Boston, MA",SAM,-71.0748163998169,42.34340953129492
"50 MONUMENT STREET, Boston, MA",SAM,-71.05967793846158,42.37853757919231
"53 MONUMENT STREET, Boston, MA",SAM,-71.05952758658627,42.37850639065571
"58 MONUMENT STREET, Boston, MA",SAM,-71.05957757020607,42.37871824205512
"61 MONUMENT STREET, Boston, MA",SAM,-71.05941809394393,42.37870347741513
"76 MONUMENT STREET, Boston, MA",SAM,-71.05932027202718,42.37917626793214
"8 MONUMENT AVENUE, Boston, MA",SAM,-71.06250416443183,42.37390660411866
"50 MOORE STREET, Boston, MA",SAM,-71.06561800407935,42.33184797870033
"95 MOORE STREET, Boston, MA",SAM,-71.06519210720516,42.33226520627852
"3 MORAINE STREET, Boston, MA",SAM,-71.11178347063013,42.31965393399363
"11 MORELAND STREET, Boston, MA",SAM,-71.08255813651584,42.325739359766374
"13 MORLEY STREET, Boston, MA",SAM,-71.09193295436123,42.32885279384802
"12 MORRELL STREET, Boston, MA",SAM,-71.16886512508458,42.27375482134999
"11 MORTON STREET, Boston, MA",SAM,-71.11096308124782,42.300951096218284
"113 MORTON STREET, Boston, MA",SAM,-71.10635575453053,42.3001400687243
"702 MORTON STREET, Boston, MA",SAM,-71.0912145247376,42.2842664653118
"711 MORTON STREET, Boston, MA",SAM,-71.09125211763904,42.284155262190644
"719 MORTON STREET, Boston, MA",SAM,-71.0909487262547,42.28409302804154
"720 MORTON STREET, Boston, MA",SAM,-71.09056757492849,42.28413600506585
"792 MORTON STREET, Boston, MA",SAM,-71.08857099363964,42.282755476965505
"814 MORTON STREET, Boston, MA",SAM,-71.08746837149577,42.28205168330946
"902 MORTON STREET, Boston, MA",SAM,-71.08389642227911,42.280781141403544
"1134 MORTON STREET, Boston, MA",SAM,-71.07379257147237,42.27589597804555
"1140 MORTON STREET, Boston, MA",SAM,-71.07368011922325,42.27584954613807
"1005 MORTON STREET, Boston, MA",SAM,-71.07944834220153,42.2782697149904
"95 MORTON VILLAGE DRIVE, Boston, MA",SAM,-71.08496938501682,42.28062607109755
"4 MOTHER JULIA ROAD, Boston, MA",SAM,-71.06755718671603,42.27453771021693
"1 MOULTON STREET, Boston, MA",SAM,-71.05673993807142,42.37658156023859
"23 MOULTON STREET, Boston, MA",SAM,-71.05586842536749,42.377203330970275
"20 MOULTRIE STREET, Boston, MA",SAM,-71.06869648702818,42.29174988972844
"46 MOUNTFORT STREET, Boston, MA",SAM,-71.1031685134521,42.34782992955287
"98 MOUNTFORT STREET, Boston, MA",SAM,-71.1049779301016,42.34815513571088
"76 MOZART STREET, Boston, MA",SAM,-71.10416342842099,42.320306248267975
"78 MOZART STREET, Boston, MA",SAM,-71.10412445971177,42.32025569425484
"99 MONSIGNOR PATRICK J. LYDON WAY, Boston, MA",SAM,,
"101 MONSIGNOR PATRICK J. LYDON WAY, Boston, MA",SAM,,
"103 MONSIGNOR PATRICK J. LYDON WAY, Boston, MA",SAM,,
"12 MOUNT BOWDOIN TERRACE, Boston, MA",SAM,-71.07680164187958,42.30388978864791
"23 MOUNT BOWDOIN TERRACE, Boston, MA",SAM,-71.07652807207603,42.30365618257673
"38 MOUNT EVERETT STREET, Boston, MA",SAM,-71.07003867788268,42.31032140861428
"20 MOUNT HOOD ROAD, Boston, MA",SAM,-71.1422002175012,42.341762808621574
"117 MOUNT HOPE STREET, Boston, MA",SAM,-71.1145365817412,42.28208386263684
"3 MOUNT PLEASANT AVENUE, Boston, MA",SAM,-71.07937056116222,42.328371037255216
"120 MOUNT PLEASANT AVENUE, Boston, MA",SAM,-71.07718690443821,42.32524641989139
"104 MOUNT VERNON STREET, Boston, MA",SAM,-71.05482871527593,42.3216906282078
"118 MOUNT VERNON STREET, Boston, MA",SAM,-71.05479898442724,42.32168998188396
"123 MOUNT VERNON STREET, Boston, MA",SAM,-71.05478311975186,42.321574996111835
"425 UNIVERSITY DRIVE, Boston, MA",SAM,,
"8 MOUNT VERNON AVENUE, Boston, MA",SAM,-71.05923894832279,42.37590761552604
"35 MOUNT WASHINGTON AVENUE, Boston, MA",SAM,-71.05269760963557,42.34713436120998
"34 MURDOCK STREET, Boston, MA",SAM,-71.14746394366938,42.351162731435416
"39 MURDOCK STREET, Boston, MA",SAM,-71.14726228646111,42.3512262158919
"6 MURRAY HILL ROAD, Boston, MA",SAM,-71.12661182789171,42.287566113086186
"27 MYRICK STREET, Boston, MA",SAM,-71.1318138834488,42.36016412171542
"1 MYRTLE STREET, Boston, MA",SAM,-71.11485504917749,42.313577683812895
"119 MYRTLE STREET, Boston, MA",SAM,-71.06894308174402,42.359354575020674
"121 MYRTLE STREET, Boston, MA",SAM,-71.06900129025684,42.359355506358874
"125 N STREET, Boston, MA",SAM,-71.03132840316614,42.333943577048274
"151 N STREET, Boston, MA",SAM,-71.03130519585805,42.333239288014944
"160 N STREET, Boston, MA",SAM,-71.03111143303498,42.33227422951076
"196 N STREET, Boston, MA",SAM,-71.03110791544974,42.33163166769905
"4 NAPIER PARK, Boston, MA",SAM,-71.05227930843567,42.31148305680033
"9 NAPIER PARK, Boston, MA",SAM,-71.0523515622745,42.31138132631236
"2 NARRAGANSETT STREET, Boston, MA",SAM,-71.04711563251907,42.28579870208446
"99 NASHUA STREET, Boston, MA",SAM,-71.0639660633921,42.36599834243929
"3 NAVARRE PLACE, Boston, MA",SAM,-71.11785273291287,42.278008515537365
"27 NAY STREET, Boston, MA",SAM,-71.03880985525595,42.383141601747504
"3 NAZING STREET, Boston, MA",SAM,-71.08469882072173,42.3062161947164
"70 NELSON STREET, Boston, MA",SAM,-71.08184197325183,42.281137434520794
"51 NEPONSET AVENUE, Boston, MA",SAM,-71.11913566372384,42.24869312610192
"73 NEPONSET AVENUE, Boston, MA",SAM,-71.11788574111786,42.2474848621154
"101 NEPONSET AVENUE, Boston, MA",SAM,-71.11727592280592,42.24689686259999
"300 NEPONSET VALLEY PARKWAY, Boston, MA",SAM,-71.12584838564301,42.23568624515735
"5 NEVINS STREET, Boston, MA",SAM,-71.14699480884225,42.348810436892634
"5 NEW CHARDON STREET, Boston, MA",SAM,-71.06274676329309,42.36145990967714
"165 NEW ENGLAND AVENUE, Boston, MA",SAM,-71.07786053508009,42.291025055937475
"187 NEW ENGLAND AVENUE, Boston, MA",SAM,-71.07793755347963,42.290931917403945
"38 NEW HEATH STREET, Boston, MA",SAM,-71.09903338078804,42.32629191319488
"4 NEW HEATH STREET, Boston, MA",SAM,-71.09672620842095,42.32617766041063
"10 SUDBURY STREET, Boston, MA",SAM,-71.05823586670242,42.36258137496684
"2 NEWACRE ROAD, Boston, MA",SAM,-71.11924988343364,42.24489172933373
"12 NEWBURY STREET, Boston, MA",SAM,-71.07157070766858,42.352485789533674
"26 NEWBURY STREET, Boston, MA",SAM,-71.07219512154911,42.35232022524677
"109 NEWBURY STREET, Boston, MA",SAM,-71.075803921795,42.35146500066852
"155 NEWBURY STREET, Boston, MA",SAM,-71.07809105409693,42.350854440629114
"235 NEWBURY STREET, Boston, MA",SAM,-71.08202486389789,42.34978600073293
"239 NEWBURY STREET, Boston, MA",SAM,-71.08229172065862,42.349715428413944
"259 NEWBURY STREET, Boston, MA",SAM,-71.08323787256431,42.34947012977171
"266 NEWBURY STREET, Boston, MA",SAM,-71.08331900771965,42.34932765738832
"316 NEWBURY STREET, Boston, MA",SAM,-71.0854655145965,42.34874989108975
"34 NEWMARKET SQUARE, Boston, MA",SAM,-71.06535470272625,42.32999855375678
"12 NEWPORT STREET, Boston, MA",SAM,-71.05381468435672,42.31870186009784
"5 NEWSOME PARK, Boston, MA",SAM,-71.1176291440396,42.31192483114583
"1 NIGHTINGALE STREET, Boston, MA",SAM,-71.080876542979,42.29577378884572
"8 NIGHTINGALE STREET, Boston, MA",SAM,-71.08108149281375,42.295610384488356
"42 CONSTELLATION WHARF, Boston, MA",SAM,,
"52 NIXON STREET, Boston, MA",SAM,-71.06467712598098,42.292903778764305
"1 NORCROSS PLACE, Boston, MA",SAM,-71.03651967458727,42.3315084615873
"62 NORFOLK AVENUE, Boston, MA",SAM,-71.07360929211832,42.32821904134463
"403 NORFOLK STREET, Boston, MA",SAM,-71.0867895874373,42.28190094714706
"418 NORFOLK STREET, Boston, MA",SAM,-71.0866239910825,42.28186994744015
"441 NORFOLK STREET, Boston, MA",SAM,-71.08761616472336,42.28107789735115
"563 NORFOLK STREET, Boston, MA",SAM,-71.09115820342633,42.27781140186288
"1 TALBOT AVENUE, Boston, MA",SAM,,
"41 NORFOLK STREET, Boston, MA",SAM,-71.0904822349779,42.32845039424358
"96 NORFOLK STREET, Boston, MA",SAM,-71.09044009152088,42.32856283095128
"131 NORFOLK STREET, Boston, MA",SAM,-71.07765463268589,42.288101411252676
"133 NORFOLK STREET, Boston, MA",SAM,-71.07768349004304,42.28809316629343
"135 NORFOLK STREET, Boston, MA",SAM,-71.07771234740018,42.28808492133417
"154 NORFOLK STREET, Boston, MA",SAM,-71.07842325076837,42.287440417072524
"176 NORFOLK STREET, Boston, MA",SAM,-71.07921453723198,42.28663840669918
"208 NORFOLK STREET, Boston, MA",SAM,-71.0800458159109,42.285753700721436
"276 NORFOLK STREET, Boston, MA",SAM,-71.08197649365098,42.28389292188829
"66 NORFOLK AVENUE, Boston, MA",SAM,-71.07352291068955,42.328162747816584
"187 NORFOLK AVENUE, Boston, MA",SAM,-71.06915175245493,42.32496738663576
"171 NORTH STREET, Boston, MA",SAM,-71.05407675930545,42.36299545037711
"190 QUINCY COURT, Boston, MA",SAM,-71.07484800263299,42.31299778209433
"260 NORTH STREET, Boston, MA",SAM,-71.0523857003197,42.363611384644315
"294 NORTH STREET, Boston, MA",SAM,-71.0518581822518,42.364136097379024
"299 NORTH STREET, Boston, MA",SAM,-71.05171176160457,42.36455559896493
"321 NORTH STREET, Boston, MA",SAM,-71.05152620692125,42.365541346768296
"357 NORTH STREET, Boston, MA",SAM,-71.05150236490937,42.365582218789505
"367 NORTH STREET, Boston, MA",SAM,-71.05142991431185,42.365706909652125
"203 BEACON STREET, Boston, MA",SAM,-71.07706954055284,42.35415141023053
"37 BENNET STREET, Boston, MA",SAM,-71.06266493657621,42.34937730165002
"48 BENNET STREET, Boston, MA",SAM,-71.06250110841252,42.34943568188704
"39 CRESCENT CIRCUIT, Boston, MA",SAM,-71.16775075262845,42.34788133769253
"55 HARVARD STREET, Boston, MA",SAM,-71.06310804151326,42.37340795905186
"60 HARVARD STREET, Boston, MA",SAM,-71.06325377716576,42.373346493235445
"66 HARVARD STREET, Boston, MA",SAM,-71.063268398295,42.37343097091149
"79 HARVARD STREET, Boston, MA",SAM,-71.06314464945315,42.37367209179721
"80 HARVARD STREET, Boston, MA",SAM,-71.06329592166078,42.373631408288915
"226 HARVARD STREET, Boston, MA",SAM,-71.08832502619481,42.29442015129761
"285 HARVARD STREET, Boston, MA",SAM,-71.08882423467941,42.29430791581763
"3 MARGIN STREET, Boston, MA",SAM,-71.12534843868794,42.251108992834794
"82 MARGIN STREET, Boston, MA",SAM,-71.12537404396804,42.251222006009215
"89 MARGIN STREET, Boston, MA",SAM,-71.12421223892008,42.25103963619749
"92 MARGIN STREET, Boston, MA",SAM,-71.12554861472553,42.25120033515932
"1 MOON STREET, Boston, MA",SAM,-71.05278019643077,42.36404268611375
"1 NORTH SQUARE, Boston, MA",SAM,-71.05592963261924,42.360617582175855
"77 WASHINGTON STREET, Boston, MA",SAM,-71.1437543037739,42.34427571400216
"150 NORTHAMPTON STREET, Boston, MA",SAM,-71.07832139397858,42.336479897078675
"158 NORTHAMPTON STREET, Boston, MA",SAM,-71.07852231220436,42.33664063169536
"228 NORTHAMPTON STREET, Boston, MA",SAM,-71.08052213984367,42.33829824123534
"274 NORTHAMPTON STREET, Boston, MA",SAM,-71.08067054003476,42.33842658737547
"48 NORTHERN AVENUE, Boston, MA",SAM,-71.0482594368401,42.35404639353809
"149 NORTHERN AVENUE, Boston, MA",SAM,-71.04244207555526,42.35023993963159
"181 SEAPORT BOULEVARD, Boston, MA",SAM,-71.04266055762834,42.350338181238
"212 NORTHERN AVENUE, Boston, MA",SAM,-71.03872569413706,42.34880029444443
"69 NORTON STREET, Boston, MA",SAM,-71.1380009594481,42.24374054215927
"95 NORWAY STREET, Boston, MA",SAM,-71.08857050527021,42.34531080572933
"140 NORWELL STREET, Boston, MA",SAM,-71.07852674418677,42.297813426119035
"22 NOTTINGHAM STREET, Boston, MA",SAM,-71.07341572249898,42.30070094668436
"2 NOYES PLACE, Boston, MA",SAM,-71.05554854290897,42.36508635895636
"125 O STREET, Boston, MA",SAM,-71.0292679895083,42.33415693279384
"137 O STREET, Boston, MA",SAM,-71.02925350533954,42.33351598627242
"147 O STREET, Boston, MA",SAM,-71.02923333161421,42.33289976454381
"148 O STREET, Boston, MA",SAM,-71.02908812453254,42.333124082668014
"66 O'BRIEN COURT, Boston, MA",SAM,-71.05469530744452,42.378541717006826
"50 O'BRIEN COURT, Boston, MA",SAM,-71.05491304423663,42.378329043850606
"5 OAK STREET, Boston, MA",SAM,-71.12221704859779,42.25512198596439
"11 OAK STREET, Boston, MA",SAM,-71.12203263046581,42.25507091631411
"10 OAK STREET, Boston, MA",SAM,-71.12362539052133,42.25520364511964
"1 OBIERNE PLACE, Boston, MA",SAM,-71.0890432188478,42.32306678613082
"2 OBIERNE PLACE, Boston, MA",SAM,-71.08912481425396,42.32316421147165
"3 OBIERNE PLACE, Boston, MA",SAM,-71.08903828558181,42.32306904473464
"4 OBIERNE PLACE, Boston, MA",SAM,-71.08911977821157,42.323166517129685
"6 OBIERNE PLACE, Boston, MA",SAM,-71.08911474216917,42.32316882278777
"8 OBIERNE PLACE, Boston, MA",SAM,-71.08910970612678,42.323171128445814
"12 OBIERNE PLACE, Boston, MA",SAM,-71.089099634042,42.32317573976193
"14 OBIERNE PLACE, Boston, MA",SAM,-71.08909459799962,42.323178045419986
"16 OBIERNE PLACE, Boston, MA",SAM,-71.08908956195721,42.32318035107804
"18 OBIERNE PLACE, Boston, MA",SAM,-71.08908452591483,42.32318265673611
"20 OBIERNE PLACE, Boston, MA",SAM,-71.08907948987243,42.32318496239418
"21 OBIERNE PLACE, Boston, MA",SAM,-71.08899388618764,42.32308937216896
"22 OBIERNE PLACE, Boston, MA",SAM,-71.08907445383005,42.32318726805223
"24 OBIERNE PLACE, Boston, MA",SAM,-71.08906941778764,42.32318957371029
"26 OBIERNE PLACE, Boston, MA",SAM,-71.08906438174526,42.323191879368345
"30 OBIERNE PLACE, Boston, MA",SAM,-71.08905430966045,42.32319649068445
"31 OBIERNE PLACE, Boston, MA",SAM,-71.08896921985755,42.32310066518802
"32 OBIERNE PLACE, Boston, MA",SAM,-71.08904927361809,42.32319879634251
"20 OLD COLONY AVENUE, Boston, MA",SAM,-71.05693704958172,42.337788500132035
"39 OLD COLONY AVENUE, Boston, MA",SAM,-71.05662149523866,42.33706243216228
"150 OLD COLONY AVENUE, Boston, MA",SAM,-71.05482852503192,42.334389246457214
"210 OLD COLONY AVENUE, Boston, MA",SAM,-71.05391239417045,42.332858447427036
"235 OLD COLONY AVENUE, Boston, MA",SAM,-71.05332299415926,42.33165198996917
"9 OLD HARBOR STREET, Boston, MA",SAM,-71.0475610050527,42.33432685410354
"115 OLD HARBOR STREET, Boston, MA",SAM,-71.04749220890534,42.33118944793728
"122 OLD HARBOR STREET, Boston, MA",SAM,-71.04733356156774,42.33109538029634
"1 OLD MORTON STREET, Boston, MA",SAM,-71.07225332671088,42.27492824018357
"2 OLD MORTON STREET, Boston, MA",SAM,-71.07210366634008,42.274957708867355
"2 O'LEARY WAY, Boston, MA",SAM,-71.1100081832592,42.30054195158402
"4 O'LEARY WAY, Boston, MA",SAM,-71.1100058340668,42.30054664996884
"18 OLIVER STREET, Boston, MA",SAM,-71.05459384787113,42.357229986850854
"29 OLIVER STREET, Boston, MA",SAM,-71.05405016952497,42.35662370292539
"36 OLIVER STREET, Boston, MA",SAM,-71.05443296449057,42.35710067868414
"50 OLIVER STREET, Boston, MA",SAM,-71.05430783297236,42.357000105665605
"16 OLMSTEAD STREET, Boston, MA",SAM,-71.10111597271838,42.31163429866565
"118 OLNEY STREET, Boston, MA",SAM,-71.07429000499558,42.30476959121923
"3 OLNEY STREET, Boston, MA",SAM,-71.06845055947174,42.30532184347545
"11 OPERA PLACE, Boston, MA",SAM,-71.08896358560568,42.340584397648826
"25 OPHIR STREET, Boston, MA",SAM,-71.1039089556702,42.310774900389596
"7 ORANGE STREET, Boston, MA",SAM,-71.13823756116682,42.28540653848059
"178 ORANGE STREET, Boston, MA",SAM,-71.14080357881501,42.27977083130778
"21 ORCHARD STREET, Boston, MA",SAM,-71.12006559380858,42.309864246653085
"98 ORIENT AVENUE, Boston, MA",SAM,-71.00311201797517,42.39007704440161
"150 ORIENT AVENUE, Boston, MA",SAM,-71.00577716408922,42.39039016349328
"38 ORKNEY ROAD, Boston, MA",SAM,-71.14915907124647,42.337038518578005
"2 ORLEANS STREET, Boston, MA",SAM,-71.03914276271055,42.36678659946973
"9 ORLEANS STREET, Boston, MA",SAM,-71.03841138838136,42.367501497485144
"20 ORLEANS STREET, Boston, MA",SAM,-71.03880456291411,42.367221239484905
"99 ORLEANS STREET, Boston, MA",SAM,-71.0369644490545,42.36921259967146
"183 ORLEANS STREET, Boston, MA",SAM,-71.03543201675272,42.370530068195926
"10 OUTLOOK ROAD, Boston, MA",SAM,-71.09371669836511,42.2818188912933
"62 OVERLOOK ROAD, Boston, MA",SAM,-71.15787084871852,42.2614784872282
"7 OXFORD STREET, Boston, MA",SAM,-71.12863353265159,42.36032284076591
"27 OXFORD STREET, Boston, MA",SAM,-71.12850023041251,42.36039979876339
"36 P STREET, Boston, MA",SAM,-71.02712516286998,42.33672007373408
"38 P STREET, Boston, MA",SAM,-71.02712343952082,42.336680436644976
"51 P STREET, Boston, MA",SAM,-71.0272707702898,42.33629412731865
"91 P STREET, Boston, MA",SAM,-71.02723718172618,42.33494930155373
"92 P STREET, Boston, MA",SAM,-71.02708611316277,42.33507832707311
"141 P STREET, Boston, MA",SAM,-71.02718570298526,42.333343724948335
"150 P STREET, Boston, MA",SAM,-71.02704710212454,42.333723076955955
"1 PAGE'S COURT, Boston, MA",SAM,-71.05004653258507,42.33891665180046
"1 PALACE ROAD, Boston, MA",SAM,-71.1004678275023,42.33692857538178
"1 PAMA GARDENS, Boston, MA",SAM,-71.15745161107999,42.34258232524378
"28 PARIS STREET, Boston, MA",SAM,-71.03991881173867,42.37018006125817
"62 PARIS STREET, Boston, MA",SAM,-71.03945790711688,42.37073886643231
"79 PARIS STREET, Boston, MA",SAM,-71.0386126035047,42.371443728734725
"80 PARIS STREET, Boston, MA",SAM,-71.0392482644788,42.37099288598981
"316 PARIS STREET, Boston, MA",SAM,-71.03255489661082,42.376829757450025
"7 PARISH STREET, Boston, MA",SAM,-71.06246929793404,42.30792173047267
"11 PARK STREET PLACE, Boston, MA",SAM,-71.06279755642305,42.35745116285204
"7 PARK STREET, Boston, MA",SAM,-71.12053088704208,42.26277707079177
"94 PARK STREET, Boston, MA",SAM,-71.12038226613153,42.263924380781184
"132 PARK STREET, Boston, MA",SAM,-71.05925920951832,42.298960349278936
"331 PARK STREET, Boston, MA",SAM,-71.14722784119594,42.27980736589469
"526 PARK STREET, Boston, MA",SAM,-71.07417948469607,42.295124297495065
"531 PARK STREET, Boston, MA",SAM,-71.07435121525577,42.29520923019692
"96 PARK STREET, Boston, MA",SAM,-71.12038335492979,42.26393635757112
"149 PARK STREET, Boston, MA",SAM,-71.0592768552199,42.29907741409633
"309 PARK DRIVE, Boston, MA",SAM,-71.10214100834816,42.34292903465918
"522 PARK DRIVE, Boston, MA",SAM,-71.10590833620155,42.34809992528277
"14 PARK VALE AVENUE, Boston, MA",SAM,-71.13283933101614,42.35094207397929
"550 PARKER STREET, Boston, MA",SAM,-71.09329036580914,42.33745785867185
"631 PARKER STREET, Boston, MA",SAM,-71.09555849264174,42.33415971216641
"716 PARKER STREET, Boston, MA",SAM,-71.09737687385726,42.33109486046402
"923 PARKER STREET, Boston, MA",SAM,-71.10040767537983,42.32593872841979
"934 PARKER STREET, Boston, MA",SAM,-71.10048628656084,42.325424867516695
"954 PARKER STREET, Boston, MA",SAM,-71.10096217351541,42.32437074193246
"964 PARKER STREET, Boston, MA",SAM,-71.10101757009642,42.324229739855895
"2 PARKER HILL AVENUE, Boston, MA",SAM,-71.10950490460601,42.33301954259924
"103 PARKTON ROAD, Boston, MA",SAM,-71.11486864450475,42.32222868250435
"2 PARLEY AVENUE, Boston, MA",SAM,-71.11398785129506,42.31534012637819
"31 PARMENTER STREET, Boston, MA",SAM,-71.05528848668799,42.364104484743315
"8 PASADENA ROAD, Boston, MA",SAM,-71.08217338679782,42.304831552294424
"7 PATTERSON WAY, Boston, MA",SAM,-71.05139523292183,42.331208944772555
"8 PATTERSON WAY, Boston, MA",SAM,-71.05144530869504,42.33134106801044
"25 PATTERSON WAY, Boston, MA",SAM,-71.05172165786342,42.330929146323854
"31 PATTERSON WAY, Boston, MA",SAM,-71.05174724281773,42.33090669421997
"2 PAUL GORE STREET, Boston, MA",SAM,-71.11058490425675,42.3207734659601
"114 PAUL GORE STREET, Boston, MA",SAM,-71.1058201067611,42.31848010695238
"4 PAYSON PLACE, Boston, MA",SAM,-71.06378500077209,42.37702020655564
"59 PEACEVALE ROAD, Boston, MA",SAM,-71.07631025648654,42.286939432046346
"50 PEARL STREET, Boston, MA",SAM,-71.05835430039019,42.31488052360706
"56 PEARL STREET, Boston, MA",SAM,-71.05853449876837,42.3149168426712
"102 PEARL STREET, Boston, MA",SAM,-71.06284275165363,42.38058048173854
"88 PEARL STREET, Boston, MA",SAM,-71.0594968449494,42.31510255074462
"11 PELHAM STREET, Boston, MA",SAM,-71.07097389996957,42.34112251984321
"14 PELTON STREET, Boston, MA",SAM,-71.14884703910893,42.281902904668925
"81 PEMBROKE STREET, Boston, MA",SAM,-71.07605276678093,42.34181974720835
"82 PEMBROKE STREET, Boston, MA",SAM,-71.07629943223147,42.341866273928645
"134 PEMBROKE STREET, Boston, MA",SAM,-71.07696881744911,42.34250565197365
"5 TREMONT STREET, Boston, MA",SAM,-71.1706948081343,42.350282667874666
"1 PERCIVAL PLACE, Boston, MA",SAM,-71.03671628224616,42.36962257184548
"202 PERHAM STREET, Boston, MA",SAM,-71.16795127967198,42.28595586394239
"204 PERHAM STREET, Boston, MA",SAM,-71.1680598286515,42.28604580454559
"206 PERHAM STREET, Boston, MA",SAM,-71.16816738956048,42.28613991973305
"208 PERHAM STREET, Boston, MA",SAM,-71.16827008064104,42.286233549857066
"210 PERHAM STREET, Boston, MA",SAM,-71.1683727717216,42.28632717998106
"212 PERHAM STREET, Boston, MA",SAM,-71.16847630860994,42.28641766907209
"214 PERHAM STREET, Boston, MA",SAM,-71.16858335859351,42.28650858825663
"216 PERHAM STREET, Boston, MA",SAM,-71.16869040857706,42.28659950744121
"36 PERKINS STREET, Boston, MA",SAM,-71.11175437630024,42.32160432344364
"70 PERKINS STREET, Boston, MA",SAM,-71.11337384302362,42.32134452989658
"175 PERKINS STREET, Boston, MA",SAM,-71.11633947670246,42.321073376604836
"177 PERKINS STREET, Boston, MA",SAM,-71.11635178602369,42.32107382421699
"179 PERKINS STREET, Boston, MA",SAM,-71.11636409534488,42.321074271829126
"181 PERKINS STREET, Boston, MA",SAM,-71.1163764046661,42.32107471944125
"183 PERKINS STREET, Boston, MA",SAM,-71.1163887139873,42.321075167053394
"185 PERKINS STREET, Boston, MA",SAM,-71.11640102330851,42.321075614665524
"187 PERKINS STREET, Boston, MA",SAM,-71.11641333262975,42.32107606227766
"189 PERKINS STREET, Boston, MA",SAM,-71.11642564195093,42.3210765098898
"191 PERKINS STREET, Boston, MA",SAM,-71.11643795127215,42.32107695750194
"193 PERKINS STREET, Boston, MA",SAM,-71.11645026059337,42.32107740511408
"195 PERKINS STREET, Boston, MA",SAM,-71.11646256991457,42.321077852726226
"197 PERKINS STREET, Boston, MA",SAM,-71.11647487923578,42.32107830033836
"199 PERKINS STREET, Boston, MA",SAM,-71.11648718855699,42.3210787479505
"201 PERKINS STREET, Boston, MA",SAM,-71.12029390189097,42.32152930895909
"203 PERKINS STREET, Boston, MA",SAM,-71.12062423290553,42.32150001720106
"205 PERKINS STREET, Boston, MA",SAM,-71.1209231071837,42.321411178912
"209 PERKINS STREET, Boston, MA",SAM,-71.12139909999743,42.321075603526424
"211 PERKINS STREET, Boston, MA",SAM,-71.12159370382264,42.320902867073805
"215 PERKINS STREET, Boston, MA",SAM,-71.12204129268694,42.32056527752482
"217 PERKINS STREET, Boston, MA",SAM,-71.12220843143436,42.32037969757821
"219 PERKINS STREET, Boston, MA",SAM,-71.12240189488845,42.32019926911805
"221 PERKINS STREET, Boston, MA",SAM,-71.1226179839737,42.32004765510131
"223 PERKINS STREET, Boston, MA",SAM,-71.12285859817639,42.31989904043922
"225 PERKINS STREET, Boston, MA",SAM,-71.12297485635997,42.31983753645665
"227 PERKINS STREET, Boston, MA",SAM,-71.12298210141041,42.31983428025407
"229 PERKINS STREET, Boston, MA",SAM,-71.12298934646088,42.3198310240515
"235 PERKINS STREET, Boston, MA",SAM,-71.12301108161226,42.319821255443735
"281 PERKINS STREET, Boston, MA",SAM,-71.1231777177728,42.319746362784265
"283 PERKINS STREET, Boston, MA",SAM,-71.12318496282329,42.31974310658167
"285 PERKINS STREET, Boston, MA",SAM,-71.12319220787373,42.31973985037909
"287 PERKINS STREET, Boston, MA",SAM,-71.12319945292418,42.31973659417649
"289 PERKINS STREET, Boston, MA",SAM,-71.12320669797465,42.319733337973894
"291 PERKINS STREET, Boston, MA",SAM,-71.1232139430251,42.31973008177133
"293 PERKINS STREET, Boston, MA",SAM,-71.12322118807556,42.31972682556874
"295 PERKINS STREET, Boston, MA",SAM,-71.12322843312602,42.319723569366154
"297 PERKINS STREET, Boston, MA",SAM,-71.12323567817648,42.31972031316358
"299 PERKINS STREET, Boston, MA",SAM,-71.12324292322694,42.31971705696099
"301 PERKINS STREET, Boston, MA",SAM,-71.12406070111466,42.31933236208234
"303 PERKINS STREET, Boston, MA",SAM,-71.12411176800778,42.31931433847252
"305 PERKINS STREET, Boston, MA",SAM,-71.12416283490091,42.31929631486271
"307 PERKINS STREET, Boston, MA",SAM,-71.12421390179404,42.31927829125288
"309 PERKINS STREET, Boston, MA",SAM,-71.12426854775386,42.31925561697399
"3 PERKINS SQUARE, Boston, MA",SAM,-71.11590575795387,42.32110624613115
"6 PERKINS SQUARE, Boston, MA",SAM,-71.11582850483376,42.32210517845483
"14 PERKINS SQUARE, Boston, MA",SAM,-71.115801775331,42.32210937131768
"15 PERKINS SQUARE, Boston, MA",SAM,-71.11592087599566,42.32116379224688
"18 PERKINS SQUARE, Boston, MA",SAM,-71.11578841057958,42.32211146774913
"72 PERRIN STREET, Boston, MA",SAM,-71.07970168667511,42.32129719279072
"4 PERTHSHIRE ROAD, Boston, MA",SAM,-71.16580645697384,42.35339525543051
"9 PERTHSHIRE ROAD, Boston, MA",SAM,-71.16568419780361,42.353498134073014
"31 PETREL STREET, Boston, MA",SAM,-71.15084967087941,42.27288391600612
"33 PETREL STREET, Boston, MA",SAM,-71.15086761538285,42.27287270069092
"86 PHILLIPS STREET, Boston, MA",SAM,-71.06980450531157,42.36019803124506
"90 PHILLIPS STREET, Boston, MA",SAM,-71.06985662558517,42.360198031246725
"6 PIEDMONT STREET, Boston, MA",SAM,-71.06755960094533,42.350008094823586
"16 PIEDMONT STREET, Boston, MA",SAM,-71.06785477579245,42.34994669845706
"46 PIEDMONT STREET, Boston, MA",SAM,-71.06872460332995,42.34977872648764
"55 PIEDMONT STREET, Boston, MA",SAM,-71.0682628926224,42.34998367144144
"5 PIERCE STREET, Boston, MA",SAM,-71.11981388587034,42.25483175708194
"99 PIERCE STREET, Boston, MA",SAM,-71.11639205434894,42.25774601778135
"110 PIERCE STREET, Boston, MA",SAM,-71.11632869329492,42.25802633439422
"98 PIERCE AVENUE, Boston, MA",SAM,-71.04982410851561,42.287997102923235
"37 PILGRIM ROAD, Boston, MA",SAM,-71.10545494508806,42.34228693672181
"39 PILGRIM ROAD, Boston, MA",SAM,-71.1054920493569,42.34225432993847
"84 PILGRIM ROAD, Boston, MA",SAM,-71.10628497214866,42.34132377868679
"94 PILGRIM ROAD, Boston, MA",SAM,-71.10653590633795,42.341085711531925
"102 SHORT STREET, Boston, MA",SAM,,
"175 PILGRIM ROAD, Boston, MA",SAM,-71.10860338111254,42.33924315266849
"185 PILGRIM ROAD, Boston, MA",SAM,-71.10936914392533,42.338492148259235
"19 GENERAL JOZEF PILSUDSKI WAY, Boston, MA",SAM,,
"20 GENERAL JOZEF PILSUDSKI WAY, Boston, MA",SAM,,
"25 GENERAL JOZEF PILSUDSKI WAY, Boston, MA",SAM,,
"26 GENERAL JOZEF PILSUDSKI WAY, Boston, MA",SAM,,
"32 GENERAL JOZEF PILSUDSKI WAY, Boston, MA",SAM,,
"38 GENERAL JOZEF PILSUDSKI WAY, Boston, MA",SAM,,
"9 PINCKNEY STREET, Boston, MA",SAM,-71.06544095570474,42.35892690486383
"28 PINCKNEY STREET, Boston, MA",SAM,-71.06625597851173,42.35882021645977
"6 PLAIN STREET, Boston, MA",SAM,-71.04867100445858,42.2862953618681
"4 PLANET STREET, Boston, MA",SAM,-71.12374116759517,42.27467370157946
"9 PLANT COURT, Boston, MA",SAM,-71.10380512582113,42.32457789830419
"9 PLATT ROAD, Boston, MA",SAM,-71.15679269011648,42.347173763150145
"123 PLEASANT STREET, Boston, MA",SAM,-71.0593592383103,42.31134223094537
"31 PLEASANT HILL AVENUE, Boston, MA",SAM,-71.07249757064207,42.27706237628407
"38 PLYMPTON STREET, Boston, MA",SAM,-71.0683081289889,42.339155208911386
"44 PLYMPTON STREET, Boston, MA",SAM,-71.06818792660498,42.3390548045446
"64 PLYMPTON STREET, Boston, MA",SAM,-71.06779093248755,42.33871587801424
"29 POND STREET, Boston, MA",SAM,-71.1153354054689,42.3150776931562
"31 POND STREET, Boston, MA",SAM,-71.11541364734562,42.315104285173284
"19 POND ROAD, Boston, MA",SAM,-71.15991733783633,42.2637894391848
"10 POND VIEW AVENUE, Boston, MA",SAM,-71.11548857844123,42.3207439190039
"2 POPES HILL STREET, Boston, MA",SAM,-71.05060016638944,42.292859305095675
"110 POPLAR STREET, Boston, MA",SAM,-71.12852948777468,42.28459298545978
"114 POPLAR STREET, Boston, MA",SAM,-71.12849244212096,42.28446332562633
"3 POPLAR STREET, Boston, MA",SAM,-71.12874169464284,42.28686336622561
"7 PORTER STREET, Boston, MA",SAM,-71.10360628193459,42.31599043366462
"17 PORTER STREET, Boston, MA",SAM,-71.10357518656853,42.315955866365464
"119 PORTER STREET, Boston, MA",SAM,,
"155 PORTER STREET, Boston, MA",SAM,-71.03237524403573,42.37086290932892
"187 PORTER STREET, Boston, MA",SAM,-71.03212925484216,42.37071531577937
"197 PORTER STREET, Boston, MA",SAM,-71.03205238321917,42.37066919279514
"204 PORTER STREET, Boston, MA",SAM,-71.03279518841435,42.37127150529387
"220 PORTER STREET, Boston, MA",SAM,-71.03270191459978,42.37121128124254
"12 PORTER STREET, Boston, MA",SAM,-71.10323316784292,42.31567210617086
"3 PORTINA ROAD, Boston, MA",SAM,-71.15561489662082,42.34399463128825
"133 PORTLAND STREET, Boston, MA",SAM,-71.06097753957135,42.36375494439501
"142 PORTLAND STREET, Boston, MA",SAM,-71.06115937741819,42.36374856625797
"40 PORTSMOUTH STREET, Boston, MA",SAM,-71.14430377446186,42.35936113577257
"25 POTOSI STREET, Boston, MA",SAM,-71.06440770132238,42.30700110535458
"3 POWELLTON ROAD, Boston, MA",SAM,-71.08119890912928,42.30478436173697
"6 POWER HOUSE STREET, Boston, MA",SAM,-71.03746636174597,42.339887362700175
"36 PRESCOTT STREET, Boston, MA",SAM,-71.13352619783649,42.23554142370785
"15 PRESENTATION ROAD, Boston, MA",SAM,-71.17190733676505,42.35333697852108
"2 PRIMUS AVENUE, Boston, MA",SAM,-71.06961240852486,42.36020747925891
"1 PRINCE STREET, Boston, MA",SAM,-71.12069167521078,42.30908619171418
"100 PRINCE STREET, Boston, MA",SAM,-71.1215404573455,42.31245785411371
"166 PRINCE STREET, Boston, MA",SAM,-71.12346678984315,42.31453872736975
"270 PRINCE STREET, Boston, MA",SAM,-71.12482840967493,42.317639238612294
"20 PRINCETON STREET, Boston, MA",SAM,-71.03854005147595,42.376633366017735
"79 PRINCETON STREET, Boston, MA",SAM,-71.0364880215804,42.377249074497705
"97 PRINCETON STREET, Boston, MA",SAM,-71.03586326168384,42.37748695379661
"132 PRINCETON STREET, Boston, MA",SAM,-71.03468728942516,42.37806362660635
"190 PRINCETON STREET, Boston, MA",SAM,-71.03272356778362,42.378788444443195
"328 PRINCETON STREET, Boston, MA",SAM,-71.02800505820822,42.38057309436557
"6 PROSPECT STREET, Boston, MA",SAM,-71.11032824356437,42.24856549256339
"200 PROVIDENCE STREET, Boston, MA",SAM,-71.12159115099647,42.27021687027025
"1 PROVINCE STREET, Boston, MA",SAM,-71.0601379073554,42.35692734816588
"20 PROVINCE STREET, Boston, MA",SAM,-71.05962114464023,42.35728526340512
"32 PROVINCE STREET, Boston, MA",SAM,-71.05983462896678,42.35705593796206
"47 PROVINCE STREET, Boston, MA",SAM,-71.0601379073554,42.35692734816588
"8 PROVINCE COURT, Boston, MA",SAM,-71.05972491266047,42.357158304011605
"93 PURCHASE STREET, Boston, MA",SAM,-71.05197942832825,42.35540040151468
"163 PURCHASE STREET, Boston, MA",SAM,-71.05385806097613,42.354297725272495
"237 PURCHASE STREET, Boston, MA",SAM,-71.05501710698759,42.35375061862799
"243 PURCHASE STREET, Boston, MA",SAM,-71.05514913340403,42.35368158893344
"51 PUTNAM STREET, Boston, MA",SAM,-71.05989742096568,42.373916650925345
"53 PUTNAM STREET, Boston, MA",SAM,-71.05989951403363,42.373919479396214
"55 PUTNAM STREET, Boston, MA",SAM,-71.05990160710155,42.37392230786708
"104 PUTNAM STREET, Boston, MA",SAM,-71.03261995501398,42.37937456103861
"132 PUTNAM STREET, Boston, MA",SAM,-71.03209003411506,42.3785820594066
"138 PUTNAM STREET, Boston, MA",SAM,-71.03192394828645,42.37833199753547
"144 PUTNAM STREET, Boston, MA",SAM,-71.03167843288152,42.377965781017686
"153 PUTNAM STREET, Boston, MA",SAM,-71.03172888325886,42.377783028127304
"161 PUTNAM STREET, Boston, MA",SAM,-71.03143420672983,42.37748656440638
"1 QUEENSBERRY STREET, Boston, MA",SAM,-71.094917952851,42.3434975675628
"43 QUINCY STREET, Boston, MA",SAM,-71.08084640685877,42.31560633847634
"45 QUINCY STREET, Boston, MA",SAM,-71.08080198583474,42.315582050716664
"196 QUINCY STREET, Boston, MA",SAM,-71.07472005261458,42.312940915406074
"234 QUINCY STREET, Boston, MA",SAM,-71.07320125038976,42.3123000881727
"229 QUINCY STREET, Boston, MA",SAM,-71.07401745949512,42.31251165872321
"237 QUINCY STREET, Boston, MA",SAM,-71.07375121663787,42.31239501896771
"16 QUINT AVENUE, Boston, MA",SAM,-71.1340273045004,42.35261597165338
"128 RADCLIFFE STREET, Boston, MA",SAM,-71.07801438594313,42.298190362323254
"7 RAINIER ROAD, Boston, MA",SAM,-71.10205423761695,42.26733109056717
"31 RAND STREET, Boston, MA",SAM,-71.07654823610432,42.31921051639232
"2 RANDOLPH STREET, Boston, MA",SAM,-71.0662506690666,42.341924569269906
"7 RANELEGH ROAD, Boston, MA",SAM,-71.16089080298258,42.355738007774306
"39 RAYMOND STREET, Boston, MA",SAM,-71.1328204223637,42.361346813944024
"2 RAYNOR CIRCLE, Boston, MA",SAM,-71.08660829230759,42.33368654812727
"71 READING STREET, Boston, MA",SAM,-71.0738951637324,42.33072138882106
"58 READVILLE STREET, Boston, MA",SAM,-71.13363970021598,42.24419581040491
"84 READVILLE STREET, Boston, MA",SAM,-71.13407868888298,42.242996463020575
"100 READVILLE STREET, Boston, MA",SAM,-71.13451987448518,42.2420637885883
"123 READVILLE STREET, Boston, MA",SAM,-71.13532291098376,42.24098500639895
"2 REDFIELD STREET, Boston, MA",SAM,-71.04210673991055,42.28767908319269
"9 REDFORD STREET, Boston, MA",SAM,-71.13497376033051,42.34802080404464
"42 REGENT STREET, Boston, MA",SAM,-71.13294098218614,42.243910605096076
"1 REGENT CIRCLE, Boston, MA",SAM,-71.11681450165317,42.31337435926219
"16 RENA STREET, Boston, MA",SAM,-71.12837445400999,42.36132850210931
"151 RESERVATION ROAD, Boston, MA",SAM,-71.13029803114321,42.251508527467216
"192 RESERVATION ROAD, Boston, MA",SAM,-71.13118480683981,42.25239929042875
"17 REVERE STREET, Boston, MA",SAM,-71.11040994122163,42.3104050007549
"23 REVERE STREET, Boston, MA",SAM,-71.11047003741014,42.310442678924474
"39 REVERE STREET, Boston, MA",SAM,-71.11060128601369,42.31051251764695
"63 REVERE STREET, Boston, MA",SAM,-71.11079815891908,42.310617275730664
"1 RHOADES STREET, Boston, MA",SAM,-71.0913277838107,42.285092899776096
"65 RICHMOND STREET, Boston, MA",SAM,-71.05342559668999,42.362661162172074
"133 RICHMOND STREET, Boston, MA",SAM,-71.05424395732386,42.36333262289592
"150 RICHMOND STREET, Boston, MA",SAM,-71.05440612887084,42.363300366148046
"154 RICHMOND STREET, Boston, MA",SAM,-71.0544286158352,42.36332191616047
"3 RICKER TERRACE, Boston, MA",SAM,-71.17452788029983,42.35104301319856
"20 RIDGECREST TERRACE, Boston, MA",SAM,-71.15356668140056,42.26289054328255
"2 RILL STREET, Boston, MA",SAM,-71.06425885824454,42.31237543124193
"8 RIPLEY ROAD, Boston, MA",SAM,-71.07606873156222,42.29858480545422
"15 RITA ROAD, Boston, MA",SAM,-71.05110168526244,42.28290147863397
"1 RIVER STREET, Boston, MA",SAM,-71.06946422313256,42.27251854916829
"33 RIVER STREET, Boston, MA",SAM,-71.07108496018951,42.27201475565566
"39 RIVER STREET, Boston, MA",SAM,-71.07145528581404,42.27196741345021
"41 RIVER STREET, Boston, MA",SAM,-71.07159018314698,42.2719538783904
"42 RIVER STREET, Boston, MA",SAM,-71.07195693373406,42.271809797880714
"71 RIVER STREET, Boston, MA",SAM,-71.07360851542636,42.27143418729836
"3 RIVER STREET, Boston, MA",SAM,-71.06956946580675,42.272475213947935
"18 RIVER STREET, Boston, MA",SAM,-71.07148332903928,42.27184758596299
"57 RIVER STREET, Boston, MA",SAM,-71.07274703060314,42.271888446486486
"80 RIVER STREET, Boston, MA",SAM,-71.07350665669904,42.27134787255774
"201 RIVER STREET, Boston, MA",SAM,-71.07979773403436,42.27150872914879
"205 RIVER STREET, Boston, MA",SAM,-71.07982357200558,42.27150562859266
"211 RIVER STREET, Boston, MA",SAM,-71.07986232896242,42.27150097775848
"213 RIVER STREET, Boston, MA",SAM,-71.07987524794804,42.27149942748042
"255 RIVER STREET, Boston, MA",SAM,-71.08267319273239,42.27138707729162
"483 RIVER STREET, Boston, MA",SAM,-71.0930562878201,42.26810266655481
"500 RIVER STREET, Boston, MA",SAM,-71.09285516231286,42.26810478405539
"507 RIVER STREET, Boston, MA",SAM,-71.09463195092802,42.26731857558415
"514 RIVER STREET, Boston, MA",SAM,-71.09308140680353,42.267915501017455
"556 RIVER STREET, Boston, MA",SAM,-71.09581029336198,42.26671763319252
"559 RIVER STREET, Boston, MA",SAM,-71.09603994262751,42.26679652952636
"715 RIVER STREET, Boston, MA",SAM,-71.10232862388007,42.26366148501453
"973 RIVER STREET, Boston, MA",SAM,-71.11380058992397,42.261158129659904
"1140 RIVER STREET, Boston, MA",SAM,-71.12012586025187,42.25689711435538
"1144 RIVER STREET, Boston, MA",SAM,-71.12022839028153,42.25675044972252
"1150 RIVER STREET, Boston, MA",SAM,-71.12032637367015,42.25660580757301
"1200 RIVER STREET, Boston, MA",SAM,-71.12167053799868,42.25595737535892
"1219 RIVER STREET, Boston, MA",SAM,-71.12241670835951,42.25606227184379
"1230 RIVER STREET, Boston, MA",SAM,-71.12241653983988,42.25594656002832
"1256 RIVER STREET, Boston, MA",SAM,-71.12303846565179,42.25587997671512
"1275 RIVER STREET, Boston, MA",SAM,-71.12422317636563,42.25586517780331
"1309 RIVER STREET, Boston, MA",SAM,-71.12608120324782,42.255584050806156
"1353 RIVER STREET, Boston, MA",SAM,-71.12766664211854,42.25523613975572
"1379 RIVER STREET, Boston, MA",SAM,-71.12862151342395,42.254628457843125
"1416 RIVER STREET, Boston, MA",SAM,-71.12951465694907,42.253414778650665
"1580 RIVER STREET, Boston, MA",SAM,-71.13159961406642,42.248521580959455
"1736 RIVER STREET, Boston, MA",SAM,-71.13696877451265,42.244576302276485
"40 RIVERDALE STREET, Boston, MA",SAM,-71.13251232940641,42.36233130792745
"44 RIVERDALE STREET, Boston, MA",SAM,-71.13254674588597,42.362273488240525
"154 RIVERWAY NAN, Boston, MA",SAM,-71.10622336170321,42.34228882360207
"180 RIVERWAY NAN, Boston, MA",SAM,-71.10662483739513,42.34182029639616
"260 RIVERWAY NAN, Boston, MA",SAM,-71.10512768929698,42.34325951501477
"1 ROACH STREET, Boston, MA",SAM,-71.05782891398991,42.31055430997446
"14 ROACH STREET, Boston, MA",SAM,-71.05859814229264,42.31061742631915
"20 ROACH STREET, Boston, MA",SAM,-71.05877204176136,42.3106714250376
"22 ROACH STREET, Boston, MA",SAM,-71.05878734332784,42.31067620677837
"1 ROANOKE AVENUE, Boston, MA",SAM,-71.11041137690106,42.31026960554641
"18 ROBERT STREET, Boston, MA",SAM,-71.13229704740193,42.287329278159326
"85 ROBERT STREET, Boston, MA",SAM,-71.13433107695009,42.28822633404625
"4 ROBESON STREET, Boston, MA",SAM,-71.10222636918783,42.30990542091197
"99 ROBEY STREET, Boston, MA",SAM,-71.06867499935368,42.32109624599946
"1 ROBINSON STREET, Boston, MA",SAM,-71.06067160581287,42.30317943336306
"54 ROBINSON STREET, Boston, MA",SAM,-71.06288111185744,42.30252387707862
"22 ROBINWOOD AVENUE, Boston, MA",SAM,-71.11233847785557,42.31664888477097
"42 ROCKINGHAM ROAD, Boston, MA",SAM,-71.10285047376311,42.269993746373636
"99 ROCKLAND STREET, Boston, MA",SAM,-71.1574983480495,42.25681246388184
"20 ROCKLAND AVENUE, Boston, MA",SAM,-71.08382077865052,42.32174249572888
"14 ROCKVALE CIRCLE, Boston, MA",SAM,-71.10517868107648,42.30727601360754
"23 ROCKVALE CIRCLE, Boston, MA",SAM,-71.1055164913113,42.30731671919364
"51 ROCKVALE CIRCLE, Boston, MA",SAM,-71.10512330357459,42.3071046157235
"9 RODMAN STREET, Boston, MA",SAM,-71.1164752514448,42.29333182529487
"14 RODMAN STREET, Boston, MA",SAM,-71.11630593374379,42.29337798277957
"30 ROGERS STREET, Boston, MA",SAM,-71.05527824863603,42.32947998993405
"1 ROSELAND STREET, Boston, MA",SAM,-71.06460435315093,42.29072698211343
"8 ROSSETER STREET, Boston, MA",SAM,-71.07658372038671,42.30435526795636
"7 ROSSMORE ROAD, Boston, MA",SAM,-71.1078526309851,42.30515537495664
"9 ROSSMORE ROAD, Boston, MA",SAM,-71.1076670870644,42.30506142864604
"61 ROSSMORE ROAD, Boston, MA",SAM,-71.10627650993453,42.304104311063554
"99 ROSSMORE ROAD, Boston, MA",SAM,-71.10577246743549,42.303734154770424
"14 ROSWELL STREET, Boston, MA",SAM,-71.07027333213996,42.32502608387616
"40 ROWES WHARF, Boston, MA",SAM,-71.05039741465433,42.35706828561458
"6 ROXBURY STREET, Boston, MA",SAM,-71.0852408948511,42.328903718785675
"147 ROXBURY STREET, Boston, MA",SAM,-71.09019056746992,42.33032140659091
"149 ROXBURY STREET, Boston, MA",SAM,-71.09021266497996,42.330319263802494
"230 ROXBURY STREET, Boston, MA",SAM,-71.09327813627081,42.33013003857257
"286 ROXBURY STREET, Boston, MA",SAM,-71.09449604188144,42.33023695394719
"323 RUGGLES STREET, Boston, MA",SAM,-71.09316196253968,42.336831033489204
"360 RUGGLES STREET, Boston, MA",SAM,-71.09282922247252,42.33658147124939
"2 RUGGLES STREET, Boston, MA",SAM,-71.08282450472241,42.331067558841646
"5 RUGGLES STREET, Boston, MA",SAM,-71.08281556724668,42.33122160738839
"9 RUGGLES STREET, Boston, MA",SAM,-71.08291518431281,42.331293857144864
"67 RUGGLES STREET, Boston, MA",SAM,-71.08589893061502,42.33325491168961
"105 RUSSELL STREET, Boston, MA",SAM,-71.0683614960702,42.38081046811888
"118 RUSSELL STREET, Boston, MA",SAM,-71.0681563268691,42.380552126302526
"140 RUSSETT ROAD, Boston, MA",SAM,-71.15221297360232,42.29280543937326
"46 RUTHERFORD AVENUE, Boston, MA",SAM,-71.06412149610469,42.3723531145864
"119 RUTHERFORD AVENUE, Boston, MA",SAM,-71.06437581558356,42.37357269319122
"400 RUTHERFORD AVENUE, Boston, MA",SAM,-71.0715858815967,42.38014675264085
"437 RUTHERFORD AVENUE, Boston, MA",SAM,-71.07107422731528,42.38030633347529
"549 RUTHERFORD AVENUE, Boston, MA",SAM,-71.0724810129841,42.38264617864099
"99 RUTHVEN STREET, Boston, MA",SAM,-71.09075202649832,42.31296529661233
"186 RUTHVEN STREET, Boston, MA",SAM,-71.08679056857021,42.31123558270918
"2 RUTLAND SQUARE, Boston, MA",SAM,-71.07931402071452,42.342688525637584
"1 RUTLEDGE STREET, Boston, MA",SAM,-71.1531762019083,42.28344636042574
"29 SACKVILLE STREET, Boston, MA",SAM,-71.06454637404069,42.38128343099753
"103 SAFFORD STREET, Boston, MA",SAM,-71.11315969846136,42.266840709302535
"120 SAFFORD STREET, Boston, MA",SAM,-71.11268773729444,42.267117110097914
"1 SALEM STREET, Boston, MA",SAM,-71.0666498851686,42.377251251862845
"149 SALEM STREET, Boston, MA",SAM,-71.05526123296343,42.36537996054469
"176 SALEM STREET, Boston, MA",SAM,-71.05482801452223,42.366374713987945
"179 SALEM STREET, Boston, MA",SAM,-71.05477737906682,42.36618257340536
"6 SALUTATION STREET, Boston, MA",SAM,-71.05245013217343,42.36613778901063
"17 SALUTATION STREET, Boston, MA",SAM,-71.05229189120617,42.36603705607439
"9 SAMUEL MORSE WAY, Boston, MA",SAM,-71.05562286701841,42.37769582920001
"4 SAN JUAN STREET, Boston, MA",SAM,-71.0731667073443,42.341282041140424
"12 SAN JUAN STREET, Boston, MA",SAM,-71.0734507193424,42.34149548527977
"23 SAN JUAN STREET, Boston, MA",SAM,-71.07413230444807,42.341050423803466
"32 SAN JUAN STREET, Boston, MA",SAM,-71.07435071945129,42.34106441322902
"6 SANBORN AVENUE, Boston, MA",SAM,-71.16347399959443,42.27981893032325
"7 SARATOGA STREET, Boston, MA",SAM,-71.03873038362659,42.37565729866404
"40 SARATOGA STREET, Boston, MA",SAM,-71.03777556616264,42.37614539664606
"170 SARATOGA STREET, Boston, MA",SAM,-71.03477856232276,42.37726565535219
"256 SARATOGA STREET, Boston, MA",SAM,-71.0329204581996,42.377959431197624
"710 SARATOGA STREET, Boston, MA",SAM,-71.01898354675116,42.38317450106598
"749 SARATOGA STREET, Boston, MA",SAM,-71.0175370320923,42.38357587248213
"921 SARATOGA STREET, Boston, MA",SAM,-71.0107374320843,42.38610344136871
"1082 SARATOGA STREET, Boston, MA",SAM,-71.0031325985963,42.38542498041161
"1263 SARATOGA STREET, Boston, MA",SAM,-70.99645869605662,42.38291188268313
"38 SAUNDERS STREET, Boston, MA",SAM,-71.14218381182714,42.35328357162709
"99 SAVIN HILL AVENUE, Boston, MA",SAM,-71.0544004801399,42.311916965127324
"167 SAVIN HILL AVENUE, Boston, MA",SAM,-71.05104418690044,42.30973088214966
"367 SAVIN HILL AVENUE, Boston, MA",SAM,-71.05096357910757,42.312690288228616
"29 SAVIN HILL AVENUE, Boston, MA",SAM,-71.05771120163496,42.312834565767375
"14 SAVOY STREET, Boston, MA",SAM,-71.06770387265354,42.34205947791818
"3 SAWYER AVENUE, Boston, MA",SAM,-71.05906204367896,42.3128447617667
"19 SAXTON STREET, Boston, MA",SAM,-71.05451319814692,42.312941217808664
"59 SCHOOL STREET, Boston, MA",SAM,-71.14295945817346,42.36027585262416
"90 SCHOOL STREET, Boston, MA",SAM,-71.14254610937658,42.36006558654824
"1 SCHOOL STREET, Boston, MA",SAM,-71.14197364346661,42.35991503410622
"8 SCHOOL STREET, Boston, MA",SAM,-71.1420895177246,42.360037226799655
"2 SCHREPEL PLACE, Boston, MA",SAM,-71.0376843397475,42.33651802006743
"4 SCHREPEL PLACE, Boston, MA",SAM,-71.03768454144388,42.33652407096987
"32 SCHUYLER STREET, Boston, MA",SAM,-71.08613015938677,42.308695034607766
"5 SCOTTFIELD ROAD, Boston, MA",SAM,-71.13666266651956,42.34774939989864
"19 SEARLE ROAD, Boston, MA",SAM,-71.1468233540342,42.27490865254352
"11 SEAVER STREET, Boston, MA",SAM,-71.09494234556625,42.31307984750744
"18 SEAVER STREET, Boston, MA",SAM,-71.09400339289537,42.312896822529204
"94 SEAVER STREET, Boston, MA",SAM,-71.0927630387258,42.31060833692344
"206 SEAVER STREET, Boston, MA",SAM,-71.08871333260046,42.3074899043824
"264 SEAVER STREET, Boston, MA",SAM,-71.08655960612086,42.30631223487762
"345 SEAVER STREET, Boston, MA",SAM,-71.08344172115169,42.30477423397614
"3 SEAVERNS AVENUE, Boston, MA",SAM,-71.11402217952703,42.312210772671385
"17 SEAVERNS AVENUE, Boston, MA",SAM,-71.11324345808347,42.31203869995124
"34 SEAVERNS AVENUE, Boston, MA",SAM,-71.11221684569793,42.311957828500944
"120 SECOND AVENUE, Boston, MA",SAM,-71.05354895976502,42.37622644172885
"94 SELDEN STREET, Boston, MA",SAM,-71.08019205225092,42.28086829626943
"75 SERVICE ROAD, Boston, MA",SAM,-71.03048787044055,42.368161050142824
"6 SHABAZZ WAY, Boston, MA",SAM,-71.081089636983,42.32984694813718
"8 SHABAZZ WAY, Boston, MA",SAM,-71.08107806732598,42.32984194504106
"20 SHATTUCK STREET, Boston, MA",SAM,-71.10648555746282,42.33640205312479
"25 SHATTUCK STREET, Boston, MA",SAM,-71.10475976033807,42.335679137561094
"45 SHATTUCK STREET, Boston, MA",SAM,-71.10491151732687,42.33573713387669
"50 SHATTUCK STREET, Boston, MA",SAM,-71.10612782965363,42.336185843960465
"63 SHATTUCK STREET, Boston, MA",SAM,-71.10504809861676,42.335789330560736
"50 SHAW STREET, Boston, MA",SAM,-71.15043609267966,42.27467947450505
"24 SHAWMUT STREET, Boston, MA",SAM,-71.06813052226738,42.350249717231435
"323 SHAWMUT AVENUE, Boston, MA",SAM,-71.07053475247743,42.342230911216376
"339 SHAWMUT AVENUE, Boston, MA",SAM,-71.0713065907328,42.34179227799948
"348 SHAWMUT AVENUE, Boston, MA",SAM,-71.07161832137926,42.34147295775099
"393 SHAWMUT AVENUE, Boston, MA",SAM,-71.07300339321101,42.34075358227845
"400 SHAWMUT AVENUE, Boston, MA",SAM,-71.07491237410872,42.33937538608022
"455 SHAWMUT AVENUE, Boston, MA",SAM,-71.07537697234795,42.33921585779235
"468 SHAWMUT AVENUE, Boston, MA",SAM,-71.07579941277197,42.33876190225436
"482 SHAWMUT AVENUE, Boston, MA",SAM,-71.07612546747755,42.338544379111546
"516 SHAWMUT AVENUE, Boston, MA",SAM,-71.07758549054621,42.337584297165876
"524 SHAWMUT AVENUE, Boston, MA",SAM,-71.07768831871167,42.33751672436798
"525 SHAWMUT AVENUE, Boston, MA",SAM,-71.07820350031349,42.33731866424734
"551 SHAWMUT AVENUE, Boston, MA",SAM,-71.07882812352113,42.336889221628574
"575 SHAWMUT AVENUE, Boston, MA",SAM,-71.07937750966683,42.33654143028735
"588 SHAWMUT AVENUE, Boston, MA",SAM,-71.07978379803532,42.33608923330339
"601 SHAWMUT AVENUE, Boston, MA",SAM,-71.08022801820952,42.335937516441156
"757 SHAWMUT AVENUE, Boston, MA",SAM,-71.08428016077941,42.33186505446769
"2 SHAWSHEEN ROAD, Boston, MA",SAM,-71.00023910143393,42.38517173440934
"7 SHELBY STREET, Boston, MA",SAM,-71.0281501438739,42.381100933536715
"8 SHEPARD STREET, Boston, MA",SAM,-71.1498762125164,42.34785171513538
"1 SHERIDAN STREET, Boston, MA",SAM,-71.10927485861292,42.322087529488634
"5 SHERIDAN STREET, Boston, MA",SAM,-71.10897360083104,42.32178711893294
"49 SHERIDAN STREET, Boston, MA",SAM,-71.10741493672775,42.32071026852151
"9 SHERWOOD COURT, Boston, MA",SAM,-71.0684399166644,42.324916780184665
"3 SHIRLEY STREET, Boston, MA",SAM,-71.07314631705391,42.323135724891415
"163 SHIRLEY STREET, Boston, MA",SAM,-71.06805725326774,42.32568125877232
"5 SIGOURNEY STREET, Boston, MA",SAM,-71.10041235301253,42.30845808561656
"230 SILVER STREET, Boston, MA",SAM,-71.0496206306981,42.33744665293425
"280 SILVER STREET, Boston, MA",SAM,-71.04856573103584,42.33678007850476
"290 SILVER STREET, Boston, MA",SAM,-71.04835475110337,42.33664676361887
"302 SILVER STREET, Boston, MA",SAM,-71.04794919269126,42.336387408363805
"306 SILVER STREET, Boston, MA",SAM,-71.04771152206068,42.336233091379405
"345 SILVER STREET, Boston, MA",SAM,-71.04595792446726,42.33490661256367
"357 SILVER STREET, Boston, MA",SAM,-71.04558914386433,42.33490549811225
"1 SILVER PLACE, Boston, MA",SAM,-71.05595632642749,42.341382426775915
"6 SLAYTON WAY, Boston, MA",SAM,-71.09779037230433,42.322290133544634
"24 SLAYTON WAY, Boston, MA",SAM,-71.09779187947908,42.32221326784986
"26 SLAYTON WAY, Boston, MA",SAM,-71.09779204694294,42.322204727217105
"29 SLAYTON WAY, Boston, MA",SAM,-71.09794732741118,42.32219051482712
"33 SLAYTON WAY, Boston, MA",SAM,-71.09794765895577,42.32217360609964
"40 SLAYTON WAY, Boston, MA",SAM,-71.09779321918995,42.32214494278784
"42 SLAYTON WAY, Boston, MA",SAM,-71.09779338665382,42.322136402155095
"44 SLAYTON WAY, Boston, MA",SAM,-71.09779355411767,42.322127861522326
"45 SLAYTON WAY, Boston, MA",SAM,-71.09794865358961,42.32212287991723
"46 SLAYTON WAY, Boston, MA",SAM,-71.09779372158154,42.32211932088957
"52 SLAYTON WAY, Boston, MA",SAM,-71.09779422397311,42.32209369899132
"54 SLAYTON WAY, Boston, MA",SAM,-71.09779439143698,42.322085158358576
"62 SLAYTON WAY, Boston, MA",SAM,-71.09779506129242,42.32205099582755
"39 SMITH STREET, Boston, MA",SAM,-71.09868789431303,42.33381832766999
"90 SMITH STREET, Boston, MA",SAM,-71.10048156711088,42.334245394649315
"97 SMITH STREET, Boston, MA",SAM,-71.10033317199782,42.33435744716071
"142 SMITH STREET, Boston, MA",SAM,-71.102184896796,42.334779354292984
"4 SNELLING PLACE, Boston, MA",SAM,-71.0549906095117,42.3668082650437
"6 SNOW HILL STREET, Boston, MA",SAM,-71.05655807097835,42.3671646676941
"27 SNOW HILL STREET, Boston, MA",SAM,-71.05644056946633,42.366711698599445
"38 SOBIN PARK, Boston, MA",SAM,,
"72 SOBIN PARK, Boston, MA",SAM,,
"15 SOLDIERS FIELD ROAD, Boston, MA",SAM,-71.15013563219182,42.359902042877025
"660 SOLDIERS FIELD ROAD, Boston, MA",SAM,-71.12110811813908,42.36768901188617
"670 SOLDIERS FIELD ROAD, Boston, MA",SAM,-71.12116472177424,42.36769184207015
"680 SOLDIERS FIELD ROAD, Boston, MA",SAM,-71.12122132540941,42.36769467225411
"690 SOLDIERS FIELD ROAD, Boston, MA",SAM,-71.1212797467233,42.36769846923638
"1284 SOLDIERS FIELD ROAD, Boston, MA",SAM,-71.13770912801174,42.36393647907441
"1340 SOLDIERS FIELD ROAD, Boston, MA",SAM,-71.13781287356124,42.36390575820649
"1345 SOLDIERS FIELD ROAD, Boston, MA",SAM,-71.1381150475431,42.364075949845024
"1400 SOLDIERS FIELD ROAD, Boston, MA",SAM,-71.13792346241614,42.363874161390505
"1420 SOLDIERS FIELD ROAD, Boston, MA",SAM,-71.13796032536776,42.363863629118526
"10 SONOMA STREET, Boston, MA",SAM,-71.08656890971316,42.308030273394806
"114 SOUTH STREET, Boston, MA",SAM,-71.11493153429907,42.306130071277224
"121 SOUTH STREET, Boston, MA",SAM,-71.11472436591237,42.30523164754748
"216 SOUTH STREET, Boston, MA",SAM,-71.11443665535175,42.302740996517365
"52 SOUTH STREET, Boston, MA",SAM,-71.15643915319752,42.340007022285846
"375 SOUTH STREET, Boston, MA",SAM,-71.11704455874103,42.30040169475923
"756 SOUTH STREET, Boston, MA",SAM,-71.1292593525186,42.28701223698121
"850 SOUTH STREET, Boston, MA",SAM,-71.13302561913383,42.288618412362304
"854 SOUTH STREET, Boston, MA",SAM,-71.13330349545497,42.28867288006415
"882 SOUTH STREET, Boston, MA",SAM,-71.1342191614823,42.28879268649032
"886 SOUTH STREET, Boston, MA",SAM,-71.13436090765319,42.288722679607275
"993 SOUTH STREET, Boston, MA",SAM,-71.13982389667783,42.28774328200445
"1048 SOUTH STREET, Boston, MA",SAM,-71.14238013011587,42.287800174321035
"30 BREMEN STREET, Boston, MA",SAM,-71.03927327668352,42.36814278736058
"19 CHARLAME COURT, Boston, MA",SAM,-71.08475827176159,42.3195633814335
"51 CHARLAME TERRACE, Boston, MA",SAM,-71.08418890893573,42.31952418672411
"21 HUNTINGTON AVENUE, Boston, MA",SAM,-71.11909664850911,42.27041480990049
"23 HUNTINGTON AVENUE, Boston, MA",SAM,-71.11908161103851,42.27039213801612
"33 HUNTINGTON AVENUE, Boston, MA",SAM,-71.1190064236854,42.27027877859434
"50 HUNTINGTON AVENUE, Boston, MA",SAM,-71.11157771838215,42.33216521541565
"54 HUNTINGTON AVENUE, Boston, MA",SAM,-71.11161140195937,42.332142031616605
"58 HUNTINGTON AVENUE, Boston, MA",SAM,-71.11164328774383,42.33212123653874
"62 HUNTINGTON AVENUE, Boston, MA",SAM,-71.11167517352827,42.33210044146086
"66 HUNTINGTON AVENUE, Boston, MA",SAM,-71.1117070593127,42.332079646382965
"70 HUNTINGTON AVENUE, Boston, MA",SAM,-71.11173894509716,42.33205885130511
"74 HUNTINGTON AVENUE, Boston, MA",SAM,-71.11177083088161,42.33203805622724
"78 HUNTINGTON AVENUE, Boston, MA",SAM,-71.11180271666606,42.332017261149346
"82 HUNTINGTON AVENUE, Boston, MA",SAM,-71.11184624293156,42.33199479503803
"147 HUNTINGTON AVENUE, Boston, MA",SAM,-71.11818734623677,42.268974828127874
"350 HUNTINGTON AVENUE, Boston, MA",SAM,-71.11635128203731,42.26621442749112
"428 HUNTINGTON AVENUE, Boston, MA",SAM,-71.11491242279759,42.26369728567725
"24 SYDNEY STREET, Boston, MA",SAM,-71.05338016047489,42.31242003276046
"501 SOUTHAMPTON STREET, Boston, MA",SAM,-71.05777896271243,42.32959053594675
"4 SOUTHER ROAD, Boston, MA",SAM,-71.05475373225053,42.28619259626217
"22 SOUTHERN AVENUE, Boston, MA",SAM,-71.07304755563442,42.290604671916576
"11 SOUTHWICK STREET, Boston, MA",SAM,-71.0492591544705,42.291298602389304
"2 SPARHAWK STREET, Boston, MA",SAM,-71.14796122760418,42.35031285736627
"5 SPARHAWK STREET, Boston, MA",SAM,-71.14790667447792,42.35042012217044
"41 SPRAGUE STREET, Boston, MA",SAM,-71.1367743449924,42.235987639030824
"43 SPRAGUE STREET, Boston, MA",SAM,-71.13681395327797,42.23595351496771
"45 SPRAGUE STREET, Boston, MA",SAM,-71.13685356156351,42.235919390904584
"47 SPRAGUE STREET, Boston, MA",SAM,-71.13689316984907,42.235885266841485
"80 SPRING STREET, Boston, MA",SAM,-71.16319560080623,42.27742203251413
"163 SPRING STREET, Boston, MA",SAM,-71.167333671428,42.27575174489545
"248 SPRING STREET, Boston, MA",SAM,-71.1698912647588,42.27369730489997
"17 SPRING GARDEN STREET, Boston, MA",SAM,-71.05328097367709,42.3186936687144
"20 SPRING HILL ROAD, Boston, MA",SAM,-71.11223689011752,42.252645333220016
"76 DRESDEN STREET, Boston, MA",SAM,-71.10753672538033,42.31669790866184
"100 SAINT ALPHONSUS STREET, Boston, MA",SAM,-71.10127803785345,42.332884236816994
"15 SAINT ANDREW ROAD, Boston, MA",SAM,-71.00468762694355,42.3851497517997
"49 SAINT ANDREW ROAD, Boston, MA",SAM,-71.00327212606709,42.38465872848298
"49 SAINT BOTOLPH STREET, Boston, MA",SAM,-71.0795767267517,42.346007363863784
"101 SAINT BOTOLPH STREET, Boston, MA",SAM,-71.08101996158744,42.344781404278244
"120 SAINT BOTOLPH STREET, Boston, MA",SAM,-71.08163560495969,42.344127732483685
"262 SAINT BOTOLPH STREET, Boston, MA",SAM,-71.08504674523361,42.341333495144326
"275 SAINT BOTOLPH STREET, Boston, MA",SAM,-71.08666361251687,42.34043356242579
"288 SAINT BOTOLPH STREET, Boston, MA",SAM,-71.08652803106581,42.34035885740208
"15 SAINT CHARLES STREET, Boston, MA",SAM,-71.07181516861489,42.34688333608817
"21 SAINT CYPRIANS PLACE, Boston, MA",SAM,-71.0864737854112,42.33619246452108
"16 SAINT GEORGE STREET, Boston, MA",SAM,-71.0718255855112,42.338719735980405
"5 SAINT JAMES STREET, Boston, MA",SAM,-71.08593670645993,42.32685479045714
"47 SAINT JAMES STREET, Boston, MA",SAM,-71.08568263669711,42.32678703850185
"2 SAINT LUKES ROAD, Boston, MA",SAM,-71.12687670733277,42.35226063417996
"37 SAINT STEPHEN STREET, Boston, MA",SAM,-71.0867820137457,42.34253970647778
"2 STACEY STREET, Boston, MA",SAM,-71.0667953800895,42.37718917101572
"9 STANDARD STREET, Boston, MA",SAM,-71.07842547749048,42.27202530175016
"99 STANDARD STREET, Boston, MA",SAM,-71.08045631279012,42.27501896994768
"1 STANDISH STREET, Boston, MA",SAM,-71.07959184476546,42.296491813956145
"145 STANIFORD STREET, Boston, MA",SAM,-71.24867443269753,42.352646515257995
"29 STANLEY STREET, Boston, MA",SAM,-71.06872348054759,42.310843778805996
"33 STANTON STREET, Boston, MA",SAM,-71.07949987388187,42.28413815982037
"4 STANWOOD STREET, Boston, MA",SAM,-71.08180550188102,42.31021130644039
"96 STANWOOD STREET, Boston, MA",SAM,-71.07889545964677,42.30852357921702
"2 STARK STREET, Boston, MA",SAM,-71.0795518174289,42.381741870071906
"41 STARR KING COURT, Boston, MA",SAM,-71.05557028111929,42.37847573412328
"49 STARR KING COURT, Boston, MA",SAM,-71.0555511830026,42.378554085362794
"25 STARR LANE, Boston, MA",SAM,-71.11371130568075,42.312831312615764
"31 STARR LANE, Boston, MA",SAM,-71.11362608625863,42.31279483736807
"42 SEAVERNS AVENUE, Boston, MA",SAM,-71.11173279119053,42.3119657210555
"25 DEVONSHIRE STREET, Boston, MA",SAM,-71.05735161667873,42.358130603818594
"74 STATE STREET, Boston, MA",SAM,-71.05622232972064,42.3590492610985
"92 STATE STREET, Boston, MA",SAM,-71.0553928418459,42.359184888466295
"101 STATE STREET, Boston, MA",SAM,-71.05508158590067,42.35911423072236
"1 STILLMAN STREET, Boston, MA",SAM,-71.05587445379602,42.36368832220608
"39 STILLMAN STREET, Boston, MA",SAM,-71.0573417654371,42.36388875979941
"49 STIMSON STREET, Boston, MA",SAM,-71.15877850211415,42.26041210590587
"56 STIMSON STREET, Boston, MA",SAM,-71.1592969768164,42.26056482058158
"15 STOCK STREET, Boston, MA",SAM,-71.04940248567117,42.28481425360195
"21 STOCK STREET, Boston, MA",SAM,-71.04936859737455,42.28473990164684
"6 STOCKWELL STREET, Boston, MA",SAM,-71.10675944954073,42.331945669518134
"3 STONEHILL TERRACE, Boston, MA",SAM,-71.14158526910019,42.25437244046915
"9 STONEHURST STREET, Boston, MA",SAM,-71.0680559415726,42.304170620786905
"30 STONEHURST STREET, Boston, MA",SAM,-71.06720046788571,42.30490477026347
"56 STONEHURST STREET, Boston, MA",SAM,-71.06698083334224,42.30524394428388
"9 STORY STREET, Boston, MA",SAM,-71.04391137901582,42.33330371673742
"26 STORY STREET, Boston, MA",SAM,-71.04348699804393,42.33342825078318
"51 STRATHMORE ROAD, Boston, MA",SAM,-71.14762478454153,42.33818698059314
"20 STRATTON STREET, Boston, MA",SAM,-71.08850213655296,42.29071291155014
"50 STRATTON STREET, Boston, MA",SAM,-71.0879803200092,42.29018745852605
"70 AMES WAY, Boston, MA",SAM,-71.0862257663573,42.28947662394674
"100 STRATTON STREET, Boston, MA",SAM,-71.08613085396385,42.28914350804578
"130 STRATTON STREET, Boston, MA",SAM,-71.08405648746262,42.2888002771417
"140 STRATTON STREET, Boston, MA",SAM,-71.08381503000138,42.289784194938235
"41 STUART STREET, Boston, MA",SAM,-71.06382276457896,42.35104019963883
"154 STUART STREET, Boston, MA",SAM,-71.06691550567162,42.3508860652289
"230 STUART STREET, Boston, MA",SAM,-71.06899887251221,42.35033829767989
"10 STURTEVANT STREET, Boston, MA",SAM,-71.05533750212726,42.298497930168494
"8 SUDAN STREET, Boston, MA",SAM,-71.05627865616141,42.31690289556432
"64 SUDAN STREET, Boston, MA",SAM,-71.05389855270994,42.316486745581265
"82 SUDAN STREET, Boston, MA",SAM,-71.05372859582441,42.31646162151082
"28 SULLIVAN STREET, Boston, MA",SAM,-71.06639533792533,42.378300962006286
"1 SULLIVAN STREET, Boston, MA",SAM,-71.067226883394,42.37776956683278
"21 SUMMER STREET, Boston, MA",SAM,-71.12521732766501,42.2572178747824
"259 SUMMER STREET, Boston, MA",SAM,-71.05088576980934,42.350451557814104
"311 SUMMER STREET, Boston, MA",SAM,-71.04864333436186,42.34941761538511
"430 SUMMER STREET, Boston, MA",SAM,-71.04119904855673,42.345795587818394
"435 SUMMER STREET, Boston, MA",SAM,-71.043388396559,42.34679732291563
"655 SUMMER STREET, Boston, MA",SAM,-71.03567730129298,42.34119222471827
"775 SUMMER STREET, Boston, MA",SAM,-71.03563794295982,42.34015203846312
"776 SUMMER STREET, Boston, MA",SAM,-71.03546384200736,42.339620816747555
"825 SUMMER STREET, Boston, MA",SAM,-71.03559972201235,42.33906927810881
"850 SUMMER STREET, Boston, MA",SAM,-71.03545687934083,42.33941472143635
"29 SUMMER STREET, Boston, MA",SAM,-71.12518862488353,42.25763540295207
"51 SUMMER STREET, Boston, MA",SAM,-71.12511117578624,42.25877826463429
"76 SUMMIT STREET, Boston, MA",SAM,-71.11360506723034,42.24962612927663
"164 SUMNER STREET, Boston, MA",SAM,-71.04080685485486,42.36940864393861
"201 SUMNER STREET, Boston, MA",SAM,-71.04018692948571,42.369004415362156
"236 SUMNER STREET, Boston, MA",SAM,-71.0392700362363,42.36872977256333
"261 SUMNER STREET, Boston, MA",SAM,-71.0378366940996,42.36797493135616
"309 SUMNER STREET, Boston, MA",SAM,-71.0365836353683,42.367431161365324
"321 SUMNER STREET, Boston, MA",SAM,-71.03618950612815,42.367259773453
"341 SUMNER STREET, Boston, MA",SAM,-71.03553924382248,42.3669760849684
"390 SUMNER STREET, Boston, MA",SAM,-71.03424686322812,42.36653922806064
"568 SUMNER STREET, Boston, MA",SAM,-71.02989346750012,42.364659571184234
"53 SUMNER STREET, Boston, MA",SAM,-71.06201576515278,42.31785601506314
"3 SUMNER PLACE, Boston, MA",SAM,-71.03425846695093,42.36640040251822
"2 SUN COURT STREET, Boston, MA",SAM,-71.05297641629564,42.363906541563715
"12 SUNDERLAND STREET, Boston, MA",SAM,-71.08306573531219,42.31070463247636
"55 SUNNYSIDE STREET, Boston, MA",SAM,-71.10722098319539,42.323773252221976
"6 SUNSET STREET, Boston, MA",SAM,-71.10836671607542,42.33161804795036
"3 SUNSET HILL ROAD, Boston, MA",SAM,-71.14259305252122,42.29020166552054
"7 SUTHERLAND ROAD, Boston, MA",SAM,-71.1504445992717,42.336418478464275
"15 SWAN AVENUE, Boston, MA",SAM,-70.99756639421214,42.388487866479174
"11 SYDNEY STREET, Boston, MA",SAM,-71.0534172099815,42.311970182673505
"25 SYDNEY STREET, Boston, MA",SAM,-71.05321016703601,42.31243544771669
"192 SYDNEY STREET, Boston, MA",SAM,-71.05265805111097,42.31878545166628
"6 SYLVESTER ROAD, Boston, MA",SAM,-71.04765262323176,42.28539761748281
"30 SYMMES STREET, Boston, MA",SAM,-71.13111545537036,42.289521550284434
"5 TAFT STREET, Boston, MA",SAM,-71.05685607350725,42.31719406934735
"17 TAFTHILL TERRACE, Boston, MA",SAM,-71.12805347517326,42.287652441998496
"200 TALBOT AVENUE, Boston, MA",SAM,-71.07860420381425,42.292228344138096
"540 TALBOT AVENUE, Boston, MA",SAM,-71.06477377421236,42.28700208623896
"241 TALBOT AVENUE, Boston, MA",SAM,-71.07657752426194,42.29150028682525
"246 TALBOT AVENUE, Boston, MA",SAM,-71.07655775556314,42.29161774317253
"465 TALBOT AVENUE, Boston, MA",SAM,-71.06658848165328,42.28875363066082
"98 TAYLOR STREET, Boston, MA",SAM,-71.03896226646016,42.288484485641476
"20 TEARSEN STREET, Boston, MA",SAM,,
"22 TEARSEN STREET, Boston, MA",SAM,,
"1 DORCHESTER STREET, Boston, MA",SAM,-71.04258506024642,42.337999803285825
"68 TELEGRAPH STREET, Boston, MA",SAM,-71.04804142385797,42.333004778608455
"30 TEMPLE PLACE, Boston, MA",SAM,-71.06231589380167,42.35546290054817
"60 TEMPLE PLACE, Boston, MA",SAM,-71.06182789975057,42.35522220217391
"98 MONSIGNOR PATRICK J. LYDON WAY, Boston, MA",SAM,,
"164 TENEAN STREET, Boston, MA",SAM,-71.04296939211494,42.29027650580597
"39 TERRACE STREET, Boston, MA",SAM,-71.09638775770864,42.33125901191738
"23 TESLA STREET, Boston, MA",SAM,-71.09687676928719,42.26629175248364
"27 TESLA STREET, Boston, MA",SAM,-71.0968370996612,42.26625834647531
"6 THACHER STREET, Boston, MA",SAM,-71.05638234917781,42.36561016718443
"11 MARGIN STREET, Boston, MA",SAM,-71.12427400616419,42.25105544861639
"16 THACHER STREET, Boston, MA",SAM,-71.0567834910477,42.365319170142875
"23 THACHER STREET, Boston, MA",SAM,-71.05755240635418,42.365355398559124
"24 THACHER STREET, Boston, MA",SAM,-71.05686114652197,42.365298920822845
"1 THACHER COURT, Boston, MA",SAM,-71.05775425392632,42.36534498470359
"14 THACHER COURT, Boston, MA",SAM,-71.05791052083015,42.365379654839906
"42 THATCHER STREET, Boston, MA",SAM,-71.1181383492376,42.26669348486927
"85 THETFORD AVENUE, Boston, MA",SAM,-71.07766040766961,42.28345569891704
"107 THIRD AVENUE, Boston, MA",SAM,-71.05255864981713,42.34121775598686
"1 THORNDIKE STREET, Boston, MA",SAM,-71.07876196550336,42.333210472450766
"3 THORNLEY STREET, Boston, MA",SAM,-71.0571079811742,42.314026483523676
"168 THORNTON STREET, Boston, MA",SAM,-71.09235972253227,42.32231181370019
"60 TIBBETT'S TOWN WAY, Boston, MA",SAM,-71.06972347625138,42.378074120457406
"82 TIBBETT'S TOWN WAY, Boston, MA",SAM,-71.06928294653903,42.37855021329292
"7 TIDE STREET, Boston, MA",SAM,-71.03199291877873,42.3447391838659
"99 TONAWANDA STREET, Boston, MA",SAM,-71.06918458731873,42.29817630917547
"95 TOPEKA STREET, Boston, MA",SAM,-71.0672654458303,42.33274210186178
"99 TOPEKA STREET, Boston, MA",SAM,-71.06723964728968,42.332785331849706
"1 TOPLIFF STREET, Boston, MA",SAM,-71.06883482957281,42.30481145465744
"17 TOPLIFF STREET, Boston, MA",SAM,-71.06863865325214,42.30424733819535
"5 TORREY STREET, Boston, MA",SAM,-71.07144937629151,42.28773214436
"63 TRASK STREET, Boston, MA",SAM,-71.07581932708231,42.33502139083413
"29 ANTHONY RIP VALENTI WAY, Boston, MA",SAM,,
"5 TRAVIS STREET, Boston, MA",SAM,-71.1288076262974,42.36302306034948
"38 RENA STREET, Boston, MA",SAM,-71.12832463259205,42.36133626648555
"129 TREMONT STREET, Boston, MA",SAM,-71.17390763128502,42.35166167255258
"136 TREMONT STREET, Boston, MA",SAM,-71.1740072809457,42.351572792572334
"183 TREMONT STREET, Boston, MA",SAM,-71.17420801329331,42.35180447714723
"200 TREMONT STREET, Boston, MA",SAM,-71.06458905631153,42.3519391274062
"532 TREMONT STREET, Boston, MA",SAM,-71.07051861215244,42.34449899286114
"731 TREMONT STREET, Boston, MA",SAM,-71.07852630946338,42.34034403178039
"195 TREMONT STREET, Boston, MA",SAM,-71.17427476485071,42.35183621150163
"318 TREMONT STREET, Boston, MA",SAM,-71.06586099436278,42.348593199474664
"350 TREMONT STREET, Boston, MA",SAM,-71.06663221292669,42.348682438243195
"362 TREMONT STREET, Boston, MA",SAM,-71.0667806119627,42.348604528745625
"939 TREMONT STREET, Boston, MA",SAM,-71.08350400980115,42.337683822319036
"628 TREMONT STREET, Boston, MA",SAM,-71.07440972484505,42.34242980950943
"640 TREMONT STREET, Boston, MA",SAM,-71.07488687035988,42.342174421775
"776 TREMONT STREET, Boston, MA",SAM,-71.07857685588775,42.340174802143565
"789 TREMONT STREET, Boston, MA",SAM,-71.08150939315183,42.33879390197575
"822 TREMONT STREET, Boston, MA",SAM,-71.08226688086638,42.33818911960577
"975 TREMONT STREET, Boston, MA",SAM,-71.08413878983377,42.337326804422794
"982 TREMONT STREET, Boston, MA",SAM,-71.08357546991643,42.337500184182375
"1057 TREMONT STREET, Boston, MA",SAM,-71.08608612988284,42.33626262062191
"1073 TREMONT STREET, Boston, MA",SAM,-71.08637298315578,42.336098704457896
"1163 TREMONT STREET, Boston, MA",SAM,-71.08875222643651,42.33499740970727
"1199 TREMONT STREET, Boston, MA",SAM,-71.0895101664276,42.334622293144236
"1508 TREMONT STREET, Boston, MA",SAM,-71.09951623335844,42.33227140002871
"1622 TREMONT STREET, Boston, MA",SAM,-71.10360506984696,42.333699949902694
"1631 TREMONT STREET, Boston, MA",SAM,-71.10351380179011,42.33379620246162
"1633 TREMONT STREET, Boston, MA",SAM,-71.10354269497148,42.33380490148626
"1643 TREMONT STREET, Boston, MA",SAM,-71.10368716087828,42.33384839660939
"101 TREMONT STREET, Boston, MA",SAM,-71.17252404236498,42.350992688660405
"45 TRENTON STREET, Boston, MA",SAM,-71.06171486312496,42.37790715645225
"69 TRENTON STREET, Boston, MA",SAM,-71.06154036301116,42.37816470438823
"105 TRENTON STREET, Boston, MA",SAM,-71.03523486785093,42.37928266731332
"215 TRENTON STREET, Boston, MA",SAM,-71.03109820682849,42.38082435389191
"217 TRENTON STREET, Boston, MA",SAM,-71.03095996343366,42.38087545432708
"16 TRIDENT STREET, Boston, MA",SAM,-71.01082124117465,42.385973826474626
"2 TROTTER COURT, Boston, MA",SAM,,
"9 TROTTER COURT, Boston, MA",SAM,-71.08077749136486,42.336016639743306
"10 TROTTER COURT, Boston, MA",SAM,,
"18 TROTTER COURT, Boston, MA",SAM,-71.08108433429874,42.33578676791088
"25 TROTTER COURT, Boston, MA",SAM,-71.08170190729973,42.335334359758676
"26 TROTTER COURT, Boston, MA",SAM,-71.08114609159884,42.335741527095664
"34 TROTTER COURT, Boston, MA",SAM,-71.08120784889894,42.33569628628044
"16 TRULL STREET, Boston, MA",SAM,-71.06616273479894,42.31208885707061
"22 TRULL STREET, Boston, MA",SAM,-71.06672017943123,42.31183074936479
"29 TRULL STREET, Boston, MA",SAM,-71.06696211696205,42.31185995029144
"480 TRUMAN PARKWAY, Boston, MA",SAM,-71.111922715755,42.25825757075965
"490 TRUMAN PARKWAY, Boston, MA",SAM,-71.11212459437205,42.25816723237941
"584 TRUMAN PARKWAY, Boston, MA",SAM,,
"590 TRUMAN PARKWAY, Boston, MA",SAM,,
"594 TRUMAN PARKWAY, Boston, MA",SAM,,
"676 TRUMAN PARKWAY, Boston, MA",SAM,,
"690 TRUMAN PARKWAY, Boston, MA",SAM,,
"691 TRUMAN PARKWAY, Boston, MA",SAM,,
"702 TRUMAN PARKWAY, Boston, MA",SAM,,
"706 TRUMAN PARKWAY, Boston, MA",SAM,,
"707 TRUMAN PARKWAY, Boston, MA",SAM,,
"710 TRUMAN PARKWAY, Boston, MA",SAM,,
"714 TRUMAN PARKWAY, Boston, MA",SAM,,
"715 TRUMAN PARKWAY, Boston, MA",SAM,,
"722 TRUMAN PARKWAY, Boston, MA",SAM,,
"723 TRUMAN PARKWAY, Boston, MA",SAM,,
"726 TRUMAN PARKWAY, Boston, MA",SAM,,
"730 TRUMAN PARKWAY, Boston, MA",SAM,,
"731 TRUMAN PARKWAY, Boston, MA",SAM,,
"734 TRUMAN PARKWAY, Boston, MA",SAM,,
"738 TRUMAN PARKWAY, Boston, MA",SAM,,
"742 TRUMAN PARKWAY, Boston, MA",SAM,,
"746 TRUMAN PARKWAY, Boston, MA",SAM,,
"751 TRUMAN PARKWAY, Boston, MA",SAM,,
"763 TRUMAN PARKWAY, Boston, MA",SAM,,
"767 TRUMAN PARKWAY, Boston, MA",SAM,,
"771 TRUMAN PARKWAY, Boston, MA",SAM,,
"776 TRUMAN PARKWAY, Boston, MA",SAM,,
"780 TRUMAN PARKWAY, Boston, MA",SAM,,
"783 TRUMAN PARKWAY, Boston, MA",SAM,,
"784 TRUMAN PARKWAY, Boston, MA",SAM,,
"788 TRUMAN PARKWAY, Boston, MA",SAM,,
"792 TRUMAN PARKWAY, Boston, MA",SAM,,
"812 TRUMAN PARKWAY, Boston, MA",SAM,,
"830 TRUMAN PARKWAY, Boston, MA",SAM,,
"834 TRUMAN PARKWAY, Boston, MA",SAM,,
"838 TRUMAN PARKWAY, Boston, MA",SAM,,
"842 TRUMAN PARKWAY, Boston, MA",SAM,,
"846 TRUMAN PARKWAY, Boston, MA",SAM,,
"850 TRUMAN PARKWAY, Boston, MA",SAM,,
"854 TRUMAN PARKWAY, Boston, MA",SAM,,
"858 TRUMAN PARKWAY, Boston, MA",SAM,,
"906 TRUMAN PARKWAY, Boston, MA",SAM,,
"1024 TRUMAN PARKWAY, Boston, MA",SAM,,
"1028 TRUMAN PARKWAY, Boston, MA",SAM,,
"1032 TRUMAN PARKWAY, Boston, MA",SAM,,
"1036 TRUMAN PARKWAY, Boston, MA",SAM,,
"1040 TRUMAN PARKWAY, Boston, MA",SAM,,
"1044 TRUMAN PARKWAY, Boston, MA",SAM,,
"1048 TRUMAN PARKWAY, Boston, MA",SAM,,
"1052 TRUMAN PARKWAY, Boston, MA",SAM,,
"1056 TRUMAN PARKWAY, Boston, MA",SAM,,
"1060 TRUMAN PARKWAY, Boston, MA",SAM,,
"1064 TRUMAN PARKWAY, Boston, MA",SAM,,
"1068 TRUMAN PARKWAY, Boston, MA",SAM,,
"1072 TRUMAN PARKWAY, Boston, MA",SAM,,
"1076 TRUMAN PARKWAY, Boston, MA",SAM,,
"1080 TRUMAN PARKWAY, Boston, MA",SAM,,
"1084 TRUMAN PARKWAY, Boston, MA",SAM,,
"1233 TRUMAN PARKWAY, Boston, MA",SAM,,
"5 TUCKERMAN STREET, Boston, MA",SAM,-71.05400903102458,42.3311109092431
"12 TUFTS STREET, Boston, MA",SAM,-71.0569830047794,42.37793190191195
"88 TUTTLE STREET, Boston, MA",SAM,-71.05326496277307,42.31476701529726
"3 TYLER STREET, Boston, MA",SAM,-71.12538064262439,42.246738146103795
"31 TYLER STREET, Boston, MA",SAM,-71.12473362416085,42.24609355078396
"5 UNDINE ROAD, Boston, MA",SAM,-71.16615021360056,42.34199472190669
"98 UNDINE ROAD, Boston, MA",SAM,-71.16769793769117,42.34285864353732
"67 UNION STREET, Boston, MA",SAM,-71.15027449599812,42.34562284338711
"3 UNION PARK STREET, Boston, MA",SAM,-71.07055059491425,42.34199899262067
"6 UNION PARK STREET, Boston, MA",SAM,-71.07043564179287,42.342075896880836
"26 UNION PARK STREET, Boston, MA",SAM,-71.07020135095097,42.341879321105864
"100 UNION PARK STREET, Boston, MA",SAM,-71.0669573017412,42.34029581694719
"118 UNION PARK STREET, Boston, MA",SAM,-71.06660565860017,42.340181936863665
"134 UNION PARK STREET, Boston, MA",SAM,-71.06629308691926,42.34008071012276
"5 UNION WHARF, Boston, MA",SAM,-71.04996685032968,42.36526646308363
"6 UNION WHARF, Boston, MA",SAM,-71.14759986264656,42.344844292419175
"7 UNION WHARF, Boston, MA",SAM,-71.0507973059097,42.36528163125071
"8 UNION WHARF, Boston, MA",SAM,-71.04936503077037,42.36529203915081
"9 UNION WHARF, Boston, MA",SAM,-71.04939991147523,42.36518038359164
"10 UNION WHARF, Boston, MA",SAM,-71.04937457258788,42.365293666438056
"11 UNION WHARF, Boston, MA",SAM,-71.04940945329271,42.365182010878904
"12 UNION WHARF, Boston, MA",SAM,-71.04938411440538,42.36529529372531
"13 UNION WHARF, Boston, MA",SAM,-71.04941899511022,42.365183638166144
"14 UNION WHARF, Boston, MA",SAM,-71.04939365622288,42.36529692101256
"15 UNION WHARF, Boston, MA",SAM,-71.04942853692772,42.36518526545339
"16 UNION WHARF, Boston, MA",SAM,-71.04940319804038,42.36529854829982
"17 UNION WHARF, Boston, MA",SAM,-71.0494380787452,42.36518689274064
"18 UNION WHARF, Boston, MA",SAM,-71.04941273985789,42.365300175587066
"19 UNION WHARF, Boston, MA",SAM,-71.0494476205627,42.36518852002789
"20 UNION WHARF, Boston, MA",SAM,-71.04942228167535,42.36530180287431
"21 UNION WHARF, Boston, MA",SAM,-71.04945716238021,42.36519014731513
"22 UNION WHARF, Boston, MA",SAM,-71.04943182349285,42.36530343016159
"23 UNION WHARF, Boston, MA",SAM,-71.0494667041977,42.365191774602394
"24 UNION WHARF, Boston, MA",SAM,-71.04944136531036,42.36530505744883
"25 UNION WHARF, Boston, MA",SAM,-71.0494762460152,42.36519340188965
"26 UNION WHARF, Boston, MA",SAM,-71.04945090712783,42.36530668473609
"27 UNION WHARF, Boston, MA",SAM,-71.0494857878327,42.36519502917691
"4 UPHAM AVENUE, Boston, MA",SAM,-71.06585374790288,42.315427261992504
"27 UPHAM AVENUE, Boston, MA",SAM,-71.06473858725337,42.315295127602624
"3 UPTON STREET, Boston, MA",SAM,-71.140685593518,42.25050714474172
"5 UPTON STREET, Boston, MA",SAM,-71.14069434674242,42.25051393295808
"1520 VFW PARKWAY, Boston, MA",SAM,-71.17163870391762,42.26874268472249
"1665 VFW PARKWAY, Boston, MA",SAM,,
"21 VALLARO ROAD, Boston, MA",SAM,-71.14131747139714,42.240642727677766
"90 VAN NESS STREET, Boston, MA",SAM,-71.0994064802688,42.345038434120745
"1 VAUGHAN AVENUE, Boston, MA",SAM,-71.07726866091348,42.30547849247649
"48 VERNON STREET, Boston, MA",SAM,-71.14124746826963,42.250707083859346
"23 VERSHIRE STREET, Boston, MA",SAM,-71.14623501523081,42.27206075036166
"1 VICTORIA HEIGHTS ROAD, Boston, MA",SAM,-71.11297119735488,42.27006019275881
"2 VICTORIA HEIGHTS ROAD, Boston, MA",SAM,-71.11297119735488,42.27006019275881
"3 VICTORIA HEIGHTS ROAD, Boston, MA",SAM,-71.1133915614973,42.26992567623063
"4 VICTORIA HEIGHTS ROAD, Boston, MA",SAM,-71.1133915614973,42.26992567623063
"5 VICTORIA HEIGHTS ROAD, Boston, MA",SAM,-71.11345155045484,42.26993005802855
"7 VICTORIA HEIGHTS ROAD, Boston, MA",SAM,-71.11382322498103,42.2701656040535
"8 VICTORIA HEIGHTS ROAD, Boston, MA",SAM,-71.11382322498103,42.2701656040535
"9 VICTORIA HEIGHTS ROAD, Boston, MA",SAM,-71.11396916614041,42.270446295793384
"10 VICTORIA HEIGHTS ROAD, Boston, MA",SAM,-71.11396916614041,42.270446295793384
"11 VICTORIA HEIGHTS ROAD, Boston, MA",SAM,-71.11365230632913,42.27057849075127
"23 VICTORIA HEIGHTS ROAD, Boston, MA",SAM,-71.11276567182314,42.270004377764344
"24 VICTORIA HEIGHTS ROAD, Boston, MA",SAM,-71.11275288390286,42.27000905627191
"25 VICTORIA HEIGHTS ROAD, Boston, MA",SAM,-71.11275288390286,42.27000905627191
"27 VICTORIA HEIGHTS ROAD, Boston, MA",SAM,-71.11274009598259,42.27001373477946
"28 VICTORIA HEIGHTS ROAD, Boston, MA",SAM,-71.1127273080623,42.27001841328702
"29 VICTORIA HEIGHTS ROAD, Boston, MA",SAM,-71.1127273080623,42.27001841328702
"30 VICTORIA HEIGHTS ROAD, Boston, MA",SAM,-71.112714520142,42.270023091794585
"31 VICTORIA HEIGHTS ROAD, Boston, MA",SAM,-71.112714520142,42.270023091794585
"32 VICTORIA HEIGHTS ROAD, Boston, MA",SAM,-71.11270173222172,42.27002777030213
"33 VICTORIA HEIGHTS ROAD, Boston, MA",SAM,-71.11270173222172,42.27002777030213
"34 VICTORIA HEIGHTS ROAD, Boston, MA",SAM,-71.11268894430144,42.270032448809694
"35 VICTORIA HEIGHTS ROAD, Boston, MA",SAM,-71.11268894430144,42.270032448809694
"36 VICTORIA HEIGHTS ROAD, Boston, MA",SAM,-71.11267615638116,42.27003712731725
"37 VICTORIA HEIGHTS ROAD, Boston, MA",SAM,-71.11267615638116,42.27003712731725
"38 VICTORIA HEIGHTS ROAD, Boston, MA",SAM,-71.11266336846087,42.2700418058248
"39 VICTORIA HEIGHTS ROAD, Boston, MA",SAM,-71.11266336846087,42.2700418058248
"40 VICTORIA HEIGHTS ROAD, Boston, MA",SAM,-71.11265058054059,42.27004648433237
"41 VICTORIA HEIGHTS ROAD, Boston, MA",SAM,-71.11265058054059,42.27004648433237
"42 VICTORIA HEIGHTS ROAD, Boston, MA",SAM,-71.11263779262032,42.27005116283991
"43 VICTORIA HEIGHTS ROAD, Boston, MA",SAM,-71.11263779262032,42.27005116283991
"44 VICTORIA HEIGHTS ROAD, Boston, MA",SAM,-71.11262500470004,42.27005584134748
"45 VICTORIA HEIGHTS ROAD, Boston, MA",SAM,-71.11262500470004,42.27005584134748
"46 VICTORIA HEIGHTS ROAD, Boston, MA",SAM,-71.11261221677975,42.27006051985503
"47 VICTORIA HEIGHTS ROAD, Boston, MA",SAM,-71.11261221677975,42.27006051985503
"48 VICTORIA HEIGHTS ROAD, Boston, MA",SAM,-71.11259942885948,42.27006519836258
"49 VICTORIA HEIGHTS ROAD, Boston, MA",SAM,-71.11259942885948,42.27006519836258
"50 VICTORIA HEIGHTS ROAD, Boston, MA",SAM,-71.11258664093917,42.270069876870146
"11 VICTORY ROAD, Boston, MA",SAM,-71.05577642811471,42.29574369043221
"15 VICTORY ROAD, Boston, MA",SAM,-71.05561564499249,42.29575688289013
"220 VICTORY ROAD, Boston, MA",SAM,-71.0465532854237,42.29911854945369
"17 VINELAND STREET, Boston, MA",SAM,-71.14932242115462,42.35726596363109
"10 VINING STREET, Boston, MA",SAM,-71.10790992367818,42.33534600750262
"3 VINSON STREET, Boston, MA",SAM,-71.0640177779198,42.29885418887214
"2 VIOLANTE STREET, Boston, MA",SAM,-71.09719680348104,42.26654792454968
"1 VISTA STREET, Boston, MA",SAM,-71.1310657731789,42.279183442726705
"1 WABENO STREET, Boston, MA",SAM,-71.08669026865034,42.31544176227657
"26 WABENO STREET, Boston, MA",SAM,-71.0868442072988,42.31463884974368
"140 WACHUSETT STREET, Boston, MA",SAM,-71.11642340826188,42.29386799374306
"3 WADE STREET, Boston, MA",SAM,-71.16000098454549,42.33948625197302
"6 WADLEIGH PLACE, Boston, MA",SAM,-71.058346481567,42.33046704684475
"1 WALDECK STREET, Boston, MA",SAM,-71.06668697250147,42.29473427769192
"59 WALDECK STREET, Boston, MA",SAM,-71.06681227550256,42.2971084745967
"85 WALDEMAR AVENUE, Boston, MA",SAM,-71.00276774592703,42.392181508185395
"3 WALDEN STREET, Boston, MA",SAM,-71.10465489517482,42.32593293447173
"43 WALDEN STREET, Boston, MA",SAM,-71.10421371734377,42.32443639624715
"47 WALDEN STREET, Boston, MA",SAM,-71.10420078574104,42.324399217877534
"321 WALK HILL STREET, Boston, MA",SAM,-71.10645842766515,42.28743669597404
"337 WALK HILL STREET, Boston, MA",SAM,-71.10595071770305,42.2870614385599
"40 WALK HILL STREET, Boston, MA",SAM,-71.11571604633889,42.29513608305181
"171 WALK HILL STREET, Boston, MA",SAM,-71.11187059485624,42.291531098422446
"53 WALKER STREET, Boston, MA",SAM,-71.06624416386589,42.37974754549926
"66 WALL STREET, Boston, MA",SAM,-71.05221336372529,42.35772660708849
"6 WALLACE PARK, Boston, MA",SAM,-71.11383228173821,42.289153414975516
"25 WALLEY STREET, Boston, MA",SAM,-70.99894327364545,42.38937390329853
"62 WOODWORTH STREET, Boston, MA",SAM,-71.04146388786546,42.287627441050844
"449 WALNUT AVENUE, Boston, MA",SAM,-71.09745438462507,42.31197214764919
"5 WALNUT AVENUE, Boston, MA",SAM,-71.08423388296619,42.32347469680035
"7 WALNUT AVENUE, Boston, MA",SAM,-71.08424904360292,42.32345737035759
"9 WALNUT AVENUE, Boston, MA",SAM,-71.08426420423969,42.323440043914836
"39 WALNUT AVENUE, Boston, MA",SAM,-71.08445999965114,42.32315953873838
"120 WALNUT AVENUE, Boston, MA",SAM,-71.08563385802586,42.32124310348219
"330 WALNUT AVENUE, Boston, MA",SAM,-71.09366524803401,42.31482485809543
"53 WALTER STREET, Boston, MA",SAM,-71.11863499858791,42.25665975525505
"67 WALTER STREET, Boston, MA",SAM,-71.11847416329005,42.25658221418821
"77 WALTER STREET, Boston, MA",SAM,-71.11835924246883,42.25653049980653
"24 WALTON STREET, Boston, MA",SAM,-71.07001038873527,42.2873468656199
"142 WALWORTH STREET, Boston, MA",SAM,-71.13720996073725,42.281451584789274
"191 WALWORTH STREET, Boston, MA",SAM,-71.1371879552939,42.27945688196148
"28 WARD STREET, Boston, MA",SAM,-71.0544469643563,42.32959260302123
"22 WARNER STREET, Boston, MA",SAM,-71.07995833530248,42.29527462862508
"48 WARREN STREET, Boston, MA",SAM,-71.145281827602,42.349937463217266
"50 WARREN STREET, Boston, MA",SAM,-71.14523515790731,42.349930633503355
"55 WARREN STREET, Boston, MA",SAM,-71.14515098278146,42.349801499032175
"86 WARREN STREET, Boston, MA",SAM,-71.14439510340257,42.34980769865282
"87 WARREN STREET, Boston, MA",SAM,-71.14441950675014,42.34969445372015
"109 WARREN STREET, Boston, MA",SAM,-71.14131047748076,42.3490812480707
"124 WARREN STREET, Boston, MA",SAM,-71.14112313591961,42.34913116635435
"160 WARREN STREET, Boston, MA",SAM,-71.14076012003923,42.34895737597365
"246 WARREN STREET, Boston, MA",SAM,-71.08205470629375,42.32235247468379
"290 WARREN STREET, Boston, MA",SAM,-71.08172814913236,42.32136002159269
"372 WARREN STREET, Boston, MA",SAM,-71.0817983092462,42.31809001680409
"376 WARREN STREET, Boston, MA",SAM,-71.08180832016102,42.31807068538218
"382 WARREN STREET, Boston, MA",SAM,-71.08194455919768,42.317808295511604
"404 WARREN STREET, Boston, MA",SAM,-71.08217642759666,42.317410337976796
"471 WARREN STREET, Boston, MA",SAM,-71.08290935407311,42.31669255097635
"638 WARREN STREET, Boston, MA",SAM,-71.08313908361727,42.31047738324099
"138 WARREN AVENUE, Boston, MA",SAM,-71.11267573948736,42.24858588132576
"7 WARREN SQUARE, Boston, MA",SAM,-71.11197562242613,42.3131932345654
"94 WARRENTON STREET, Boston, MA",SAM,-71.06606257901477,42.35040971856454
"104 WARRENTON STREET, Boston, MA",SAM,-71.06606714673721,42.35047138287446
"43 WASHINGTON STREET, Boston, MA",SAM,-71.14207118706229,42.34334041018551
"85 WASHINGTON STREET, Boston, MA",SAM,-71.14400246661666,42.344406613114124
"250 WASHINGTON STREET, Boston, MA",SAM,-71.14941476705866,42.34770511048542
"276 WATER STREET, Boston, MA",SAM,-71.67645085020123,42.41982459932085
"310 WASHINGTON STREET, Boston, MA",SAM,-71.15146463451707,42.348962518278356
"314 WASHINGTON STREET, Boston, MA",SAM,-71.15157547156811,42.348967019279534
"330 WASHINGTON STREET, Boston, MA",SAM,-71.1520238984929,42.34898646954294
"391 WASHINGTON STREET, Boston, MA",SAM,-71.15494873539973,42.3491845048204
"501 WASHINGTON STREET, Boston, MA",SAM,-71.1610771936744,42.349012727058955
"537 WASHINGTON STREET, Boston, MA",SAM,-71.16343756177837,42.349231584964265
"628 WASHINGTON STREET, Boston, MA",SAM,-71.07141424254544,42.28982687801264
"769 WASHINGTON STREET, Boston, MA",SAM,-71.17371049012634,42.35335012953278
"1337 WASHINGTON STREET, Boston, MA",SAM,-71.06863654292012,42.34178266501968
"1562 WASHINGTON STREET, Boston, MA",SAM,-71.07218819673052,42.33974730579429
"1876 WASHINGTON STREET, Boston, MA",SAM,-71.07861580202726,42.33515238832347
"1917 WASHINGTON STREET, Boston, MA",SAM,-71.07945378542756,42.33464507152115
"2164 WASHINGTON STREET, Boston, MA",SAM,-71.08270623514778,42.33098755839446
"1553 WASHINGTON STREET, Boston, MA",SAM,-71.07225958882981,42.339853465959614
"1641 WASHINGTON STREET, Boston, MA",SAM,-71.07531724459722,42.337792632479164
"1673 WASHINGTON STREET, Boston, MA",SAM,-71.07550819243426,42.33766278794326
"1747 WASHINGTON STREET, Boston, MA",SAM,-71.07682291728001,42.33670216715517
"2308 WASHINGTON STREET, Boston, MA",SAM,-71.08409955458353,42.33019390189146
"2566 WASHINGTON STREET, Boston, MA",SAM,-71.0873997671319,42.3266684980185
"2801 WASHINGTON STREET, Boston, MA",SAM,-71.09219794428255,42.321575685444586
"2919 WASHINGTON STREET, Boston, MA",SAM,-71.09501307605747,42.31921846315654
"3112 WASHINGTON STREET, Boston, MA",SAM,-71.09913654826327,42.31486417459912
"3116 WASHINGTON STREET, Boston, MA",SAM,-71.09919584874137,42.31480322688262
"3171 WASHINGTON STREET, Boston, MA",SAM,-71.10072698397501,42.313436249465205
"3283 WASHINGTON STREET, Boston, MA",SAM,-71.10296531737927,42.31115849580652
"3293 WASHINGTON STREET, Boston, MA",SAM,-71.10304097576005,42.311080228512395
"3351 WASHINGTON STREET, Boston, MA",SAM,-71.10468755526324,42.30940014789898
"3420 WASHINGTON STREET, Boston, MA",SAM,-71.10642791509817,42.307441215019935
"3446 WASHINGTON STREET, Boston, MA",SAM,-71.10664072221898,42.30722832132983
"3506 WASHINGTON STREET, Boston, MA",SAM,-71.10779058088816,42.306063702701444
"3524 WASHINGTON STREET, Boston, MA",SAM,-71.10823078894052,42.30561941862739
"3696 WASHINGTON STREET, Boston, MA",SAM,-71.11306192194839,42.300541816203385
"2500 WASHINGTON STREET, Boston, MA",SAM,-71.08689458062025,42.32781772645173
"95 WASHINGTON STREET, Boston, MA",SAM,-71.14431267017011,42.34457023700407
"221 WASHINGTON STREET, Boston, MA",SAM,-71.14690037577746,42.34647691605964
"347 WASHINGTON STREET, Boston, MA",SAM,-71.15284052506584,42.349159510749
"464 WASHINGTON STREET, Boston, MA",SAM,-71.15889226673899,42.34888646546297
"507 WASHINGTON STREET, Boston, MA",SAM,-71.1614971270688,42.349021197444216
"546 WASHINGTON STREET, Boston, MA",SAM,-71.16408390132797,42.34947024324018
"690 WASHINGTON STREET, Boston, MA",SAM,-71.17172761828333,42.35220162917082
"706 WASHINGTON STREET, Boston, MA",SAM,-71.17195134959422,42.35231288010843
"708 WASHINGTON STREET, Boston, MA",SAM,-71.17196513147165,42.35231966281408
"720 WASHINGTON STREET, Boston, MA",SAM,-71.17204782273626,42.35236035904798
"755 WASHINGTON STREET, Boston, MA",SAM,-71.17365599304614,42.35332181935475
"768 WASHINGTON STREET, Boston, MA",SAM,-71.17237858779463,42.35252314398361
"1040 WASHINGTON STREET, Boston, MA",SAM,-71.06460985987238,42.346225806291564
"1048 WASHINGTON STREET, Boston, MA",SAM,-71.06462759577104,42.346162573962104
"1172 WASHINGTON STREET, Boston, MA",SAM,-71.06626439696673,42.34339295636766
"14 WASHINGTON STREET, Boston, MA",SAM,-71.14102559206107,42.34261557038969
"4282 WASHINGTON STREET, Boston, MA",SAM,-71.12970369006476,42.28490790712972
"4400 WASHINGTON STREET, Boston, MA",SAM,-71.13329184557519,42.281548249511616
"4406 WASHINGTON STREET, Boston, MA",SAM,-71.13352536539954,42.281334847295476
"4430 WASHINGTON STREET, Boston, MA",SAM,-71.13402758773172,42.28086660991004
"4452 WASHINGTON STREET, Boston, MA",SAM,-71.1355517360805,42.27945326364813
"3875 WASHINGTON STREET, Boston, MA",SAM,-71.11844477837677,42.2956437618999
"3882 WASHINGTON STREET, Boston, MA",SAM,-71.11821194891724,42.29567813407603
"3927 WASHINGTON STREET, Boston, MA",SAM,-71.1196526868512,42.294499925268866
"4078 WASHINGTON STREET, Boston, MA",SAM,-71.12377928706026,42.290443951657636
"4166 WASHINGTON STREET, Boston, MA",SAM,-71.12635382805621,42.28801579502903
"4174 WASHINGTON STREET, Boston, MA",SAM,-71.12656981506625,42.28781131724182
"4238 WASHINGTON STREET, Boston, MA",SAM,-71.12866418401806,42.28586315776343
"4240 WASHINGTON STREET, Boston, MA",SAM,-71.12870277282107,42.28582690767394
"4197 WASHINGTON STREET, Boston, MA",SAM,-71.12703796325937,42.2875573544321
"4327 WASHINGTON STREET, Boston, MA",SAM,-71.1311092970417,42.283774252525156
"4395 WASHINGTON STREET, Boston, MA",SAM,-71.13324746161445,42.281770139774146
"4621 WASHINGTON STREET, Boston, MA",SAM,-71.13950248112577,42.276256528056024
"4623 WASHINGTON STREET, Boston, MA",SAM,-71.13962888400474,42.27615020787206
"4750 WASHINGTON STREET, Boston, MA",SAM,-71.1421520499288,42.27396535712375
"4897 WASHINGTON STREET, Boston, MA",SAM,-71.14848632664103,42.269267371296294
"4917 WASHINGTON STREET, Boston, MA",SAM,-71.14874840820853,42.269047557492804
"5027 WASHINGTON STREET, Boston, MA",SAM,-71.15231229450035,42.26588774950822
"5168 WASHINGTON STREET, Boston, MA",SAM,-71.15577035235982,42.26237213946464
"5178 WASHINGTON STREET, Boston, MA",SAM,-71.15609620331728,42.26205031134312
"5180 WASHINGTON STREET, Boston, MA",SAM,-71.15616137350877,42.26198594571881
"5196 WASHINGTON STREET, Boston, MA",SAM,-71.156684124407,42.26147151240798
"5277 WASHINGTON STREET, Boston, MA",SAM,-71.1597522571058,42.259228439581655
"265 WASHINGTON STREET, Boston, MA",SAM,-71.1473129292013,42.346647349715155
"634 WASHINGTON STREET, Boston, MA",SAM,-71.16853586955789,42.35065716589469
"582 WASHINGTON STREET, Boston, MA",SAM,-71.16535908163931,42.35019736906917
"677 WASHINGTON STREET, Boston, MA",SAM,-71.17088512736673,42.35191103430851
"1 WASHINGTON MALL, Boston, MA",SAM,-71.13999051336401,42.342218777812164
"99 WATER STREET, Boston, MA",SAM,-71.04071390262301,42.28871276567535
"25 WATER STREET, Boston, MA",SAM,-71.03999667275313,42.288669297169406
"5 WATERLOO STREET, Boston, MA",SAM,-71.07663711190992,42.29797694038863
"17 WATERLOW STREET, Boston, MA",SAM,-71.07722385599891,42.29770810954435
"17 WAVERLY STREET, Boston, MA",SAM,-71.14507519972466,42.360766392122976
"50 WAVERLY STREET, Boston, MA",SAM,-71.14224051844411,42.36074729781909
"54 WAVERLY STREET, Boston, MA",SAM,-71.14184050042361,42.36072824932642
"76 WAYLAND STREET, Boston, MA",SAM,-71.0755103672529,42.31384313558345
"80 WAYLAND STREET, Boston, MA",SAM,-71.07568419801576,42.31387494118869
"86 WAYLAND STREET, Boston, MA",SAM,-71.0759074120404,42.31394979141945
"88 WAYLAND STREET, Boston, MA",SAM,-71.07598181671527,42.31397474149637
"93 WAYLAND STREET, Boston, MA",SAM,-71.07502989746968,42.31375294912477
"12 WEAVER COURT, Boston, MA",SAM,-71.09674702188971,42.321377334674125
"2 WEBLEY STREET, Boston, MA",SAM,-71.13713524301728,42.35248998988808
"6 WEBLEY STREET, Boston, MA",SAM,-71.13712822195208,42.35246689837696
"53 WEBSTER STREET, Boston, MA",SAM,-71.12165877204298,42.25846883997083
"99 WEBSTER STREET, Boston, MA",SAM,-71.12232501794297,42.258764061054656
"100 WEBSTER STREET, Boston, MA",SAM,-71.0370119470859,42.36678874919047
"102 WEBSTER STREET, Boston, MA",SAM,-71.0369538825568,42.36676309542796
"111 WEBSTER STREET, Boston, MA",SAM,-71.03665518213826,42.366497609256726
"122 WEBSTER STREET, Boston, MA",SAM,-71.0363732372659,42.36650655780295
"266 WEBSTER STREET, Boston, MA",SAM,-71.03140644707959,42.36479715697037
"45 WEBSTER STREET, Boston, MA",SAM,-71.12154112271566,42.25841854847729
"22 WEITZ STREET, Boston, MA",SAM,-71.13077134561104,42.36084721867752
"135 WELD STREET, Boston, MA",SAM,-71.13741111402696,42.29416220090819
"85 WELLES AVENUE, Boston, MA",SAM,-71.0670564020786,42.28899197300652
"170 WELLES AVENUE, Boston, MA",SAM,-71.06412092488178,42.28988799714421
"5 WELLESLEY PARK, Boston, MA",SAM,-71.06574423739677,42.297133769221055
"5 WELLINGTON COURT, Boston, MA",SAM,-71.0837446464437,42.31376887482063
"6 WELLINGTON PLACE, Boston, MA",SAM,-71.06815109265368,42.38268771325908
"3 WENHAM STREET, Boston, MA",SAM,-71.11567727202126,42.29547703318468
"1 WENLOCK ROAD, Boston, MA",SAM,,
"15 WENLOCK ROAD, Boston, MA",SAM,-71.04859429713743,42.28502322917729
"21 WENLOCK ROAD, Boston, MA",SAM,-71.04856937560277,42.284925641657914
"3 WENSLEY STREET, Boston, MA",SAM,-71.10019728369711,42.32652651004411
"34 WEST STREET, Boston, MA",SAM,-71.11738620697305,42.25823135835905
"39 WEST STREET, Boston, MA",SAM,-71.11765175414818,42.25853800441239
"95 WEST STREET, Boston, MA",SAM,-71.11955063022089,42.26010921024157
"132 BROADWAY NAN, Boston, MA",SAM,-71.05427349497191,42.34109030606757
"141 BROADWAY NAN, Boston, MA",SAM,-71.05391749433267,42.34070770459264
"150 BROADWAY NAN, Boston, MA",SAM,-71.05333285482563,42.3404894409015
"220 BROADWAY NAN, Boston, MA",SAM,-71.05247333242428,42.33993714716954
"290 BROADWAY NAN, Boston, MA",SAM,-71.05097861026309,42.338966128222545
"301 BROADWAY NAN, Boston, MA",SAM,-71.05083355079573,42.33871851080589
"346 BROADWAY NAN, Boston, MA",SAM,-71.04973332537847,42.33816140512586
"350 BROADWAY NAN, Boston, MA",SAM,-71.04964725558779,42.338105433655635
"373 BROADWAY NAN, Boston, MA",SAM,-71.04928598554487,42.33771948882421
"376 BROADWAY NAN, Boston, MA",SAM,-71.04893749048694,42.33764675196736
"439 BROADWAY NAN, Boston, MA",SAM,-71.04712725860873,42.33632458377377
"151 BROOKLINE STREET, Boston, MA",SAM,-71.07549375393621,42.34221794474235
"206 BROOKLINE STREET, Boston, MA",SAM,-71.07669339565778,42.34329066935215
"136 BROOKLINE STREET, Boston, MA",SAM,-71.07549888050269,42.342040591568725
"135 CANTON STREET, Boston, MA",SAM,-71.06890946617108,42.33755075113419
"198 CANTON STREET, Boston, MA",SAM,-71.07025728726686,42.33878152569203
"95 CONCORD STREET, Boston, MA",SAM,-71.06060949856582,42.37819920985858
"105 CONCORD STREET, Boston, MA",SAM,-71.0763244391052,42.33910818994249
"6 COTTAGE STREET, Boston, MA",SAM,-71.05334201628084,42.3337401086605
"68 COTTAGE STREET, Boston, MA",SAM,-71.05379079572614,42.33344092234816
"13 DEDHAM STREET, Boston, MA",SAM,-71.13325403646485,42.25398835154995
"69 DEDHAM STREET, Boston, MA",SAM,-71.13360791076819,42.25364430379154
"86 EAGLE STREET, Boston, MA",SAM,-71.15175498172196,42.27123801094967
"106 EIGHTH STREET, Boston, MA",SAM,-71.05438500084223,42.335462044923354
"103 EIGHTH STREET, Boston, MA",SAM,-71.05272517863399,42.37467642932826
"179 EIGHTH STREET, Boston, MA",SAM,-71.05212430744838,42.37415712816354
"11 FIFTH STREET, Boston, MA",SAM,-71.05537367395365,42.374497188834866
"193 FIFTH STREET, Boston, MA",SAM,-71.05627557022397,42.37525349366871
"208 FIFTH STREET, Boston, MA",SAM,-71.05073652870426,42.336491586783225
"257 FIFTH STREET, Boston, MA",SAM,-71.04925457585867,42.33537730826005
"258 FIRST STREET, Boston, MA",SAM,-71.04773751746889,42.34020155938465
"401 FIRST STREET, Boston, MA",SAM,-71.04438114268713,42.33789932805942
"105 FOURTH STREET, Boston, MA",SAM,-71.0565429787496,42.34117162998254
"306 FOURTH STREET, Boston, MA",SAM,-71.05139391066031,42.33797516555439
"309 FOURTH STREET, Boston, MA",SAM,-71.05147018047401,42.337872321154
"448 FOURTH STREET, Boston, MA",SAM,-71.04638298197663,42.33474561050046
"450 FOURTH STREET, Boston, MA",SAM,-71.04637165525405,42.334736897634976
"409 FOURTH STREET, Boston, MA",SAM,-71.04672002960594,42.33483949926653
"33 BOSTON STREET, Boston, MA",SAM,-71.05912802517908,42.32708771217093
"32 MILTON STREET, Boston, MA",SAM,-71.1327449942179,42.23933407945491
"47 MILTON STREET, Boston, MA",SAM,-71.13291997058683,42.239510921646
"107 NEWTON STREET, Boston, MA",SAM,-71.16686539268372,42.356845635056956
"113 NEWTON STREET, Boston, MA",SAM,-71.16701391263739,42.35678956058819
"174 NEWTON STREET, Boston, MA",SAM,-71.17043660090725,42.35602489386667
"175 NEWTON STREET, Boston, MA",SAM,-71.16830174618542,42.35606569822598
"185 NEWTON STREET, Boston, MA",SAM,-71.16852821908944,42.3559999793669
"255 NEWTON STREET, Boston, MA",SAM,-71.17021293322847,42.356136942743994
"140 NINTH STREET, Boston, MA",SAM,-71.05163491730075,42.37532982911457
"425 WEST ROXBURY PARKWAY, Boston, MA",SAM,-71.14699583539878,42.29160954568095
"80 RUTLAND SQUARE, Boston, MA",SAM,-71.07901679635421,42.34245682951404
"75 SCHOOL STREET, Boston, MA",SAM,-71.1432118498278,42.36028485309742
"78 SECOND STREET, Boston, MA",SAM,-71.17279970945658,42.26860895659763
"158 SECOND STREET, Boston, MA",SAM,-71.05164946974334,42.341746697531946
"373 SECOND STREET, Boston, MA",SAM,-71.04580342517325,42.33780851456107
"401 SECOND STREET, Boston, MA",SAM,-71.04328893838738,42.33718906204742
"403 SECOND STREET, Boston, MA",SAM,-71.04327063582907,42.337178812612436
"415 SECOND STREET, Boston, MA",SAM,-71.04309679640903,42.337146805983906
"421 SECOND STREET, Boston, MA",SAM,-71.04302794531615,42.33714520479327
"422 SECOND STREET, Boston, MA",SAM,-71.04521670019344,42.337582392555426
"423 SECOND STREET, Boston, MA",SAM,-71.04300499495184,42.33714467106307
"444 SECOND STREET, Boston, MA",SAM,-71.0448531202754,42.33735362311726
"448 SECOND STREET, Boston, MA",SAM,-71.04478701483575,42.337312028673956
"7 SELDEN STREET, Boston, MA",SAM,-71.07638219749438,42.281788343778636
"101 SELDEN STREET, Boston, MA",SAM,-71.08169225997868,42.280659731266994
"4 SEVENTH STREET, Boston, MA",SAM,-71.0567097493908,42.33815261375868
"12 SEVENTH STREET, Boston, MA",SAM,-71.0562191371403,42.337835637256816
"40 SEVENTH STREET, Boston, MA",SAM,-71.05556098438,42.33741461993195
"52 SEVENTH STREET, Boston, MA",SAM,-71.05526339334655,42.33722776616655
"64 SEVENTH STREET, Boston, MA",SAM,-71.05473639281888,42.33686992622172
"66 SEVENTH STREET, Boston, MA",SAM,-71.05464855939759,42.33681028623094
"76 SEVENTH STREET, Boston, MA",SAM,-71.05436534167725,42.33662368215021
"88 SEVENTH STREET, Boston, MA",SAM,-71.05410966771524,42.33646047730092
"19 SIXTH STREET, Boston, MA",SAM,-71.05473590929265,42.375006079733026
"178 SIXTH STREET, Boston, MA",SAM,-71.0552495758191,42.375293674828775
"158 SPRINGFIELD STREET, Boston, MA",SAM,-71.07903000879303,42.33912682664232
"176 SPRINGFIELD STREET, Boston, MA",SAM,-71.07974569941494,42.339763258841934
"186 SPRINGFIELD STREET, Boston, MA",SAM,-71.07987997866708,42.33989047079387
"1 THIRD STREET, Boston, MA",SAM,-71.05522805658823,42.3429848422654
"21 THIRD STREET, Boston, MA",SAM,-71.05469947514591,42.342585573907165
"121 THIRD STREET, Boston, MA",SAM,-71.05217657172786,42.34096175742319
"132 THIRD STREET, Boston, MA",SAM,-71.05586607004649,42.372524069155745
"287 THIRD STREET, Boston, MA",SAM,-71.05602234147,42.37246101969392
"293 THIRD STREET, Boston, MA",SAM,-71.05565879846138,42.372293523399385
"297 THIRD STREET, Boston, MA",SAM,-71.05541643645563,42.372181859202996
"299 THIRD STREET, Boston, MA",SAM,-71.05529525545278,42.372126027104805
"305 THIRD STREET, Boston, MA",SAM,-71.04672257716174,42.33743730868192
"346 THIRD STREET, Boston, MA",SAM,-71.04552042054078,42.33681970058883
"98 WALNUT PARK, Boston, MA",SAM,-71.09409419406136,42.31422015952062
"99 WALNUT PARK, Boston, MA",SAM,-71.09419570011883,42.31413357333915
"269 WESTERN AVENUE, Boston, MA",SAM,-71.13350534120221,42.36345362406104
"300 WESTERN AVENUE, Boston, MA",SAM,-71.13461970677176,42.3632206604404
"380 WESTERN AVENUE, Boston, MA",SAM,-71.13756197869263,42.36282956976478
"500 WESTERN AVENUE, Boston, MA",SAM,-71.14353747021715,42.36185005387817
"27 WESTFORD STREET, Boston, MA",SAM,-71.13421395897578,42.36229794704725
"28 WESTFORD STREET, Boston, MA",SAM,-71.133862290466,42.362357674159355
"35 WESTLAND AVENUE, Boston, MA",SAM,-71.08736791477473,42.34357939504194
"30 WESTMINSTER AVENUE, Boston, MA",SAM,-71.09469471906023,42.315884198045225
"1 WESTMINSTER TERRACE, Boston, MA",SAM,-71.15342629945087,42.34686205798501
"78 WESTMORE ROAD, Boston, MA",SAM,-71.09793073154253,42.28281516817889
"190 WESTVIEW STREET, Boston, MA",SAM,-71.08582499340731,42.290673279442636
"210 WESTVIEW STREET, Boston, MA",SAM,-71.08641593240448,42.29068892091116
"230 WESTVIEW STREET, Boston, MA",SAM,-71.08703598962595,42.2907388236574
"27 WESTWOOD STREET, Boston, MA",SAM,-71.0731835938761,42.307973297709104
"20 WEYMOUTH AVENUE, Boston, MA",SAM,-71.15219926441897,42.26636325069867
"11 WHITCOMB AVENUE, Boston, MA",SAM,-71.1292446444919,42.3032553475458
"53 WHITE STREET, Boston, MA",SAM,-71.03602286473769,42.380492287188325
"76 WHITE STREET, Boston, MA",SAM,-71.03645307644565,42.38060987965423
"78 WHITE STREET, Boston, MA",SAM,-71.0363608197179,42.38060929015133
"57 WHITFIELD STREET, Boston, MA",SAM,-71.07428998227061,42.29143227194299
"114 WHITFIELD STREET, Boston, MA",SAM,-71.075184808927,42.29341826239804
"154 WHITFIELD STREET, Boston, MA",SAM,-71.0754605241137,42.29418294225064
"66 WHITING STREET, Boston, MA",SAM,-71.0798782446254,42.324828376946755
"3 WHITMAN STREET, Boston, MA",SAM,-71.07750404997915,42.28798030375187
"2 WHITTEN STREET, Boston, MA",SAM,-71.06226595575164,42.292785635223154
"5 WHITTIER PLACE, Boston, MA",SAM,-71.06693372061167,42.36566983366297
"1 WIGET STREET, Boston, MA",SAM,-71.055725233149,42.36393151695499
"4 WIGET STREET, Boston, MA",SAM,-71.05585954585388,42.36385146655362
"17 WIGET STREET, Boston, MA",SAM,-71.056222980121,42.3640785055582
"4 WIGGIN STREET, Boston, MA",SAM,-71.05422794563049,42.365661657229225
"55 WILDER STREET, Boston, MA",SAM,-71.62328196426562,42.442303580247376
"23 WILDWOOD STREET, Boston, MA",SAM,-71.08744720686788,42.28371277900592
"25 WILLET STREET, Boston, MA",SAM,-71.15143050415604,42.27045967614356
"19 WILLIS STREET, Boston, MA",SAM,-71.05993661902515,42.31804354326199
"6 WILLOW STREET, Boston, MA",SAM,-71.15235868920713,42.28762179179901
"10 WILLOW STREET, Boston, MA",SAM,-71.15240898311264,42.28769299442406
"1780 WILLOW STREET, Boston, MA",SAM,,
"1 WILLOW AVENUE, Boston, MA",SAM,-71.12098442684751,42.268164384841796
"4 WILLOW AVENUE, Boston, MA",SAM,-71.12101351711279,42.268050713009856
"5 WILTON STREET, Boston, MA",SAM,-71.12653999935783,42.249064372279726
"2 WILTSHIRE ROAD, Boston, MA",SAM,-71.1535682980982,42.34315765318599
"6 WILTSHIRE ROAD, Boston, MA",SAM,-71.15365024080633,42.34318886946341
"39 WILTSHIRE ROAD, Boston, MA",SAM,-71.15551399430665,42.34415578650265
"70 ROTTERDAM STREET, Boston, MA",SAM,,
"2 WINSHIP STREET, Boston, MA",SAM,-71.15059197861551,42.34889851653093
"42 WINSHIP STREET, Boston, MA",SAM,-71.15170669723572,42.34713837651702
"29 WINSLOW STREET, Boston, MA",SAM,-71.13141309889335,42.25387485287731
"6 WINSTON ROAD, Boston, MA",SAM,-71.08652766530419,42.28537943528638
"18 WINSTON ROAD, Boston, MA",SAM,-71.08690654785754,42.28530497282194
"1 WINTER STREET, Boston, MA",SAM,-71.12788384518988,42.248868991349894
"9 WINTER STREET, Boston, MA",SAM,-71.12794703324822,42.24878942119926
"6 WINTHROP STREET, Boston, MA",SAM,-71.1213445793846,42.2567850633441
"8 WINTHROP STREET, Boston, MA",SAM,-71.12140714910961,42.256778371396045
"46 WINTHROP STREET, Boston, MA",SAM,-71.12279754225462,42.256630312697745
"52 WINTHROP STREET, Boston, MA",SAM,-71.12291854835046,42.25661763083837
"140 WINTHROP STREET, Boston, MA",SAM,-71.07568896761585,42.323462997551005
"142 WINTHROP STREET, Boston, MA",SAM,-71.07561859274335,42.323426596746515
"145 WINTHROP STREET, Boston, MA",SAM,-71.07580634235882,42.32338385945396
"1 WINTHROP SQUARE, Boston, MA",SAM,-71.0575892121648,42.354973428126755
"23 WILLIAM C KELLY SQUARE, Boston, MA",SAM,,
"38 WILLIAM C KELLY SQUARE, Boston, MA",SAM,,
"162 WILLIAM F MCCLELLAN HIGHWAY, Boston, MA",SAM,-71.02023404833969,42.3852167373776
"160 WILLIAM T MORRISSEY BOULEVARD, Boston, MA",SAM,-71.04674217129619,42.313883296418766
"700 WILLIAM T MORRISSEY BOULEVARD, Boston, MA",SAM,-71.0490991289068,42.30054772556853
"705 WILLIAM T MORRISSEY BOULEVARD, Boston, MA",SAM,-71.04792421108924,42.29495072386457
"845 WILLIAM T MORRISSEY BOULEVARD, Boston, MA",SAM,-71.04800828662006,42.29475233460461
"1022 WILLIAM T MORRISSEY BOULEVARD, Boston, MA",SAM,-71.04490964089206,42.28976785264276
"7 WOLCOTT STREET, Boston, MA",SAM,-71.13117704513643,42.23829393051564
"4 WOLCOTT STREET, Boston, MA",SAM,-71.13118907607354,42.23842244510914
"1 WOLCOTT COURT, Boston, MA",SAM,-71.13194238084493,42.23730902528708
"171 WOLCOTT SQUARE, Boston, MA",SAM,-71.1325608725964,42.23746829067081
"9 WOLLASTON TERRACE, Boston, MA",SAM,-71.08331771258376,42.287191496759796
"95 WOOD AVENUE, Boston, MA",SAM,-71.1103532971534,42.27114872798508
"222 WOOD AVENUE, Boston, MA",SAM,-71.11087879330361,42.26628383204219
"224 WOOD AVENUE, Boston, MA",SAM,-71.11084859552226,42.26623498267774
"226 WOOD AVENUE, Boston, MA",SAM,-71.11081839774089,42.26618613331327
"228 WOOD AVENUE, Boston, MA",SAM,-71.11078819995954,42.266137283948794
"56 WOODBINE STREET, Boston, MA",SAM,-71.07939201126685,42.31893670469669
"36 WOODBRIER ROAD, Boston, MA",SAM,-71.16046123205875,42.27232268477575
"49 WOODCLIFF STREET, Boston, MA",SAM,-71.07620146743695,42.315755316822475
"8 WOODFIELD STREET, Boston, MA",SAM,-71.05205661643711,42.28425857614413
"24 WOODGLEN ROAD, Boston, MA",SAM,-71.12197255344672,42.244298439353884
"50 WOODLAWN STREET, Boston, MA",SAM,-71.11219856613974,42.29865905427525
"66 WOODLEY AVENUE, Boston, MA",SAM,-71.15017808905706,42.264012590681986
"33 WOODROW AVENUE, Boston, MA",SAM,-71.07947063796132,42.28820346959495
"111 WOODROW AVENUE, Boston, MA",SAM,-71.08314459243674,42.28742286826263
"164 WOODROW AVENUE, Boston, MA",SAM,-71.08617730104676,42.28663196284282
"5 WOODSIDE AVENUE, Boston, MA",SAM,-71.10388783185432,42.30991258844256
"22 WOODVILLE STREET, Boston, MA",SAM,-71.07574478506727,42.3212690317564
"1 WOODVILLE PARK, Boston, MA",SAM,-71.07569946631726,42.322037346572934
"92 WOOLSON STREET, Boston, MA",SAM,-71.08825065394325,42.280742663217396
"158 WORCESTER STREET, Boston, MA",SAM,-71.0799760982366,42.34116116448393
"29 WORCESTER STREET, Boston, MA",SAM,-71.07655737176731,42.338265132392976
"70 WORCESTER STREET, Boston, MA",SAM,-71.07797764831855,42.339321657271384
"100 WORCESTER STREET, Boston, MA",SAM,-71.079808165533,42.34099006319963
"11 WORCESTER SQUARE, Boston, MA",SAM,-71.07532295740047,42.337119128476154
"91 WORDSWORTH STREET, Boston, MA",SAM,-71.01584737865639,42.38449495986441
"102 WORDSWORTH STREET, Boston, MA",SAM,-71.0149528677329,42.38376518356736
"126 WORDSWORTH STREET, Boston, MA",SAM,-71.01473272728597,42.38344325767356
"54 WREN STREET, Boston, MA",SAM,-71.15129820968203,42.28104377309914
"27 YORK STREET, Boston, MA",SAM,-71.08106330793065,42.299423409955985
"28 YORK STREET, Boston, MA",SAM,-71.08109670357256,42.29953549446733
"133 ZEIGLER STREET, Boston, MA",SAM,-71.07979761568836,42.328948047215526
"775 TRUMAN PARKWAY, Boston, MA",SAM,,
"119 THORNTON STREET, Boston, MA",SAM,-71.09183637171236,42.32284744377616
"122 SAINT STEPHEN STREET, Boston, MA",SAM,-71.08865920816983,42.34127288170761
"110 SAINT THOMAS MORE ROAD, Boston, MA",SAM,-71.16585422385403,42.33904846826359
"6 SEYMOUR ROAD, Boston, MA",SAM,-71.12336978828625,42.28071478309054
"897 MASSACHUSETTS AVENUE, Boston, MA",SAM,-71.07095204363469,42.331483503869165
"51 MATTAPAN STREET, Boston, MA",SAM,-71.09552204178895,42.277910098675626
"40 MAGEE STREET, Boston, MA",SAM,-71.12660476089131,42.26491768983613
"11 JULIAN STREET, Boston, MA",SAM,-71.07698428957215,42.31925970262521
"5 JULIAN STREET, Boston, MA",SAM,-71.07707574183888,42.31925416006575
"28 INGLESIDE STREET, Boston, MA",SAM,-71.07753034116526,42.317442256037715
"15 HOWES STREET, Boston, MA",SAM,-71.0570699160413,42.31784526535941
"369 HARVARD STREET, Boston, MA",SAM,-71.0907573840642,42.29151418489149
"77 FAYWOOD AVENUE, Boston, MA",SAM,-71.00303250257747,42.39152098977394
"46 CROWLEY-ROGERS WAY, Boston, MA",SAM,-71.05331509649908,42.33923736955507
"26 DACY STREET, Boston, MA",SAM,-71.12680403746808,42.249197068830625
"18 DACY STREET, Boston, MA",SAM,-71.12678105563089,42.24918366275589
"16 CROWLEY-ROGERS WAY, Boston, MA",SAM,-71.05391806237873,42.339624029681104
"290 COREY STREET, Boston, MA",SAM,-71.16171003328982,42.29251398027601
"2 CONSTANCE ROAD, Boston, MA",SAM,-71.16522657199248,42.27602136674434
"591 COMMERCIAL STREET, Boston, MA",SAM,-71.05775679360856,42.36758415917521
"280 C STREET, Boston, MA",SAM,-71.05161352819911,42.34053245209293
"286 C STREET, Boston, MA",SAM,-71.0515580113761,42.340582417236185
"235 BUNKER HILL STREET, Boston, MA",SAM,-71.06345296671554,42.379417785426014
"1325 BLUE HILL AVENUE, Boston, MA",SAM,-71.09347327229098,42.27874366295721
"146 ALABAMA STREET, Boston, MA",SAM,-71.1028723106044,42.27518622873474
"419 WALNUT AVENUE, Boston, MA",SAM,-71.09613083116805,42.31264841953469
"120 BROADWAY NAN, Boston, MA",SAM,-71.05451279955693,42.34125814734743
"65 CHURCH STREET, Boston, MA",SAM,-71.13382638002395,42.249761876900685
"84 OLD HARBOR STREET, Boston, MA",SAM,-71.04734165305375,42.331937500195835
"1401 CENTRE STREET, Boston, MA",SAM,-71.13587644823177,42.29463326353348
"22 DACY STREET, Boston, MA",SAM,-71.12679254654948,42.249190365793275
"18 NOTRE DAME STREET, Boston, MA",SAM,-71.09610742722728,42.31899069677931
"3290 WASHINGTON STREET, Boston, MA",SAM,-71.1031685141855,42.31074379833105
"121 WRENTHAM STREET, Boston, MA",SAM,-71.05801747021489,42.28853411439019
"628 AMERICAN LEGION HIGHWAY, Boston, MA",SAM,-71.10999993065212,42.28558293018772
"10 AMORY AVENUE, Boston, MA",SAM,-71.09951561580577,42.32044266196922
"2597 BEACON STREET, Boston, MA",SAM,,
"110 BOLTON STREET, Boston, MA",SAM,-71.05078153923573,42.340706654739485
"23 BLAKE STREET, Boston, MA",SAM,-71.10699808826132,42.2647131994794
"398 BLUE HILL AVENUE, Boston, MA",SAM,-71.08104314266897,42.31138852022899
"60 BROOKLEDGE STREET, Boston, MA",SAM,-71.0895314917879,42.309362565527806
"18 BURRELL STREET, Boston, MA",SAM,-71.07174720412392,42.322702245735
"134 CALLENDER STREET, Boston, MA",SAM,-71.08439249514343,42.28801533050882
"58 BURBANK STREET, Boston, MA",SAM,-71.0893526136225,42.344498347706214
"23 SAINT CASIMIR STREET, Boston, MA",SAM,-71.0535337423555,42.33922544269587
"12 SAINT CASIMIR STREET, Boston, MA",SAM,-71.05289457269133,42.33941321177265
"59 CLEMENT AVENUE, Boston, MA",SAM,-71.14995528221762,42.285427404333
"11 COSTELLO CIRCLE, Boston, MA",SAM,-71.05286188810605,42.33941157684555
"86 COWING STREET, Boston, MA",SAM,-71.14901489184768,42.274350057968775
"16 COSTELLO CIRCLE, Boston, MA",SAM,-71.05246135246227,42.339310893604896
"169 DANA AVENUE, Boston, MA",SAM,-71.11961011841731,42.24719030582397
"1 COSTELLO CIRCLE, Boston, MA",SAM,,
"88 COWING STREET, Boston, MA",SAM,-71.14903301149008,42.27436337036208
"22 DELMONT STREET, Boston, MA",SAM,-71.05421306527079,42.2860190112074
"750 DORCHESTER AVENUE, Boston, MA",SAM,-71.05676278437492,42.32418689997046
"2 COSTELLO CIRCLE, Boston, MA",SAM,,
"61 DORCHESTER AVENUE, Boston, MA",SAM,-71.05723426353406,42.34518883849846
"223 DANA AVENUE, Boston, MA",SAM,-71.1178296559134,42.245443586239816
"71 CONCORD STREET, Boston, MA",SAM,-71.06069108488774,42.37803283775046
"625 FIRST STREET, Boston, MA",SAM,-71.0349379021356,42.33808895677275
"720 SECOND STREET, Boston, MA",SAM,-71.03484134341898,42.33737819562603
"557 SECOND STREET, Boston, MA",SAM,-71.04100697801107,42.33715856455216
"559 SECOND STREET, Boston, MA",SAM,-71.04094351034249,42.33715959654487
"10 ERNEST AVENUE, Boston, MA",SAM,-71.14328978704945,42.24140287363338
"34 FENTON STREET, Boston, MA",SAM,-71.05734205139724,42.303305623085606
"545 FREEPORT STREET, Boston, MA",SAM,-71.04814403114233,42.29209759375524
"4 GROTTO GLEN ROAD, Boston, MA",SAM,-71.10770669739807,42.3254880031507
"22 GRIMES STREET, Boston, MA",SAM,-71.05143914748804,42.33432309578282
"35 GREENWOOD STREET, Boston, MA",SAM,-71.07995356766061,42.30033472815524
"12 HIGH VIEW AVENUE, Boston, MA",SAM,-71.15151683791663,42.2668189288231
"187 HEATH STREET, Boston, MA",SAM,-71.10530581221431,42.32617882789127
"931 HYDE PARK AVENUE, Boston, MA",SAM,-71.12099597233163,42.267844799463184
"10 KEMP STREET, Boston, MA",SAM,-71.05630494245737,42.32679003716549
"24 JULIAN STREET, Boston, MA",SAM,-71.0765932896106,42.31939405697235
"43 JONES AVENUE, Boston, MA",SAM,-71.08313159112957,42.28643014322951
"22 KINGSDALE STREET, Boston, MA",SAM,-71.08076980758868,42.29497509846058
"10 KILBY PLACE, Boston, MA",SAM,-71.05568718689739,42.358831703262545
"1071 MASSACHUSETTS AVENUE, Boston, MA",SAM,-71.06696565185247,42.326714714250095
"19 MILLET STREET, Boston, MA",SAM,-71.07764080251114,42.29601719413723
"2 MOUNT WASHINGTON AVENUE, Boston, MA",SAM,-71.05248631764468,42.34706082375956
"1 NEWMARKET SQUARE, Boston, MA",SAM,-71.06489323281004,42.33101134448265
"100 NORTHERN AVENUE, Boston, MA",SAM,-71.04380800426651,42.35103566789781
"121 NASHUA STREET, Boston, MA",SAM,-71.06525862669125,42.367507950571245
"68 NORFOLK AVENUE, Boston, MA",SAM,-71.07347971997514,42.328134601052575
"64 NORFOLK AVENUE, Boston, MA",SAM,-71.07356610140393,42.328190894580594
"26 PONTIAC STREET, Boston, MA",SAM,-71.10103858007713,42.33189952990582
"30 RANDOLPH STREET, Boston, MA",SAM,-71.0654641402115,42.34166758452898
"170 SAVIN HILL AVENUE, Boston, MA",SAM,-71.05102930379566,42.309870362631145
"51 SUMNER STREET, Boston, MA",SAM,-71.06198245343998,42.317934331306155
"17 THRUSH STREET, Boston, MA",SAM,-71.15139355623263,42.270729929952815
"300 VFW PARKWAY, Boston, MA",SAM,-71.14883781862403,42.296241804504994
"4042 WASHINGTON STREET, Boston, MA",SAM,-71.12257986169716,42.291551631975054
"404 WASHINGTON STREET, Boston, MA",SAM,-71.15504066446975,42.34906825353717
"4046 WASHINGTON STREET, Boston, MA",SAM,-71.12283455095053,42.291321468342005
"5204 WASHINGTON STREET, Boston, MA",SAM,-71.15694248263253,42.26121508584666
"98 WAUMBECK STREET, Boston, MA",SAM,-71.09068165406978,42.315243885317535
"97 WAUMBECK STREET, Boston, MA",SAM,-71.0905303619826,42.31532262036564
"95 WAUMBECK STREET, Boston, MA",SAM,-71.09043650619938,42.31529492520921
"93 WAUMBECK STREET, Boston, MA",SAM,-71.09034265041615,42.315267230052775
"360 GARNET ROAD, Boston, MA",SAM,,
"209 SECOND STREET, Boston, MA",SAM,-71.05056788708482,42.34088942599413
"199 SECOND STREET, Boston, MA",SAM,-71.05092358239811,42.34111395721902
"130 THIRD STREET, Boston, MA",SAM,-71.05588585470001,42.372533184600336
"9 WHIPPLE AVENUE, Boston, MA",SAM,-71.12214821326153,42.291516580288494
"16 WILLET STREET, Boston, MA",SAM,-71.15171550493037,42.270527910446
"680 WILLIAM T MORRISSEY BOULEVARD, Boston, MA",SAM,-71.04798232090701,42.30317294534262
"113 WHEATLAND AVENUE, Boston, MA",SAM,-71.07755617775271,42.29263705447567
"470 ADAMS STREET, Boston, MA",SAM,-71.05723262431212,42.29293801466366
"68 SUMNER STREET, Boston, MA",SAM,-71.06211606812184,42.31724494782115
"19 TAYLOR STREET, Boston, MA",SAM,-71.04067401627417,42.285838461694645
"27 TINA AVENUE, Boston, MA",SAM,-71.11099692350186,42.268059876918784
"5 SAINT GREGORY STREET, Boston, MA",SAM,-71.06740256421391,42.27559553581357
"211 QUINCY STREET, Boston, MA",SAM,-71.07462136685194,42.31276530788462
"191 NEW ENGLAND AVENUE, Boston, MA",SAM,-71.077951556825,42.29091498312512
"34 MOSELEY STREET, Boston, MA",SAM,-71.05510750896968,42.320004315875046
"1118 MASSACHUSETTS AVENUE, Boston, MA",SAM,-71.06578440220615,42.325714962549775
"1106 MASSACHUSETTS AVENUE, Boston, MA",SAM,-71.06611684388837,42.32610903291032
"1104 MASSACHUSETTS AVENUE, Boston, MA",SAM,-71.0661719742813,42.326174935924215
"190 LONGWOOD AVENUE, Boston, MA",SAM,-71.10115957351196,42.33618899816477
"59 HEMMAN STREET, Boston, MA",SAM,-71.13058029040772,42.27716387558852
"3 HUNNEWELL AVENUE, Boston, MA",SAM,-71.1688620737273,42.35195325730597
"50 HARBORSIDE DRIVE, Boston, MA",SAM,-71.0254894557976,42.35933001658793
"23 GRIMES STREET, Boston, MA",SAM,-71.05133388826019,42.334237475519
"10 FALCON STREET, Boston, MA",SAM,-71.03985487531048,42.38203453789889
"86 GEORGE STREET, Boston, MA",SAM,-71.10880539911271,42.265586355188795
"7 CONSTANCE ROAD, Boston, MA",SAM,-71.16535106931477,42.275953208138475
"5 CONGRESS STREET, Boston, MA",SAM,-71.05673559892404,42.358409852708
"191 COLUMBIA ROAD, Boston, MA",SAM,-71.07783218303422,42.306128207679365
"95 CLARENDON STREET, Boston, MA",SAM,-71.07337384385337,42.34711570393727
"4 BOYLSTON STREET, Boston, MA",SAM,-71.1113851935993,42.319444949765895
"2 AVENUE LOUIS PASTEUR NAN, Boston, MA",SAM,-71.10205551391584,42.33869589676271
"910 HYDE PARK AVENUE, Boston, MA",SAM,-71.12079503390245,42.268775708270184
"655 CENTRE STREET, Boston, MA",SAM,-71.1141783688145,42.31309309948105
"2 BOYLSTON SQUARE, Boston, MA",SAM,-71.062760156376,42.351846241532115
"5 BOUTWELL STREET, Boston, MA",SAM,-71.05006554468302,42.29171086827518
"12 GREENWOOD STREET, Boston, MA",SAM,-71.07930547608962,42.302143191213474
"10 GREENWOOD STREET, Boston, MA",SAM,-71.07926030800661,42.30225115056971
"867 FIRST STREET, Boston, MA",SAM,-71.02911776682161,42.33818749920161
"865 FIRST STREET, Boston, MA",SAM,-71.02923860618124,42.33818539765109
"153 CALUMET STREET, Boston, MA",SAM,-71.10242778453477,42.32962680905973
"346 BREMEN STREET, Boston, MA",SAM,-71.02918438248372,42.3773317340317
"15 MEDWAY STREET, Boston, MA",SAM,-71.06519205564562,42.271777191776366
"61 M STREET, Boston, MA",SAM,-71.03343901531085,42.336177791751645
"4 CLIFFORD STREET, Boston, MA",SAM,-71.12995627017098,42.23645116467244
"256 BREMEN STREET, Boston, MA",SAM,-71.03207960875909,42.374827080046025
"260 BREMEN STREET, Boston, MA",SAM,-71.03195504760566,42.37493373791991
"608 DUDLEY STREET, Boston, MA",SAM,-71.07137675592278,42.320342017837355
"149 ELMER ROAD, Boston, MA",SAM,-71.05580244555068,42.287085535044994
"29 LODGEHILL ROAD, Boston, MA",SAM,-71.12747744766601,42.26584801256206
"12 MURRAY COURT, Boston, MA",SAM,-71.0381211608587,42.367761108711775
"195 PILGRIM ROAD, Boston, MA",SAM,-71.10997131269794,42.337917894567
"39 GLENDALE STREET, Boston, MA",SAM,-71.06789325881392,42.312823536997556
"876 CANTERBURY STREET, Boston, MA",SAM,-71.11474098867737,42.2803019403231
"95 BOARDMAN STREET, Boston, MA",SAM,-71.01155240374877,42.38995403114099
"32 ARDEN STREET, Boston, MA",SAM,-71.12917190003067,42.35864815222617
"70 CENTRE STREET, Boston, MA",SAM,-71.09500488292532,42.32856623403123
"18 NAHANT AVENUE, Boston, MA",SAM,-71.05390880289704,42.287716891516176
"225 NEPONSET AVENUE, Boston, MA",SAM,-71.04938998665787,42.29115426292467
"22 HIGH VIEW AVENUE, Boston, MA",SAM,-71.15167963171837,42.26692851930071
"38 ASH STREET, Boston, MA",SAM,-71.06341557533663,42.34869470937355
"270 AUSTIN STREET, Boston, MA",SAM,-71.12416879627422,42.267751876328674
"1909 RIVER STREET, Boston, MA",SAM,-71.14365599127544,42.2430236008568
"390 HANOVER STREET, Boston, MA",SAM,-71.05299764039137,42.36562944408559
"1700 DORCHESTER AVENUE, Boston, MA",SAM,-71.06254928800983,42.2917423669628
"16 UNION AVENUE, Boston, MA",SAM,-71.10602325087864,42.30939813901662
"1 DANNY ROAD, Boston, MA",SAM,-71.13553399726014,42.24057335720463
"201 BROADWAY NAN, Boston, MA",SAM,-71.05237591015349,42.339726301974046
"167 BROADWAY NAN, Boston, MA",SAM,-71.05322371452088,42.34026647685165
"186 CHESTNUT HILL AVENUE, Boston, MA",SAM,-71.15470266652673,42.34112444299322
"65 K STREET, Boston, MA",SAM,-71.03766508974437,42.33924119208734
"1 LOCUST STREET, Boston, MA",SAM,-71.1063588193432,42.26598061595957
"797 MASSACHUSETTS AVENUE, Boston, MA",SAM,-71.0752953362076,42.33493949748808
"29 GENE STREET, Boston, MA",SAM,-71.06578306894664,42.3195031352316
"326 POND STREET, Boston, MA",SAM,-71.12874768487036,42.31107458614622
"29 HILLOCK STREET, Boston, MA",SAM,-71.13870687132174,42.28369148830886
"69 UNION STREET, Boston, MA",SAM,-71.15036997037899,42.345648701038975
"235 PRESCOTT STREET, Boston, MA",SAM,-71.02711320118951,42.376734550575335
"77 THETFORD AVENUE, Boston, MA",SAM,-71.07784458907398,42.28372276201841
"1703 COLUMBUS AVENUE, Boston, MA",SAM,-71.09852075534283,42.32076830813222
"90 BROWN AVENUE, Boston, MA",SAM,-71.12175846848686,42.282586679812944
"18 FORD STREET, Boston, MA",SAM,-71.00730838048717,42.387426749504364
"16 FORD STREET, Boston, MA",SAM,-71.00731908368998,42.387423129303336
"20 FORD STREET, Boston, MA",SAM,-71.00729767728437,42.38743036970541
"14 FORD STREET, Boston, MA",SAM,-71.00732978689277,42.3874195091023
"24 BREED STREET, Boston, MA",SAM,-71.00681666951026,42.38746765347251
"22 BREED STREET, Boston, MA",SAM,-71.00678436947271,42.387414167375255
"11 ALLSTATE ROAD, Boston, MA",SAM,-71.06460561715166,42.32488648879976
"18 ASTORIA STREET, Boston, MA",SAM,-71.08662694437523,42.28039035943554
"22 ASTORIA STREET, Boston, MA",SAM,-71.08670146777462,42.280314998691
"246 FIRST AVENUE, Boston, MA",SAM,-71.04955377075642,42.377942407555004
"280 CHARLES STREET, Boston, MA",SAM,-71.08525711607756,42.36815026129573
"190 GLENELLEN ROAD, Boston, MA",SAM,-71.16381579982924,42.26485243753437
"354 SECOND STREET, Boston, MA",SAM,-71.0464628983806,42.33839695684208
"206 F STREET, Boston, MA",SAM,-71.04609509474004,42.338336391528024
"6 EMERSON PLACE, Boston, MA",SAM,-71.06843675209778,42.36415559804751
"13 PARK PLAZA, Boston, MA",SAM,-71.06920083877151,42.351601721788725
"58 HARVARD AVENUE, Boston, MA",SAM,-71.12254589826509,42.2582827611617
"6 LAMBERT STREET, Boston, MA",SAM,-71.09178877297167,42.32869614650674
"6 LIVERPOOL STREET, Boston, MA",SAM,-71.04240290073575,42.370443493248246
"179 LINCOLN STREET, Boston, MA",SAM,-71.14013944122888,42.35783735211548
"12 LAMBERT STREET, Boston, MA",SAM,-71.09165971619655,42.3286422793182
"50 LONG WHARF, Boston, MA",SAM,-71.04961172947945,42.359926652704026
"8 LAMBERT STREET, Boston, MA",SAM,-71.09174575404663,42.32867819077724
"1 LANDING STREET, Boston, MA",SAM,-71.0425819357116,42.371112175160484
"62 KEITH STREET, Boston, MA",SAM,-71.16847491225045,42.28690086813381
"78 JAMAICA STREET, Boston, MA",SAM,-71.11722019161942,42.30529741584407
"2 I STREET, Boston, MA",SAM,-71.03991315581673,42.33799597276294
"36 HORACE STREET, Boston, MA",SAM,-71.01858622798335,42.38177006631306
"14 I STREET, Boston, MA",SAM,-71.03989767402255,42.33729154917452
"1 HUMMINGBIRD LANE, Boston, MA",SAM,-71.09510524518574,42.289188688078745
"354 HARVARD STREET, Boston, MA",SAM,-71.0899071827887,42.29239595229381
"48 HEMMAN STREET, Boston, MA",SAM,-71.13088075110767,42.277515958294025
"236 HUNTINGTON AVENUE, Boston, MA",SAM,-71.11744895454113,42.26806214381102
"51 GENEVA AVENUE, Boston, MA",SAM,-71.08020321924378,42.30737879473963
"155 FRANKLIN STREET, Boston, MA",SAM,-71.13119767253944,42.36137947712149
"25 GIBSON STREET, Boston, MA",SAM,-71.05977145844359,42.297474687333136
"1 FALCON LANE, Boston, MA",SAM,-71.09570923718549,42.28774047570191
"151 FRANKLIN STREET, Boston, MA",SAM,-71.13126399777074,42.36132303011325
"48 EMMETT STREET, Boston, MA",SAM,-71.12988342333301,42.26018353396701
"770 THIRD STREET, Boston, MA",SAM,-71.02890629726902,42.336654884862504
"471 THIRD STREET, Boston, MA",SAM,-71.04101236943222,42.33634496235734
"56 FAIRMOUNT STREET, Boston, MA",SAM,-71.07348191631836,42.28068781562685
"104 DENT STREET, Boston, MA",SAM,-71.16380146554154,42.28365070152377
"25 DELL AVENUE, Boston, MA",SAM,-71.1207446544766,42.259995785399234
"3 DAKOTA TERRACE, Boston, MA",SAM,-71.07281507150337,42.29845762372112
"45 CHARLES STREET, Boston, MA",SAM,-71.13342311090177,42.24980160931414
"20 CROCKERS LANE, Boston, MA",SAM,-71.15080869854717,42.27515367460256
"1430 COMMONWEALTH AVENUE, Boston, MA",SAM,-71.13997072676152,42.348340222446794
"353 CENTRE STREET, Boston, MA",SAM,-71.1071447609193,42.32256110080666
"2 COLBERT STREET, Boston, MA",SAM,-71.14639139092691,42.287642394722006
"6 CLARIDGE TERRACE, Boston, MA",SAM,-71.07601295468761,42.28770311952553
"39 COFFEY STREET, Boston, MA",SAM,-71.04979778984759,42.28879392426963
"194 CLARE AVENUE, Boston, MA",SAM,-71.11904561324681,42.27200504924921
"77 CEDAR STREET, Boston, MA",SAM,-71.06202783619082,42.37657068662885
"646 BLUE HILL AVENUE, Boston, MA",SAM,-71.08543448109674,42.30192426009178
"231 BROOKS STREET, Boston, MA",SAM,-71.03601465498608,42.382180495076135
"26 BLUE JAY CIRCLE, Boston, MA",SAM,-71.09585927747318,42.28868163707606
"451 BLUE HILL AVENUE, Boston, MA",SAM,-71.10217073630595,42.250247717091206
"52 BIRCHWOOD STREET, Boston, MA",SAM,-71.1576133321241,42.25835174284034
"4 BLUE JAY CIRCLE, Boston, MA",SAM,-71.09535960798642,42.288669840826394
"106 BOSTON STREET, Boston, MA",SAM,-71.05873672604532,42.325994490550364
"110 BELLE AVENUE, Boston, MA",SAM,-71.16605039912068,42.27030454374141
"90 BREMEN STREET, Boston, MA",SAM,-71.03685770951162,42.370739354247654
"18 BLUE JAY CIRCLE, Boston, MA",SAM,-71.09567935144105,42.28868163707032
"22 BLUE JAY CIRCLE, Boston, MA",SAM,-71.09576931445712,42.28868163707318
"69 BELDEN STREET, Boston, MA",SAM,-71.06469942971826,42.31960098959355
"780 ALBANY STREET, Boston, MA",SAM,-71.07179132353141,42.334634308804915
"72 AYLES ROAD, Boston, MA",SAM,-71.11186230630489,42.26468025708973
"169 MINOT STREET, Boston, MA",SAM,-71.0532520708577,42.28415448657941
"43 MONTEBELLO ROAD, Boston, MA",SAM,-71.10127412570006,42.31230237813469
"412 MERIDIAN STREET, Boston, MA",SAM,-71.03933015456415,42.380483065496826
"35 MIDDLE STREET, Boston, MA",SAM,-71.05531233167561,42.331661387929536
"45 MONTEBELLO ROAD, Boston, MA",SAM,-71.10123134359685,42.312286532907386
"19 OAK STREET, Boston, MA",SAM,-71.12181678561716,42.25498522158171
"64 NIGHTINGALE STREET, Boston, MA",SAM,-71.08358887658764,42.29514860942408
"2 NONQUIT STREET, Boston, MA",SAM,-71.067942405878,42.318209620770794
"135 OLNEY STREET, Boston, MA",SAM,-71.07507893122124,42.30432796119675
"47 OLDFIELDS ROAD, Boston, MA",SAM,-71.07817841769383,42.30699323371507
"5 NIRA AVENUE, Boston, MA",SAM,-71.10791998370549,42.324913830474486
"155 POPLAR STREET, Boston, MA",SAM,-71.12815648303364,42.282955404199754
"267 NORWELL STREET, Boston, MA",SAM,-71.07772062832258,42.293100599593835
"10 OXFORD STREET, Boston, MA",SAM,-71.12852361441861,42.36024087909325
"1 PEACOCK LANE, Boston, MA",SAM,-71.15616670392839,42.29000728479378
"41 OLDFIELDS ROAD, Boston, MA",SAM,-71.07810203325629,42.306933923432645
"43 OLDFIELDS ROAD, Boston, MA",SAM,-71.07812749473547,42.306953693526765
"117 POPLAR STREET, Boston, MA",SAM,-71.1284921328224,42.283948771421535
"198 PROVIDENCE STREET, Boston, MA",SAM,-71.12160445174428,42.270183227202985
"28 PENFIELD STREET, Boston, MA",SAM,-71.13325709642695,42.285313192477496
"43 RUGDALE ROAD, Boston, MA",SAM,-71.06758766238845,42.27703536050153
"9 RUSKIN STREET, Boston, MA",SAM,-71.15864273694315,42.29173020015881
"44 SHANDON ROAD, Boston, MA",SAM,-71.08922329034395,42.294865498801194
"15 RUSKIN STREET, Boston, MA",SAM,-71.15873568366358,42.29166736293613
"140 SCHOOL STREET, Boston, MA",SAM,-71.10086068678117,42.31594706566547
"1 SAINT MARK STREET, Boston, MA",SAM,-71.11437503362866,42.30227149453253
"9 STEARNS ROAD, Boston, MA",SAM,-71.15264853844542,42.26589710094482
"211 TEMPLE STREET, Boston, MA",SAM,-71.1665840818069,42.2837894158914
"30 TOPALIAN STREET, Boston, MA",SAM,-71.09730101966731,42.265818290396936
"2949 WASHINGTON STREET, Boston, MA",SAM,-71.09564192436095,42.31858206513488
"2941 WASHINGTON STREET, Boston, MA",SAM,-71.09549003020503,42.31873763415678
"20 VINE STREET, Boston, MA",SAM,-71.05583971832678,42.37650915468384
"58 WELD HILL STREET, Boston, MA",SAM,-71.11197361989001,42.29768198046652
"261 WALNUT AVENUE, Boston, MA",SAM,-71.09124527333927,42.31789019197141
"170 WALNUT STREET, Boston, MA",SAM,-71.0398275843534,42.290516094330364
"27 WENDOVER STREET, Boston, MA",SAM,,
"10 WEST STREET, Boston, MA",SAM,-71.11670245382835,42.257897232908796
"20 WILLET STREET, Boston, MA",SAM,-71.1516030061413,42.27043533351067
"24 WILLET STREET, Boston, MA",SAM,-71.15159545885237,42.270428735459305
"36 WOODLEY AVENUE, Boston, MA",SAM,-71.15036246459293,42.264915949091495
"22 WILLET STREET, Boston, MA",SAM,-71.15160130282065,42.2704341298928
"960 WILLIAM T MORRISSEY BOULEVARD, Boston, MA",SAM,-71.0469132981512,42.291256185591635
"38 WOODLEY AVENUE, Boston, MA",SAM,-71.15028955643193,42.264844910354434
"30 WOODLEY AVENUE, Boston, MA",SAM,-71.1505811890759,42.265129065302744
"394 SECOND STREET, Boston, MA",SAM,-71.04567340938992,42.337876149500154
"10 OAK ROAD, Boston, MA",SAM,-71.15892543854565,42.263961471676154
"10 TINA AVENUE, Boston, MA",SAM,-71.11132668671677,42.26807638270405
"6 TINA AVENUE, Boston, MA",SAM,-71.11138773297913,42.26805620494741
"164 WOOD AVENUE, Boston, MA",SAM,-71.11124128316831,42.26832002936606
"152 WOOD AVENUE, Boston, MA",SAM,-71.11094444197317,42.26896768288053
"160 WOOD AVENUE, Boston, MA",SAM,-71.11114233610326,42.268535913870885
"701 ALBANY STREET, Boston, MA",SAM,-71.07020187621431,42.33592350702345
"1 JIMMY FUND WAY, Boston, MA",SAM,-71.10723181549535,42.337278206883056
"101 GREEN STREET, Boston, MA",SAM,-71.10898631025677,42.311243644598136
"4 WESTBROOK STREET, Boston, MA",SAM,-71.01331908181406,42.38646382852584
"2 WESTBROOK STREET, Boston, MA",SAM,-71.0133140508814,42.38648797699899
"8 BUNKER HILL INDUSTRIAL PARK, Boston, MA",SAM,,
"390 SECOND STREET, Boston, MA",SAM,-71.04573787588987,42.337919127176434
"404 SECOND STREET, Boston, MA",SAM,-71.04551224314007,42.337768705309465
"94 LYALL TERRACE, Boston, MA",SAM,-71.16647633366124,42.29213540024298
"36 BELDEN STREET, Boston, MA",SAM,-71.06499013821104,42.319338726129885
"14 BURNETT STREET, Boston, MA",SAM,-71.10971391602845,42.30481835320951
"144 WORDSWORTH STREET, Boston, MA",SAM,-71.01448244992493,42.38307734666313
"91 DRESSER STREET, Boston, MA",SAM,-71.04488777009578,42.33773901876293
"2456 CENTRE STREET, Boston, MA",SAM,-71.1628535068395,42.26662032943136
"70 FARRAR AVENUE, Boston, MA",SAM,-71.11369115741479,42.26887209234185
"9 PARK STREET PLACE, Boston, MA",SAM,-71.06280527611048,42.357447912457204
"29 RIVERSIDE SQUARE, Boston, MA",SAM,-71.11373964384572,42.260227190833675
"21 WOODWORTH STREET, Boston, MA",SAM,-71.04109098927358,42.287465518376024
"66 HIGH STREET, Boston, MA",SAM,-71.06116849797309,42.309114002854955
"44 BURBANK STREET, Boston, MA",SAM,-71.08842536446431,42.34433405497265
"100 SWIFT STREET, Boston, MA",SAM,-71.02254006135038,42.381707240420184
"88 MYRTLEBANK AVENUE, Boston, MA",SAM,-71.0530031547366,42.280377732145624
"324 FOURTH STREET, Boston, MA",SAM,-71.05088196995466,42.33764584689769
"26 OAK ROAD, Boston, MA",SAM,-71.15943809304895,42.263497113776424
"98 OLD HARBOR STREET, Boston, MA",SAM,-71.0473275179358,42.33167587171047
"56 BELLE AVENUE, Boston, MA",SAM,-71.1658486082567,42.27117321679281
"37 PERTHSHIRE ROAD, Boston, MA",SAM,-71.1668641895073,42.35371496021166
"105 BUNKER HILL STREET, Boston, MA",SAM,-71.05897201691202,42.37782119831996
"113 BUNKER HILL STREET, Boston, MA",SAM,-71.05927162243162,42.377921555331085
"121 BUNKER HILL STREET, Boston, MA",SAM,-71.0594783419402,42.377988000904466
"129 BUNKER HILL STREET, Boston, MA",SAM,-71.05978570768387,42.378092036529814
"137 BUNKER HILL STREET, Boston, MA",SAM,-71.06014682623449,42.37820673483096
"145 BUNKER HILL STREET, Boston, MA",SAM,-71.06042324763854,42.37829454654068
"153 BUNKER HILL STREET, Boston, MA",SAM,-71.0605408818505,42.37833099658764
"169 BUNKER HILL STREET, Boston, MA",SAM,-71.06125727059926,42.378584424715704
"177 BUNKER HILL STREET, Boston, MA",SAM,-71.06147892253047,42.37866811378181
"65 BUNKER HILL STREET, Boston, MA",SAM,-71.0582321966824,42.37754515312638
"81 BUNKER HILL STREET, Boston, MA",SAM,-71.05842363174419,42.377612227930456
"89 BUNKER HILL STREET, Boston, MA",SAM,-71.05851927640789,42.377648913563846
"97 BUNKER HILL STREET, Boston, MA",SAM,-71.0586149210716,42.37768559919722
"25 COREY STREET, Boston, MA",SAM,-71.15442925334358,42.28569609381452
"40 COREY STREET, Boston, MA",SAM,-71.15469610137937,42.28581202315001
"98 DECATUR STREET, Boston, MA",SAM,-71.05416458301066,42.378098158337664
"110 MEDFORD STREET, Boston, MA",SAM,-71.05694894799554,42.37908453407149
"138 MEDFORD STREET, Boston, MA",SAM,-71.05793778208978,42.37919616182515
"162 MEDFORD STREET, Boston, MA",SAM,-71.05860087053131,42.37946352107984
"50 MEDFORD STREET, Boston, MA",SAM,-71.05458084389083,42.37901924689531
"85 MONUMENT STREET, Boston, MA",SAM,-71.05908145078833,42.37929954129763
"92 MONUMENT STREET, Boston, MA",SAM,-71.05912845864655,42.379511941354494
"1 O'REILLY WAY, Boston, MA",SAM,-71.0570397586889,42.3776119847447
"33 O'REILLY WAY, Boston, MA",SAM,-71.05854624413209,42.37799506320275
"41 O'REILLY WAY, Boston, MA",SAM,-71.05877505197962,42.37807545516928
"65 O'REILLY WAY, Boston, MA",SAM,-71.05920315765772,42.37822068369152
"73 O'REILLY WAY, Boston, MA",SAM,-71.05939357567311,42.378284885337976
"9 O'REILLY WAY, Boston, MA",SAM,-71.05756961872295,42.37769253873769
"17 POLK STREET, Boston, MA",SAM,-71.06107467460001,42.37920311111402
"25 POLK STREET, Boston, MA",SAM,-71.06098011994796,42.379317456279416
"33 POLK STREET, Boston, MA",SAM,-71.06088556529592,42.3794318014448
"41 POLK STREET, Boston, MA",SAM,-71.06073538339008,42.37961970722491
"49 POLK STREET, Boston, MA",SAM,-71.0606778479521,42.37969888443594
"65 POLK STREET, Boston, MA",SAM,-71.06056277707614,42.379857238857994
"73 POLK STREET, Boston, MA",SAM,-71.06050524163818,42.37993641606903
"89 POLK STREET, Boston, MA",SAM,-71.0603901707622,42.38009477049109
"97 POLK STREET, Boston, MA",SAM,-71.06033263532423,42.38017394770213
"10 TUFTS STREET, Boston, MA",SAM,-71.05699426171049,42.37786706200205
"26 TUFTS STREET, Boston, MA",SAM,-71.05690420626195,42.378385781281054
"105 WALFORD WAY, Boston, MA",SAM,-71.05839340808667,42.37865838847961
"129 WALFORD WAY, Boston, MA",SAM,-71.05899838543569,42.37889947034421
"74 WALFORD WAY, Boston, MA",SAM,-71.05716896276404,42.37835567777021
"82 WALFORD WAY, Boston, MA",SAM,-71.05771563949716,42.37838464079748
"3 KENDALL STREET, Boston, MA",SAM,-71.08142872994246,42.335003045046236
"609 SHAWMUT AVENUE, Boston, MA",SAM,-71.08047277533142,42.33575741213457
"617 SHAWMUT AVENUE, Boston, MA",SAM,-71.0807387672567,42.33556225366179
"625 SHAWMUT AVENUE, Boston, MA",SAM,-71.08087377494212,42.335463777462614
"10 BROOKLINE STREET, Boston, MA",SAM,-71.07275191758801,42.33973778839633
"12 BROOKLINE STREET, Boston, MA",SAM,-71.0727864367481,42.33976647098991
"14 BROOKLINE STREET, Boston, MA",SAM,-71.0728209559082,42.339795153583495
"16 BROOKLINE STREET, Boston, MA",SAM,-71.07285547506831,42.339823836177075
"18 BROOKLINE STREET, Boston, MA",SAM,-71.07288999422839,42.339852518770655
"2 BROOKLINE STREET, Boston, MA",SAM,-71.07261384094762,42.339623058022
"20 BROOKLINE STREET, Boston, MA",SAM,-71.0729245133885,42.33988120136423
"22 BROOKLINE STREET, Boston, MA",SAM,-71.0729590325486,42.33990988395783
"24 BROOKLINE STREET, Boston, MA",SAM,-71.07299355170869,42.3399385665514
"26 BROOKLINE STREET, Boston, MA",SAM,-71.0730280708688,42.339967249144976
"28 BROOKLINE STREET, Boston, MA",SAM,-71.07306259002888,42.33999593173857
"4 BROOKLINE STREET, Boston, MA",SAM,-71.0726483601077,42.33965174061559
"6 BROOKLINE STREET, Boston, MA",SAM,-71.07268287926782,42.33968042320915
"8 BROOKLINE STREET, Boston, MA",SAM,-71.07271739842791,42.33970910580274
"599 HARRISON AVENUE, Boston, MA",SAM,-71.06912734032912,42.3398523390854
"601 HARRISON AVENUE, Boston, MA",SAM,-71.06923450319503,42.33976958871159
"603 HARRISON AVENUE, Boston, MA",SAM,-71.06928092925196,42.339733763878414
"605 HARRISON AVENUE, Boston, MA",SAM,-71.06932735530889,42.33969793904522
"607 HARRISON AVENUE, Boston, MA",SAM,-71.0693737813658,42.33966211421204
"625 HARRISON AVENUE, Boston, MA",SAM,-71.070136097123,42.33905761044504
"627 HARRISON AVENUE, Boston, MA",SAM,-71.070155831755,42.33904132937278
"629 HARRISON AVENUE, Boston, MA",SAM,-71.07017556638701,42.339025048300556
"631 HARRISON AVENUE, Boston, MA",SAM,-71.07019530101901,42.33900876722832
"633 HARRISON AVENUE, Boston, MA",SAM,-71.07021503565099,42.33899248615609
"635 HARRISON AVENUE, Boston, MA",SAM,-71.070234770283,42.33897620508384
"639 HARRISON AVENUE, Boston, MA",SAM,-71.07027423954699,42.338943642939356
"645 HARRISON AVENUE, Boston, MA",SAM,-71.07033344344298,42.33889479972266
"647 HARRISON AVENUE, Boston, MA",SAM,-71.07035317807497,42.33887851865043
"649 HARRISON AVENUE, Boston, MA",SAM,-71.07037291270694,42.338862237578205
"651 HARRISON AVENUE, Boston, MA",SAM,-71.07047640801255,42.33877756482111
"657 HARRISON AVENUE, Boston, MA",SAM,-71.07053643520737,42.33872886350959
"659 HARRISON AVENUE, Boston, MA",SAM,-71.07055644427231,42.338712629739064
"663 HARRISON AVENUE, Boston, MA",SAM,-71.07059646240218,42.33868016219806
"17 MONSIGNOR REYNOLDS WAY, Boston, MA",SAM,-71.06998977378782,42.340469783418
"21 MONSIGNOR REYNOLDS WAY, Boston, MA",SAM,-71.06991201400452,42.34044442696043
"27 MONSIGNOR REYNOLDS WAY, Boston, MA",SAM,-71.06979537432956,42.34040639227414
"33 MONSIGNOR REYNOLDS WAY, Boston, MA",SAM,-71.06931799109474,42.340264583403595
"35 MONSIGNOR REYNOLDS WAY, Boston, MA",SAM,-71.06930070892156,42.34025980091414
"106 HEATH STREET, Boston, MA",SAM,-71.10217762400976,42.32630095460449
"110 HEATH STREET, Boston, MA",SAM,-71.1022069546038,42.32629936916771
"114 HEATH STREET, Boston, MA",SAM,-71.10238362410354,42.326284109612054
"122 HEATH STREET, Boston, MA",SAM,-71.10249748582568,42.32627159733689
"130 HEATH STREET, Boston, MA",SAM,-71.1026113475478,42.32625908506172
"146 HEATH STREET, Boston, MA",SAM,-71.10332492530253,42.32616833199078
"154 HEATH STREET, Boston, MA",SAM,-71.10364638194402,42.32612697500085
"162 HEATH STREET, Boston, MA",SAM,-71.10396968313587,42.32608875482197
"90 HEATH STREET, Boston, MA",SAM,-71.10205758914134,42.32630909462173
"98 HEATH STREET, Boston, MA",SAM,-71.1021189628217,42.326304125478075
"9 HORAN WAY, Boston, MA",SAM,,
"18 WALDEN STREET, Boston, MA",SAM,-71.10441399504356,42.32560649541236
"26 WALDEN STREET, Boston, MA",SAM,-71.10435804681813,42.32538692493612
"1170 TREMONT STREET, Boston, MA",SAM,-71.0890839003842,42.33452558085636
"70 ANNUNCIATION ROAD, Boston, MA",SAM,-71.09370442447369,42.3346627324375
"76 ANNUNCIATION ROAD, Boston, MA",SAM,-71.0937334802394,42.33467298741619
"41 PRENTISS STREET, Boston, MA",SAM,-71.09388856000685,42.33390578518621
"51 PRENTISS STREET, Boston, MA",SAM,-71.09410845463799,42.33397997993766
"61 PRENTISS STREET, Boston, MA",SAM,-71.09434382116318,42.33406511253167
"81 PRENTISS STREET, Boston, MA",SAM,-71.09481455421349,42.334235377719665
"260 RUGGLES STREET, Boston, MA",SAM,-71.09179622655482,42.33617113793275
"290 RUGGLES STREET, Boston, MA",SAM,-71.09232749004718,42.33638099467342
"300 RUGGLES STREET, Boston, MA",SAM,-71.09262083288903,42.336498901771805
"12 BICKFORD STREET, Boston, MA",SAM,-71.1023348999037,42.323088104903526
"30 BICKFORD STREET, Boston, MA",SAM,-71.10224843628588,42.32329919385421
"50 BICKFORD STREET, Boston, MA",SAM,-71.10214248969281,42.323533304166325
"287 CENTRE STREET, Boston, MA",SAM,-71.101659208068,42.32294638206875
"297 CENTRE STREET, Boston, MA",SAM,-71.10230135076698,42.32297555546516
"52 LAMARTINE STREET, Boston, MA",SAM,-71.10190482084253,42.32090144676729
"1 DR. MICHAEL GAVIN WAY, Boston, MA",SAM,-71.05292330032745,42.32689086109363
"11 DR. MICHAEL GAVIN WAY, Boston, MA",SAM,-71.05338068292474,42.32636024924039
"17 DR. MICHAEL GAVIN WAY, Boston, MA",SAM,-71.05367155257703,42.326049215736
"19 DR. MICHAEL GAVIN WAY, Boston, MA",SAM,-71.05377096305546,42.32594625487849
"20 DR. MICHAEL GAVIN WAY, Boston, MA",SAM,-71.05342065229108,42.326112728765715
"21 DR. MICHAEL GAVIN WAY, Boston, MA",SAM,-71.05386160905587,42.32585596607484
"22 DR. MICHAEL GAVIN WAY, Boston, MA",SAM,-71.05349569633732,42.32603411918883
"23 DR. MICHAEL GAVIN WAY, Boston, MA",SAM,-71.05387025843334,42.32584767708769
"24 DR. MICHAEL GAVIN WAY, Boston, MA",SAM,-71.05357025419615,42.32595689854567
"25 DR. MICHAEL GAVIN WAY, Boston, MA",SAM,-71.0538789078108,42.32583938810057
"26 DR. MICHAEL GAVIN WAY, Boston, MA",SAM,-71.05364481205497,42.32587967790251
"27 DR. MICHAEL GAVIN WAY, Boston, MA",SAM,-71.05388755718823,42.32583109911341
"28 DR. MICHAEL GAVIN WAY, Boston, MA",SAM,-71.05373889097703,42.32578597043291
"29 DR. MICHAEL GAVIN WAY, Boston, MA",SAM,-71.05389620656571,42.32582281012627
"3 DR. MICHAEL GAVIN WAY, Boston, MA",SAM,-71.05301167045405,42.32678253641785
"30 DR. MICHAEL GAVIN WAY, Boston, MA",SAM,-71.05374852885477,42.32577673413295
"5 DR. MICHAEL GAVIN WAY, Boston, MA",SAM,-71.05310004058063,42.326674211742095
"7 DR. MICHAEL GAVIN WAY, Boston, MA",SAM,-71.0531884542248,42.32656956494549
"16 KEMP STREET, Boston, MA",SAM,-71.05590551493553,42.32679147633546
"18 KEMP STREET, Boston, MA",SAM,-71.05589733076499,42.326791626503486
"20 KEMP STREET, Boston, MA",SAM,-71.05588914659441,42.32679177667152
"22 KEMP STREET, Boston, MA",SAM,-71.05588096242387,42.326791926839554
"10 GENERAL LAWRENCE J LOGAN WAY, Boston, MA",SAM,,
"11 GENERAL LAWRENCE J LOGAN WAY, Boston, MA",SAM,,
"14 GENERAL LAWRENCE J LOGAN WAY, Boston, MA",SAM,,
"15 GENERAL LAWRENCE J LOGAN WAY, Boston, MA",SAM,,
"16 GENERAL LAWRENCE J LOGAN WAY, Boston, MA",SAM,,
"18 GENERAL LAWRENCE J LOGAN WAY, Boston, MA",SAM,,
"20 GENERAL LAWRENCE J LOGAN WAY, Boston, MA",SAM,,
"21 GENERAL LAWRENCE J LOGAN WAY, Boston, MA",SAM,,
"22 GENERAL LAWRENCE J LOGAN WAY, Boston, MA",SAM,,
"24 GENERAL LAWRENCE J LOGAN WAY, Boston, MA",SAM,,
"26 GENERAL LAWRENCE J LOGAN WAY, Boston, MA",SAM,,
"30 GENERAL LAWRENCE J LOGAN WAY, Boston, MA",SAM,,
"31 GENERAL LAWRENCE J LOGAN WAY, Boston, MA",SAM,,
"32 GENERAL LAWRENCE J LOGAN WAY, Boston, MA",SAM,,
"33 GENERAL LAWRENCE J LOGAN WAY, Boston, MA",SAM,,
"34 GENERAL LAWRENCE J LOGAN WAY, Boston, MA",SAM,,
"35 GENERAL LAWRENCE J LOGAN WAY, Boston, MA",SAM,,
"36 GENERAL LAWRENCE J LOGAN WAY, Boston, MA",SAM,,
"37 GENERAL LAWRENCE J LOGAN WAY, Boston, MA",SAM,,
"38 GENERAL LAWRENCE J LOGAN WAY, Boston, MA",SAM,,
"39 GENERAL LAWRENCE J LOGAN WAY, Boston, MA",SAM,,
"40 GENERAL LAWRENCE J LOGAN WAY, Boston, MA",SAM,,
"41 GENERAL LAWRENCE J LOGAN WAY, Boston, MA",SAM,,
"42 GENERAL LAWRENCE J LOGAN WAY, Boston, MA",SAM,,
"43 GENERAL LAWRENCE J LOGAN WAY, Boston, MA",SAM,,
"45 GENERAL LAWRENCE J LOGAN WAY, Boston, MA",SAM,,
"47 GENERAL LAWRENCE J LOGAN WAY, Boston, MA",SAM,,
"48 GENERAL LAWRENCE J LOGAN WAY, Boston, MA",SAM,,
"49 GENERAL LAWRENCE J LOGAN WAY, Boston, MA",SAM,,
"50 GENERAL LAWRENCE J LOGAN WAY, Boston, MA",SAM,,
"51 GENERAL LAWRENCE J LOGAN WAY, Boston, MA",SAM,,
"52 GENERAL LAWRENCE J LOGAN WAY, Boston, MA",SAM,,
"53 GENERAL LAWRENCE J LOGAN WAY, Boston, MA",SAM,,
"54 GENERAL LAWRENCE J LOGAN WAY, Boston, MA",SAM,,
"55 GENERAL LAWRENCE J LOGAN WAY, Boston, MA",SAM,,
"56 GENERAL LAWRENCE J LOGAN WAY, Boston, MA",SAM,,
"57 GENERAL LAWRENCE J LOGAN WAY, Boston, MA",SAM,,
"58 GENERAL LAWRENCE J LOGAN WAY, Boston, MA",SAM,,
"59 GENERAL LAWRENCE J LOGAN WAY, Boston, MA",SAM,,
"60 GENERAL LAWRENCE J LOGAN WAY, Boston, MA",SAM,,
"61 GENERAL LAWRENCE J LOGAN WAY, Boston, MA",SAM,,
"62 GENERAL LAWRENCE J LOGAN WAY, Boston, MA",SAM,,
"63 GENERAL LAWRENCE J LOGAN WAY, Boston, MA",SAM,,
"64 GENERAL LAWRENCE J LOGAN WAY, Boston, MA",SAM,,
"65 GENERAL LAWRENCE J LOGAN WAY, Boston, MA",SAM,,
"67 GENERAL LAWRENCE J LOGAN WAY, Boston, MA",SAM,,
"69 GENERAL LAWRENCE J LOGAN WAY, Boston, MA",SAM,,
"71 GENERAL LAWRENCE J LOGAN WAY, Boston, MA",SAM,,
"73 GENERAL LAWRENCE J LOGAN WAY, Boston, MA",SAM,,
"75 GENERAL LAWRENCE J LOGAN WAY, Boston, MA",SAM,,
"11 COLONEL MICHAEL J. MCDONOUGH WAY, Boston, MA",SAM,,
"15 COLONEL MICHAEL J. MCDONOUGH WAY, Boston, MA",SAM,,
"17 COLONEL MICHAEL J. MCDONOUGH WAY, Boston, MA",SAM,,
"19 COLONEL MICHAEL J. MCDONOUGH WAY, Boston, MA",SAM,,
"22 COLONEL MICHAEL J. MCDONOUGH WAY, Boston, MA",SAM,,
"24 COLONEL MICHAEL J. MCDONOUGH WAY, Boston, MA",SAM,,
"27 COLONEL MICHAEL J. MCDONOUGH WAY, Boston, MA",SAM,,
"3 COLONEL MICHAEL J. MCDONOUGH WAY, Boston, MA",SAM,,
"7 COLONEL MICHAEL J. MCDONOUGH WAY, Boston, MA",SAM,,
"9 COLONEL MICHAEL J. MCDONOUGH WAY, Boston, MA",SAM,,
"10 MONSIGNOR DENNIS F. O'CALLAGHAN WAY, Boston, MA",SAM,,
"100 MONSIGNOR DENNIS F. O'CALLAGHAN WAY, Boston, MA",SAM,,
"102 MONSIGNOR DENNIS F. O'CALLAGHAN WAY, Boston, MA",SAM,,
"104 MONSIGNOR DENNIS F. O'CALLAGHAN WAY, Boston, MA",SAM,,
"106 MONSIGNOR DENNIS F. O'CALLAGHAN WAY, Boston, MA",SAM,,
"108 MONSIGNOR DENNIS F. O'CALLAGHAN WAY, Boston, MA",SAM,,
"11 MONSIGNOR DENNIS F. O'CALLAGHAN WAY, Boston, MA",SAM,,
"110 MONSIGNOR DENNIS F. O'CALLAGHAN WAY, Boston, MA",SAM,,
"112 MONSIGNOR DENNIS F. O'CALLAGHAN WAY, Boston, MA",SAM,,
"114 MONSIGNOR DENNIS F. O'CALLAGHAN WAY, Boston, MA",SAM,,
"116 MONSIGNOR DENNIS F. O'CALLAGHAN WAY, Boston, MA",SAM,,
"118 MONSIGNOR DENNIS F. O'CALLAGHAN WAY, Boston, MA",SAM,,
"12 MONSIGNOR DENNIS F. O'CALLAGHAN WAY, Boston, MA",SAM,,
"120 MONSIGNOR DENNIS F. O'CALLAGHAN WAY, Boston, MA",SAM,,
"122 MONSIGNOR DENNIS F. O'CALLAGHAN WAY, Boston, MA",SAM,,
"124 MONSIGNOR DENNIS F. O'CALLAGHAN WAY, Boston, MA",SAM,,
"126 MONSIGNOR DENNIS F. O'CALLAGHAN WAY, Boston, MA",SAM,,
"128 MONSIGNOR DENNIS F. O'CALLAGHAN WAY, Boston, MA",SAM,,
"130 MONSIGNOR DENNIS F. O'CALLAGHAN WAY, Boston, MA",SAM,,
"132 MONSIGNOR DENNIS F. O'CALLAGHAN WAY, Boston, MA",SAM,,
"134 MONSIGNOR DENNIS F. O'CALLAGHAN WAY, Boston, MA",SAM,,
"136 MONSIGNOR DENNIS F. O'CALLAGHAN WAY, Boston, MA",SAM,,
"138 MONSIGNOR DENNIS F. O'CALLAGHAN WAY, Boston, MA",SAM,,
"14 MONSIGNOR DENNIS F. O'CALLAGHAN WAY, Boston, MA",SAM,,
"140 MONSIGNOR DENNIS F. O'CALLAGHAN WAY, Boston, MA",SAM,,
"142 MONSIGNOR DENNIS F. O'CALLAGHAN WAY, Boston, MA",SAM,,
"144 MONSIGNOR DENNIS F. O'CALLAGHAN WAY, Boston, MA",SAM,,
"146 MONSIGNOR DENNIS F. O'CALLAGHAN WAY, Boston, MA",SAM,,
"148 MONSIGNOR DENNIS F. O'CALLAGHAN WAY, Boston, MA",SAM,,
"150 MONSIGNOR DENNIS F. O'CALLAGHAN WAY, Boston, MA",SAM,,
"152 MONSIGNOR DENNIS F. O'CALLAGHAN WAY, Boston, MA",SAM,,
"154 MONSIGNOR DENNIS F. O'CALLAGHAN WAY, Boston, MA",SAM,,
"156 MONSIGNOR DENNIS F. O'CALLAGHAN WAY, Boston, MA",SAM,,
"158 MONSIGNOR DENNIS F. O'CALLAGHAN WAY, Boston, MA",SAM,,
"16 MONSIGNOR DENNIS F. O'CALLAGHAN WAY, Boston, MA",SAM,,
"160 MONSIGNOR DENNIS F. O'CALLAGHAN WAY, Boston, MA",SAM,,
"162 MONSIGNOR DENNIS F. O'CALLAGHAN WAY, Boston, MA",SAM,,
"164 MONSIGNOR DENNIS F. O'CALLAGHAN WAY, Boston, MA",SAM,,
"166 MONSIGNOR DENNIS F. O'CALLAGHAN WAY, Boston, MA",SAM,,
"168 MONSIGNOR DENNIS F. O'CALLAGHAN WAY, Boston, MA",SAM,,
"170 MONSIGNOR DENNIS F. O'CALLAGHAN WAY, Boston, MA",SAM,,
"172 MONSIGNOR DENNIS F. O'CALLAGHAN WAY, Boston, MA",SAM,,
"174 MONSIGNOR DENNIS F. O'CALLAGHAN WAY, Boston, MA",SAM,,
"176 MONSIGNOR DENNIS F. O'CALLAGHAN WAY, Boston, MA",SAM,,
"178 MONSIGNOR DENNIS F. O'CALLAGHAN WAY, Boston, MA",SAM,,
"18 MONSIGNOR DENNIS F. O'CALLAGHAN WAY, Boston, MA",SAM,,
"180 MONSIGNOR DENNIS F. O'CALLAGHAN WAY, Boston, MA",SAM,,
"182 MONSIGNOR DENNIS F. O'CALLAGHAN WAY, Boston, MA",SAM,,
"184 MONSIGNOR DENNIS F. O'CALLAGHAN WAY, Boston, MA",SAM,,
"186 MONSIGNOR DENNIS F. O'CALLAGHAN WAY, Boston, MA",SAM,,
"190 MONSIGNOR DENNIS F. O'CALLAGHAN WAY, Boston, MA",SAM,,
"192 MONSIGNOR DENNIS F. O'CALLAGHAN WAY, Boston, MA",SAM,,
"194 MONSIGNOR DENNIS F. O'CALLAGHAN WAY, Boston, MA",SAM,,
"196 MONSIGNOR DENNIS F. O'CALLAGHAN WAY, Boston, MA",SAM,,
"198 MONSIGNOR DENNIS F. O'CALLAGHAN WAY, Boston, MA",SAM,,
"20 MONSIGNOR DENNIS F. O'CALLAGHAN WAY, Boston, MA",SAM,,
"21 MONSIGNOR DENNIS F. O'CALLAGHAN WAY, Boston, MA",SAM,,
"210 MONSIGNOR DENNIS F. O'CALLAGHAN WAY, Boston, MA",SAM,,
"212 MONSIGNOR DENNIS F. O'CALLAGHAN WAY, Boston, MA",SAM,,
"214 MONSIGNOR DENNIS F. O'CALLAGHAN WAY, Boston, MA",SAM,,
"216 MONSIGNOR DENNIS F. O'CALLAGHAN WAY, Boston, MA",SAM,,
"218 MONSIGNOR DENNIS F. O'CALLAGHAN WAY, Boston, MA",SAM,,
"22 MONSIGNOR DENNIS F. O'CALLAGHAN WAY, Boston, MA",SAM,,
"220 MONSIGNOR DENNIS F. O'CALLAGHAN WAY, Boston, MA",SAM,,
"222 MONSIGNOR DENNIS F. O'CALLAGHAN WAY, Boston, MA",SAM,,
"224 MONSIGNOR DENNIS F. O'CALLAGHAN WAY, Boston, MA",SAM,,
"226 MONSIGNOR DENNIS F. O'CALLAGHAN WAY, Boston, MA",SAM,,
"228 MONSIGNOR DENNIS F. O'CALLAGHAN WAY, Boston, MA",SAM,,
"230 MONSIGNOR DENNIS F. O'CALLAGHAN WAY, Boston, MA",SAM,,
"231 MONSIGNOR DENNIS F. O'CALLAGHAN WAY, Boston, MA",SAM,,
"232 MONSIGNOR DENNIS F. O'CALLAGHAN WAY, Boston, MA",SAM,,
"234 MONSIGNOR DENNIS F. O'CALLAGHAN WAY, Boston, MA",SAM,,
"236 MONSIGNOR DENNIS F. O'CALLAGHAN WAY, Boston, MA",SAM,,
"238 MONSIGNOR DENNIS F. O'CALLAGHAN WAY, Boston, MA",SAM,,
"24 MONSIGNOR DENNIS F. O'CALLAGHAN WAY, Boston, MA",SAM,,
"240 MONSIGNOR DENNIS F. O'CALLAGHAN WAY, Boston, MA",SAM,,
"241 MONSIGNOR DENNIS F. O'CALLAGHAN WAY, Boston, MA",SAM,,
"242 MONSIGNOR DENNIS F. O'CALLAGHAN WAY, Boston, MA",SAM,,
"244 MONSIGNOR DENNIS F. O'CALLAGHAN WAY, Boston, MA",SAM,,
"246 MONSIGNOR DENNIS F. O'CALLAGHAN WAY, Boston, MA",SAM,,
"248 MONSIGNOR DENNIS F. O'CALLAGHAN WAY, Boston, MA",SAM,,
"250 MONSIGNOR DENNIS F. O'CALLAGHAN WAY, Boston, MA",SAM,,
"251 MONSIGNOR DENNIS F. O'CALLAGHAN WAY, Boston, MA",SAM,,
"252 MONSIGNOR DENNIS F. O'CALLAGHAN WAY, Boston, MA",SAM,,
"254 MONSIGNOR DENNIS F. O'CALLAGHAN WAY, Boston, MA",SAM,,
"256 MONSIGNOR DENNIS F. O'CALLAGHAN WAY, Boston, MA",SAM,,
"258 MONSIGNOR DENNIS F. O'CALLAGHAN WAY, Boston, MA",SAM,,
"26 MONSIGNOR DENNIS F. O'CALLAGHAN WAY, Boston, MA",SAM,,
"260 MONSIGNOR DENNIS F. O'CALLAGHAN WAY, Boston, MA",SAM,,
"261 MONSIGNOR DENNIS F. O'CALLAGHAN WAY, Boston, MA",SAM,,
"262 MONSIGNOR DENNIS F. O'CALLAGHAN WAY, Boston, MA",SAM,,
"264 MONSIGNOR DENNIS F. O'CALLAGHAN WAY, Boston, MA",SAM,,
"266 MONSIGNOR DENNIS F. O'CALLAGHAN WAY, Boston, MA",SAM,,
"268 MONSIGNOR DENNIS F. O'CALLAGHAN WAY, Boston, MA",SAM,,
"270 MONSIGNOR DENNIS F. O'CALLAGHAN WAY, Boston, MA",SAM,,
"272 MONSIGNOR DENNIS F. O'CALLAGHAN WAY, Boston, MA",SAM,,
"28 MONSIGNOR DENNIS F. O'CALLAGHAN WAY, Boston, MA",SAM,,
"3 MONSIGNOR DENNIS F. O'CALLAGHAN WAY, Boston, MA",SAM,,
"30 MONSIGNOR DENNIS F. O'CALLAGHAN WAY, Boston, MA",SAM,,
"31 MONSIGNOR DENNIS F. O'CALLAGHAN WAY, Boston, MA",SAM,,
"32 MONSIGNOR DENNIS F. O'CALLAGHAN WAY, Boston, MA",SAM,,
"34 MONSIGNOR DENNIS F. O'CALLAGHAN WAY, Boston, MA",SAM,,
"36 MONSIGNOR DENNIS F. O'CALLAGHAN WAY, Boston, MA",SAM,,
"37 MONSIGNOR DENNIS F. O'CALLAGHAN WAY, Boston, MA",SAM,,
"38 MONSIGNOR DENNIS F. O'CALLAGHAN WAY, Boston, MA",SAM,,
"4 MONSIGNOR DENNIS F. O'CALLAGHAN WAY, Boston, MA",SAM,,
"40 MONSIGNOR DENNIS F. O'CALLAGHAN WAY, Boston, MA",SAM,,
"42 MONSIGNOR DENNIS F. O'CALLAGHAN WAY, Boston, MA",SAM,,
"44 MONSIGNOR DENNIS F. O'CALLAGHAN WAY, Boston, MA",SAM,,
"46 MONSIGNOR DENNIS F. O'CALLAGHAN WAY, Boston, MA",SAM,,
"48 MONSIGNOR DENNIS F. O'CALLAGHAN WAY, Boston, MA",SAM,,
"50 MONSIGNOR DENNIS F. O'CALLAGHAN WAY, Boston, MA",SAM,,
"52 MONSIGNOR DENNIS F. O'CALLAGHAN WAY, Boston, MA",SAM,,
"54 MONSIGNOR DENNIS F. O'CALLAGHAN WAY, Boston, MA",SAM,,
"56 MONSIGNOR DENNIS F. O'CALLAGHAN WAY, Boston, MA",SAM,,
"58 MONSIGNOR DENNIS F. O'CALLAGHAN WAY, Boston, MA",SAM,,
"6 MONSIGNOR DENNIS F. O'CALLAGHAN WAY, Boston, MA",SAM,,
"60 MONSIGNOR DENNIS F. O'CALLAGHAN WAY, Boston, MA",SAM,,
"62 MONSIGNOR DENNIS F. O'CALLAGHAN WAY, Boston, MA",SAM,,
"64 MONSIGNOR DENNIS F. O'CALLAGHAN WAY, Boston, MA",SAM,,
"66 MONSIGNOR DENNIS F. O'CALLAGHAN WAY, Boston, MA",SAM,,
"68 MONSIGNOR DENNIS F. O'CALLAGHAN WAY, Boston, MA",SAM,,
"70 MONSIGNOR DENNIS F. O'CALLAGHAN WAY, Boston, MA",SAM,,
"72 MONSIGNOR DENNIS F. O'CALLAGHAN WAY, Boston, MA",SAM,,
"74 MONSIGNOR DENNIS F. O'CALLAGHAN WAY, Boston, MA",SAM,,
"76 MONSIGNOR DENNIS F. O'CALLAGHAN WAY, Boston, MA",SAM,,
"78 MONSIGNOR DENNIS F. O'CALLAGHAN WAY, Boston, MA",SAM,,
"80 MONSIGNOR DENNIS F. O'CALLAGHAN WAY, Boston, MA",SAM,,
"82 MONSIGNOR DENNIS F. O'CALLAGHAN WAY, Boston, MA",SAM,,
"84 MONSIGNOR DENNIS F. O'CALLAGHAN WAY, Boston, MA",SAM,,
"86 MONSIGNOR DENNIS F. O'CALLAGHAN WAY, Boston, MA",SAM,,
"88 MONSIGNOR DENNIS F. O'CALLAGHAN WAY, Boston, MA",SAM,,
"90 MONSIGNOR DENNIS F. O'CALLAGHAN WAY, Boston, MA",SAM,,
"91 MONSIGNOR DENNIS F. O'CALLAGHAN WAY, Boston, MA",SAM,,
"92 MONSIGNOR DENNIS F. O'CALLAGHAN WAY, Boston, MA",SAM,,
"94 MONSIGNOR DENNIS F. O'CALLAGHAN WAY, Boston, MA",SAM,,
"96 MONSIGNOR DENNIS F. O'CALLAGHAN WAY, Boston, MA",SAM,,
"98 MONSIGNOR DENNIS F. O'CALLAGHAN WAY, Boston, MA",SAM,,
"99 MONSIGNOR DENNIS F. O'CALLAGHAN WAY, Boston, MA",SAM,,
"371 OLD COLONY AVENUE, Boston, MA",SAM,-71.05266961351538,42.32751951209668
"375 OLD COLONY AVENUE, Boston, MA",SAM,-71.0526603411107,42.32737585327946
"381 OLD COLONY AVENUE, Boston, MA",SAM,-71.05264613346567,42.32716273838935
"391 OLD COLONY AVENUE, Boston, MA",SAM,-71.0526264247084,42.32695535379711
"401 OLD COLONY AVENUE, Boston, MA",SAM,-71.0526069781187,42.32675126966353
"403 OLD COLONY AVENUE, Boston, MA",SAM,-71.05260033002897,42.32665215258995
"415 OLD COLONY AVENUE, Boston, MA",SAM,-71.05256125407709,42.326059773984916
"417 OLD COLONY AVENUE, Boston, MA",SAM,-71.05256008661112,42.3259605388744
"419 OLD COLONY AVENUE, Boston, MA",SAM,-71.05255891914514,42.32586130376387
"421 OLD COLONY AVENUE, Boston, MA",SAM,-71.05255775167916,42.32576206865336
"425 OLD COLONY AVENUE, Boston, MA",SAM,-71.0525554167472,42.325563598432325
"429 OLD COLONY AVENUE, Boston, MA",SAM,-71.05255308181523,42.325365128211295
"431 OLD COLONY AVENUE, Boston, MA",SAM,-71.05255025946448,42.32524949048299
"435 OLD COLONY AVENUE, Boston, MA",SAM,-71.05254118592038,42.325004504374874
"437 OLD COLONY AVENUE, Boston, MA",SAM,-71.05253664914832,42.32488201132081
"441 OLD COLONY AVENUE, Boston, MA",SAM,-71.0525275756042,42.32463702521269
"445 OLD COLONY AVENUE, Boston, MA",SAM,-71.05251850206008,42.32439203910457
"449 OLD COLONY AVENUE, Boston, MA",SAM,-71.05250526663575,42.32389012260158
"451 OLD COLONY AVENUE, Boston, MA",SAM,-71.05249557001316,42.32350225674715
"453 OLD COLONY AVENUE, Boston, MA",SAM,-71.05247858630372,42.32311357767777
"455 OLD COLONY AVENUE, Boston, MA",SAM,-71.05237916799541,42.32256178942192
"457 OLD COLONY AVENUE, Boston, MA",SAM,-71.05237647004178,42.32254723301427
"459 OLD COLONY AVENUE, Boston, MA",SAM,-71.05237377208815,42.32253267660664
"461 OLD COLONY AVENUE, Boston, MA",SAM,-71.05237107413453,42.32251812019899
"1 HENRY STERLING SQUARE, Boston, MA",SAM,-71.03955688122223,42.36947757576418
"10 HENRY STERLING SQUARE, Boston, MA",SAM,-71.0548842558827,42.32665146975885
"12 HENRY STERLING SQUARE, Boston, MA",SAM,-71.05481962816921,42.3267175024258
"14 HENRY STERLING SQUARE, Boston, MA",SAM,-71.05472708379845,42.32681052865548
"16 HENRY STERLING SQUARE, Boston, MA",SAM,-71.05471954336372,42.32681798622866
"2 HENRY STERLING SQUARE, Boston, MA",SAM,-71.05514276673671,42.32638733909107
"3 HENRY STERLING SQUARE, Boston, MA",SAM,-71.054602939714,42.32674191882987
"4 HENRY STERLING SQUARE, Boston, MA",SAM,-71.0550781390232,42.32645337175802
"5 HENRY STERLING SQUARE, Boston, MA",SAM,-71.0545963418336,42.3267484442064
"6 HENRY STERLING SQUARE, Boston, MA",SAM,-71.05501351130971,42.32651940442494
"8 HENRY STERLING SQUARE, Boston, MA",SAM,-71.0549488835962,42.32658543709191
"235 EIGHTH STREET, Boston, MA",SAM,-71.05072510807571,42.332500332420345
"241 EIGHTH STREET, Boston, MA",SAM,-71.05066725942679,42.33246271304512
"247 EIGHTH STREET, Boston, MA",SAM,-71.05060941077788,42.33242509366988
"259 EIGHTH STREET, Boston, MA",SAM,-71.05049371348007,42.33234985491942
"265 EIGHTH STREET, Boston, MA",SAM,-71.05043586483116,42.33231223554417
"271 EIGHTH STREET, Boston, MA",SAM,-71.04980814053654,42.3319504819883
"283 EIGHTH STREET, Boston, MA",SAM,-71.04951831426396,42.33176391325145
"289 EIGHTH STREET, Boston, MA",SAM,-71.04937199557331,42.331672631845876
"313 EIGHTH STREET, Boston, MA",SAM,-71.04848791756108,42.331165092310506
"319 EIGHTH STREET, Boston, MA",SAM,-71.04835718789587,42.331168625541025
"325 EIGHTH STREET, Boston, MA",SAM,-71.04811552580891,42.33117485518259
"331 EIGHTH STREET, Boston, MA",SAM,-71.04749195767617,42.33118927292496
"242 NINTH STREET, Boston, MA",SAM,-71.05186636572124,42.332753228167086
"253 NINTH STREET, Boston, MA",SAM,-71.05194058655333,42.332643536516734
"254 NINTH STREET, Boston, MA",SAM,-71.05182344243624,42.332718651068646
"266 NINTH STREET, Boston, MA",SAM,-71.05178051915127,42.332684073970206
"290 NINTH STREET, Boston, MA",SAM,-71.05169467258129,42.33261491977333
"1190 COLUMBIA ROAD, Boston, MA",SAM,-71.05163487156257,42.329713511629535
"1196 COLUMBIA ROAD, Boston, MA",SAM,-71.05134980692004,42.3299070011905
"1244 COLUMBIA ROAD, Boston, MA",SAM,-71.04927207973644,42.33040718691902
"266 DORCHESTER STREET, Boston, MA",SAM,-71.05219521561023,42.33203890556797
"104 MERCER STREET, Boston, MA",SAM,-71.04956887287062,42.330925597184226
"73 MERCER STREET, Boston, MA",SAM,-71.10575069137859,42.26574845644373
"98 MERCER STREET, Boston, MA",SAM,-71.10577340464437,42.265915489660436
"242 OLD COLONY AVENUE, Boston, MA",SAM,-71.05301137984016,42.331413867619986
"102 NEWTON STREET, Boston, MA",SAM,-71.1667584243539,42.356757000913454
"56 NEWTON STREET, Boston, MA",SAM,-71.16464988296792,42.356919207617764
"58 NEWTON STREET, Boston, MA",SAM,-71.16472658050067,42.356937110660745
"60 NEWTON STREET, Boston, MA",SAM,-71.16479143047664,42.3569490349025
"62 NEWTON STREET, Boston, MA",SAM,-71.16488364618604,42.356949034905455
"64 NEWTON STREET, Boston, MA",SAM,-71.16497586189544,42.35694903490842
"66 NEWTON STREET, Boston, MA",SAM,-71.16505744770907,42.35694700539133
"68 NEWTON STREET, Boston, MA",SAM,-71.16514883041589,42.356937867122376
"70 NEWTON STREET, Boston, MA",SAM,-71.16524021312273,42.35692872885342
"72 NEWTON STREET, Boston, MA",SAM,-71.16533159582956,42.35691959058445
"74 NEWTON STREET, Boston, MA",SAM,-71.16542297853638,42.356910452315475
"76 NEWTON STREET, Boston, MA",SAM,-71.16551436124321,42.356901314046546
"78 NEWTON STREET, Boston, MA",SAM,-71.16560574395005,42.356892175777574
"80 NEWTON STREET, Boston, MA",SAM,-71.16569712665687,42.35688303750861
"82 NEWTON STREET, Boston, MA",SAM,-71.16578850936372,42.35687389923965
"84 NEWTON STREET, Boston, MA",SAM,-71.16587773856632,42.35686424979218
"86 NEWTON STREET, Boston, MA",SAM,-71.16596876640325,42.35685334825632
"90 NEWTON STREET, Boston, MA",SAM,-71.1661508220771,42.35683154518459
"92 NEWTON STREET, Boston, MA",SAM,-71.16624184991404,42.35682064364871
"94 NEWTON STREET, Boston, MA",SAM,-71.16633287775095,42.35680974211285
"96 NEWTON STREET, Boston, MA",SAM,-71.16642390558788,42.35679884057699
"98 NEWTON STREET, Boston, MA",SAM,-71.1665149334248,42.35678793904111
"1 AMES STREET, Boston, MA",SAM,-71.08655695745263,42.290683983909325
"11 AMES STREET, Boston, MA",SAM,-71.08649504866932,42.290404269969
"13 AMES STREET, Boston, MA",SAM,-71.08646568660636,42.290341129174784
"17 AMES STREET, Boston, MA",SAM,-71.08640352610095,42.29023623501972
"18 AMES STREET, Boston, MA",SAM,-71.08623486815075,42.29024173669538
"22 AMES STREET, Boston, MA",SAM,-71.08612578914678,42.29009633627696
"27 AMES WAY, Boston, MA",SAM,-71.08646488115504,42.28985872858728
"28 AMES STREET, Boston, MA",SAM,-71.08607315210622,42.290042276601326
"29 AMES WAY, Boston, MA",SAM,-71.08646091317082,42.289840296653075
"32 AMES STREET, Boston, MA",SAM,-71.08603806074586,42.290006236817575
"38 AMES STREET, Boston, MA",SAM,-71.08598955093477,42.289961844340425
"42 AMES STREET, Boston, MA",SAM,-71.08594701198967,42.28993049984754
"43 AMES WAY, Boston, MA",SAM,-71.08643313728147,42.28971127311369
"49 AMES STREET, Boston, MA",SAM,-71.08552152984724,42.28960587725421
"53 AMES STREET, Boston, MA",SAM,-71.08539258992063,42.289567387713795
"55 AMES STREET, Boston, MA",SAM,-71.0853099527836,42.28955183019133
"57 AMES STREET, Boston, MA",SAM,-71.08524149932224,42.28954285268471
"59 AMES STREET, Boston, MA",SAM,-71.08517304586088,42.28953387517809
"63 AMES STREET, Boston, MA",SAM,-71.08502190461486,42.289521045173224
"69 AMES STREET, Boston, MA",SAM,-71.08480387828092,42.28952385221662
"7 AMES STREET, Boston, MA",SAM,-71.08652705893765,42.29051788097107
"73 AMES STREET, Boston, MA",SAM,-71.0846659229708,42.289536685266015
"75 AMES STREET, Boston, MA",SAM,-71.08458928757406,42.28954739025312
"77 AMES STREET, Boston, MA",SAM,-71.0845216912412,42.289559407378334
"78 AMES STREET, Boston, MA",SAM,-71.08552217251295,42.289729638242115
"79 AMES STREET, Boston, MA",SAM,-71.08445409490835,42.28957142450355
"82 AMES STREET, Boston, MA",SAM,-71.08546649390829,42.289713017758764
"83 AMES STREET, Boston, MA",SAM,-71.08431754569402,42.28959805990336
"84 AMES STREET, Boston, MA",SAM,-71.08543865460594,42.28970470751708
"86 AMES STREET, Boston, MA",SAM,-71.08541081530362,42.28969639727539
"88 AMES STREET, Boston, MA",SAM,-71.08538297600128,42.2896880870337
"9 AMES STREET, Boston, MA",SAM,-71.08651066267545,42.290458919009644
"92 AMES STREET, Boston, MA",SAM,-71.0853272973966,42.28967146655035
"102 STRATTON STREET, Boston, MA",SAM,-71.08599536564525,42.28910295370853
"104 STRATTON STREET, Boston, MA",SAM,-71.08585987732664,42.28906239937124
"106 STRATTON STREET, Boston, MA",SAM,-71.085724389008,42.28902184503394
"108 STRATTON STREET, Boston, MA",SAM,-71.08558890068942,42.28898129069669
"112 STRATTON STREET, Boston, MA",SAM,-71.08531877949302,42.288908787083315
"118 STRATTON STREET, Boston, MA",SAM,-71.0849051280923,42.28882862777965
"122 STRATTON STREET, Boston, MA",SAM,-71.0846205034889,42.288795171559954
"124 STRATTON STREET, Boston, MA",SAM,-71.08448207713458,42.288786325939576
"126 STRATTON STREET, Boston, MA",SAM,-71.08433610171315,42.28878091943708
"128 STRATTON STREET, Boston, MA",SAM,-71.08420195288467,42.28878976157228
"132 STRATTON STREET, Boston, MA",SAM,-71.08391102204057,42.28881079271115
"16 STRATTON STREET, Boston, MA",SAM,-71.08855961744199,42.290784531555815
"18 STRATTON STREET, Boston, MA",SAM,-71.08853271264361,42.29075098744556
"32 STRATTON STREET, Boston, MA",SAM,-71.08832461137929,42.290492299782294
"34 STRATTON STREET, Boston, MA",SAM,-71.08828640192077,42.290458205180855
"36 STRATTON STREET, Boston, MA",SAM,-71.08824819246226,42.29042411057943
"38 STRATTON STREET, Boston, MA",SAM,-71.08820998300374,42.29039001597802
"48 STRATTON STREET, Boston, MA",SAM,-71.08801959487488,42.29022088395118
"52 STRATTON STREET, Boston, MA",SAM,-71.08794104514348,42.290154033100926
"54 STRATTON STREET, Boston, MA",SAM,-71.08790177027778,42.29012060767582
"56 STRATTON STREET, Boston, MA",SAM,-71.08786249541208,42.29008718225068
"58 STRATTON STREET, Boston, MA",SAM,-71.08782322054638,42.29005375682558
"62 STRATTON STREET, Boston, MA",SAM,-71.08774467081498,42.28998690597534
"98 STRATTON STREET, Boston, MA",SAM,-71.08625590924939,42.289189780484044
"158 WESTVIEW STREET, Boston, MA",SAM,-71.08488293795477,42.29068729438698
"162 WESTVIEW STREET, Boston, MA",SAM,-71.08500024746891,42.290682989453856
"164 WESTVIEW STREET, Boston, MA",SAM,-71.08506162837423,42.29068166804616
"166 WESTVIEW STREET, Boston, MA",SAM,-71.08512034876141,42.29068102276896
"168 WESTVIEW STREET, Boston, MA",SAM,-71.08517906914855,42.290680377491775
"172 WESTVIEW STREET, Boston, MA",SAM,-71.08529650992288,42.29067908693739
"178 WESTVIEW STREET, Boston, MA",SAM,-71.08547267108436,42.2906771511058
"182 WESTVIEW STREET, Boston, MA",SAM,-71.08559011185868,42.29067586055142
"184 WESTVIEW STREET, Boston, MA",SAM,-71.08564883224585,42.2906752152742
"186 WESTVIEW STREET, Boston, MA",SAM,-71.08570755263301,42.29067456999701
"188 WESTVIEW STREET, Boston, MA",SAM,-71.08576627302016,42.29067392471982
"192 WESTVIEW STREET, Boston, MA",SAM,-71.08588776803693,42.2906741470638
"208 WESTVIEW STREET, Boston, MA",SAM,-71.08635724747477,42.29068727937256
"212 WESTVIEW STREET, Boston, MA",SAM,-71.08657429474987,42.29069623978638
"214 WESTVIEW STREET, Boston, MA",SAM,-71.08662464063313,42.29069948790995
"216 WESTVIEW STREET, Boston, MA",SAM,-71.08667498651637,42.290702736033495
"218 WESTVIEW STREET, Boston, MA",SAM,-71.08672533239961,42.29070598415708
"222 WESTVIEW STREET, Boston, MA",SAM,-71.0868260241661,42.2907124804042
"228 WESTVIEW STREET, Boston, MA",SAM,-71.08698682644946,42.29073016598825
"232 WESTVIEW STREET, Boston, MA",SAM,-71.08708515280243,42.290747481326555
"234 WESTVIEW STREET, Boston, MA",SAM,-71.0871343159789,42.2907561389957
"236 WESTVIEW STREET, Boston, MA",SAM,-71.08718347915541,42.290764796664845
"238 WESTVIEW STREET, Boston, MA",SAM,-71.08723264233188,42.290773454334
"242 WESTVIEW STREET, Boston, MA",SAM,-71.08733096868487,42.29079076967232
"10 ANNAPOLIS STREET, Boston, MA",SAM,-71.06190529943025,42.31749151930483
"12 ANNAPOLIS STREET, Boston, MA",SAM,-71.06188339717856,42.31748593911176
"16 ANNAPOLIS STREET, Boston, MA",SAM,-71.06183959267517,42.31747477872564
"2 ANNAPOLIS STREET, Boston, MA",SAM,-71.061992908437,42.31751384007708
"4 ANNAPOLIS STREET, Boston, MA",SAM,-71.0619710061853,42.31750825988404
"6 ANNAPOLIS STREET, Boston, MA",SAM,-71.06194910393363,42.31750267969095
"8 ANNAPOLIS STREET, Boston, MA",SAM,-71.06192720168193,42.31749709949791
"11 BAKERSFIELD STREET, Boston, MA",SAM,-71.06081037961313,42.31768868319188
"15 BAKERSFIELD STREET, Boston, MA",SAM,-71.0608703538114,42.317498409482184
"19 BAKERSFIELD STREET, Boston, MA",SAM,-71.06092209349914,42.3173328424908
"54 SUMNER STREET, Boston, MA",SAM,-71.06183096011877,42.317907608296494
"342 ASHMONT STREET, Boston, MA",SAM,-71.05809956728355,42.28742009843747
"344 ASHMONT STREET, Boston, MA",SAM,-71.05804799215791,42.2874343964922
"346 ASHMONT STREET, Boston, MA",SAM,-71.05799641703223,42.28744869454694
"348 ASHMONT STREET, Boston, MA",SAM,-71.05794484190659,42.28746299260168
"352 ASHMONT STREET, Boston, MA",SAM,-71.05784169165523,42.28749158871117
"354 ASHMONT STREET, Boston, MA",SAM,-71.05779011652959,42.28750588676589
"356 ASHMONT STREET, Boston, MA",SAM,-71.05764819118659,42.28754710635812
"358 ASHMONT STREET, Boston, MA",SAM,-71.05761524413575,42.287557115588925
"364 ASHMONT STREET, Boston, MA",SAM,-71.05751640298325,42.28758714328126
"366 ASHMONT STREET, Boston, MA",SAM,-71.05748345593241,42.28759715251205
"370 ASHMONT STREET, Boston, MA",SAM,-71.05741756183075,42.287617170973625
"372 ASHMONT STREET, Boston, MA",SAM,-71.0573846147799,42.2876271802044
"374 ASHMONT STREET, Boston, MA",SAM,-71.05735876490296,42.287635784984786
"125 ELM HILL AVENUE, Boston, MA",SAM,-71.08847234141842,42.30839330519474
"129 ELM HILL AVENUE, Boston, MA",SAM,-71.08850132186986,42.308354992054134
"199 H STREET, Boston, MA",SAM,-71.04150202464437,42.331228775117815
"11 DR. MARY MOORE BEATTY CIRCLE, Boston, MA",SAM,-71.07897302076464,42.27184523965628
"17 DR. MARY MOORE BEATTY CIRCLE, Boston, MA",SAM,-71.07904239267589,42.27192549345459
"19 DR. MARY MOORE BEATTY CIRCLE, Boston, MA",SAM,-71.0790655166463,42.27195224472069
"23 DR. MARY MOORE BEATTY CIRCLE, Boston, MA",SAM,-71.07911176458713,42.27200574725289
"5 DR. MARY MOORE BEATTY CIRCLE, Boston, MA",SAM,-71.07890364885338,42.27176498585796
"7 DR. MARY MOORE BEATTY CIRCLE, Boston, MA",SAM,-71.07892677282379,42.27179173712408
"105 DAVISON STREET, Boston, MA",SAM,-71.11689472041273,42.25842262131793
"109 DAVISON STREET, Boston, MA",SAM,-71.11685218068489,42.258467935377915
"93 DAVISON STREET, Boston, MA",SAM,-71.11702233959622,42.25828667913799
"112 PIERCE STREET, Boston, MA",SAM,-71.11630689099947,42.25804917489529
"175 NINTH STREET, Boston, MA",SAM,-71.05131312548687,42.375221625353845
"177 NINTH STREET, Boston, MA",SAM,-71.05130144037594,42.37521115482196
"179 NINTH STREET, Boston, MA",SAM,-71.051289755265,42.37520068429008
"181 NINTH STREET, Boston, MA",SAM,-71.05127807015408,42.3751902137582
"183 NINTH STREET, Boston, MA",SAM,-71.05126638504314,42.37517974322633
"187 NINTH STREET, Boston, MA",SAM,-71.05124301482128,42.375158802162574
"189 NINTH STREET, Boston, MA",SAM,-71.05123132971035,42.37514833163071
"191 NINTH STREET, Boston, MA",SAM,-71.05121964459941,42.37513786109882
"193 NINTH STREET, Boston, MA",SAM,-71.0512079594885,42.37512739056694
"10 FREDERICK STREET, Boston, MA",SAM,-71.05312198851249,42.333536252640776
"6 FREDERICK STREET, Boston, MA",SAM,-71.0531009266134,42.33354898069554
"8 FREDERICK STREET, Boston, MA",SAM,-71.05311145756295,42.33354261666817
"10 GUSTIN STREET, Boston, MA",SAM,-71.05305720917444,42.332694884776956
"12 GUSTIN STREET, Boston, MA",SAM,-71.05306132610346,42.33269202082617
"8 GUSTIN STREET, Boston, MA",SAM,-71.05305309224542,42.33269774872774
"21 LARK STREET, Boston, MA",SAM,-71.0536730151278,42.332993250615345
"23 LARK STREET, Boston, MA",SAM,-71.05367665828604,42.33299118434639
"11 MITCHELL STREET, Boston, MA",SAM,-71.0522356294567,42.33276554610808
"15 MITCHELL STREET, Boston, MA",SAM,-71.05226712526054,42.332744442319665
"17 MITCHELL STREET, Boston, MA",SAM,-71.05228287316245,42.33273389042544
"19 MITCHELL STREET, Boston, MA",SAM,-71.05229862106437,42.332723338531224
"21 MITCHELL STREET, Boston, MA",SAM,-71.05231436896628,42.33271278663701
"10 LEDGEMERE ROAD, Boston, MA",SAM,-71.1532772256174,42.34387672954091
"12 LEDGEMERE ROAD, Boston, MA",SAM,-71.1532626816005,42.34387582053926
"14 LEDGEMERE ROAD, Boston, MA",SAM,-71.15324813758359,42.343874911537604
"15 LEDGEMERE ROAD, Boston, MA",SAM,-71.15324873478633,42.34375994853367
"16 LEDGEMERE ROAD, Boston, MA",SAM,-71.1532335935667,42.343874002535955
"17 LEDGEMERE ROAD, Boston, MA",SAM,-71.15323448758608,42.34375905808307
"18 LEDGEMERE ROAD, Boston, MA",SAM,-71.15321904954983,42.343873093534306
"2 LEDGEMERE ROAD, Boston, MA",SAM,-71.15335053309609,42.3438756869492
"20 LEDGEMERE ROAD, Boston, MA",SAM,-71.15320450553293,42.34387218453266
"22 LEDGEMERE ROAD, Boston, MA",SAM,-71.15318996151602,42.343871275530994
"23 LEDGEMERE ROAD, Boston, MA",SAM,-71.15319174598542,42.34375638673127
"3 LEDGEMERE ROAD, Boston, MA",SAM,-71.15331895497694,42.343763001035725
"4 LEDGEMERE ROAD, Boston, MA",SAM,-71.15333602906952,42.34387689561778
"6 LEDGEMERE ROAD, Boston, MA",SAM,-71.15332152504293,42.34387810428636
"8 LEDGEMERE ROAD, Boston, MA",SAM,-71.15329176963427,42.34387763854256
"11 MELVILLE AVENUE, Boston, MA",SAM,-71.06965432775918,42.29384347500757
"13 MELVILLE AVENUE, Boston, MA",SAM,-71.0695069116178,42.29388244537585
"15 MELVILLE AVENUE, Boston, MA",SAM,-71.06939388154578,42.293913327909344
"7 MELVILLE AVENUE, Boston, MA",SAM,-71.0700967122313,42.29373042119824
"9 MELVILLE AVENUE, Boston, MA",SAM,-71.06987551999524,42.293786948102905
"440 TREMONT STREET, Boston, MA",SAM,-71.0690608809054,42.34653633854651
"21 LYNDEBORO STREET, Boston, MA",SAM,-71.06986367222994,42.379467147215486
"375 MAIN STREET, Boston, MA",SAM,-71.06934458093,42.379747958299724
"381 MAIN STREET, Boston, MA",SAM,-71.06939559863935,42.37980008510165
"390 MAIN STREET, Boston, MA",SAM,-71.06983064530745,42.38005911272316
"391 MAIN STREET, Boston, MA",SAM,-71.06965777206223,42.38008053577259
"5 MIDDLESEX STREET, Boston, MA",SAM,-71.07036165778804,42.38019154110932
"9 MIDDLESEX STREET, Boston, MA",SAM,-71.07062195330779,42.38006558031792
"114 RUTHERFORD AVENUE, Boston, MA",SAM,-71.06441291670018,42.3734550883897
"14 CLIPPER SHIP LANE, Boston, MA",SAM,-71.04110532751439,42.3693030028672
"10 MARGINAL STREET, Boston, MA",SAM,-71.04060716859516,42.36745354814491
"12 MARGINAL STREET, Boston, MA",SAM,-71.04057138897382,42.36743865510096
"14 MARGINAL STREET, Boston, MA",SAM,-71.04053560935246,42.367423762057065
"16 MARGINAL STREET, Boston, MA",SAM,-71.04049982973112,42.36740886901314
"2 MARGINAL STREET, Boston, MA",SAM,-71.04075028708057,42.367513120320595
"20 MARGINAL STREET, Boston, MA",SAM,-71.0404282704884,42.36737908292529
"22 MARGINAL STREET, Boston, MA",SAM,-71.04039249086706,42.36736418988138
"24 MARGINAL STREET, Boston, MA",SAM,-71.0403567112457,42.367349296837425
"26 MARGINAL STREET, Boston, MA",SAM,-71.04032093162435,42.36733440379353
"28 MARGINAL STREET, Boston, MA",SAM,-71.04028515200301,42.36731951074961
"30 MARGINAL STREET, Boston, MA",SAM,-71.04024937238164,42.36730461770568
"4 MARGINAL STREET, Boston, MA",SAM,-71.04071450745921,42.36749822727666
"6 MARGINAL STREET, Boston, MA",SAM,-71.04067872783786,42.367483334232745
"8 MARGINAL STREET, Boston, MA",SAM,-71.0406429482165,42.36746844118881
"2 BREMEN STREET, Boston, MA",SAM,-71.0399962306808,42.3672008935707
"24 BREMEN STREET, Boston, MA",SAM,-71.0394217251501,42.367937579178964
"28 BREMEN STREET, Boston, MA",SAM,-71.03932275950572,42.368074384633374
"4 BREMEN STREET, Boston, MA",SAM,-71.03994240515198,42.36726748185648
"8 BREMEN STREET, Boston, MA",SAM,-71.03983475409436,42.36740065842805
"70 SAINT BOTOLPH STREET, Boston, MA",SAM,-71.08014854306334,42.345348035198626
"185 FULTON STREET, Boston, MA",SAM,-71.05205408202183,42.36327532820037
"25 SPRING STREET, Boston, MA",SAM,-71.1616136779796,42.277927726902185
"27 SPRING STREET, Boston, MA",SAM,-71.1616682099181,42.27791497917647
"29 SPRING STREET, Boston, MA",SAM,-71.16172274185658,42.277902231450774
"31 SPRING STREET, Boston, MA",SAM,-71.16177727379508,42.27788948372504
"33 SPRING STREET, Boston, MA",SAM,-71.16183180573356,42.27787673599933
"35 SPRING STREET, Boston, MA",SAM,-71.16188633767204,42.27786398827362
"1 CLIFFMONT STREET, Boston, MA",SAM,-71.12041880080557,42.27870260154658
"61 SUMMER STREET, Boston, MA",SAM,-71.12505929771451,42.25919359275271
"65 SUMMER STREET, Boston, MA",SAM,-71.12504482756674,42.259294883759736
"69 SUMMER STREET, Boston, MA",SAM,-71.12503035741894,42.259396174766756
"73 SUMMER STREET, Boston, MA",SAM,-71.12501588727112,42.259497465773805
"4 FIDELIS WAY, Boston, MA",SAM,-71.14300474936843,42.345271895327144
"8 FIDELIS WAY, Boston, MA",SAM,-71.14340025356314,42.34568373875572
"10 SEVENTH STREET, Boston, MA",SAM,-71.05633971582887,42.337916023067244
"14 SEVENTH STREET, Boston, MA",SAM,-71.05609855845178,42.33775525144638
"30 SEVENTH STREET, Boston, MA",SAM,-71.0557390797674,42.337524217118194
"32 SEVENTH STREET, Boston, MA",SAM,-71.05570346068994,42.33750229768093
"34 SEVENTH STREET, Boston, MA",SAM,-71.05566784161245,42.33748037824367
"36 SEVENTH STREET, Boston, MA",SAM,-71.05563222253497,42.33745845880644
"38 SEVENTH STREET, Boston, MA",SAM,-71.05559660345747,42.33743653936919
"54 SEVENTH STREET, Boston, MA",SAM,-71.05517555992527,42.33716812617574
"6 SEVENTH STREET, Boston, MA",SAM,-71.05658618036766,42.33807474832931
"60 SEVENTH STREET, Boston, MA",SAM,-71.05491205966145,42.33698920620334
"62 SEVENTH STREET, Boston, MA",SAM,-71.05482422624016,42.33692956621254
"74 SEVENTH STREET, Boston, MA",SAM,-71.05440763149207,42.33665133318918
"78 SEVENTH STREET, Boston, MA",SAM,-71.05432338402771,42.336596813599904
"8 SEVENTH STREET, Boston, MA",SAM,-71.05646261134453,42.33799688289991
"80 SEVENTH STREET, Boston, MA",SAM,-71.05428064076521,42.336569546340115
"86 SEVENTH STREET, Boston, MA",SAM,-71.05415241097774,42.33648774456072
"107 B STREET, Boston, MA",SAM,-71.05367682992136,42.34091314351056
"37 B STREET, Boston, MA",SAM,-71.12558950467198,42.25023662209816
"45 B STREET, Boston, MA",SAM,-71.12549923085982,42.250212387511134
"7 B STREET, Boston, MA",SAM,-71.1259280314676,42.250327501799546
"87 B STREET, Boston, MA",SAM,-71.12502194724823,42.2501055839796
"9 B STREET, Boston, MA",SAM,-71.12590546301453,42.25032144315279
"149 BROADWAY NAN, Boston, MA",SAM,-71.05378121406594,42.340625190563
"157 BROADWAY NAN, Boston, MA",SAM,-71.05364623039011,42.34053929184087
"165 BROADWAY NAN, Boston, MA",SAM,-71.05334029402262,42.34034195876541
"1 CROWLEY-ROGERS WAY, Boston, MA",SAM,-71.05476642805004,42.34001451730109
"10 CROWLEY-ROGERS WAY, Boston, MA",SAM,-71.05424529082602,42.339833172735766
"12 CROWLEY-ROGERS WAY, Boston, MA",SAM,-71.05414034330066,42.339766158035815
"17 CROWLEY-ROGERS WAY, Boston, MA",SAM,-71.05448656798241,42.33983581143454
"2 CROWLEY-ROGERS WAY, Boston, MA",SAM,-71.05466508092744,42.340101231535584
"25 CROWLEY-ROGERS WAY, Boston, MA",SAM,-71.05434663794861,42.33974645850126
"49 CROWLEY-ROGERS WAY, Boston, MA",SAM,-71.05393871162188,42.33948552421501
"55 CROWLEY-ROGERS WAY, Boston, MA",SAM,-71.05389011766005,42.33945433703846
"61 CROWLEY-ROGERS WAY, Boston, MA",SAM,-71.05384152369822,42.3394231498619
"9 CROWLEY-ROGERS WAY, Boston, MA",SAM,-71.05462649801625,42.33992516436781
"148 D STREET, Boston, MA",SAM,-71.05381127568866,42.336387825476486
"150 D STREET, Boston, MA",SAM,-71.05377111374573,42.336419581433006
"174 D STREET, Boston, MA",SAM,-71.05305114745015,42.33703331107915
"176 D STREET, Boston, MA",SAM,-71.05303691444406,42.33704592260419
"194 D STREET, Boston, MA",SAM,-71.0529088173892,42.33715942632946
"196 D STREET, Boston, MA",SAM,-71.0528945843831,42.337172037854494
"198 D STREET, Boston, MA",SAM,-71.05278973964865,42.33726029605113
"111 FLAHERTY WAY, Boston, MA",SAM,-71.05370414382396,42.338257897279426
"115 FLAHERTY WAY, Boston, MA",SAM,-71.05365871615719,42.33822846526332
"119 FLAHERTY WAY, Boston, MA",SAM,-71.05361328849035,42.3381990332472
"125 FLAHERTY WAY, Boston, MA",SAM,-71.05354514699015,42.33815488522308
"13 FLAHERTY WAY, Boston, MA",SAM,-71.05514490168068,42.339160739447664
"14 FLAHERTY WAY, Boston, MA",SAM,-71.05473720822266,42.33905115353661
"151 FLAHERTY WAY, Boston, MA",SAM,-71.05315264022869,42.33789996948903
"169 FLAHERTY WAY, Boston, MA",SAM,-71.05291252485638,42.33774265248559
"171 FLAHERTY WAY, Boston, MA",SAM,-71.05288584537058,42.337725172818544
"173 FLAHERTY WAY, Boston, MA",SAM,-71.05285916588475,42.3377076931515
"22 FLAHERTY WAY, Boston, MA",SAM,-71.05480135326899,42.33909225619691
"1 JOYCE HAYES WAY, Boston, MA",SAM,-71.05526330722583,42.337223094984914
"10 JOYCE HAYES WAY, Boston, MA",SAM,-71.05467700728634,42.337783980781026
"2 JOYCE HAYES WAY, Boston, MA",SAM,-71.05537123983643,42.33730534981996
"22 JOYCE HAYES WAY, Boston, MA",SAM,-71.05450044409761,42.33792637694455
"3 JOYCE HAYES WAY, Boston, MA",SAM,-71.05522323270132,42.33725182766437
"38 JOYCE HAYES WAY, Boston, MA",SAM,-71.05438124992124,42.33802751140243
"4 JOYCE HAYES WAY, Boston, MA",SAM,-71.05520092310726,42.33742746370759
"5 JOYCE HAYES WAY, Boston, MA",SAM,-71.05518315817682,42.33728056034381
"6 JOYCE HAYES WAY, Boston, MA",SAM,-71.05502032804931,42.33754555862808
"7 JOYCE HAYES WAY, Boston, MA",SAM,-71.05514308365231,42.33730929302326
"8 JOYCE HAYES WAY, Boston, MA",SAM,-71.05484855521713,42.337664006195
"10 ORTON-MAROTTA WAY, Boston, MA",SAM,-71.05595491359749,42.33876802222768
"114 ORTON-MAROTTA WAY, Boston, MA",SAM,-71.05437239805042,42.33773663637005
"122 ORTON-MAROTTA WAY, Boston, MA",SAM,-71.05432334780023,42.33770637131524
"130 ORTON-MAROTTA WAY, Boston, MA",SAM,-71.05427429755005,42.3376761062604
"138 ORTON-MAROTTA WAY, Boston, MA",SAM,-71.05422524729985,42.33764584120559
"139 ORTON-MAROTTA WAY, Boston, MA",SAM,-71.0544696958315,42.337647404341396
"163 ORTON-MAROTTA WAY, Boston, MA",SAM,-71.05351879040202,42.33703412175311
"183 ORTON-MAROTTA WAY, Boston, MA",SAM,-71.05369777596474,42.33715071808877
"185 ORTON-MAROTTA WAY, Boston, MA",SAM,-71.05364184297639,42.337114281733875
"187 ORTON-MAROTTA WAY, Boston, MA",SAM,-71.05358590998804,42.33707784537901
"188 ORTON-MAROTTA WAY, Boston, MA",SAM,-71.05381901265328,42.33738243437251
"189 ORTON-MAROTTA WAY, Boston, MA",SAM,-71.0535299769997,42.337041409024096
"29 ORTON-MAROTTA WAY, Boston, MA",SAM,-71.05553759278507,42.33835707017169
"30 ORTON-MAROTTA WAY, Boston, MA",SAM,-71.05551170805977,42.33849236994082
"31 ORTON-MAROTTA WAY, Boston, MA",SAM,-71.05548701483124,42.338320943053716
"5 ORTON-MAROTTA WAY, Boston, MA",SAM,-71.0561781876799,42.33875712916787
"57 ORTON-MAROTTA WAY, Boston, MA",SAM,-71.05520509533513,42.33813393713537
"59 ORTON-MAROTTA WAY, Boston, MA",SAM,-71.05519131803842,42.338124976289954
"6 ORTON-MAROTTA WAY, Boston, MA",SAM,-71.05604355470503,42.33882315268506
"64 ORTON-MAROTTA WAY, Boston, MA",SAM,-71.0551341791655,42.33824044840448
"66 ORTON-MAROTTA WAY, Boston, MA",SAM,-71.0551007200163,42.33821868635133
"7 ORTON-MAROTTA WAY, Boston, MA",SAM,-71.05612436986462,42.33872365710445
"8 ORTON-MAROTTA WAY, Boston, MA",SAM,-71.05599923415126,42.33879558745636
"9 ORTON-MAROTTA WAY, Boston, MA",SAM,-71.0560705520493,42.33869018504106
"90 ORTON-MAROTTA WAY, Boston, MA",SAM,-71.05469954506152,42.33795405909437
"60 CAMDEN STREET, Boston, MA",SAM,-71.08019877684112,42.33708939176308
"585 SHAWMUT AVENUE, Boston, MA",SAM,-71.07989191763842,42.33617135259072
"276 BEACON STREET, Boston, MA",SAM,-71.0810345204126,42.35318036044382
"284 BEACON STREET, Boston, MA",SAM,-71.08144599841611,42.35306817784766
"45 FANEUIL STREET, Boston, MA",SAM,-71.15174788306385,42.35550233563777
"51 FANEUIL STREET, Boston, MA",SAM,-71.15206332784302,42.35554696672522
"55 FANEUIL STREET, Boston, MA",SAM,-71.1522702419842,42.355566830492265
"65 FANEUIL STREET, Boston, MA",SAM,-71.15279017997653,42.355611344216236
"71 FANEUIL STREET, Boston, MA",SAM,-71.15310141164474,42.35563575455661
"75 FANEUIL STREET, Boston, MA",SAM,-71.15330889942354,42.35565202811687
"85 FANEUIL STREET, Boston, MA",SAM,-71.15382761887057,42.35569271201752
"89 FANEUIL STREET, Boston, MA",SAM,-71.15403510664937,42.35570898557775
"1 BOW STREET, Boston, MA",SAM,-71.11900574251672,42.243909572453816
"11 BOW STREET, Boston, MA",SAM,-71.11876278462923,42.243843531948784
"15 BOW STREET, Boston, MA",SAM,-71.11865405719506,42.24382402316189
"17 BOW STREET, Boston, MA",SAM,-71.11860423513448,42.2438183292097
"19 BOW STREET, Boston, MA",SAM,-71.1185544130739,42.243812635257505
"2 BOW STREET, Boston, MA",SAM,-71.118946884068,42.24401555656345
"21 BOW STREET, Boston, MA",SAM,-71.11849239021208,42.24381005494829
"23 BOW STREET, Boston, MA",SAM,-71.11844197794758,42.24381005494667
"25 BOW STREET, Boston, MA",SAM,-71.11839156568308,42.24381005494507
"27 BOW STREET, Boston, MA",SAM,-71.11832572268231,42.24381771979469
"29 BOW STREET, Boston, MA",SAM,-71.11827644815182,42.24382560371901
"3 BOW STREET, Boston, MA",SAM,-71.11895911676619,42.24389538200431
"31 BOW STREET, Boston, MA",SAM,-71.11821272194541,42.243841687013855
"33 BOW STREET, Boston, MA",SAM,-71.11816702400944,42.2438574449232
"35 BOW STREET, Boston, MA",SAM,-71.11812132607348,42.24387320283254
"39 BOW STREET, Boston, MA",SAM,-71.1180299302015,42.24390471865124
"40 BOW STREET, Boston, MA",SAM,-71.1180772012143,42.24401483143204
"41 BOW STREET, Boston, MA",SAM,-71.11798423226553,42.243920476560604
"42 BOW STREET, Boston, MA",SAM,-71.11805313580813,42.24402288743226
"44 BOW STREET, Boston, MA",SAM,-71.11801574295097,42.2440490624336
"46 BOW STREET, Boston, MA",SAM,-71.11797835009382,42.24407523743494
"48 BOW STREET, Boston, MA",SAM,-71.11795285112353,42.244098393595024
"5 BOW STREET, Boston, MA",SAM,-71.11891249101565,42.243881191554806
"50 BOW STREET, Boston, MA",SAM,-71.11792087095057,42.24412824175793
"7 BOW STREET, Boston, MA",SAM,-71.11885912170786,42.24386555185885
"9 BOW STREET, Boston, MA",SAM,-71.11881095316855,42.243854541903815
"245 DANA AVENUE, Boston, MA",SAM,-71.11699578301861,42.24464304112711
"247 DANA AVENUE, Boston, MA",SAM,-71.11696132231877,42.24461628340126
"249 DANA AVENUE, Boston, MA",SAM,-71.11687082342021,42.2445345427105
"251 DANA AVENUE, Boston, MA",SAM,-71.11686141865775,42.24452461545893
"255 DANA AVENUE, Boston, MA",SAM,-71.11684260913277,42.24450476095583
"25 WOODGLEN ROAD, Boston, MA",SAM,-71.12207147032603,42.24420518408245
"26 WOODGLEN ROAD, Boston, MA",SAM,-71.1219397825095,42.24426621764295
"27 WOODGLEN ROAD, Boston, MA",SAM,-71.12203936818342,42.244173619957465
"28 WOODGLEN ROAD, Boston, MA",SAM,-71.12190701157226,42.244233995932
"29 WOODGLEN ROAD, Boston, MA",SAM,-71.12200726604085,42.244142055832455
"30 WOODGLEN ROAD, Boston, MA",SAM,-71.12187424063505,42.244201774221075
"32 WOODGLEN ROAD, Boston, MA",SAM,-71.12184146969784,42.244169552510144
"33 WOODGLEN ROAD, Boston, MA",SAM,-71.1219430617557,42.244078927582464
"34 WOODGLEN ROAD, Boston, MA",SAM,-71.12180869876065,42.24413733079916
"35 WOODGLEN ROAD, Boston, MA",SAM,-71.12191095961313,42.24404736345744
"36 WOODGLEN ROAD, Boston, MA",SAM,-71.12177592782339,42.24410510908825
"37 WOODGLEN ROAD, Boston, MA",SAM,-71.12187885747055,42.24401579933245
"38 WOODGLEN ROAD, Boston, MA",SAM,-71.12174315688618,42.2440728873773
"39 WOODGLEN ROAD, Boston, MA",SAM,-71.12184675532795,42.24398423520746
"41 WOODGLEN ROAD, Boston, MA",SAM,-71.12181465318538,42.24395267108245
"43 WOODGLEN ROAD, Boston, MA",SAM,-71.12178255104278,42.24392110695746
"45 WOODGLEN ROAD, Boston, MA",SAM,-71.12175044890022,42.243889542832456
"47 WOODGLEN ROAD, Boston, MA",SAM,-71.12171834675765,42.24385797870744
"49 WOODGLEN ROAD, Boston, MA",SAM,-71.12168624461505,42.24382641458244
"51 WOODGLEN ROAD, Boston, MA",SAM,-71.12165414247248,42.24379485045744
"53 WOODGLEN ROAD, Boston, MA",SAM,-71.1216220403299,42.243763286332445
"55 WOODGLEN ROAD, Boston, MA",SAM,-71.12158993818731,42.243731722207436
"105 ARCHDALE ROAD, Boston, MA",SAM,-71.12001681392212,42.29186594862896
"60 ARCHDALE ROAD, Boston, MA",SAM,-71.12049040210931,42.292315451643915
"80 ARCHDALE ROAD, Boston, MA",SAM,-71.12001392988002,42.29202034159598
"85 ARCHDALE ROAD, Boston, MA",SAM,-71.12006563464777,42.29189948206419
"95 ARCHDALE ROAD, Boston, MA",SAM,-71.12004122428495,42.29188271534658
"100 BROOKWAY ROAD, Boston, MA",SAM,-71.11931919588967,42.293011485326325
"110 BROOKWAY ROAD, Boston, MA",SAM,-71.11936277720454,42.292946920413435
"115 BROOKWAY ROAD, Boston, MA",SAM,-71.12014795334643,42.29209630682629
"2 BROOKWAY TERRACE, Boston, MA",SAM,-71.12030544553345,42.29139417193866
"40 BROOKWAY ROAD, Boston, MA",SAM,-71.11892798984954,42.293839385713135
"50 BROOKWAY ROAD, Boston, MA",SAM,-71.11894428909108,42.293800075778215
"6 BROOKWAY TERRACE, Boston, MA",SAM,-71.12024812004884,42.2910757056753
"60 BROOKWAY ROAD, Boston, MA",SAM,-71.11896058833264,42.293760765843295
"70 BROOKWAY ROAD, Boston, MA",SAM,-71.11902267666413,42.29361840450234
"90 BROOKWAY ROAD, Boston, MA",SAM,-71.11918882973559,42.293264999556875
"160 FAYWOOD AVENUE, Boston, MA",SAM,-71.00670304235385,42.392085366065615
"164 FAYWOOD AVENUE, Boston, MA",SAM,-71.00682159518752,42.39208566282245
"168 FAYWOOD AVENUE, Boston, MA",SAM,-71.0069401480212,42.392085959579305
"170 FAYWOOD AVENUE, Boston, MA",SAM,-71.00699942443802,42.392086107957724
"174 FAYWOOD AVENUE, Boston, MA",SAM,-71.0071179772717,42.392086404714554
"178 FAYWOOD AVENUE, Boston, MA",SAM,-71.00723653010539,42.39208670147141
"184 FAYWOOD AVENUE, Boston, MA",SAM,-71.00741435935592,42.39208714660667
"188 FAYWOOD AVENUE, Boston, MA",SAM,-71.0075329121896,42.39208744336351
"190 FAYWOOD AVENUE, Boston, MA",SAM,-71.00759218860645,42.39208759174193
"194 FAYWOOD AVENUE, Boston, MA",SAM,-71.00771074144014,42.39208788849876
"198 FAYWOOD AVENUE, Boston, MA",SAM,-71.00782929427382,42.392088185255616
"200 FAYWOOD AVENUE, Boston, MA",SAM,-71.00788857069067,42.39208833363405
"204 FAYWOOD AVENUE, Boston, MA",SAM,-71.00800712352434,42.39208863039087
"208 FAYWOOD AVENUE, Boston, MA",SAM,-71.00812567635802,42.392088927147725
"210 FAYWOOD AVENUE, Boston, MA",SAM,-71.00818495277487,42.392089075526144
"214 FAYWOOD AVENUE, Boston, MA",SAM,-71.00830350560855,42.392089372282975
"218 FAYWOOD AVENUE, Boston, MA",SAM,-71.00842205844222,42.392089669039834
"224 FAYWOOD AVENUE, Boston, MA",SAM,-71.00859988769274,42.392090114175076
"228 FAYWOOD AVENUE, Boston, MA",SAM,-71.00871844052644,42.39209041093193
"220 WALDEMAR AVENUE, Boston, MA",SAM,-71.00901961701175,42.39337618728763
"240 WALDEMAR AVENUE, Boston, MA",SAM,-71.00991855961061,42.39339813834051
"1019 MORTON STREET, Boston, MA",SAM,-71.07890372504022,42.277937319464954
"1027 MORTON STREET, Boston, MA",SAM,-71.07857057984435,42.27775558151966
"100 STANDARD STREET, Boston, MA",SAM,-71.0805676824888,42.27483684255212
"102 STANDARD STREET, Boston, MA",SAM,-71.0806027871781,42.274918145029694
"103 STANDARD STREET, Boston, MA",SAM,-71.08043870666715,42.27514975825098
"104 STANDARD STREET, Boston, MA",SAM,-71.08061323784042,42.274987816148816
"105 STANDARD STREET, Boston, MA",SAM,-71.08042990360568,42.27521515240265
"106 STANDARD STREET, Boston, MA",SAM,-71.0806051373503,42.275069564142655
"107 STANDARD STREET, Boston, MA",SAM,-71.08041914890562,42.275278617864466
"108 STANDARD STREET, Boston, MA",SAM,-71.08059574741804,42.275139317904404
"109 STANDARD STREET, Boston, MA",SAM,-71.08040764927216,42.27534378244131
"110 STANDARD STREET, Boston, MA",SAM,-71.0805863574858,42.27520907166619
"112 STANDARD STREET, Boston, MA",SAM,-71.08057501478872,42.2752804217133
"120 STANDARD STREET, Boston, MA",SAM,-71.08052356924125,42.27559929141056
"122 STANDARD STREET, Boston, MA",SAM,-71.08051891765183,42.27565138918533
"124 STANDARD STREET, Boston, MA",SAM,-71.08051426606242,42.27570348696009
"126 STANDARD STREET, Boston, MA",SAM,-71.08050961447299,42.275755584734846
"127 STANDARD STREET, Boston, MA",SAM,-71.08033663549497,42.275878480915374
"128 STANDARD STREET, Boston, MA",SAM,-71.08050360521368,42.275810659017004
"129 STANDARD STREET, Boston, MA",SAM,-71.08032883548006,42.27592661813951
"132 STANDARD STREET, Boston, MA",SAM,-71.08048680518154,42.27591433919207
"133 STANDARD STREET, Boston, MA",SAM,-71.0803132354502,42.2760228925878
"134 STANDARD STREET, Boston, MA",SAM,-71.08047840516547,42.275966179279635
"136 STANDARD STREET, Boston, MA",SAM,-71.0804700051494,42.27601801936717
"137 STANDARD STREET, Boston, MA",SAM,-71.08029763542037,42.27611916703608
"138 STANDARD STREET, Boston, MA",SAM,-71.08046160513332,42.2760698594547
"139 STANDARD STREET, Boston, MA",SAM,-71.08028983540545,42.276167304260206
"140 STANDARD STREET, Boston, MA",SAM,-71.08045320511724,42.27612169954224
"141 STANDARD STREET, Boston, MA",SAM,-71.08028203539054,42.27621544148437
"142 STANDARD STREET, Boston, MA",SAM,-71.0804448051012,42.27617353962976
"143 STANDARD STREET, Boston, MA",SAM,-71.08027423537561,42.2762635787085
"144 STANDARD STREET, Boston, MA",SAM,-71.08043640508512,42.27622537971732
"145 STANDARD STREET, Boston, MA",SAM,-71.0802664353607,42.276311715932636
"146 STANDARD STREET, Boston, MA",SAM,-71.08042800506905,42.276277219804854
"147 STANDARD STREET, Boston, MA",SAM,-71.08025863534577,42.27635985315679
"148 STANDARD STREET, Boston, MA",SAM,-71.08041960505298,42.27632905989239
"151 STANDARD STREET, Boston, MA",SAM,-71.08024303531592,42.27645612760507
"152 STANDARD STREET, Boston, MA",SAM,-71.08040280502084,42.27643274006747
"154 STANDARD STREET, Boston, MA",SAM,-71.08039440500475,42.27648458015501
"156 STANDARD STREET, Boston, MA",SAM,-71.08038600498871,42.27653642024255
"158 STANDARD STREET, Boston, MA",SAM,-71.08037760497264,42.276588260330065
"98 STANDARD STREET, Boston, MA",SAM,-71.08051460261734,42.274762712245725
"1 WOODBOLE AVENUE, Boston, MA",SAM,-71.07883462374501,42.27716583635964
"10 WOODBOLE AVENUE, Boston, MA",SAM,-71.07944898057534,42.2773325163012
"100 WOODBOLE AVENUE, Boston, MA",SAM,-71.08269612750935,42.27603788120337
"101 WOODBOLE AVENUE, Boston, MA",SAM,-71.08284983496638,42.27605190620615
"102 WOODBOLE AVENUE, Boston, MA",SAM,-71.08268440757423,42.2759604314899
"103 WOODBOLE AVENUE, Boston, MA",SAM,-71.08283849676201,42.2759489279592
"105 WOODBOLE AVENUE, Boston, MA",SAM,-71.08278194969445,42.275846892359276
"107 WOODBOLE AVENUE, Boston, MA",SAM,-71.08269351957567,42.27575971550823
"109 WOODBOLE AVENUE, Boston, MA",SAM,-71.0825763934001,42.27568806365294
"11 WOODBOLE AVENUE, Boston, MA",SAM,-71.0792967492959,42.27739498957821
"111 WOODBOLE AVENUE, Boston, MA",SAM,-71.08246206846762,42.27565539937783
"113 WOODBOLE AVENUE, Boston, MA",SAM,-71.08232639262853,42.27563364413244
"115 WOODBOLE AVENUE, Boston, MA",SAM,-71.08220522441728,42.27562005516835
"116 WOODBOLE AVENUE, Boston, MA",SAM,-71.08206084745316,42.27571976349562
"117 WOODBOLE AVENUE, Boston, MA",SAM,-71.08208405620604,42.27560646620425
"118 WOODBOLE AVENUE, Boston, MA",SAM,-71.08193967924193,42.27570617453152
"119 WOODBOLE AVENUE, Boston, MA",SAM,-71.0819628879948,42.27559287724015
"12 WOODBOLE AVENUE, Boston, MA",SAM,-71.07958104096744,42.277397962174334
"120 WOODBOLE AVENUE, Boston, MA",SAM,-71.08182091685455,42.27569543684234
"122 WOODBOLE AVENUE, Boston, MA",SAM,-71.08169914761203,42.27568520412755
"123 WOODBOLE AVENUE, Boston, MA",SAM,-71.08171662417193,42.27557134474951
"124 WOODBOLE AVENUE, Boston, MA",SAM,-71.0815773783695,42.27567497141274
"125 WOODBOLE AVENUE, Boston, MA",SAM,-71.0815948549294,42.275561112034694
"126 WOODBOLE AVENUE, Boston, MA",SAM,-71.08145560912698,42.275664738697955
"13 WOODBOLE AVENUE, Boston, MA",SAM,-71.07938920546691,42.27744081394315
"14 WOODBOLE AVENUE, Boston, MA",SAM,-71.07971310135956,42.27746340804746
"140 WOODBOLE AVENUE, Boston, MA",SAM,-71.08116860924241,42.2756425510362
"141 WOODBOLE AVENUE, Boston, MA",SAM,-71.08118419973522,42.27552854183311
"142 WOODBOLE AVENUE, Boston, MA",SAM,-71.08114628249841,42.275640879514306
"143 WOODBOLE AVENUE, Boston, MA",SAM,-71.08116187299122,42.27552687031124
"144 WOODBOLE AVENUE, Boston, MA",SAM,-71.0811239557544,42.27563920799241
"145 WOODBOLE AVENUE, Boston, MA",SAM,-71.08113954624721,42.27552519878934
"146 WOODBOLE AVENUE, Boston, MA",SAM,-71.08110162901039,42.27563753647052
"147 WOODBOLE AVENUE, Boston, MA",SAM,-71.0811172195032,42.27552352726747
"15 WOODBOLE AVENUE, Boston, MA",SAM,-71.07948164774139,42.27748662605435
"16 WOODBOLE AVENUE, Boston, MA",SAM,-71.07984516175166,42.2775288539206
"19 WOODBOLE AVENUE, Boston, MA",SAM,-71.07966653229033,42.27757825027673
"21 WOODBOLE AVENUE, Boston, MA",SAM,-71.07975897456481,42.277624062387936
"23 WOODBOLE AVENUE, Boston, MA",SAM,-71.07986779974857,42.277689364827886
"25 WOODBOLE AVENUE, Boston, MA",SAM,-71.07998426735335,42.27777337426649
"26 WOODBOLE AVENUE, Boston, MA",SAM,-71.08020914538282,42.27777569195649
"27 WOODBOLE AVENUE, Boston, MA",SAM,-71.08010024228795,42.277857169715645
"28 WOODBOLE AVENUE, Boston, MA",SAM,-71.08026697166115,42.27781800387692
"29 WOODBOLE AVENUE, Boston, MA",SAM,-71.08021589484459,42.277941793556494
"3 WOODBOLE AVENUE, Boston, MA",SAM,-71.07892704885519,42.277211667003336
"30 WOODBOLE AVENUE, Boston, MA",SAM,-71.08032479793947,42.27786031579735
"32 WOODBOLE AVENUE, Boston, MA",SAM,-71.08043477299034,42.277937130409
"34 WOODBOLE AVENUE, Boston, MA",SAM,-71.08051318608436,42.27798940581671
"36 WOODBOLE AVENUE, Boston, MA",SAM,-71.08059159917835,42.278041681224416
"47 WOODBOLE AVENUE, Boston, MA",SAM,-71.0811277341622,42.27814434561246
"48 WOODBOLE AVENUE, Boston, MA",SAM,-71.08100323106542,42.27807618846653
"49 WOODBOLE AVENUE, Boston, MA",SAM,-71.08119051283083,42.27808156694081
"5 WOODBOLE AVENUE, Boston, MA",SAM,-71.07901947396537,42.27725749764707
"50 WOODBOLE AVENUE, Boston, MA",SAM,-71.08106600973407,42.27801340979485
"51 WOODBOLE AVENUE, Boston, MA",SAM,-71.08125132319009,42.27801159163456
"52 WOODBOLE AVENUE, Boston, MA",SAM,-71.081119038167,42.27795199801471
"53 WOODBOLE AVENUE, Boston, MA",SAM,-71.08130621397979,42.27794488890003
"54 WOODBOLE AVENUE, Boston, MA",SAM,-71.08117392895667,42.27788529528019
"55 WOODBOLE AVENUE, Boston, MA",SAM,-71.08136110476946,42.27787818616553
"56 WOODBOLE AVENUE, Boston, MA",SAM,-71.08122881974637,42.27781859254568
"57 WOODBOLE AVENUE, Boston, MA",SAM,-71.08141599555914,42.277811483431
"58 WOODBOLE AVENUE, Boston, MA",SAM,-71.08128371053604,42.277751889811164
"59 WOODBOLE AVENUE, Boston, MA",SAM,-71.08147088634884,42.27774478069649
"6 WOODBOLE AVENUE, Boston, MA",SAM,-71.0791849171714,42.2772015898587
"61 WOODBOLE AVENUE, Boston, MA",SAM,-71.08152577713852,42.27767807796197
"63 WOODBOLE AVENUE, Boston, MA",SAM,,
"65 WOODBOLE AVENUE, Boston, MA",SAM,-71.08170578377178,42.27746467266165
"66 WOODBOLE AVENUE, Boston, MA",SAM,-71.08164069979219,42.27732670626494
"67 WOODBOLE AVENUE, Boston, MA",SAM,-71.08177145924854,42.27738811381688
"68 WOODBOLE AVENUE, Boston, MA",SAM,-71.08170637526895,42.27725014742017
"69 WOODBOLE AVENUE, Boston, MA",SAM,-71.0818371347253,42.27731155497213
"7 WOODBOLE AVENUE, Boston, MA",SAM,-71.07911189907556,42.27730332829077
"70 WOODBOLE AVENUE, Boston, MA",SAM,-71.0817720507457,42.277173588575415
"71 WOODBOLE AVENUE, Boston, MA",SAM,-71.08190281020207,42.27723499612736
"72 WOODBOLE AVENUE, Boston, MA",SAM,-71.08183772622246,42.27709702973065
"73 WOODBOLE AVENUE, Boston, MA",SAM,-71.08196848567881,42.27715843728261
"74 WOODBOLE AVENUE, Boston, MA",SAM,-71.08190340169922,42.27702047088589
"75 WOODBOLE AVENUE, Boston, MA",SAM,-71.08203416115558,42.27708187843783
"76 WOODBOLE AVENUE, Boston, MA",SAM,-71.08196907717598,42.276943912041126
"77 WOODBOLE AVENUE, Boston, MA",SAM,-71.08209983663232,42.27700531959308
"78 WOODBOLE AVENUE, Boston, MA",SAM,-71.08203475265273,42.27686735319636
"79 WOODBOLE AVENUE, Boston, MA",SAM,-71.08216551210909,42.27692876074832
"8 WOODBOLE AVENUE, Boston, MA",SAM,-71.07931695304306,42.27726706220685
"80 WOODBOLE AVENUE, Boston, MA",SAM,-71.0821004281295,42.27679079435161
"81 WOODBOLE AVENUE, Boston, MA",SAM,-71.08223118758585,42.27685220190356
"82 WOODBOLE AVENUE, Boston, MA",SAM,-71.08216610360624,42.27671423550685
"83 WOODBOLE AVENUE, Boston, MA",SAM,-71.0822968630626,42.27677564305879
"84 WOODBOLE AVENUE, Boston, MA",SAM,-71.08223177908302,42.276637676662084
"85 WOODBOLE AVENUE, Boston, MA",SAM,-71.08236253853936,42.27669908421404
"86 WOODBOLE AVENUE, Boston, MA",SAM,-71.08229745455976,42.276561117817316
"87 WOODBOLE AVENUE, Boston, MA",SAM,-71.0824282140161,42.27662252536926
"88 WOODBOLE AVENUE, Boston, MA",SAM,-71.08236565437021,42.27648417850897
"89 WOODBOLE AVENUE, Boston, MA",SAM,-71.08249443866337,42.27654782833307
"9 WOODBOLE AVENUE, Boston, MA",SAM,-71.07920432418572,42.27734915893451
"90 WOODBOLE AVENUE, Boston, MA",SAM,-71.08243372696904,42.27640877501151
"91 WOODBOLE AVENUE, Boston, MA",SAM,-71.0825625112622,42.27647242483559
"92 WOODBOLE AVENUE, Boston, MA",SAM,-71.08250179956786,42.27633337151405
"93 WOODBOLE AVENUE, Boston, MA",SAM,-71.08263058386102,42.27639702133813
"95 WOODBOLE AVENUE, Boston, MA",SAM,-71.08269865645985,42.27632161784064
"97 WOODBOLE AVENUE, Boston, MA",SAM,-71.08276691357277,42.27624442608527
"99 WOODBOLE AVENUE, Boston, MA",SAM,-71.08283483552015,42.27614190286416
"10 WOODGATE STREET, Boston, MA",SAM,-71.07856014424914,42.27727591584811
"12 WOODGATE STREET, Boston, MA",SAM,-71.07863336820361,42.27719006707022
"14 WOODGATE STREET, Boston, MA",SAM,-71.07870659215808,42.27710421829235
"16 WOODGATE STREET, Boston, MA",SAM,-71.07879152951625,42.27700694825504
"18 WOODGATE STREET, Boston, MA",SAM,-71.07882566827801,42.276968751037394
"20 WOODGATE STREET, Boston, MA",SAM,-71.07885980703979,42.276930553819724
"21 WOODGATE STREET, Boston, MA",SAM,-71.07920636312235,42.27675054612022
"22 WOODGATE STREET, Boston, MA",SAM,-71.07889394580154,42.27689235660206
"23 WOODGATE STREET, Boston, MA",SAM,-71.07923492820875,42.276718585183
"24 WOODGATE STREET, Boston, MA",SAM,-71.0789280845633,42.27685415938441
"25 WOODGATE STREET, Boston, MA",SAM,-71.07926349329509,42.27668662424576
"26 WOODGATE STREET, Boston, MA",SAM,-71.07896222332506,42.276815962166765
"27 WOODGATE STREET, Boston, MA",SAM,-71.07929205838148,42.276654663308555
"28 WOODGATE STREET, Boston, MA",SAM,-71.07899636208681,42.276777764949124
"29 WOODGATE STREET, Boston, MA",SAM,-71.07932062346785,42.276622702371334
"30 WOODGATE STREET, Boston, MA",SAM,-71.07903050084857,42.27673956773145
"31 WOODGATE STREET, Boston, MA",SAM,-71.07934918855422,42.27659074143411
"32 WOODGATE STREET, Boston, MA",SAM,-71.07906463961034,42.2767013705138
"33 WOODGATE STREET, Boston, MA",SAM,-71.07937775364059,42.276558780496885
"34 WOODGATE STREET, Boston, MA",SAM,-71.0790987783721,42.27666317329614
"35 WOODGATE STREET, Boston, MA",SAM,-71.07940631872695,42.27652681955967
"36 WOODGATE STREET, Boston, MA",SAM,-71.07913291713385,42.27662497607849
"37 WOODGATE STREET, Boston, MA",SAM,-71.07943488381335,42.27649485862245
"38 WOODGATE STREET, Boston, MA",SAM,-71.07916705589564,42.27658677886084
"39 WOODGATE STREET, Boston, MA",SAM,-71.07946344889972,42.27646289768522
"40 WOODGATE STREET, Boston, MA",SAM,-71.07920119465737,42.27654858164319
"42 WOODGATE STREET, Boston, MA",SAM,-71.07923533341915,42.276510384425535
"44 WOODGATE STREET, Boston, MA",SAM,-71.0792694721809,42.27647218720788
"46 WOODGATE STREET, Boston, MA",SAM,-71.07930361094267,42.27643398999022
"48 WOODGATE STREET, Boston, MA",SAM,-71.07933774970441,42.27639579277257
"50 WOODGATE STREET, Boston, MA",SAM,-71.0793718884662,42.27635759555491
"52 WOODGATE STREET, Boston, MA",SAM,-71.07940550532582,42.27631971092508
"54 WOODGATE STREET, Boston, MA",SAM,-71.07943921605431,42.27628130629602
"8 WOODGATE STREET, Boston, MA",SAM,-71.07848692029468,42.27736176462598
"10 WOODRUFF WAY, Boston, MA",SAM,-71.08108416803721,42.27717839140949
"12 WOODRUFF WAY, Boston, MA",SAM,-71.08106509768747,42.27706267547253
"14 WOODRUFF WAY, Boston, MA",SAM,-71.08107772891542,42.276961625682226
"15 WOODRUFF WAY, Boston, MA",SAM,-71.0812401551363,42.276906496554474
"16 WOODRUFF WAY, Boston, MA",SAM,-71.08109036014335,42.27686057589192
"17 WOODRUFF WAY, Boston, MA",SAM,-71.08125215480284,42.27681049925366
"18 WOODRUFF WAY, Boston, MA",SAM,-71.0811029913713,42.27675952610161
"19 WOODRUFF WAY, Boston, MA",SAM,-71.0812641544694,42.27671450195286
"20 WOODRUFF WAY, Boston, MA",SAM,-71.08111747345205,42.27665623878978
"21 WOODRUFF WAY, Boston, MA",SAM,-71.08128010704735,42.276621229410445
"22 WOODRUFF WAY, Boston, MA",SAM,-71.0811357598246,42.27655566375944
"23 WOODRUFF WAY, Boston, MA",SAM,-71.08129747910128,42.27652568313161
"24 WOODRUFF WAY, Boston, MA",SAM,-71.08115404619717,42.27645508872906
"25 WOODRUFF WAY, Boston, MA",SAM,-71.08131485115521,42.27643013685276
"26 WOODRUFF WAY, Boston, MA",SAM,-71.08117233256974,42.276354513698706
"27 WOODRUFF WAY, Boston, MA",SAM,-71.08133222320915,42.276334590573924
"28 WOODRUFF WAY, Boston, MA",SAM,-71.08119061894229,42.276253938668354
"30 WOODRUFF WAY, Boston, MA",SAM,-71.08120890531485,42.276153363638
"31 WOODRUFF WAY, Boston, MA",SAM,-71.081366967317,42.27614349801626
"32 WOODRUFF WAY, Boston, MA",SAM,-71.08122719168742,42.27605278860764
"33 WOODRUFF WAY, Boston, MA",SAM,-71.08138433937094,42.27604795173743
"35 WOODRUFF WAY, Boston, MA",SAM,-71.08140171142486,42.27595240545857
"36 WOODRUFF WAY, Boston, MA",SAM,-71.08126376443253,42.27585163854694
"37 WOODRUFF WAY, Boston, MA",SAM,-71.08141908347882,42.27585685917974
"38 WOODRUFF WAY, Boston, MA",SAM,-71.08128205080509,42.27575106351657
"39 WOODRUFF WAY, Boston, MA",SAM,-71.08143645553275,42.275761312900904
"4 WOODRUFF WAY, Boston, MA",SAM,-71.08137774667426,42.277440914586585
"40 WOODRUFF WAY, Boston, MA",SAM,-71.08130033717765,42.27565048848623
"41 WOODRUFF WAY, Boston, MA",SAM,-71.08145382758667,42.27566576662206
"51 WOODRUFF WAY, Boston, MA",SAM,-71.0815229167423,42.27523443089027
"52 WOODRUFF WAY, Boston, MA",SAM,-71.0813814948929,42.27514206831911
"54 WOODRUFF WAY, Boston, MA",SAM,-71.0813911321636,42.27506420893165
"55 WOODRUFF WAY, Boston, MA",SAM,-71.08154538234092,42.275074445277305
"57 WOODRUFF WAY, Boston, MA",SAM,-71.08155500221618,42.27499508133366
"58 WOODRUFF WAY, Boston, MA",SAM,-71.08141037191412,42.2749054810444
"59 WOODRUFF WAY, Boston, MA",SAM,-71.08156462209143,42.274915717390044
"6 WOODRUFF WAY, Boston, MA",SAM,-71.08125616696732,42.27737478147191
"60 WOODRUFF WAY, Boston, MA",SAM,-71.0814174937976,42.27483269714934
"62 WOODRUFF WAY, Boston, MA",SAM,-71.08141464899207,42.274753042454364
"64 WOODRUFF WAY, Boston, MA",SAM,-71.0814024265726,42.2746839667144
"68 WOODRUFF WAY, Boston, MA",SAM,-71.081333845157,42.274554213849676
"70 WOODRUFF WAY, Boston, MA",SAM,-71.08128095981807,42.27448480182585
"72 WOODRUFF WAY, Boston, MA",SAM,-71.08122936030935,42.2744245778791
"74 WOODRUFF WAY, Boston, MA",SAM,-71.08116364630145,42.274361451022585
"78 WOODRUFF WAY, Boston, MA",SAM,-71.0810322182857,42.27423519730959
"8 WOODRUFF WAY, Boston, MA",SAM,-71.08114986127329,42.2772851515613
"80 WOODRUFF WAY, Boston, MA",SAM,-71.08096650427781,42.274172070453076
"82 WOODRUFF WAY, Boston, MA",SAM,-71.08090079026994,42.274108943596545
"84 WOODRUFF WAY, Boston, MA",SAM,-71.08083507626205,42.27404581674004
"86 WOODRUFF WAY, Boston, MA",SAM,-71.08076936225416,42.27398268988354
"88 WOODRUFF WAY, Boston, MA",SAM,-71.08070364824628,42.27391956302702
"15 SAINT ROSE STREET, Boston, MA",SAM,-71.11532707107426,42.30464270128237
"17 SAINT ROSE STREET, Boston, MA",SAM,-71.11540684008938,42.304647259515
"19 SAINT ROSE STREET, Boston, MA",SAM,-71.11548660910451,42.304651817747626
"21 SAINT ROSE STREET, Boston, MA",SAM,-71.11556637811962,42.30465637598025
"23 SAINT ROSE STREET, Boston, MA",SAM,-71.11564614713475,42.304660934212876
"25 SAINT ROSE STREET, Boston, MA",SAM,-71.11572591614987,42.304665492445515
"27 SAINT ROSE STREET, Boston, MA",SAM,-71.11580568516499,42.30467005067814
"31 SAINT ROSE STREET, Boston, MA",SAM,-71.11604812634066,42.304681656764195
"33 SAINT ROSE STREET, Boston, MA",SAM,-71.11613456803511,42.30468541510203
"35 SAINT ROSE STREET, Boston, MA",SAM,-71.11622100972954,42.30468917343986
"110 WESTVIEW STREET, Boston, MA",SAM,-71.08326230936618,42.29077587661983
"112 WESTVIEW STREET, Boston, MA",SAM,-71.08333229034761,42.29077069284497
"114 WESTVIEW STREET, Boston, MA",SAM,-71.08340227132905,42.29076550907011
"120 WESTVIEW STREET, Boston, MA",SAM,-71.08361221427336,42.29074995774553
"122 WESTVIEW STREET, Boston, MA",SAM,-71.0836821952548,42.29074477397067
"124 WESTVIEW STREET, Boston, MA",SAM,-71.08375217623622,42.29073959019579
"126 WESTVIEW STREET, Boston, MA",SAM,-71.08382215721765,42.290734406420945
"128 WESTVIEW STREET, Boston, MA",SAM,-71.08389213819909,42.290729222646085
"130 WESTVIEW STREET, Boston, MA",SAM,-71.08396211918053,42.29072403887122
"60 WESTVIEW STREET, Boston, MA",SAM,-71.08184606655612,42.29090051789979
"62 WESTVIEW STREET, Boston, MA",SAM,-71.08199547790018,42.29087810501722
"64 WESTVIEW STREET, Boston, MA",SAM,-71.08265580752705,42.29082080266866
"70 WESTVIEW STREET, Boston, MA",SAM,-71.08148048799286,42.29097745635227
"72 WESTVIEW STREET, Boston, MA",SAM,-71.08184606655612,42.29090051789979
"74 WESTVIEW STREET, Boston, MA",SAM,-71.08199547790018,42.29087810501722
"80 WESTVIEW STREET, Boston, MA",SAM,-71.08221259464462,42.290853633242776
"82 WESTVIEW STREET, Boston, MA",SAM,-71.08228257562607,42.290848449467916
"90 WESTVIEW STREET, Boston, MA",SAM,-71.0825624995518,42.290827714368454
"92 WESTVIEW STREET, Boston, MA",SAM,-71.08263248053322,42.2908225305936
"94 WESTVIEW STREET, Boston, MA",SAM,-71.08270246151469,42.290817346818734
"111 AMES STREET, Boston, MA",SAM,-71.08347489933854,42.28990386302946
"113 AMES STREET, Boston, MA",SAM,-71.08343246829168,42.289914470791146
"115 AMES STREET, Boston, MA",SAM,-71.0833900372448,42.2899250785528
"121 AMES STREET, Boston, MA",SAM,-71.08326716695096,42.289950746773684
"123 AMES STREET, Boston, MA",SAM,-71.08323005313007,42.28995621030325
"125 AMES STREET, Boston, MA",SAM,-71.08318577990966,42.28996122236518
"131 AMES STREET, Boston, MA",SAM,-71.08305296024845,42.28997625855098
"133 AMES STREET, Boston, MA",SAM,-71.08301276433464,42.289980689460705
"135 AMES STREET, Boston, MA",SAM,-71.08296819211188,42.28998394290662
"141 AMES STREET, Boston, MA",SAM,-71.08283447544359,42.28999370324442
"143 AMES STREET, Boston, MA",SAM,-71.08278990322081,42.28999695669035
"145 AMES STREET, Boston, MA",SAM,-71.08274533099804,42.290000210136284
"181 STRATTON STREET, Boston, MA",SAM,-71.08353328384008,42.28953918945506
"183 STRATTON STREET, Boston, MA",SAM,-71.08352785410989,42.28952785784113
"191 STRATTON STREET, Boston, MA",SAM,-71.08350613518911,42.28948253138536
"193 STRATTON STREET, Boston, MA",SAM,-71.08350070545892,42.289471199771434
"195 STRATTON STREET, Boston, MA",SAM,-71.08349527572872,42.28945986815747
"201 STRATTON STREET, Boston, MA",SAM,-71.08347898653813,42.28942587331564
"203 STRATTON STREET, Boston, MA",SAM,-71.08347355680793,42.28941454170171
"205 STRATTON STREET, Boston, MA",SAM,-71.08346812707774,42.28940321008777
"10 BATCHELDER STREET, Boston, MA",SAM,-71.06937871354992,42.321023264903474
"124 BLUE HILL AVENUE, Boston, MA",SAM,-71.07768005531716,42.3203281946066
"126 BLUE HILL AVENUE, Boston, MA",SAM,-71.07768116529326,42.320283795658945
"128 BLUE HILL AVENUE, Boston, MA",SAM,-71.07768227526938,42.32023939671129
"130 BLUE HILL AVENUE, Boston, MA",SAM,-71.07768267841466,42.32019661181927
"132 BLUE HILL AVENUE, Boston, MA",SAM,-71.0776820941485,42.320152207388325
"134 BLUE HILL AVENUE, Boston, MA",SAM,-71.07768150988232,42.320107802957374
"136 BLUE HILL AVENUE, Boston, MA",SAM,-71.07768092561614,42.320063398526415
"43 HARLOW STREET, Boston, MA",SAM,-71.0726166385768,42.3196692990189
"40 HARWOOD STREET, Boston, MA",SAM,-71.08735969087678,42.285775847424624
"51 HOWARD AVENUE, Boston, MA",SAM,-71.07347389810987,42.318952769413244
"81 BERKELEY STREET, Boston, MA",SAM,-71.0708159107283,42.346842123000435
"12 CARLFORD ROAD, Boston, MA",SAM,-71.11823807218012,42.29060481047605
"20 MONSON STREET, Boston, MA",SAM,-71.07365217660846,42.272422172410586
"251 A STREET, Boston, MA",SAM,-71.0509353253091,42.347063081756254
"259 A STREET, Boston, MA",SAM,-71.05088271551921,42.347132734156766
"300 A STREET, Boston, MA",SAM,-71.0501767055625,42.348255612455766
"11 ABBOT STREET, Boston, MA",SAM,-71.0866545034606,42.29751607954508
"7 ABBOT STREET, Boston, MA",SAM,-71.0867546679984,42.2975652093806
"10 ABBOTSFORD STREET, Boston, MA",SAM,-71.09341691039788,42.31496900846537
"14 ABBOTSFORD STREET, Boston, MA",SAM,-71.09333736132818,42.31493625295825
"33 ABBOTSFORD STREET, Boston, MA",SAM,-71.09150615222923,42.314190524840924
"10 ACADEMY HILL ROAD, Boston, MA",SAM,-71.15268175753067,42.34877339991108
"100 ACADEMY HILL ROAD, Boston, MA",SAM,-71.15455414676701,42.34595381045965
"83 ACADEMY HILL ROAD, Boston, MA",SAM,-71.15446609137125,42.34634913110962
"93 ACADEMY HILL ROAD, Boston, MA",SAM,-71.15465166045512,42.34606211758538
"14 ADAIR ROAD, Boston, MA",SAM,-71.16680290304217,42.351740474790745
"22 ADAIR ROAD, Boston, MA",SAM,-71.16680290303604,42.35184570639539
"27 ADAMS STREET, Boston, MA",SAM,-71.12994169664485,42.252801377067215
"31 ADAMS STREET, Boston, MA",SAM,-71.12991673032508,42.2527882849697
"35 ADAMS STREET, Boston, MA",SAM,-71.12989176400531,42.25277519287221
"37 ADAMS STREET, Boston, MA",SAM,-71.12987928084543,42.25276864682346
"204 ADAMS STREET, Boston, MA",SAM,-71.06000627395277,42.30205251281841
"274 ADAMS STREET, Boston, MA",SAM,-71.05865564443775,42.29990966860433
"297 ADAMS STREET, Boston, MA",SAM,-71.05795833306365,42.29910323965398
"299 ADAMS STREET, Boston, MA",SAM,-71.05790789497975,42.29906218539044
"355 ADAMS STREET, Boston, MA",SAM,-71.05676008970921,42.29736917666088
"361 ADAMS STREET, Boston, MA",SAM,-71.05670140566397,42.29711957698384
"363 ADAMS STREET, Boston, MA",SAM,-71.0566802922059,42.297032307990264
"378 ADAMS STREET, Boston, MA",SAM,-71.05646143446444,42.29677821955547
"447 ADAMS STREET, Boston, MA",SAM,-71.05694974270698,42.29405652588683
"586 ADAMS STREET, Boston, MA",SAM,-71.05592902537501,42.2897720959824
"594 ADAMS STREET, Boston, MA",SAM,-71.05579787260827,42.28954299362211
"653 ADAMS STREET, Boston, MA",SAM,-71.05482890899307,42.28747077644584
"718 ADAMS STREET, Boston, MA",SAM,-71.05499680095107,42.285251397677754
"760 ADAMS STREET, Boston, MA",SAM,-71.05548768698287,42.28391361787396
"923 ADAMS STREET, Boston, MA",SAM,-71.05915315685927,42.279789164468845
"975 ADAMS STREET, Boston, MA",SAM,-71.06014394551275,42.27766714802805
"979 ADAMS STREET, Boston, MA",SAM,-71.06017126491581,42.277601581461624
"59 ADAMSON STREET, Boston, MA",SAM,-71.13475572146737,42.358091387367324
"68 ADAMSON STREET, Boston, MA",SAM,-71.13418298117321,42.35805394830638
"79 ADAMSON STREET, Boston, MA",SAM,-71.13422081789693,42.35794200557167
"80 ADAMSON STREET, Boston, MA",SAM,-71.13373934969202,42.357929855550985
"11 ADANAC TERRACE, Boston, MA",SAM,-71.06097347079893,42.28679005756978
"12 ADANAC TERRACE, Boston, MA",SAM,-71.06126945995565,42.2871276328001
"17 ADANAC TERRACE, Boston, MA",SAM,-71.06098484050926,42.286818593321755
"7 ADANAC TERRACE, Boston, MA",SAM,-71.06096589099205,42.286771033735135
"14 ALARIC STREET, Boston, MA",SAM,-71.16092842977773,42.27708748554621
"15 ALASKA STREET, Boston, MA",SAM,-71.07930599755682,42.32128722873019
"9 ALASKA STREET, Boston, MA",SAM,-71.07941093007277,42.3213373255559
"30 ALBION PLACE, Boston, MA",SAM,-71.0702496249733,42.38110762289797
"24 ALBION STREET, Boston, MA",SAM,-71.11530850678685,42.253489835616925
"17 ALCOTT STREET, Boston, MA",SAM,-71.1315996033696,42.358136102853614
"12 ALDIE STREET, Boston, MA",SAM,-71.13639668090791,42.35927937198928
"45 ALDIE STREET, Boston, MA",SAM,-71.13503439141364,42.358866628236164
"7 ALDIE STREET, Boston, MA",SAM,-71.13662374156206,42.35920210804621
"78 ALDIE STREET, Boston, MA",SAM,-71.1337822428915,42.358737904924574
"12 ALDWIN ROAD, Boston, MA",SAM,-71.11889623718415,42.29437603410247
"11 ALICIA ROAD, Boston, MA",SAM,-71.06800068157031,42.27980436911392
"12 ALICIA ROAD, Boston, MA",SAM,-71.06812316894299,42.27972222570684
"17 ALICIA ROAD, Boston, MA",SAM,-71.06811621201064,42.2800189257022
"20 ALICIA ROAD, Boston, MA",SAM,-71.0682600939093,42.27997651499665
"21 ALICIA ROAD, Boston, MA",SAM,-71.06819213542337,42.280161711520414
"25 ALICIA ROAD, Boston, MA",SAM,-71.06826736083141,42.28030527149743
"29 ALICIA ROAD, Boston, MA",SAM,-71.06834258623945,42.28044883147445
"36 ALICIA ROAD, Boston, MA",SAM,-71.06852878697399,42.28048716511477
"37 ALICIA ROAD, Boston, MA",SAM,-71.06849303705553,42.28073595142848
"48 ALICIA ROAD, Boston, MA",SAM,-71.0687293880621,42.28086999172017
"72 ALICIA ROAD, Boston, MA",SAM,-71.06901626247684,42.28141023655556
"75 ALICIA ROAD, Boston, MA",SAM,-71.0689138853377,42.281529469948104
"76 ALICIA ROAD, Boston, MA",SAM,-71.06904389000752,42.28146136811832
"79 ALICIA ROAD, Boston, MA",SAM,-71.06893690827992,42.28157207958374
"46 ALLANDALE STREET, Boston, MA",SAM,-71.12980055482808,42.30080593272772
"128 ALLSTON STREET, Boston, MA",SAM,-71.13861960727077,42.3467654085197
"58 ALLSTON STREET, Boston, MA",SAM,-71.13579066658222,42.35127948908923
"26 ALMONT STREET, Boston, MA",SAM,-71.09488673667876,42.274854316916546
"71 ALMONT STREET, Boston, MA",SAM,-71.09732932766128,42.276484413840286
"73 ALMONT STREET, Boston, MA",SAM,-71.09734351431618,42.276499255267304
"24 ALPHA ROAD, Boston, MA",SAM,-71.06829898170172,42.2959078526058
"142 AMERICAN LEGION HIGHWAY, Boston, MA",SAM,-71.09257516277445,42.29530680741092
"68 AMERICAN LEGION HIGHWAY, Boston, MA",SAM,-71.09038009047661,42.29722543116598
"72 AMERICAN LEGION HIGHWAY, Boston, MA",SAM,-71.09059617044267,42.29715539727741
"74 AMERICAN LEGION HIGHWAY, Boston, MA",SAM,-71.09067085798544,42.29713100950781
"819 AMERICAN LEGION HIGHWAY, Boston, MA",SAM,-71.1166588282695,42.279766287785996
"865 AMERICAN LEGION HIGHWAY, Boston, MA",SAM,-71.11671155341078,42.278457306710486
"877 AMERICAN LEGION HIGHWAY, Boston, MA",SAM,-71.1165351188666,42.2782192907065
"883 AMERICAN LEGION HIGHWAY, Boston, MA",SAM,-71.11644012518359,42.278108464717235
"885 AMERICAN LEGION HIGHWAY, Boston, MA",SAM,-71.11640846062258,42.2780715227208
"5 AMES STREET, Boston, MA",SAM,-71.0865370251093,42.29057324861716
"27 AMHERST STREET, Boston, MA",SAM,-71.13203257487817,42.286222966879734
"47 AMHERST STREET, Boston, MA",SAM,-71.13229525451867,42.285989473854244
"114 AMORY STREET, Boston, MA",SAM,-71.10019523199887,42.31950716334319
"194 AMORY STREET, Boston, MA",SAM,-71.10234853336327,42.31717097383999
"555 AMORY STREET, Boston, MA",SAM,-71.10849171465685,42.30840914830495
"59 AMORY STREET, Boston, MA",SAM,-71.09936648416661,42.32073746519967
"14 ANDERSON STREET, Boston, MA",SAM,-71.06773685377945,42.36070081808297
"16 ANDERSON STREET, Boston, MA",SAM,-71.06773324873403,42.360641668240625
"24 ANDERSON STREET, Boston, MA",SAM,-71.067718913006,42.36040512846858
"17 ANGELL STREET, Boston, MA",SAM,-71.08813969638756,42.295761705772826
"31 ANGELL STREET, Boston, MA",SAM,-71.08838907716203,42.296055162447715
"24 ANNABEL STREET, Boston, MA",SAM,-71.06301080245576,42.318465684304904
"21 ANNAVOY STREET, Boston, MA",SAM,-70.99839978650313,42.382709089870716
"6 ANTHONY J GRIECO TERRACE, Boston, MA",SAM,-71.03617609294982,42.372248239803376
"8 ANTHONY J GRIECO TERRACE, Boston, MA",SAM,-71.03618740856191,42.372255321684655
"8 ANTRIM STREET, Boston, MA",SAM,-71.00587432346433,42.38714326107257
"20 ANTWERP STREET, Boston, MA",SAM,-71.1403713889352,42.358885637648584
"24 ANTWERP STREET, Boston, MA",SAM,-71.14034075490389,42.358946905711534
"32 ANTWERP STREET, Boston, MA",SAM,-71.14027948684127,42.35906944183748
"36 ANTWERP STREET, Boston, MA",SAM,-71.14020131106344,42.35924176254497
"40 ANTWERP STREET, Boston, MA",SAM,-71.1401255887996,42.35937551632597
"72 ANTWERP STREET, Boston, MA",SAM,-71.13954163520758,42.36040634210194
"87 ANTWERP STREET, Boston, MA",SAM,-71.13935510353808,42.360442794580415
"14 ARBOROUGH ROAD, Boston, MA",SAM,-71.12898594375051,42.28920787695179
"17 ARBOROUGH ROAD, Boston, MA",SAM,-71.1287934041801,42.289192765682195
"20 ARBOROUGH ROAD, Boston, MA",SAM,-71.1288585679409,42.28931047749722
"11 ARBROTH STREET, Boston, MA",SAM,-71.05259246857325,42.2903107053848
"16 ARBROTH STREET, Boston, MA",SAM,-71.05258314361643,42.29043489278823
"17 ARBROTH STREET, Boston, MA",SAM,-71.0525064192332,42.290333499912016
"29 ARBROTH STREET, Boston, MA",SAM,-71.05233432055306,42.29037908896646
"3 ARBROTH STREET, Boston, MA",SAM,-71.05270720102666,42.29028031268184
"32 ARBROTH STREET, Boston, MA",SAM,-71.0523488981907,42.29049694455676
"8 ARBROTH STREET, Boston, MA",SAM,-71.0527002663293,42.290403866903944
"1 ARCADIA PARK, Boston, MA",SAM,-71.06274311193965,42.30138750472617
"2 ARCADIA PARK, Boston, MA",SAM,-71.06259414096645,42.30141899003623
"21 ARCADIA PARK, Boston, MA",SAM,-71.06271093396202,42.30122937954218
"11 ARCADIA STREET, Boston, MA",SAM,-71.06122236232498,42.301913590332255
"26 ARCADIA STREET, Boston, MA",SAM,-71.06240714578723,42.301474707645916
"28 ARCADIA STREET, Boston, MA",SAM,-71.06246821687498,42.30145797584097
"32 ARCADIA STREET, Boston, MA",SAM,-71.06259035905043,42.30142451223105
"101 ARCH STREET, Boston, MA",SAM,-71.05850445741602,42.35505554310601
"24 ARCHDALE ROAD, Boston, MA",SAM,-71.12189692117062,42.29313657988763
"32 ARCHDALE ROAD, Boston, MA",SAM,-71.12161410635953,42.292975424011026
"39 ARCHDALE ROAD, Boston, MA",SAM,-71.12100648818652,42.29247603202694
"61 ARCHDALE ROAD, Boston, MA",SAM,-71.12023242904797,42.29200958510196
"1 ARCOLA STREET, Boston, MA",SAM,-71.10835950413856,42.324506825352785
"103 ARDALE STREET, Boston, MA",SAM,-71.1355865136605,42.292325113560416
"27 ARDEN STREET, Boston, MA",SAM,-71.12900628141931,42.3585948569266
"3 ARDEN STREET, Boston, MA",SAM,-71.12895014038408,42.358244759492294
"24 ARLINGTON STREET, Boston, MA",SAM,-71.15307304077507,42.35192803480651
"43 ARLINGTON STREET, Boston, MA",SAM,-71.15394974690248,42.35231945189977
"139 ARLINGTON STREET, Boston, MA",SAM,-71.15842058403557,42.35270762690115
"115 ARMANDINE STREET, Boston, MA",SAM,-71.07449533094336,42.28429860975828
"66 ARMANDINE STREET, Boston, MA",SAM,-71.0732236164225,42.284441974691944
"16 ARUNDEL STREET, Boston, MA",SAM,-71.10368053745812,42.34769959094902
"5 ASCOT STREET, Boston, MA",SAM,-71.14053524375102,42.35862202781284
"12 ASHCROFT STREET, Boston, MA",SAM,-71.11394525868859,42.32063182540301
"42 ASHFORD STREET, Boston, MA",SAM,-71.12686051612488,42.354666080312704
"8 ASHFORD STREET, Boston, MA",SAM,-71.12966071676387,42.35428920024223
"5 ASHFORD TERRACE, Boston, MA",SAM,-71.12626239746105,42.354596034849585
"16 ASHLAND STREET, Boston, MA",SAM,-71.05309916743674,42.30016957409423
"50 ASHLEY STREET, Boston, MA",SAM,-71.10378672952739,42.320806247372346
"220 ASHMONT STREET, Boston, MA",SAM,-71.06298586215185,42.28618715846956
"224 ASHMONT STREET, Boston, MA",SAM,-71.06284271689597,42.28623651890386
"442 ASHMONT STREET, Boston, MA",SAM,-71.05480766248758,42.28848217536513
"458 ASHMONT STREET, Boston, MA",SAM,-71.05422883224153,42.288641257483725
"489 ASHMONT STREET, Boston, MA",SAM,-71.0531317903447,42.2888226728436
"497 ASHMONT STREET, Boston, MA",SAM,-71.05285142755302,42.28890021999926
"577 ASHMONT STREET, Boston, MA",SAM,-71.05073882807403,42.28943251263968
"48 ASPINWALL ROAD, Boston, MA",SAM,-71.0743910384965,42.29128848718277
"50 ASPINWALL ROAD, Boston, MA",SAM,-71.07441914792298,42.29128194318937
"268 ATHENS STREET, Boston, MA",SAM,-71.04909319493662,42.33845696747997
"324 ATHENS STREET, Boston, MA",SAM,-71.04779758980321,42.337641894802644
"52 ATHOL STREET, Boston, MA",SAM,-71.13454026568421,42.36026721965413
"71 ATHOL STREET, Boston, MA",SAM,-71.13500627176263,42.35948120212349
"33 ATKINS STREET, Boston, MA",SAM,-71.17012050652788,42.352521734293106
"6 AUCKLAND STREET, Boston, MA",SAM,-71.055281890346,42.31490424504795
"40 AUGUSTUS AVENUE, Boston, MA",SAM,-71.12892532952853,42.28101458899341
"8 AUGUSTUS AVENUE, Boston, MA",SAM,-71.12808280014242,42.281728518406325
"120 AUSTIN STREET, Boston, MA",SAM,-71.12577568336714,42.26248362237283
"242 AUSTIN STREET, Boston, MA",SAM,-71.12453000938244,42.266872021302355
"250 AUSTIN STREET, Boston, MA",SAM,-71.12442687345116,42.26710847928902
"254 AUSTIN STREET, Boston, MA",SAM,-71.1243753054855,42.26722670828236
"76 AUSTIN STREET, Boston, MA",SAM,-71.1259227659447,42.26094669051401
"80 AUSTIN STREET, Boston, MA",SAM,-71.12591314178381,42.261086240748604
"84 AUSTIN STREET, Boston, MA",SAM,-71.12590351762292,42.2612257909832
"30 AVALON ROAD, Boston, MA",SAM,-71.15930927503776,42.29239175547161
"18 AVERTON STREET, Boston, MA",SAM,-71.13538174912384,42.28128259622705
"23 AVERTON STREET, Boston, MA",SAM,-71.13536132569524,42.281422541975985
"13 B STREET, Boston, MA",SAM,-71.12586032610845,42.250309325859284
"33 B STREET, Boston, MA",SAM,-71.12563464157806,42.25024873939169
"39 B STREET, Boston, MA",SAM,-71.12556693621893,42.25023056345139
"5 B STREET, Boston, MA",SAM,-71.12595059992061,42.25033356044632
"63 B STREET, Boston, MA",SAM,-71.12529888212,42.250164327757936
"129 BABSON STREET, Boston, MA",SAM,-71.09254772421254,42.27103910786166
"5 BABSON STREET, Boston, MA",SAM,-71.0931507057099,42.276795873810045
"117 BAKER STREET, Boston, MA",SAM,-71.16639778152171,42.27440786428387
"27 BAKERSFIELD STREET, Boston, MA",SAM,-71.061073484155,42.31687345138527
"29 BAKERSFIELD STREET, Boston, MA",SAM,-71.06108555484865,42.31683155898089
"31 BAKERSFIELD STREET, Boston, MA",SAM,-71.0610976255423,42.316789666576526
"33 BAKERSFIELD STREET, Boston, MA",SAM,-71.06110969623596,42.31674777417212
"35 BAKERSFIELD STREET, Boston, MA",SAM,-71.06112176692963,42.31670588176775
"37 BAKERSFIELD STREET, Boston, MA",SAM,-71.06113383762327,42.31666398936339
"7 BAKERSFIELD STREET, Boston, MA",SAM,-71.06076071042388,42.31784570191057
"22 BALFOUR STREET, Boston, MA",SAM,-71.07637920909202,42.31442711855688
"162 BALLOU AVENUE, Boston, MA",SAM,-71.08509781725537,42.2833731727907
"4 BALLOU AVENUE, Boston, MA",SAM,-71.08065185545478,42.28777784554183
"88 BALLOU AVENUE, Boston, MA",SAM,-71.08262346213398,42.28531376201134
"97 BALLOU AVENUE, Boston, MA",SAM,-71.08277922715494,42.28535460823988
"1 BANCROFT STREET, Boston, MA",SAM,-71.0984797547784,42.31813155543621
"5 BANCROFT STREET, Boston, MA",SAM,-71.09851118680544,42.318111132595234
"9 BANCROFT STREET, Boston, MA",SAM,-71.09854261883252,42.31809070975428
"6 BANTON STREET, Boston, MA",SAM,-71.06364519775342,42.2885037464763
"12 BARKER STREET, Boston, MA",SAM,-71.15436676807232,42.35446453477537
"42 BARNES AVENUE, Boston, MA",SAM,-71.00431272787385,42.38653805331337
"1 BARROWS STREET, Boston, MA",SAM,-71.13836894403117,42.35308301838842
"12 BARROWS STREET, Boston, MA",SAM,-71.13819314019112,42.35304854343382
"13 BARROWS STREET, Boston, MA",SAM,-71.13833691590277,42.35300389004781
"17 BARROWS STREET, Boston, MA",SAM,-71.13832623985996,42.352977513934285
"7 BARROWS STREET, Boston, MA",SAM,-71.13835292996696,42.35304345421812
"9 BARROWS STREET, Boston, MA",SAM,-71.13834759194556,42.35303026616134
"20 BARRY STREET, Boston, MA",SAM,-71.12750703004409,42.25406844412481
"81 BARRY STREET, Boston, MA",SAM,-71.12751150029744,42.25393011920828
"86 BARTLETT STREET, Boston, MA",SAM,-71.0650599694698,42.378715715478855
"49 BATCHELDER STREET, Boston, MA",SAM,-71.06901292542564,42.32254546383376
"66 BATCHELDER STREET, Boston, MA",SAM,-71.06917256315907,42.322968969757234
"11 BATEMAN STREET, Boston, MA",SAM,-71.12937101911379,42.27285632313599
"40 BATTERYMARCH STREET, Boston, MA",SAM,-71.05410165766978,42.357629171390556
"61 BATTERYMARCH STREET, Boston, MA",SAM,-71.05405853147849,42.35748546435842
"233 BAY STATE ROAD, Boston, MA",SAM,,
"12 BAYARD STREET, Boston, MA",SAM,-71.13030681784349,42.36079757100386
"31 BAYARD STREET, Boston, MA",SAM,-71.13080996584011,42.3606589873757
"35 BAYARD STREET, Boston, MA",SAM,-71.13086621412859,42.360629141343686
"43 BAYARD STREET, Boston, MA",SAM,-71.13097871070549,42.360569449279666
"100 BAYSWATER STREET, Boston, MA",SAM,-71.00275519606122,42.38390395685816
"108 BAYSWATER STREET, Boston, MA",SAM,-71.00242775797796,42.38379076835653
"112 BAYSWATER STREET, Boston, MA",SAM,-71.00226403893632,42.38373417410574
"122 BAYSWATER STREET, Boston, MA",SAM,-71.00185474133221,42.38359268847872
"126 BAYSWATER STREET, Boston, MA",SAM,-71.00169102229057,42.38353609422791
"148 BAYSWATER STREET, Boston, MA",SAM,-71.0006416356318,42.38302269129557
"168 BAYSWATER STREET, Boston, MA",SAM,-70.99995593417967,42.382624956228355
"24 BAYSWATER STREET, Boston, MA",SAM,-71.00527196533768,42.385537684658175
"31 BAYSWATER STREET, Boston, MA",SAM,-71.00538636687355,42.38544732581239
"82 BAYSWATER STREET, Boston, MA",SAM,-71.0034919317486,42.38415863098678
"86 BAYSWATER STREET, Boston, MA",SAM,-71.00332821270696,42.38410203673599
"112 BEACH STREET, Boston, MA",SAM,-71.05760483972318,42.35073909268911
"23 BEACH STREET, Boston, MA",SAM,-71.05462590258462,42.30323646841407
"62 BEACH STREET, Boston, MA",SAM,-71.05490040594762,42.302186760288315
"36 BEACH STREET, Boston, MA",SAM,-71.05460947270552,42.30287282914557
"11 BEACON STREET, Boston, MA",SAM,-71.15879116253647,42.3323516246298
"1948 BEACON STREET, Boston, MA",SAM,-71.14949817689286,42.33632785237338
"2001 BEACON STREET, Boston, MA",SAM,-71.14947122558523,42.33621366400883
"665 BEACON STREET, Boston, MA",SAM,-71.09547249148487,42.349165866729486
"152 BEACON STREET, Boston, MA",SAM,-71.11117447723863,42.2565551137852
"176 BEACON STREET, Boston, MA",SAM,-71.11106607660658,42.2566144760389
"253 BEACON STREET, Boston, MA",SAM,-71.07894046458742,42.35364494440945
"47 BEACON STREET, Boston, MA",SAM,-71.15999053928385,42.333249948328884
"3 BEARSE AVENUE, Boston, MA",SAM,-71.06386711997713,42.27078492988841
"108 BEAUMONT STREET, Boston, MA",SAM,-71.05595322873026,42.285631138292494
"139 BEAVER STREET, Boston, MA",SAM,-71.13154290282974,42.25542324828895
"143 BEAVER STREET, Boston, MA",SAM,-71.1316233002325,42.2553318871697
"146 BEAVER STREET, Boston, MA",SAM,-71.13157396908885,42.25517798518855
"5 BECKET STREET, Boston, MA",SAM,-71.0651109675449,42.28181186415365
"9 BECKET STREET, Boston, MA",SAM,-71.06507000683628,42.281754875327955
"106 BEDFORD STREET, Boston, MA",SAM,-71.05925050104561,42.35337097645991
"257 BEECH STREET, Boston, MA",SAM,-71.1396543813211,42.27992290052352
"289 BEECH STREET, Boston, MA",SAM,-71.13844406676216,42.279171358024485
"419 BEECH STREET, Boston, MA",SAM,-71.13528871158707,42.27714435537646
"53 BEECHCROFT STREET, Boston, MA",SAM,-71.16110174288828,42.35081363596538
"57 BEECHCROFT STREET, Boston, MA",SAM,-71.16110048654639,42.350861879391935
"61 BEECHCROFT STREET, Boston, MA",SAM,-71.16109923020453,42.35091012281847
"65 BEECHCROFT STREET, Boston, MA",SAM,-71.16109797386265,42.35095836624504
"69 BEECHCROFT STREET, Boston, MA",SAM,-71.16109671752078,42.35100660967159
"86 BEECHCROFT STREET, Boston, MA",SAM,-71.1612438642823,42.35131140475861
"90 BEECHCROFT STREET, Boston, MA",SAM,-71.16124268745574,42.35135659480373
"12 BELFORT STREET, Boston, MA",SAM,-71.05613136739123,42.315370419894464
"38 BELFORT STREET, Boston, MA",SAM,-71.05485664688824,42.315148116310624
"8 BELFORT STREET, Boston, MA",SAM,-71.05630460068363,42.31540374258479
"123 BELGRADE AVENUE, Boston, MA",SAM,-71.13540513469485,42.28635522459697
"223 BELGRADE AVENUE, Boston, MA",SAM,-71.14016928611548,42.28619984894341
"274 BELGRADE AVENUE, Boston, MA",SAM,-71.14258937968512,42.286041871638105
"358 BELGRADE AVENUE, Boston, MA",SAM,-71.14657811229782,42.285964802641956
"96 BELGRADE AVENUE, Boston, MA",SAM,-71.13440820869432,42.286252445652146
"58 BELLAMY STREET, Boston, MA",SAM,-71.17094657683333,42.35483744017458
"6 BELLEVUE STREET, Boston, MA",SAM,-71.06814990509137,42.3122170840327
"64 BELLEVUE STREET, Boston, MA",SAM,-71.06889887936875,42.3090499564701
"21 BELNEL ROAD, Boston, MA",SAM,-71.10439425900206,42.26241756711939
"45 BELNEL ROAD, Boston, MA",SAM,-71.10428258891098,42.261642516621144
"49 BELNEL ROAD, Boston, MA",SAM,-71.10427641831545,42.2615279197082
"53 BELNEL ROAD, Boston, MA",SAM,-71.10427024771992,42.26141332279525
"81 BELNEL ROAD, Boston, MA",SAM,-71.10407955644583,42.26069409450942
"12 BENNET STREET, Boston, MA",SAM,-71.06276927760837,42.34956312866326
"31 BENNET STREET, Boston, MA",SAM,-71.06270871930207,42.349398109286966
"105 BENNETT STREET, Boston, MA",SAM,-71.15840383633366,42.35196069346499
"15 BENNETT STREET, Boston, MA",SAM,-71.15324435171017,42.35118344591649
"46 BENNETT STREET, Boston, MA",SAM,-71.15538549269935,42.35163269149782
"61 BENNETT STREET, Boston, MA",SAM,-71.1562185515346,42.35190195202448
"62 BENNETT STREET, Boston, MA",SAM,-71.15631880212536,42.351799178334616
"66 BENNETT STREET, Boston, MA",SAM,-71.15655740067331,42.35182827573038
"73 BENNETT STREET, Boston, MA",SAM,-71.15698486084297,42.35195881555642
"80 BENNETT STREET, Boston, MA",SAM,-71.15739191193703,42.351852243467455
"81 BENNETT STREET, Boston, MA",SAM,-71.15748848310469,42.35196878829203
"85 BENNETT STREET, Boston, MA",SAM,-71.1577424464549,42.35196962701963
"89 BENNETT STREET, Boston, MA",SAM,-71.15799434800176,42.3519696270277
"90 BENNETT STREET, Boston, MA",SAM,-71.15799434800844,42.35185503565233
"100 BENNINGTON STREET, Boston, MA",SAM,-71.03529485903952,42.37629438150538
"1022 BENNINGTON STREET, Boston, MA",SAM,-71.0060724824084,42.38700116095901
"1048 BENNINGTON STREET, Boston, MA",SAM,-71.00491330663243,42.38737807503715
"13 BENNINGTON STREET, Boston, MA",SAM,-71.03826600336355,42.37505458753161
"260 BENNINGTON STREET, Boston, MA",SAM,-71.02916887774518,42.378409320157424
"293 BENNINGTON STREET, Boston, MA",SAM,-71.02790262242544,42.378944604533174
"301 BENNINGTON STREET, Boston, MA",SAM,-71.02776784725403,42.37899434987694
"34 BENNINGTON STREET, Boston, MA",SAM,-71.03762372456252,42.37542436944419
"563 BENNINGTON STREET, Boston, MA",SAM,-71.01847670018381,42.382477738666324
"569 BENNINGTON STREET, Boston, MA",SAM,-71.01820147877592,42.38257883670134
"577 BENNINGTON STREET, Boston, MA",SAM,-71.01789255088208,42.38269411797355
"9 BENSON STREET, Boston, MA",SAM,-71.14028423885361,42.359198314493035
"11 BENTHAM ROAD, Boston, MA",SAM,-71.06397455542341,42.30315445503969
"12 BENTHAM ROAD, Boston, MA",SAM,-71.06401305017786,42.303265463385266
"15 BENTHAM ROAD, Boston, MA",SAM,-71.06393379792232,42.30316342478147
"16 BENTHAM ROAD, Boston, MA",SAM,-71.06397871325981,42.30327311562491
"19 BENTHAM ROAD, Boston, MA",SAM,-71.06389687511049,42.30317224216927
"20 BENTHAM ROAD, Boston, MA",SAM,-71.06394102122273,42.303282116708324
"24 BENTHAM ROAD, Boston, MA",SAM,-71.06390332918566,42.30329111779171
"3 BENTHAM ROAD, Boston, MA",SAM,-71.06406031419866,42.30313821039544
"4 BENTHAM ROAD, Boston, MA",SAM,-71.0640788154353,42.30325198226866
"7 BENTHAM ROAD, Boston, MA",SAM,-71.06401200991164,42.303146964142286
"8 BENTHAM ROAD, Boston, MA",SAM,-71.06405128496792,42.30325781642751
"23 BENTLEY STREET, Boston, MA",SAM,-71.15122810869484,42.351016403016274
"26 BENTLEY STREET, Boston, MA",SAM,-71.15110743745126,42.35093620014279
"229 BERKELEY STREET, Boston, MA",SAM,-71.07305955185808,42.351402886212504
"59 BERKELEY STREET, Boston, MA",SAM,-71.07066769746828,42.34653111277192
"63 BERKELEY STREET, Boston, MA",SAM,-71.0706952086775,42.34658957410766
"71 BERKELEY STREET, Boston, MA",SAM,-71.07078141461763,42.34677083101891
"75 BERKELEY STREET, Boston, MA",SAM,-71.07079521306188,42.346799347811526
"219 BERKELEY STREET, Boston, MA",SAM,-71.073026295504,42.35133335018031
"242 BERKELEY STREET, Boston, MA",SAM,-71.07338119448482,42.35172967243873
"10 BERRY STREET, Boston, MA",SAM,-71.04216738413523,42.2874585729105
"15 BETHUNE WAY, Boston, MA",SAM,-71.07531520194414,42.332337928811604
"17 BETHUNE WAY, Boston, MA",SAM,-71.07532372933365,42.33234434257611
"19 BETHUNE WAY, Boston, MA",SAM,-71.07533225672317,42.332350756340595
"9 BETHUNE WAY, Boston, MA",SAM,-71.07528961977556,42.33231868751811
"11 BIGELOW STREET, Boston, MA",SAM,-71.16759267775981,42.351814363641736
"13 BIGELOW STREET, Boston, MA",SAM,-71.16760804147047,42.351922577663686
"130 BIGELOW STREET, Boston, MA",SAM,-71.16651409021766,42.356201436857205
"60 BIGELOW STREET, Boston, MA",SAM,-71.1675562230157,42.354241954673704
"63 BIGELOW STREET, Boston, MA",SAM,-71.16742451310503,42.35415190471791
"72 BIRCH STREET, Boston, MA",SAM,-71.13177272222381,42.28526137549844
"80 BIRCH STREET, Boston, MA",SAM,-71.13205904580286,42.28501371808132
"13 BISMARCK STREET, Boston, MA",SAM,-71.10244745441867,42.31524460395495
"1 BLACK FALCON AVENUE, Boston, MA",SAM,-71.03423254176944,42.34382584424225
"9 BLACKINTON STREET, Boston, MA",SAM,-71.00367339009611,42.38791593138141
"17 BLACKWELL STREET, Boston, MA",SAM,-71.0471496280483,42.288137440208644
"108 BLAKE STREET, Boston, MA",SAM,-71.1055706626434,42.268267877857454
"128 BLAKE STREET, Boston, MA",SAM,-71.10522991393638,42.26859889941346
"132 BLAKE STREET, Boston, MA",SAM,-71.10518899650624,42.26863482691495
"136 BLAKE STREET, Boston, MA",SAM,-71.1051480790761,42.268670754416384
"144 BLAKE STREET, Boston, MA",SAM,-71.10506624421578,42.26874260941931
"91 BLAKE STREET, Boston, MA",SAM,-71.10575063482992,42.26782261507979
"4 BLAKEVILLE STREET, Boston, MA",SAM,-71.07059134199093,42.3039363064491
"8 BLAKEVILLE STREET, Boston, MA",SAM,-71.0706245627877,42.304001457932024
"38 BLENFORD ROAD, Boston, MA",SAM,-71.15080299881336,42.3450016088015
"48 BLENFORD ROAD, Boston, MA",SAM,-71.15065853003688,42.34496779695042
"10 BLOOMFIELD STREET, Boston, MA",SAM,-71.06578885460425,42.29978734707698
"105 BLOOMFIELD STREET, Boston, MA",SAM,-71.06843483955535,42.299121630943475
"27 BLOOMFIELD STREET, Boston, MA",SAM,-71.06632515276983,42.299746952253656
"60 BLOOMFIELD STREET, Boston, MA",SAM,-71.06714878831788,42.29937990071845
"79 BLOOMFIELD STREET, Boston, MA",SAM,-71.06773104676604,42.29933108073506
"84 BLOOMFIELD STREET, Boston, MA",SAM,-71.06780428363477,42.29918600143898
"97 BLOOMFIELD STREET, Boston, MA",SAM,-71.06821770238011,42.299187125209386
"27 BLOOMINGTON STREET, Boston, MA",SAM,-71.0462667091915,42.28988271632711
"40 BLOSSOM STREET, Boston, MA",SAM,-71.06700190040873,42.3622958411987
"50 BLOSSOM STREET, Boston, MA",SAM,-71.06700506609393,42.362543801684645
"1078 BLUE HILL AVENUE, Boston, MA",SAM,-71.09020407905949,42.287447326643814
"1141 BLUE HILL AVENUE, Boston, MA",SAM,-71.09116233368395,42.28563444309176
"1332 BLUE HILL AVENUE, Boston, MA",SAM,-71.09320990168099,42.27831781128762
"1368 BLUE HILL AVENUE, Boston, MA",SAM,-71.09330814488676,42.27694718928291
"1436 BLUE HILL AVENUE, Boston, MA",SAM,-71.09336525759893,42.275071708037565
"1443 BLUE HILL AVENUE, Boston, MA",SAM,-71.09372974746036,42.27492739831839
"1444 BLUE HILL AVENUE, Boston, MA",SAM,-71.09337371544453,42.274851099534295
"1451 BLUE HILL AVENUE, Boston, MA",SAM,-71.09374717707131,42.27458229236966
"1461 BLUE HILL AVENUE, Boston, MA",SAM,-71.09376204151464,42.27421237842723
"1600 BLUE HILL AVENUE, Boston, MA",SAM,-71.0935530359836,42.26907208866891
"196 BLUE HILL AVENUE, Boston, MA",SAM,-71.07774678656396,42.3182335720141
"317 BLUE HILL AVENUE, Boston, MA",SAM,-71.07953583242215,42.313591262063824
"34 BLUE HILL AVENUE, Boston, MA",SAM,-71.07582693663143,42.324001206470044
"369 BLUE HILL AVENUE, Boston, MA",SAM,-71.08099994717006,42.311674458389554
"377 BLUE HILL AVENUE, Boston, MA",SAM,-71.08105459450502,42.31160402404398
"438 BLUE HILL AVENUE, Boston, MA",SAM,-71.08207699960921,42.31007327506361
"48 BLUE HILL AVENUE, Boston, MA",SAM,-71.07616775459535,42.32347756626745
"481 BLUE HILL AVENUE, Boston, MA",SAM,-71.08322251310916,42.3086645898261
"485 BLUE HILL AVENUE, Boston, MA",SAM,-71.08327037026277,42.30858482790165
"491 BLUE HILL AVENUE, Boston, MA",SAM,-71.08347668220932,42.308291759613034
"493 BLUE HILL AVENUE, Boston, MA",SAM,-71.08359312976778,42.30813649619605
"5 BLUE HILL AVENUE, Boston, MA",SAM,-71.07537342738405,42.32491509032206
"50 BLUE HILL AVENUE, Boston, MA",SAM,-71.07621597828471,42.32340673772151
"502 BLUE HILL AVENUE, Boston, MA",SAM,-71.08398752202038,42.307092403936345
"506 BLUE HILL AVENUE, Boston, MA",SAM,-71.08404977650908,42.3069694814595
"514 BLUE HILL AVENUE, Boston, MA",SAM,-71.08419112580397,42.30667272281505
"518 BLUE HILL AVENUE, Boston, MA",SAM,-71.08421065967238,42.306609470292585
"520 BLUE HILL AVENUE, Boston, MA",SAM,-71.08422042660658,42.306577844031324
"522 BLUE HILL AVENUE, Boston, MA",SAM,-71.08423019354078,42.306546217770084
"524 BLUE HILL AVENUE, Boston, MA",SAM,-71.08423996047497,42.306514591508844
"526 BLUE HILL AVENUE, Boston, MA",SAM,-71.08424972740919,42.3064829652476
"532 BLUE HILL AVENUE, Boston, MA",SAM,-71.08427811786115,42.306388780171574
"547 BLUE HILL AVENUE, Boston, MA",SAM,-71.08463087608588,42.306377104710705
"549 BLUE HILL AVENUE, Boston, MA",SAM,-71.08463788573793,42.306350000725274
"570 BLUE HILL AVENUE, Boston, MA",SAM,-71.08461729318135,42.304658712512
"575 BLUE HILL AVENUE, Boston, MA",SAM,-71.0847126057488,42.306036525957246
"577 BLUE HILL AVENUE, Boston, MA",SAM,-71.08471371903354,42.306030681213336
"578 BLUE HILL AVENUE, Boston, MA",SAM,-71.08467626155102,42.30442998686797
"614 BLUE HILL AVENUE, Boston, MA",SAM,-71.08501401644689,42.30328130577996
"786 BLUE HILL AVENUE, Boston, MA",SAM,-71.08679375495196,42.297985074210146
"788 BLUE HILL AVENUE, Boston, MA",SAM,-71.0868044175281,42.2979473450974
"824 BLUE HILL AVENUE, Boston, MA",SAM,-71.08725002338032,42.29649021863577
"825 BLUE HILL AVENUE, Boston, MA",SAM,-71.08755802866158,42.296579150640014
"826 BLUE HILL AVENUE, Boston, MA",SAM,-71.08726657799232,42.29644931900683
"828 BLUE HILL AVENUE, Boston, MA",SAM,-71.08728313260434,42.29640841937789
"829 BLUE HILL AVENUE, Boston, MA",SAM,-71.08756992982835,42.296541066908446
"86 BLUE HILL AVENUE, Boston, MA",SAM,-71.0770759602381,42.32216252104975
"907 BLUE HILL AVENUE, Boston, MA",SAM,-71.0884143785205,42.293855815615295
"949 BLUE HILL AVENUE, Boston, MA",SAM,-71.08903106207299,42.29204482487906
"973 BLUE HILL AVENUE, Boston, MA",SAM,-71.08940239272181,42.29091561553571
"974 BLUE HILL AVENUE, Boston, MA",SAM,-71.08914167213443,42.29065863390861
"126 BLUE LEDGE DRIVE, Boston, MA",SAM,-71.13627356555502,42.27471691085366
"256 BLUE LEDGE DRIVE, Boston, MA",SAM,-71.13720728598057,42.2722236366035
"68 BLUE LEDGE DRIVE, Boston, MA",SAM,-71.13698405620829,42.27546552666844
"12 BOLSTER STREET, Boston, MA",SAM,-71.10616783634642,42.32201745157752
"295 BOLTON STREET, Boston, MA",SAM,-71.04590065465833,42.33740837098955
"67 BORDER STREET, Boston, MA",SAM,-71.0420556132762,42.37181207054158
"124 BOSTON STREET, Boston, MA",SAM,-71.0590327034557,42.325300037296714
"14 BOSTON STREET, Boston, MA",SAM,-71.0577006802564,42.328296486560724
"142 BOSTON STREET, Boston, MA",SAM,-71.05939505528208,42.32464083478343
"19 BOSTON STREET, Boston, MA",SAM,-71.05911975157657,42.32720944893816
"21 BOSTON STREET, Boston, MA",SAM,-71.05911832077491,42.3272041649556
"36 BOSTON STREET, Boston, MA",SAM,-71.05774312069524,42.32819139595221
"9 BOSTON STREET, Boston, MA",SAM,-71.05914425321721,42.3272947682564
"98 BOSTON STREET, Boston, MA",SAM,-71.05863958508503,42.326230779368956
"22 BOSTONIA AVENUE, Boston, MA",SAM,-71.16809143508142,42.34873110757343
"26 BOSTONIA AVENUE, Boston, MA",SAM,-71.16790128924917,42.34867811609769
"34 BOSTONIA AVENUE, Boston, MA",SAM,-71.16752099758469,42.348572133146234
"42 BOSTONIA AVENUE, Boston, MA",SAM,-71.16714070592019,42.348466150194774
"46 BOSTONIA AVENUE, Boston, MA",SAM,-71.16695056008793,42.34841315871905
"67 BOSTONIA AVENUE, Boston, MA",SAM,-71.16663903362307,42.34820887759136
"19 BOTHWELL ROAD, Boston, MA",SAM,-71.1602019952679,42.35312679792337
"32 BOTHWELL ROAD, Boston, MA",SAM,-71.16053581196506,42.35307382893048
"33 BOTHWELL ROAD, Boston, MA",SAM,-71.16052797611832,42.353190863544086
"41 BOTHWELL ROAD, Boston, MA",SAM,-71.16071425088998,42.35322747247021
"16 BOULEVARD TERRACE, Boston, MA",SAM,-71.13897796888429,42.34692155398489
"20 BOULEVARD TERRACE, Boston, MA",SAM,-71.13904538251535,42.346941982363276
"21 BOULEVARD TERRACE, Boston, MA",SAM,-71.13901339190215,42.34705613763156
"24 BOULEVARD TERRACE, Boston, MA",SAM,-71.13911279614639,42.346962410741675
"28 BOULEVARD TERRACE, Boston, MA",SAM,-71.13918268132,42.346986919024125
"31 BOULEVARD TERRACE, Boston, MA",SAM,-71.13917127911758,42.34710996464143
"35 BOULEVARD TERRACE, Boston, MA",SAM,-71.13923563489125,42.347132774288426
"4 BOULEVARD TERRACE, Boston, MA",SAM,-71.13877572799113,42.34686026884973
"7 BOULEVARD TERRACE, Boston, MA",SAM,-71.13878225945281,42.34698609747707
"8 BOULEVARD TERRACE, Boston, MA",SAM,-71.13884314162217,42.34688069722812
"21 BOWDOIN AVENUE, Boston, MA",SAM,-71.07656725388097,42.302512084839954
"52 BOWDOIN AVENUE, Boston, MA",SAM,-71.0750243060008,42.30148949368323
"58 BOWDOIN AVENUE, Boston, MA",SAM,-71.07477017799539,42.30134386939904
"69 BOWDOIN AVENUE, Boston, MA",SAM,-71.07454643259943,42.30104723772467
"89 BOWDOIN AVENUE, Boston, MA",SAM,-71.07395892642762,42.30063017038378
"1 BOWDOIN SQUARE, Boston, MA",SAM,-71.0673588112698,42.30601221859401
"227 BOWDOIN STREET, Boston, MA",SAM,-71.06748565356183,42.30575695664181
"259 BOWDOIN STREET, Boston, MA",SAM,-71.06669165746415,42.30643914469317
"300 BOWDOIN STREET, Boston, MA",SAM,-71.06545485798021,42.30777071973807
"330 BOWDOIN STREET, Boston, MA",SAM,-71.06489119269213,42.30831919384994
"384 BOWDOIN STREET, Boston, MA",SAM,-71.06405252302214,42.309361264682124
"188 BOWEN STREET, Boston, MA",SAM,-71.05129024391853,42.33629977466707
"18 BOWER STREET, Boston, MA",SAM,-71.08679423113287,42.32031271032617
"42 BOWER STREET, Boston, MA",SAM,-71.0867145457078,42.32016369849394
"54 BOWER STREET, Boston, MA",SAM,-71.08674230706673,42.320056824977684
"15 BOWMAN STREET, Boston, MA",SAM,-71.04810395355321,42.287623558278014
"28 BOWMAN STREET, Boston, MA",SAM,-71.04787593872665,42.28748167077787
"11 BOYDEN STREET, Boston, MA",SAM,-71.08128881468411,42.28815502945892
"100 BOYLSTON STREET, Boston, MA",SAM,-71.10439941062492,42.31707663194553
"1108 BOYLSTON STREET, Boston, MA",SAM,-71.08896872520793,42.346910077185036
"1173 BOYLSTON STREET, Boston, MA",SAM,-71.09392158603265,42.34603298667059
"136 BOYLSTON STREET, Boston, MA",SAM,-71.10290811494289,42.31641662548709
"176 BOYLSTON STREET, Boston, MA",SAM,-71.10225558037541,42.31533417252874
"334 BOYLSTON STREET, Boston, MA",SAM,-71.07073184666618,42.35178971307438
"344 BOYLSTON STREET, Boston, MA",SAM,-71.07076831132882,42.351784796491195
"376 BOYLSTON STREET, Boston, MA",SAM,-71.0708849982493,42.35176906342493
"410 BOYLSTON STREET, Boston, MA",SAM,-71.07158859664112,42.351589737571935
"419 BOYLSTON STREET, Boston, MA",SAM,-71.07202759112852,42.3515877740098
"420 BOYLSTON STREET, Boston, MA",SAM,-71.07208043716608,42.351451523064945
"437 BOYLSTON STREET, Boston, MA",SAM,-71.07228295434473,42.35151886647498
"545 BOYLSTON STREET, Boston, MA",SAM,-71.07605290481257,42.35050866522208
"575 BOYLSTON STREET, Boston, MA",SAM,-71.07666883495241,42.35033604388592
"607 BOYLSTON STREET, Boston, MA",SAM,-71.0773242670201,42.35015033813172
"661 BOYLSTON STREET, Boston, MA",SAM,-71.07861874322141,42.349805667102885
"669 BOYLSTON STREET, Boston, MA",SAM,-71.07879577094965,42.34975870816856
"699 BOYLSTON STREET, Boston, MA",SAM,-71.07945962493054,42.34958261216477
"179 BOYLSTON STREET, Boston, MA",SAM,-71.10244909901215,42.31534796153675
"11 BOYNTON STREET, Boston, MA",SAM,-71.11434359143217,42.305368632069325
"13 BRACKETT STREET, Boston, MA",SAM,-71.165275294392,42.350522094423084
"17 BRACKETT STREET, Boston, MA",SAM,-71.16526465649017,42.35058798076789
"21 BRACKETT STREET, Boston, MA",SAM,-71.1652540185883,42.35065386711269
"22 BRACKETT STREET, Boston, MA",SAM,-71.16540687260408,42.35067430748842
"25 BRACKETT STREET, Boston, MA",SAM,-71.16524338068648,42.35071975345749
"33 BRACKETT STREET, Boston, MA",SAM,-71.16522210488277,42.35085152614708
"37 BRACKETT STREET, Boston, MA",SAM,-71.16521146698092,42.350917412491896
"41 BRACKETT STREET, Boston, MA",SAM,-71.16520082907908,42.35098329883669
"44 BRACKETT STREET, Boston, MA",SAM,-71.1653471452177,42.35104423186183
"9 BRACKETT STREET, Boston, MA",SAM,-71.16528593229386,42.350456208078285
"30 BRADFIELD AVENUE, Boston, MA",SAM,-71.13874380838512,42.28864938532237
"34 BRADFIELD AVENUE, Boston, MA",SAM,-71.13887243209071,42.28873560407918
"22 BRAEMORE ROAD, Boston, MA",SAM,-71.15203399901952,42.338506862128256
"26 BRAEWOOD STREET, Boston, MA",SAM,-71.12662628570001,42.26031091268475
"93 BRAGDON STREET, Boston, MA",SAM,-71.09966437696873,42.31913911860825
"97 BRAGDON STREET, Boston, MA",SAM,-71.09968651328687,42.31915127188372
"31 BRAINARD STREET, Boston, MA",SAM,-71.1333774138663,42.25482384818844
"35 BRAINARD STREET, Boston, MA",SAM,-71.13331527070356,42.25489055554129
"121 BRAINERD ROAD, Boston, MA",SAM,-71.13502985114141,42.34669543256284
"119 BRAINTREE STREET, Boston, MA",SAM,-71.1375271894792,42.35655097291693
"37 BRANCH STREET, Boston, MA",SAM,-71.06894397114891,42.35681110947626
"258 BRANDYWYNE DRIVE, Boston, MA",SAM,-71.01319747707556,42.387574746179
"112 BRAYTON ROAD, Boston, MA",SAM,-71.1718033564998,42.34924186874083
"151 BRAYTON ROAD, Boston, MA",SAM,-71.17327074937243,42.349533631097465
"158 BRAYTON ROAD, Boston, MA",SAM,-71.17330664043276,42.34942149992269
"163 BRAYTON ROAD, Boston, MA",SAM,-71.17349762987165,42.349555092776676
"25 BRAYTON ROAD, Boston, MA",SAM,-71.16843673394713,42.34723805522965
"70 BRAYTON ROAD, Boston, MA",SAM,-71.1698585195879,42.34840888462466
"76 BRAYTON ROAD, Boston, MA",SAM,-71.17011118455747,42.348576874039686
"47 BRECK AVENUE, Boston, MA",SAM,-71.16896765121881,42.34920226329882
"51 BRECK AVENUE, Boston, MA",SAM,-71.16913271191544,42.34906829710852
"63 BRECK AVENUE, Boston, MA",SAM,-71.169344229423,42.34886431262726
"12 BREED STREET, Boston, MA",SAM,-71.006622869285,42.38714673688902
"20 BREED STREET, Boston, MA",SAM,-71.00675206943517,42.38736068127801
"374 BREMEN STREET, Boston, MA",SAM,-71.02834691409237,42.37805166159005
"12 BRENT STREET, Boston, MA",SAM,-71.07064579158713,42.28895369565413
"26 BRENT STREET, Boston, MA",SAM,-71.07003150223179,42.289150532553215
"24 BRENTON STREET, Boston, MA",SAM,-71.08056189078641,42.29761248295683
"76 BRENTWOOD STREET, Boston, MA",SAM,-71.13345872940101,42.36033770465001
"107 BRIGHTON AVENUE, Boston, MA",SAM,-71.13043238267348,42.35291609869003
"109 BRIGHTON AVENUE, Boston, MA",SAM,-71.13049877389521,42.352923087242836
"65 BRIGHTON AVENUE, Boston, MA",SAM,-71.12856471124883,42.352690036966145
"10 BRINSLEY STREET, Boston, MA",SAM,-71.07876088255239,42.304872515558245
"20 BRINSLEY STREET, Boston, MA",SAM,-71.07880854189938,42.30493089705193
"109 BROAD STREET, Boston, MA",SAM,-71.05244672519612,42.35730261100346
"125 BROAD STREET, Boston, MA",SAM,-71.0522047310789,42.35718434024283
"45 BROAD STREET, Boston, MA",SAM,-71.0543107864814,42.3584157569382
"52 BROAD STREET, Boston, MA",SAM,-71.05385040228461,42.35801848815696
"586 BROADWAY NAN, Boston, MA",SAM,-71.04066749977385,42.33559111512234
"594 BROADWAY NAN, Boston, MA",SAM,-71.04030912195545,42.33559949821892
"598 BROADWAY NAN, Boston, MA",SAM,-71.04012993304626,42.335603689767225
"616 BROADWAY NAN, Boston, MA",SAM,-71.03953820477315,42.33561364712777
"645 BROADWAY NAN, Boston, MA",SAM,-71.0391317426293,42.33550482040091
"673 BROADWAY NAN, Boston, MA",SAM,-71.03825710741587,42.335517270698084
"702 BROADWAY NAN, Boston, MA",SAM,-71.03725736794165,42.335648143007894
"742 BROADWAY NAN, Boston, MA",SAM,-71.0357518716619,42.335682439802085
"755 BROADWAY NAN, Boston, MA",SAM,-71.03522814474564,42.33557652190039
"893 BROADWAY NAN, Boston, MA",SAM,-71.02828568288342,42.33568966429863
"923 BROADWAY NAN, Boston, MA",SAM,-71.0270553910948,42.3357112240995
"198 BROADWAY NAN, Boston, MA",SAM,-71.05269607746361,42.34007700742533
"199 BROADWAY NAN, Boston, MA",SAM,-71.05248478128514,42.33979784837104
"30 BROADWAY NAN, Boston, MA",SAM,-71.06695697633761,42.34975041443415
"309 BROADWAY NAN, Boston, MA",SAM,-71.05066939067336,42.33861344830391
"356 BROADWAY NAN, Boston, MA",SAM,-71.04951729068499,42.338021338699576
"367 BROADWAY NAN, Boston, MA",SAM,-71.04948448324042,42.33784781725323
"393 BROADWAY NAN, Boston, MA",SAM,-71.04849837135716,42.33721135052427
"421 BROADWAY NAN, Boston, MA",SAM,-71.04752871911288,42.33658487141192
"469 BROADWAY NAN, Boston, MA",SAM,-71.04645256096391,42.33589460615081
"82 BROADWAY NAN, Boston, MA",SAM,-71.06703860206028,42.349832424817755
"48 BROCK STREET, Boston, MA",SAM,-71.16044823229069,42.350589149827215
"36 BROMFIELD STREET, Boston, MA",SAM,-71.06035537932046,42.35676308021349
"44 BROMFIELD STREET, Boston, MA",SAM,-71.06054536334757,42.35684743749527
"1 BRONSDON STREET, Boston, MA",SAM,-71.14370393872964,42.35903239512713
"11 BRONSDON STREET, Boston, MA",SAM,-71.14370316554707,42.359047343309044
"15 BRONSDON STREET, Boston, MA",SAM,-71.14370285627402,42.35905332258181
"17 BRONSDON STREET, Boston, MA",SAM,-71.1437027016375,42.359056312218186
"21 BRONSDON STREET, Boston, MA",SAM,-71.14370239236447,42.35906229149094
"95 BROOK AVENUE, Boston, MA",SAM,-71.073588214509,42.320134539051736
"8 BROOK FARM ROAD, Boston, MA",SAM,-71.16342648798054,42.293531219912666
"30 BROOKLEDGE STREET, Boston, MA",SAM,-71.09043907102975,42.310052889876836
"46 BROOKLEDGE STREET, Boston, MA",SAM,-71.08996066182725,42.3096816920388
"59 BROOKLEDGE STREET, Boston, MA",SAM,-71.08967764651179,42.30930874197746
"64 BROOKLEY ROAD, Boston, MA",SAM,-71.10676789908442,42.30352052059765
"69 BROOKLEY ROAD, Boston, MA",SAM,-71.10671249235601,42.30333779836245
"73 BROOKLEY ROAD, Boston, MA",SAM,-71.1066595697544,42.30330538326166
"82 BROOKLEY ROAD, Boston, MA",SAM,-71.10651613870814,42.30336631733238
"86 BROOKLEY ROAD, Boston, MA",SAM,-71.10646019195785,42.30333204994012
"94 BROOKLEY ROAD, Boston, MA",SAM,-71.10634829845728,42.30326351515555
"98 BROOKLEY ROAD, Boston, MA",SAM,-71.10629235170701,42.30322924776326
"126 BROOKLINE AVENUE, Boston, MA",SAM,-71.10048420603275,42.345232591906985
"98 BROOKLINE AVENUE, Boston, MA",SAM,-71.09945567422237,42.34621755270172
"41 BROOKS STREET, Boston, MA",SAM,-71.16244404154106,42.35620843977816
"111 BROOKS STREET, Boston, MA",SAM,-71.16308160587862,42.353615587039855
"223 BROOKS STREET, Boston, MA",SAM,-71.03601255096196,42.38213841453894
"76 BROOKS STREET, Boston, MA",SAM,-71.16262790472534,42.355060560800595
"48 BROOKSDALE ROAD, Boston, MA",SAM,-71.1594880846273,42.356479396318974
"8 BROOKSDALE ROAD, Boston, MA",SAM,-71.15761420796996,42.35673037566484
"24 BROOKSIDE AVENUE, Boston, MA",SAM,-71.10284414048246,42.3138631635559
"15 BROOKVALE STREET, Boston, MA",SAM,-71.06531477435867,42.27908752151006
"29 BROOKVALE STREET, Boston, MA",SAM,-71.06504658290336,42.279145235128944
"3 BROOKVALE STREET, Boston, MA",SAM,-71.06605507460915,42.27892959079375
"36 BROWN AVENUE, Boston, MA",SAM,-71.12318081883164,42.28132867221736
"4 BROWN TERRACE, Boston, MA",SAM,-71.11335409527015,42.31206533581373
"6 BROWN TERRACE, Boston, MA",SAM,-71.11335635185816,42.31205828397668
"33 BROWNING AVENUE, Boston, MA",SAM,-71.08127959836845,42.29430799122541
"18 BRUCE STREET, Boston, MA",SAM,-71.05994466388334,42.28798397716195
"101 BRUNSWICK STREET, Boston, MA",SAM,-71.08022466890384,42.310900717704044
"50 BRUNSWICK STREET, Boston, MA",SAM,-71.08167964321834,42.31168769355572
"60 BRUNSWICK STREET, Boston, MA",SAM,-71.08146961321034,42.31158501219469
"132 BUNKER HILL STREET, Boston, MA",SAM,-71.0597507216882,42.3779535111508
"144 BUNKER HILL STREET, Boston, MA",SAM,-71.06028567354825,42.37812801304623
"240 BUNKER HILL STREET, Boston, MA",SAM,-71.06384884764536,42.379477685444606
"64 BURBANK STREET, Boston, MA",SAM,-71.08879625994743,42.34440007827403
"33 BURGOYNE STREET, Boston, MA",SAM,-71.05671197551935,42.286703718013975
"34 BURGOYNE STREET, Boston, MA",SAM,-71.05685122663533,42.28665353053814
"10 BURNETT STREET, Boston, MA",SAM,-71.10960149733894,42.304763847165596
"44 BURNETT STREET, Boston, MA",SAM,-71.11029303751782,42.304680174264746
"56 BURNETT STREET, Boston, MA",SAM,-71.11049434140261,42.30442174359186
"60 BURNETT STREET, Boston, MA",SAM,-71.11056144269754,42.30433560003426
"65 BURNETT STREET, Boston, MA",SAM,-71.11042387154689,42.30474177087496
"8 BURNETT STREET, Boston, MA",SAM,-71.1095452879942,42.30473659414365
"16 BURRELL STREET, Boston, MA",SAM,-71.07185770539903,42.322670525368636
"67 BURRELL STREET, Boston, MA",SAM,-71.0694481468782,42.323270238129645
"99 BURRELL STREET, Boston, MA",SAM,-71.06894856188484,42.32345528334315
"20 BURTON STREET, Boston, MA",SAM,-71.17292734494478,42.3539181951067
"23 BURTON STREET, Boston, MA",SAM,-71.17260620778109,42.354051855953585
"24 BURTON STREET, Boston, MA",SAM,-71.17278685552381,42.35406468003917
"28 BURTON STREET, Boston, MA",SAM,-71.17264312518498,42.35420671943967
"32 BURTON STREET, Boston, MA",SAM,-71.17249939484613,42.35434875884019
"48 BURTON STREET, Boston, MA",SAM,-71.17201344220682,42.354844092690605
"49 BURTON STREET, Boston, MA",SAM,-71.17193115327565,42.354732602274474
"52 BURTON STREET, Boston, MA",SAM,-71.17190062615161,42.354959453474294
"56 BURTON STREET, Boston, MA",SAM,-71.08055752061797,42.32207432237471
"60 BURTON STREET, Boston, MA",SAM,-71.17179020386821,42.35507685783117
"64 BURTON STREET, Boston, MA",SAM,-71.17174445059281,42.355126770497485
"68 BURTON STREET, Boston, MA",SAM,-71.17169869731742,42.355176683163805
"10 BURWELL ROAD, Boston, MA",SAM,-71.14878529433011,42.291758743977056
"15 BURWELL ROAD, Boston, MA",SAM,-71.1489273829652,42.29183427064851
"23 BURWELL ROAD, Boston, MA",SAM,-71.14902713337852,42.291797326049874
"68 BUSINESS STREET, Boston, MA",SAM,-71.12784878097301,42.25265502820141
"105 BUTTONWOOD STREET, Boston, MA",SAM,-71.05580659283288,42.322509888577876
"128 BUTTONWOOD STREET, Boston, MA",SAM,-71.05595807053541,42.32230224993929
"112 BYNNER STREET, Boston, MA",SAM,-71.1132287765699,42.324002263516675
"129 BYRON STREET, Boston, MA",SAM,-71.01647795221933,42.38361424534565
"165 BYRON STREET, Boston, MA",SAM,-71.01576712294889,42.38253963692113
"141 CALLENDER STREET, Boston, MA",SAM,-71.08452527577307,42.28810562810854
"161 CALLENDER STREET, Boston, MA",SAM,-71.08600940953039,42.28779296331073
"193 CALLENDER STREET, Boston, MA",SAM,-71.0871223942427,42.28801577867279
"47 CALLENDER STREET, Boston, MA",SAM,-71.08058451076803,42.28898556712039
"69 CALLENDER STREET, Boston, MA",SAM,-71.08173108112047,42.288711581936916
"77 CALLENDER STREET, Boston, MA",SAM,-71.08208060350786,42.2886466706393
"88 CALLENDER STREET, Boston, MA",SAM,-71.08242349341832,42.28845908332217
