FULL_ADDRESS,Source
"433 DUDLEY STREET, Boston, MA",SAM
"434 DUDLEY STREET, Boston, MA",SAM
"436 DUDLEY STREET, Boston, MA",SAM
"438 DUDLEY STREET, Boston, MA",SAM
"439 DUDLEY STREET, Boston, MA",SAM
"447 DUDLEY STREET, Boston, MA",SAM
"451 DUDLEY STREET, Boston, MA",SAM
"453 DUDLEY STREET, Boston, MA",SAM
"455 DUDLEY STREET, Boston, MA",SAM
"457 DUDLEY STREET, Boston, MA",SAM
"46 DUDLEY STREET, Boston, MA",SAM
"463 DUDLEY STREET, Boston, MA",SAM
"471 DUDLEY STREET, Boston, MA",SAM
"473 DUDLEY STREET, Boston, MA",SAM
"477 DUDLEY STREET, Boston, MA",SAM
"490 DUDLEY STREET, Boston, MA",SAM
"492 DUDLEY STREET, Boston, MA",SAM
"493 DUDLEY STREET, Boston, MA",SAM
"494 DUDLEY STREET, Boston, MA",SAM
"5 DUDLEY STREET, Boston, MA",SAM
"503 DUDLEY STREET, Boston, MA",SAM
"504 DUDLEY STREET, Boston, MA",SAM
"509 DUDLEY STREET, Boston, MA",SAM
"511 DUDLEY STREET, Boston, MA",SAM
"517 DUDLEY STREET, Boston, MA",SAM
"519 DUDLEY STREET, Boston, MA",SAM
"520 DUDLEY STREET, Boston, MA",SAM
"524 DUDLEY STREET, Boston, MA",SAM
"53 DUDLEY STREET, Boston, MA",SAM
"534 DUDLEY STREET, Boston, MA",SAM
"54 DUDLEY STREET, Boston, MA",SAM
"547 DUDLEY STREET, Boston, MA",SAM
"550 DUDLEY STREET, Boston, MA",SAM
"551 DUDLEY STREET, Boston, MA",SAM
"554 DUDLEY STREET, Boston, MA",SAM
"555 DUDLEY STREET, Boston, MA",SAM
"56 DUDLEY STREET, Boston, MA",SAM
"561 DUDLEY STREET, Boston, MA",SAM
"564 DUDLEY STREET, Boston, MA",SAM
"571 DUDLEY STREET, Boston, MA",SAM
"580 DUDLEY STREET, Boston, MA",SAM
"581 DUDLEY STREET, Boston, MA",SAM
"589 DUDLEY STREET, Boston, MA",SAM
"591 DUDLEY STREET, Boston, MA",SAM
"593 DUDLEY STREET, Boston, MA",SAM
"595 DUDLEY STREET, Boston, MA",SAM
"600 DUDLEY STREET, Boston, MA",SAM
"60 DUDLEY STREET, Boston, MA",SAM
"61 DUDLEY STREET, Boston, MA",SAM
"614 DUDLEY STREET, Boston, MA",SAM
"616 DUDLEY STREET, Boston, MA",SAM
"618 DUDLEY STREET, Boston, MA",SAM
"620 DUDLEY STREET, Boston, MA",SAM
"622 DUDLEY STREET, Boston, MA",SAM
"624 DUDLEY STREET, Boston, MA",SAM
"626 DUDLEY STREET, Boston, MA",SAM
"628 DUDLEY STREET, Boston, MA",SAM
"630 DUDLEY STREET, Boston, MA",SAM
"650 DUDLEY STREET, Boston, MA",SAM
"67 DUDLEY STREET, Boston, MA",SAM
"69 DUDLEY STREET, Boston, MA",SAM
"693 DUDLEY STREET, Boston, MA",SAM
"7 DUDLEY STREET, Boston, MA",SAM
"715 DUDLEY STREET, Boston, MA",SAM
"718 DUDLEY STREET, Boston, MA",SAM
"722 DUDLEY STREET, Boston, MA",SAM
"735 DUDLEY STREET, Boston, MA",SAM
"737 DUDLEY STREET, Boston, MA",SAM
"744 DUDLEY STREET, Boston, MA",SAM
"750 DUDLEY STREET, Boston, MA",SAM
"761 DUDLEY STREET, Boston, MA",SAM
"764 DUDLEY STREET, Boston, MA",SAM
"767 DUDLEY STREET, Boston, MA",SAM
"772 DUDLEY STREET, Boston, MA",SAM
"774 DUDLEY STREET, Boston, MA",SAM
"776 DUDLEY STREET, Boston, MA",SAM
"780 DUDLEY STREET, Boston, MA",SAM
"9 DUDLEY STREET, Boston, MA",SAM
"14 DUDLEY TERRACE, Boston, MA",SAM
"18 DUDLEY TERRACE, Boston, MA",SAM
"1 DUKE STREET, Boston, MA",SAM
"11 DUKE STREET, Boston, MA",SAM
"12 DUKE STREET, Boston, MA",SAM
"15 DUKE STREET, Boston, MA",SAM
"16 DUKE STREET, Boston, MA",SAM
"19 DUKE STREET, Boston, MA",SAM
"20 DUKE STREET, Boston, MA",SAM
"23 DUKE STREET, Boston, MA",SAM
"24 DUKE STREET, Boston, MA",SAM
"27 DUKE STREET, Boston, MA",SAM
"28 DUKE STREET, Boston, MA",SAM
"3 DUKE STREET, Boston, MA",SAM
"31 DUKE STREET, Boston, MA",SAM
"35 DUKE STREET, Boston, MA",SAM
"37 DUKE STREET, Boston, MA",SAM
"9 DUKE STREET, Boston, MA",SAM
"1 DUMAS STREET, Boston, MA",SAM
"15 DUMAS STREET, Boston, MA",SAM
"19 DUMAS STREET, Boston, MA",SAM
"23 DUMAS STREET, Boston, MA",SAM
"10 DUNBAR AVENUE, Boston, MA",SAM
"25 DUNBAR AVENUE, Boston, MA",SAM
"5 DUNBAR AVENUE, Boston, MA",SAM
"9 DUNBAR AVENUE, Boston, MA",SAM
"47 DUNBOY STREET, Boston, MA",SAM
"51 DUNBOY STREET, Boston, MA",SAM
"52 DUNBOY STREET, Boston, MA",SAM
"55 DUNBOY STREET, Boston, MA",SAM
"56 DUNBOY STREET, Boston, MA",SAM
"59 DUNBOY STREET, Boston, MA",SAM
"60 DUNBOY STREET, Boston, MA",SAM
"61 DUNBOY STREET, Boston, MA",SAM
"63 DUNBOY STREET, Boston, MA",SAM
"65 DUNBOY STREET, Boston, MA",SAM
"67 HARDWICK STREET, Boston, MA",SAM
"71 DUNBOY STREET, Boston, MA",SAM
"74 DUNBOY STREET, Boston, MA",SAM
"77 DUNBOY STREET, Boston, MA",SAM
"79 DUNBOY STREET, Boston, MA",SAM
"82 DUNBOY STREET, Boston, MA",SAM
"83 DUNBOY STREET, Boston, MA",SAM
"87 DUNBOY STREET, Boston, MA",SAM
"88 DUNBOY STREET, Boston, MA",SAM
"92 DUNBOY STREET, Boston, MA",SAM
"13 DUNCAN STREET, Boston, MA",SAM
"14 DUNCAN STREET, Boston, MA",SAM
"15 DUNCAN STREET, Boston, MA",SAM
"17 DUNCAN STREET, Boston, MA",SAM
"31 DUNCAN STREET, Boston, MA",SAM
"39 DUNCAN STREET, Boston, MA",SAM
"4 DUNCAN STREET, Boston, MA",SAM
"40 DUNCAN STREET, Boston, MA",SAM
"7 DUNCAN STREET, Boston, MA",SAM
"3 DUNCAN TERRACE, Boston, MA",SAM
"35 DUNCAN STREET, Boston, MA",SAM
"4 DUNCAN TERRACE, Boston, MA",SAM
"11 DUNCKLEE STREET, Boston, MA",SAM
"12 DUNCKLEE STREET, Boston, MA",SAM
"15 DUNCKLEE STREET, Boston, MA",SAM
"16 DUNCKLEE STREET, Boston, MA",SAM
"19 DUNCKLEE STREET, Boston, MA",SAM
"20 DUNCKLEE STREET, Boston, MA",SAM
"27 DUNCKLEE STREET, Boston, MA",SAM
"28 DUNCKLEE STREET, Boston, MA",SAM
"3 DUNCKLEE STREET, Boston, MA",SAM
"7 DUNCKLEE STREET, Boston, MA",SAM
"8 DUNCKLEE STREET, Boston, MA",SAM
"1 DUNFORD STREET, Boston, MA",SAM
"2 DUNFORD STREET, Boston, MA",SAM
"3 DUNFORD STREET, Boston, MA",SAM
"4 DUNFORD STREET, Boston, MA",SAM
"6 DUNFORD STREET, Boston, MA",SAM
"4 DUNKELD STREET, Boston, MA",SAM
"5 DUNKELD STREET, Boston, MA",SAM
"8 DUNKELD STREET, Boston, MA",SAM
"11 DUNLAP STREET, Boston, MA",SAM
"15 DUNLAP STREET, Boston, MA",SAM
"17 DUNLAP STREET, Boston, MA",SAM
"19 DUNLAP STREET, Boston, MA",SAM
"21 DUNLAP STREET, Boston, MA",SAM
"23 DUNLAP STREET, Boston, MA",SAM
"25 DUNLAP STREET, Boston, MA",SAM
"27 DUNLAP STREET, Boston, MA",SAM
"29 DUNLAP STREET, Boston, MA",SAM
"3 DUNLAP STREET, Boston, MA",SAM
"31 DUNLAP STREET, Boston, MA",SAM
"33 DUNLAP STREET, Boston, MA",SAM
"35 DUNLAP STREET, Boston, MA",SAM
"37 DUNLAP STREET, Boston, MA",SAM
"39 DUNLAP STREET, Boston, MA",SAM
"7 DUNLAP STREET, Boston, MA",SAM
"10 DUNMORE STREET, Boston, MA",SAM
"16 DUNMORE STREET, Boston, MA",SAM
"20 DUNMORE STREET, Boston, MA",SAM
"26 DUNMORE STREET, Boston, MA",SAM
"28 DUNMORE STREET, Boston, MA",SAM
"1 DUNNING WAY, Boston, MA",SAM
"2 DUNNING WAY, Boston, MA",SAM
"4 DUNNING WAY, Boston, MA",SAM
"1 DUNN'S TERRACE, Boston, MA",SAM
"3 DUNN'S TERRACE, Boston, MA",SAM
"1 DUNREATH STREET, Boston, MA",SAM
"18 DUNREATH STREET, Boston, MA",SAM
"24 DUNREATH STREET, Boston, MA",SAM
"25 DUNREATH STREET, Boston, MA",SAM
"27 DUNREATH STREET, Boston, MA",SAM
"29 DUNREATH STREET, Boston, MA",SAM
"3 DUNREATH STREET, Boston, MA",SAM
"31 DUNREATH STREET, Boston, MA",SAM
"35 DUNREATH STREET, Boston, MA",SAM
"39 DUNREATH STREET, Boston, MA",SAM
"100 DUNSTER ROAD, Boston, MA",SAM
"102 DUNSTER ROAD, Boston, MA",SAM
"103 DUNSTER ROAD, Boston, MA",SAM
"106 DUNSTER ROAD, Boston, MA",SAM
"107 DUNSTER ROAD, Boston, MA",SAM
"112 DUNSTER ROAD, Boston, MA",SAM
"115 DUNSTER ROAD, Boston, MA",SAM
"119 DUNSTER ROAD, Boston, MA",SAM
"131 DUNSTER ROAD, Boston, MA",SAM
"14 DUNSTER ROAD, Boston, MA",SAM
"15 DUNSTER ROAD, Boston, MA",SAM
"18 DUNSTER ROAD, Boston, MA",SAM
"19 DUNSTER ROAD, Boston, MA",SAM
"22 DUNSTER ROAD, Boston, MA",SAM
"25 DUNSTER ROAD, Boston, MA",SAM
"26 DUNSTER ROAD, Boston, MA",SAM
"29 DUNSTER ROAD, Boston, MA",SAM
"30 DUNSTER ROAD, Boston, MA",SAM
"33 DUNSTER ROAD, Boston, MA",SAM
"34 DUNSTER ROAD, Boston, MA",SAM
"38 DUNSTER ROAD, Boston, MA",SAM
"41 DUNSTER ROAD, Boston, MA",SAM
"42 DUNSTER ROAD, Boston, MA",SAM
"45 DUNSTER ROAD, Boston, MA",SAM
"46 DUNSTER ROAD, Boston, MA",SAM
"47 DUNSTER ROAD, Boston, MA",SAM
"50 DUNSTER ROAD, Boston, MA",SAM
"54 DUNSTER ROAD, Boston, MA",SAM
"55 DUNSTER ROAD, Boston, MA",SAM
"59 DUNSTER ROAD, Boston, MA",SAM
"62 DUNSTER ROAD, Boston, MA",SAM
"67 DUNSTER ROAD, Boston, MA",SAM
"72 DUNSTER ROAD, Boston, MA",SAM
"75 DUNSTER ROAD, Boston, MA",SAM
"76 DUNSTER ROAD, Boston, MA",SAM
"79 DUNSTER ROAD, Boston, MA",SAM
"80 DUNSTER ROAD, Boston, MA",SAM
"82 DUNSTER ROAD, Boston, MA",SAM
"85 DUNSTER ROAD, Boston, MA",SAM
"88 DUNSTER ROAD, Boston, MA",SAM
"91 DUNSTER ROAD, Boston, MA",SAM
"96 DUNSTER ROAD, Boston, MA",SAM
"97 DUNSTER ROAD, Boston, MA",SAM
"15 DUNWELL STREET, Boston, MA",SAM
"16 DUNWELL STREET, Boston, MA",SAM
"22 DUNWELL STREET, Boston, MA",SAM
"23 DUNWELL STREET, Boston, MA",SAM
"24 DUNWELL STREET, Boston, MA",SAM
"7 DUNWELL STREET, Boston, MA",SAM
"11 DURANT STREET, Boston, MA",SAM
"12 DURANT STREET, Boston, MA",SAM
"15 DURANT STREET, Boston, MA",SAM
"16 DURANT STREET, Boston, MA",SAM
"17 DURANT STREET, Boston, MA",SAM
"19 DURANT STREET, Boston, MA",SAM
"20 DURANT STREET, Boston, MA",SAM
"24 DURANT STREET, Boston, MA",SAM
"29 DURANT STREET, Boston, MA",SAM
"3 DURANT STREET, Boston, MA",SAM
"32 DURANT STREET, Boston, MA",SAM
"36 DURANT STREET, Boston, MA",SAM
"7 DURANT STREET, Boston, MA",SAM
"8 DURANT STREET, Boston, MA",SAM
"1 DURHAM STREET, Boston, MA",SAM
"11 DURHAM STREET, Boston, MA",SAM
"12 DURHAM STREET, Boston, MA",SAM
"14 DURHAM STREET, Boston, MA",SAM
"15 DURHAM STREET, Boston, MA",SAM
"16 DURHAM STREET, Boston, MA",SAM
"17 DURHAM STREET, Boston, MA",SAM
"18 DURHAM STREET, Boston, MA",SAM
"2 DURHAM STREET, Boston, MA",SAM
"3 DURHAM STREET, Boston, MA",SAM
"4 DURHAM STREET, Boston, MA",SAM
"5 DURHAM STREET, Boston, MA",SAM
"6 DURHAM STREET, Boston, MA",SAM
"7 DURHAM STREET, Boston, MA",SAM
"8 DURHAM STREET, Boston, MA",SAM
"10 DURLAND STREET, Boston, MA",SAM
"11 DURLAND STREET, Boston, MA",SAM
"14 DURLAND STREET, Boston, MA",SAM
"7 DURLAND STREET, Boston, MA",SAM
"101 DURNELL AVENUE, Boston, MA",SAM
"105 DURNELL AVENUE, Boston, MA",SAM
"111 DURNELL AVENUE, Boston, MA",SAM
"114 DURNELL AVENUE, Boston, MA",SAM
"120 DURNELL AVENUE, Boston, MA",SAM
"121 DURNELL AVENUE, Boston, MA",SAM
"125 DURNELL AVENUE, Boston, MA",SAM
"129 DURNELL AVENUE, Boston, MA",SAM
"132 DURNELL AVENUE, Boston, MA",SAM
"136 DURNELL AVENUE, Boston, MA",SAM
"138 DURNELL AVENUE, Boston, MA",SAM
"139 DURNELL AVENUE, Boston, MA",SAM
"140 DURNELL AVENUE, Boston, MA",SAM
"145 DURNELL AVENUE, Boston, MA",SAM
"146 DURNELL AVENUE, Boston, MA",SAM
"154 DURNELL AVENUE, Boston, MA",SAM
"158 DURNELL AVENUE, Boston, MA",SAM
"162 DURNELL AVENUE, Boston, MA",SAM
"166 DURNELL AVENUE, Boston, MA",SAM
"169 DURNELL AVENUE, Boston, MA",SAM
"172 DURNELL AVENUE, Boston, MA",SAM
"173 DURNELL AVENUE, Boston, MA",SAM
"176 DURNELL AVENUE, Boston, MA",SAM
"179 DURNELL AVENUE, Boston, MA",SAM
"182 DURNELL AVENUE, Boston, MA",SAM
"187 DURNELL AVENUE, Boston, MA",SAM
"188 DURNELL AVENUE, Boston, MA",SAM
"189 DURNELL AVENUE, Boston, MA",SAM
"194 DURNELL AVENUE, Boston, MA",SAM
"197 DURNELL AVENUE, Boston, MA",SAM
"202 DURNELL AVENUE, Boston, MA",SAM
"209 DURNELL AVENUE, Boston, MA",SAM
"58 DURNELL AVENUE, Boston, MA",SAM
"62 DURNELL AVENUE, Boston, MA",SAM
"65 DURNELL AVENUE, Boston, MA",SAM
"66 DURNELL AVENUE, Boston, MA",SAM
"69 DURNELL AVENUE, Boston, MA",SAM
"70 DURNELL AVENUE, Boston, MA",SAM
"73 DURNELL AVENUE, Boston, MA",SAM
"74 DURNELL AVENUE, Boston, MA",SAM
"77 DURNELL AVENUE, Boston, MA",SAM
"80 DURNELL AVENUE, Boston, MA",SAM
"81 DURNELL AVENUE, Boston, MA",SAM
"85 DURNELL AVENUE, Boston, MA",SAM
"89 DURNELL AVENUE, Boston, MA",SAM
"90 DURNELL AVENUE, Boston, MA",SAM
"93 DURNELL AVENUE, Boston, MA",SAM
"94 DURNELL AVENUE, Boston, MA",SAM
"106 DUSTIN STREET, Boston, MA",SAM
"109 DUSTIN STREET, Boston, MA",SAM
"110 DUSTIN STREET, Boston, MA",SAM
"114 DUSTIN STREET, Boston, MA",SAM
"16 DUSTIN STREET, Boston, MA",SAM
"18 DUSTIN STREET, Boston, MA",SAM
"21 DUSTIN STREET, Boston, MA",SAM
"24 DUSTIN STREET, Boston, MA",SAM
"25 DUSTIN STREET, Boston, MA",SAM
"30 DUSTIN STREET, Boston, MA",SAM
"31 DUSTIN STREET, Boston, MA",SAM
"34 DUSTIN STREET, Boston, MA",SAM
"35 DUSTIN STREET, Boston, MA",SAM
"39 DUSTIN STREET, Boston, MA",SAM
"42 DUSTIN STREET, Boston, MA",SAM
"43 DUSTIN STREET, Boston, MA",SAM
"49 DUSTIN STREET, Boston, MA",SAM
"52 DUSTIN STREET, Boston, MA",SAM
"53 DUSTIN STREET, Boston, MA",SAM
"57 DUSTIN STREET, Boston, MA",SAM
"58 DUSTIN STREET, Boston, MA",SAM
"60 DUSTIN STREET, Boston, MA",SAM
"61 DUSTIN STREET, Boston, MA",SAM
"70 DUSTIN STREET, Boston, MA",SAM
"71 DUSTIN STREET, Boston, MA",SAM
"77 DUSTIN STREET, Boston, MA",SAM
"81 DUSTIN STREET, Boston, MA",SAM
"82 DUSTIN STREET, Boston, MA",SAM
"88 DUSTIN STREET, Boston, MA",SAM
"93 DUSTIN STREET, Boston, MA",SAM
"94 DUSTIN STREET, Boston, MA",SAM
"99 DUSTIN STREET, Boston, MA",SAM
"10 DUVAL STREET, Boston, MA",SAM
"22 DUVAL STREET, Boston, MA",SAM
"24 DUVAL STREET, Boston, MA",SAM
"29 DUVAL STREET, Boston, MA",SAM
"3 DUVAL STREET, Boston, MA",SAM
"31 DUVAL STREET, Boston, MA",SAM
"6 DUVAL STREET, Boston, MA",SAM
"7 DUVAL STREET, Boston, MA",SAM
"10 DUXBURY ROAD, Boston, MA",SAM
"11 DUXBURY ROAD, Boston, MA",SAM
"14 DUXBURY ROAD, Boston, MA",SAM
"15 DUXBURY ROAD, Boston, MA",SAM
"16 DUXBURY ROAD, Boston, MA",SAM
"3 DUXBURY ROAD, Boston, MA",SAM
"4 DUXBURY ROAD, Boston, MA",SAM
"5 DUXBURY ROAD, Boston, MA",SAM
"6 DUXBURY ROAD, Boston, MA",SAM
"7 DUXBURY ROAD, Boston, MA",SAM
"8 DUXBURY ROAD, Boston, MA",SAM
"9 DUXBURY ROAD, Boston, MA",SAM
"11 DWIGHT STREET, Boston, MA",SAM
"12 DWIGHT STREET, Boston, MA",SAM
"13 DWIGHT STREET, Boston, MA",SAM
"15 DWIGHT STREET, Boston, MA",SAM
"17 DWIGHT STREET, Boston, MA",SAM
"18 DWIGHT STREET, Boston, MA",SAM
"19 DWIGHT STREET, Boston, MA",SAM
"20 DWIGHT STREET, Boston, MA",SAM
"21 DWIGHT STREET, Boston, MA",SAM
"22 DWIGHT STREET, Boston, MA",SAM
"23 DWIGHT STREET, Boston, MA",SAM
"24 DWIGHT STREET, Boston, MA",SAM
"25 DWIGHT STREET, Boston, MA",SAM
"26 DWIGHT STREET, Boston, MA",SAM
"27 DWIGHT STREET, Boston, MA",SAM
"28 DWIGHT STREET, Boston, MA",SAM
"29 DWIGHT STREET, Boston, MA",SAM
"30 DWIGHT STREET, Boston, MA",SAM
"31 DWIGHT STREET, Boston, MA",SAM
"32 DWIGHT STREET, Boston, MA",SAM
"33 DWIGHT STREET, Boston, MA",SAM
"34 DWIGHT STREET, Boston, MA",SAM
"35 DWIGHT STREET, Boston, MA",SAM
"36 DWIGHT STREET, Boston, MA",SAM
"37 DWIGHT STREET, Boston, MA",SAM
"38 DWIGHT STREET, Boston, MA",SAM
"4 DWIGHT STREET, Boston, MA",SAM
"40 DWIGHT STREET, Boston, MA",SAM
"41 DWIGHT STREET, Boston, MA",SAM
"42 DWIGHT STREET, Boston, MA",SAM
"43 DWIGHT STREET, Boston, MA",SAM
"44 DWIGHT STREET, Boston, MA",SAM
"46 DWIGHT STREET, Boston, MA",SAM
"47 DWIGHT STREET, Boston, MA",SAM
"49 DWIGHT STREET, Boston, MA",SAM
"5 DWIGHT STREET, Boston, MA",SAM
"50 DWIGHT STREET, Boston, MA",SAM
"51 DWIGHT STREET, Boston, MA",SAM
"52 DWIGHT STREET, Boston, MA",SAM
"53 DWIGHT STREET, Boston, MA",SAM
"54 DWIGHT STREET, Boston, MA",SAM
"55 DWIGHT STREET, Boston, MA",SAM
"56 DWIGHT STREET, Boston, MA",SAM
"59 DWIGHT STREET, Boston, MA",SAM
"6 DWIGHT STREET, Boston, MA",SAM
"61 DWIGHT STREET, Boston, MA",SAM
"8 DWIGHT STREET, Boston, MA",SAM
"9 DWIGHT STREET, Boston, MA",SAM
"10 DWINELL STREET, Boston, MA",SAM
"102 DWINELL STREET, Boston, MA",SAM
"106 DWINELL STREET, Boston, MA",SAM
"110 DWINELL STREET, Boston, MA",SAM
"114 DWINELL STREET, Boston, MA",SAM
"126 DWINELL STREET, Boston, MA",SAM
"14 DWINELL STREET, Boston, MA",SAM
"24 DWINELL STREET, Boston, MA",SAM
"32 DWINELL STREET, Boston, MA",SAM
"36 DWINELL STREET, Boston, MA",SAM
"39 DWINELL STREET, Boston, MA",SAM
"40 DWINELL STREET, Boston, MA",SAM
"43 DWINELL STREET, Boston, MA",SAM
"44 DWINELL STREET, Boston, MA",SAM
"47 DWINELL STREET, Boston, MA",SAM
"48 DWINELL STREET, Boston, MA",SAM
"51 DWINELL STREET, Boston, MA",SAM
"52 DWINELL STREET, Boston, MA",SAM
"55 DWINELL STREET, Boston, MA",SAM
"56 DWINELL STREET, Boston, MA",SAM
"59 DWINELL STREET, Boston, MA",SAM
"6 DWINELL STREET, Boston, MA",SAM
"65 DWINELL STREET, Boston, MA",SAM
"69 DWINELL STREET, Boston, MA",SAM
"70 DWINELL STREET, Boston, MA",SAM
"73 DWINELL STREET, Boston, MA",SAM
"74 DWINELL STREET, Boston, MA",SAM
"77 DWINELL STREET, Boston, MA",SAM
"78 DWINELL STREET, Boston, MA",SAM
"81 DWINELL STREET, Boston, MA",SAM
"82 DWINELL STREET, Boston, MA",SAM
"85 DWINELL STREET, Boston, MA",SAM
"86 DWINELL STREET, Boston, MA",SAM
"89 DWINELL STREET, Boston, MA",SAM
"90 DWINELL STREET, Boston, MA",SAM
"94 DWINELL STREET, Boston, MA",SAM
"98 DWINELL STREET, Boston, MA",SAM
"10 DYER STREET, Boston, MA",SAM
"11 DYER STREET, Boston, MA",SAM
"15 DYER STREET, Boston, MA",SAM
"16 DYER STREET, Boston, MA",SAM
"17 DYER STREET, Boston, MA",SAM
"18 DYER STREET, Boston, MA",SAM
"20 DYER STREET, Boston, MA",SAM
"28 DYER STREET, Boston, MA",SAM
"7 DYER STREET, Boston, MA",SAM
"156 E STREET, Boston, MA",SAM
"162 E STREET, Boston, MA",SAM
"164 E STREET, Boston, MA",SAM
"168 E STREET, Boston, MA",SAM
"181 E STREET, Boston, MA",SAM
"182 E STREET, Boston, MA",SAM
"184 E STREET, Boston, MA",SAM
"185 E STREET, Boston, MA",SAM
"187 E STREET, Boston, MA",SAM
"207 E STREET, Boston, MA",SAM
"212 E STREET, Boston, MA",SAM
"214 E STREET, Boston, MA",SAM
"218 E STREET, Boston, MA",SAM
"224 E STREET, Boston, MA",SAM
"225 E STREET, Boston, MA",SAM
"227 E STREET, Boston, MA",SAM
"228 E STREET, Boston, MA",SAM
"229 E STREET, Boston, MA",SAM
"233 E STREET, Boston, MA",SAM
"236 E STREET, Boston, MA",SAM
"240 E STREET, Boston, MA",SAM
"241 E STREET, Boston, MA",SAM
"242 E STREET, Boston, MA",SAM
"244 E STREET, Boston, MA",SAM
"246 E STREET, Boston, MA",SAM
"250 E STREET, Boston, MA",SAM
"252 E STREET, Boston, MA",SAM
"253 E STREET, Boston, MA",SAM
"254 E STREET, Boston, MA",SAM
"256 E STREET, Boston, MA",SAM
"257 E STREET, Boston, MA",SAM
"258 E STREET, Boston, MA",SAM
"261 E STREET, Boston, MA",SAM
"262 E STREET, Boston, MA",SAM
"264 E STREET, Boston, MA",SAM
"265 E STREET, Boston, MA",SAM
"267 E STREET, Boston, MA",SAM
"270 E STREET, Boston, MA",SAM
"272 E STREET, Boston, MA",SAM
"280 E STREET, Boston, MA",SAM
"281 E STREET, Boston, MA",SAM
"282 E STREET, Boston, MA",SAM
"284 E STREET, Boston, MA",SAM
"285 E STREET, Boston, MA",SAM
"286 E STREET, Boston, MA",SAM
"288 E STREET, Boston, MA",SAM
"289 E STREET, Boston, MA",SAM
"290 E STREET, Boston, MA",SAM
"291 E STREET, Boston, MA",SAM
"292 E STREET, Boston, MA",SAM
"309 E STREET, Boston, MA",SAM
"311 E STREET, Boston, MA",SAM
"313 E STREET, Boston, MA",SAM
"314 E STREET, Boston, MA",SAM
"316 E STREET, Boston, MA",SAM
"318 E STREET, Boston, MA",SAM
"335 E STREET, Boston, MA",SAM
"336 E STREET, Boston, MA",SAM
"339 E STREET, Boston, MA",SAM
"345 E STREET, Boston, MA",SAM
"348 E STREET, Boston, MA",SAM
"364 E STREET, Boston, MA",SAM
"365 E STREET, Boston, MA",SAM
"368 E STREET, Boston, MA",SAM
"370 E STREET, Boston, MA",SAM
"380 E STREET, Boston, MA",SAM
"410 E STREET, Boston, MA",SAM
"420 E STREET, Boston, MA",SAM
"525 E STREET, Boston, MA",SAM
"560 E STREET, Boston, MA",SAM
"2 EAGLE SQUARE, Boston, MA",SAM
"1 EAGLE STREET, Boston, MA",SAM
"10 EAGLE STREET, Boston, MA",SAM
"11 EAGLE STREET, Boston, MA",SAM
"12 EAGLE STREET, Boston, MA",SAM
"15 EAGLE STREET, Boston, MA",SAM
"17 EAGLE STREET, Boston, MA",SAM
"19 EAGLE STREET, Boston, MA",SAM
"2 EAGLE STREET, Boston, MA",SAM
"3 EAGLE STREET, Boston, MA",SAM
"4 EAGLE STREET, Boston, MA",SAM
"5 EAGLE STREET, Boston, MA",SAM
"6 EAGLE STREET, Boston, MA",SAM
"7 EAGLE STREET, Boston, MA",SAM
"8 EAGLE STREET, Boston, MA",SAM
"9 EAGLE STREET, Boston, MA",SAM
"202 EAGLE STREET, Boston, MA",SAM
"204 EAGLE STREET, Boston, MA",SAM
"205 EAGLE STREET, Boston, MA",SAM
"206 EAGLE STREET, Boston, MA",SAM
"207 EAGLE STREET, Boston, MA",SAM
"208 EAGLE STREET, Boston, MA",SAM
"210 EAGLE STREET, Boston, MA",SAM
"211 EAGLE STREET, Boston, MA",SAM
"213 EAGLE STREET, Boston, MA",SAM
"217 EAGLE STREET, Boston, MA",SAM
"218 EAGLE STREET, Boston, MA",SAM
"220 EAGLE STREET, Boston, MA",SAM
"221 EAGLE STREET, Boston, MA",SAM
"222 EAGLE STREET, Boston, MA",SAM
"223 EAGLE STREET, Boston, MA",SAM
"224 EAGLE STREET, Boston, MA",SAM
"225 EAGLE STREET, Boston, MA",SAM
"230 EAGLE STREET, Boston, MA",SAM
"235 EAGLE STREET, Boston, MA",SAM
"242 EAGLE STREET, Boston, MA",SAM
"250 EAGLE STREET, Boston, MA",SAM
"252 EAGLE STREET, Boston, MA",SAM
"254 EAGLE STREET, Boston, MA",SAM
"258 EAGLE STREET, Boston, MA",SAM
"262 EAGLE STREET, Boston, MA",SAM
"272 EAGLE STREET, Boston, MA",SAM
"274 EAGLE STREET, Boston, MA",SAM
"278 EAGLE STREET, Boston, MA",SAM
"280 EAGLE STREET, Boston, MA",SAM
"291 EAGLE STREET, Boston, MA",SAM
"297 EAGLE STREET, Boston, MA",SAM
"301 EAGLE STREET, Boston, MA",SAM
"303 EAGLE STREET, Boston, MA",SAM
"305 EAGLE STREET, Boston, MA",SAM
"307 EAGLE STREET, Boston, MA",SAM
"309 EAGLE STREET, Boston, MA",SAM
"311 EAGLE STREET, Boston, MA",SAM
"313 EAGLE STREET, Boston, MA",SAM
"315 EAGLE STREET, Boston, MA",SAM
"317 EAGLE STREET, Boston, MA",SAM
"325 EAGLE STREET, Boston, MA",SAM
"327 EAGLE STREET, Boston, MA",SAM
"329 EAGLE STREET, Boston, MA",SAM
"331 EAGLE STREET, Boston, MA",SAM
"333 EAGLE STREET, Boston, MA",SAM
"335 EAGLE STREET, Boston, MA",SAM
"337 EAGLE STREET, Boston, MA",SAM
"338 EAGLE STREET, Boston, MA",SAM
"370 EAGLE STREET, Boston, MA",SAM
"23 EAGLE STREET, Boston, MA",SAM
"26 EAGLE STREET, Boston, MA",SAM
"27 EAGLE STREET, Boston, MA",SAM
"28 EAGLE STREET, Boston, MA",SAM
"30 EAGLE STREET, Boston, MA",SAM
"31 EAGLE STREET, Boston, MA",SAM
"32 EAGLE STREET, Boston, MA",SAM
"33 EAGLE STREET, Boston, MA",SAM
"34 EAGLE STREET, Boston, MA",SAM
"35 EAGLE STREET, Boston, MA",SAM
"36 EAGLE STREET, Boston, MA",SAM
"37 EAGLE STREET, Boston, MA",SAM
"38 EAGLE STREET, Boston, MA",SAM
"39 EAGLE STREET, Boston, MA",SAM
"40 EAGLE STREET, Boston, MA",SAM
"41 EAGLE STREET, Boston, MA",SAM
"42 EAGLE STREET, Boston, MA",SAM
"43 EAGLE STREET, Boston, MA",SAM
"44 EAGLE STREET, Boston, MA",SAM
"49 EAGLE STREET, Boston, MA",SAM
"51 EAGLE STREET, Boston, MA",SAM
"52 EAGLE STREET, Boston, MA",SAM
"53 EAGLE STREET, Boston, MA",SAM
"54 EAGLE STREET, Boston, MA",SAM
"55 EAGLE STREET, Boston, MA",SAM
"56 EAGLE STREET, Boston, MA",SAM
"57 EAGLE STREET, Boston, MA",SAM
"58 EAGLE STREET, Boston, MA",SAM
"59 EAGLE STREET, Boston, MA",SAM
"60 EAGLE STREET, Boston, MA",SAM
"61 EAGLE STREET, Boston, MA",SAM
"62 EAGLE STREET, Boston, MA",SAM
"63 EAGLE STREET, Boston, MA",SAM
"64 EAGLE STREET, Boston, MA",SAM
"65 EAGLE STREET, Boston, MA",SAM
"66 EAGLE STREET, Boston, MA",SAM
"67 EAGLE STREET, Boston, MA",SAM
"69 EAGLE STREET, Boston, MA",SAM
"70 EAGLE STREET, Boston, MA",SAM
"71 EAGLE STREET, Boston, MA",SAM
"72 EAGLE STREET, Boston, MA",SAM
"74 EAGLE STREET, Boston, MA",SAM
"75 EAGLE STREET, Boston, MA",SAM
"77 EAGLE STREET, Boston, MA",SAM
"81 EAGLE STREET, Boston, MA",SAM
"82 EAGLE STREET, Boston, MA",SAM
"84 EAGLE STREET, Boston, MA",SAM
"11 EARL STREET, Boston, MA",SAM
"12 EARL STREET, Boston, MA",SAM
"13 EARL STREET, Boston, MA",SAM
"14 EARL STREET, Boston, MA",SAM
"16 EARL STREET, Boston, MA",SAM
"9 EARL STREET, Boston, MA",SAM
"10 EARNSHAW STREET, Boston, MA",SAM
"7 EARNSHAW STREET, Boston, MA",SAM
"8 EARNSHAW STREET, Boston, MA",SAM
"9 EAST STREET, Boston, MA",SAM
"12 EAST STREET, Boston, MA",SAM
"14 EAST STREET, Boston, MA",SAM
"16 EAST STREET, Boston, MA",SAM
"18 EAST STREET, Boston, MA",SAM
"2 EAST STREET, Boston, MA",SAM
"20 EAST STREET, Boston, MA",SAM
"23 EAST STREET, Boston, MA",SAM
"24 EAST STREET, Boston, MA",SAM
"27 EAST STREET, Boston, MA",SAM
"32 EAST STREET, Boston, MA",SAM
"33 EAST STREET, Boston, MA",SAM
"35 EAST STREET, Boston, MA",SAM
"36 EAST STREET, Boston, MA",SAM
"38 EAST STREET, Boston, MA",SAM
"42 EAST STREET, Boston, MA",SAM
"56 EAST STREET, Boston, MA",SAM
"62 EAST STREET, Boston, MA",SAM
"11 EASTBOURNE STREET, Boston, MA",SAM
"12 EASTBOURNE STREET, Boston, MA",SAM
"15 EASTBOURNE STREET, Boston, MA",SAM
"16 EASTBOURNE STREET, Boston, MA",SAM
"24 EASTBOURNE STREET, Boston, MA",SAM
"27 EASTBOURNE STREET, Boston, MA",SAM
"28 EASTBOURNE STREET, Boston, MA",SAM
"3 EASTBOURNE STREET, Boston, MA",SAM
"31 EASTBOURNE STREET, Boston, MA",SAM
"32 EASTBOURNE STREET, Boston, MA",SAM
"35 EASTBOURNE STREET, Boston, MA",SAM
"36 EASTBOURNE STREET, Boston, MA",SAM
"39 EASTBOURNE STREET, Boston, MA",SAM
"4 EASTBOURNE STREET, Boston, MA",SAM
"40 EASTBOURNE STREET, Boston, MA",SAM
"43 EASTBOURNE STREET, Boston, MA",SAM
"44 EASTBOURNE STREET, Boston, MA",SAM
"47 EASTBOURNE STREET, Boston, MA",SAM
"48 EASTBOURNE STREET, Boston, MA",SAM
"51 EASTBOURNE STREET, Boston, MA",SAM
"52 EASTBOURNE STREET, Boston, MA",SAM
"7 EASTBOURNE STREET, Boston, MA",SAM
"8 EASTBOURNE STREET, Boston, MA",SAM
"10 EASTBURN STREET, Boston, MA",SAM
"11 EASTBURN STREET, Boston, MA",SAM
"12 EASTBURN STREET, Boston, MA",SAM
"14 EASTBURN STREET, Boston, MA",SAM
"20 EASTBURN STREET, Boston, MA",SAM
"22 EASTBURN STREET, Boston, MA",SAM
"26 EASTBURN STREET, Boston, MA",SAM
"27 EASTBURN STREET, Boston, MA",SAM
"28 EASTBURN STREET, Boston, MA",SAM
"29 EASTBURN STREET, Boston, MA",SAM
"31 EASTBURN STREET, Boston, MA",SAM
"32 EASTBURN STREET, Boston, MA",SAM
"33 EASTBURN STREET, Boston, MA",SAM
"37 EASTBURN STREET, Boston, MA",SAM
"7 EASTBURN STREET, Boston, MA",SAM
"4 EASTBURN PLACE, Boston, MA",SAM
"6 EASTBURN PLACE, Boston, MA",SAM
"8 EASTBURN PLACE, Boston, MA",SAM
"52 EASTERN AVENUE, Boston, MA",SAM
"12 EASTLAND ROAD, Boston, MA",SAM
"15 EASTLAND ROAD, Boston, MA",SAM
"16 EASTLAND ROAD, Boston, MA",SAM
"18 EASTLAND ROAD, Boston, MA",SAM
"19 EASTLAND ROAD, Boston, MA",SAM
"2 EASTLAND ROAD, Boston, MA",SAM
"22 EASTLAND ROAD, Boston, MA",SAM
"23 EASTLAND ROAD, Boston, MA",SAM
"24 EASTLAND ROAD, Boston, MA",SAM
"27 EASTLAND ROAD, Boston, MA",SAM
"30 EASTLAND ROAD, Boston, MA",SAM
"33 EASTLAND ROAD, Boston, MA",SAM
"39 EASTLAND ROAD, Boston, MA",SAM
"43 EASTLAND ROAD, Boston, MA",SAM
"46 EASTLAND ROAD, Boston, MA",SAM
"47 EASTLAND ROAD, Boston, MA",SAM
"5 EASTLAND ROAD, Boston, MA",SAM
"50 EASTLAND ROAD, Boston, MA",SAM
"51 EASTLAND ROAD, Boston, MA",SAM
"55 EASTLAND ROAD, Boston, MA",SAM
"56 EASTLAND ROAD, Boston, MA",SAM
"59 EASTLAND ROAD, Boston, MA",SAM
"62 EASTLAND ROAD, Boston, MA",SAM
"63 EASTLAND ROAD, Boston, MA",SAM
"64 EASTLAND ROAD, Boston, MA",SAM
"67 EASTLAND ROAD, Boston, MA",SAM
"68 EASTLAND ROAD, Boston, MA",SAM
"71 EASTLAND ROAD, Boston, MA",SAM
"75 EASTLAND ROAD, Boston, MA",SAM
"76 EASTLAND ROAD, Boston, MA",SAM
"79 EASTLAND ROAD, Boston, MA",SAM
"8 EASTLAND ROAD, Boston, MA",SAM
"80 EASTLAND ROAD, Boston, MA",SAM
"9 EASTLAND ROAD, Boston, MA",SAM
"12 EASTMAN STREET, Boston, MA",SAM
"14 EASTMAN STREET, Boston, MA",SAM
"16 EASTMAN STREET, Boston, MA",SAM
"17 EASTMAN STREET, Boston, MA",SAM
"19 EASTMAN STREET, Boston, MA",SAM
"20 EASTMAN STREET, Boston, MA",SAM
"22 EASTMAN STREET, Boston, MA",SAM
"23 EASTMAN STREET, Boston, MA",SAM
"24 EASTMAN STREET, Boston, MA",SAM
"25 EASTMAN STREET, Boston, MA",SAM
"27 EASTMAN STREET, Boston, MA",SAM
"28 EASTMAN STREET, Boston, MA",SAM
"29 EASTMAN STREET, Boston, MA",SAM
"30 EASTMAN STREET, Boston, MA",SAM
"31 EASTMAN STREET, Boston, MA",SAM
"32 EASTMAN STREET, Boston, MA",SAM
"33 EASTMAN STREET, Boston, MA",SAM
"34 EASTMAN STREET, Boston, MA",SAM
"35 EASTMAN STREET, Boston, MA",SAM
"9 EASTMAN STREET, Boston, MA",SAM
"14 EASTMONT ROAD, Boston, MA",SAM
"15 EASTMONT ROAD, Boston, MA",SAM
"18 EASTMONT ROAD, Boston, MA",SAM
"19 EASTMONT ROAD, Boston, MA",SAM
"22 EASTMONT ROAD, Boston, MA",SAM
"5 EASTMONT ROAD, Boston, MA",SAM
"6 EASTMONT ROAD, Boston, MA",SAM
"9 EASTMONT ROAD, Boston, MA",SAM
"11 EASTON AVENUE, Boston, MA",SAM
"13 EASTON AVENUE, Boston, MA",SAM
"15 EASTON AVENUE, Boston, MA",SAM
"21 EASTON AVENUE, Boston, MA",SAM
"27 EASTON AVENUE, Boston, MA",SAM
"28 EASTON AVENUE, Boston, MA",SAM
"33 EASTON AVENUE, Boston, MA",SAM
"35 EASTON AVENUE, Boston, MA",SAM
"36 EASTON AVENUE, Boston, MA",SAM
"37 EASTON AVENUE, Boston, MA",SAM
"38 EASTON AVENUE, Boston, MA",SAM
"39 EASTON AVENUE, Boston, MA",SAM
"50 EASTON AVENUE, Boston, MA",SAM
"7 EASTON AVENUE, Boston, MA",SAM
"12 EASTON STREET, Boston, MA",SAM
"16 EASTON STREET, Boston, MA",SAM
"17 EASTON STREET, Boston, MA",SAM
"20 EASTON STREET, Boston, MA",SAM
"21 EASTON STREET, Boston, MA",SAM
"24 EASTON STREET, Boston, MA",SAM
"25 EASTON STREET, Boston, MA",SAM
"28 EASTON STREET, Boston, MA",SAM
"32 EASTON STREET, Boston, MA",SAM
"36 EASTON STREET, Boston, MA",SAM
"40 EASTON STREET, Boston, MA",SAM
"48 EASTON STREET, Boston, MA",SAM
"51 EASTON STREET, Boston, MA",SAM
"63 EASTON STREET, Boston, MA",SAM
"67 EASTON STREET, Boston, MA",SAM
"72 EASTON STREET, Boston, MA",SAM
"85 EASTON STREET, Boston, MA",SAM
"87 EASTON STREET, Boston, MA",SAM
"90 EASTON STREET, Boston, MA",SAM
"92 EASTON STREET, Boston, MA",SAM
"93 EASTON STREET, Boston, MA",SAM
"30 EATONIA STREET, Boston, MA",SAM
"31 EATONIA STREET, Boston, MA",SAM
"35 EATONIA STREET, Boston, MA",SAM
"38 EATONIA STREET, Boston, MA",SAM
"39 EATONIA STREET, Boston, MA",SAM
"11 EDEN STREET, Boston, MA",SAM
"13 EDEN STREET, Boston, MA",SAM
"15 EDEN STREET, Boston, MA",SAM
"16 EDEN STREET, Boston, MA",SAM
"18 EDEN STREET, Boston, MA",SAM
"20 EDEN STREET, Boston, MA",SAM
"22 EDEN STREET, Boston, MA",SAM
"24 EDEN STREET, Boston, MA",SAM
"26 EDEN STREET, Boston, MA",SAM
"30 EDEN STREET, Boston, MA",SAM
"31 EDEN STREET, Boston, MA",SAM
"35 EDEN STREET, Boston, MA",SAM
"39 EDEN STREET, Boston, MA",SAM
"41 EDEN STREET, Boston, MA",SAM
"43 EDEN STREET, Boston, MA",SAM
"7 EDEN STREET, Boston, MA",SAM
"9 EDEN STREET, Boston, MA",SAM
"10 EDGE HILL STREET, Boston, MA",SAM
"11 EDGE HILL STREET, Boston, MA",SAM
"12 EDGE HILL STREET, Boston, MA",SAM
"13 EDGE HILL STREET, Boston, MA",SAM
"14 EDGE HILL STREET, Boston, MA",SAM
"15 EDGE HILL STREET, Boston, MA",SAM
"16 EDGE HILL STREET, Boston, MA",SAM
"17 EDGE HILL STREET, Boston, MA",SAM
"18 EDGE HILL STREET, Boston, MA",SAM
"19 EDGE HILL STREET, Boston, MA",SAM
"20 EDGE HILL STREET, Boston, MA",SAM
"21 EDGE HILL STREET, Boston, MA",SAM
"22 EDGE HILL STREET, Boston, MA",SAM
"26 EDGE HILL STREET, Boston, MA",SAM
"3 EDGE HILL STREET, Boston, MA",SAM
"5 EDGE HILL STREET, Boston, MA",SAM
"7 EDGE HILL STREET, Boston, MA",SAM
"9 EDGE HILL STREET, Boston, MA",SAM
"1 EDGEBROOK ROAD, Boston, MA",SAM
"10 EDGEBROOK ROAD, Boston, MA",SAM
"11 EDGEBROOK ROAD, Boston, MA",SAM
"14 EDGEBROOK ROAD, Boston, MA",SAM
"15 EDGEBROOK ROAD, Boston, MA",SAM
"18 EDGEBROOK ROAD, Boston, MA",SAM
"19 EDGEBROOK ROAD, Boston, MA",SAM
"22 EDGEBROOK ROAD, Boston, MA",SAM
"26 EDGEBROOK ROAD, Boston, MA",SAM
"30 EDGEBROOK ROAD, Boston, MA",SAM
"5 EDGEBROOK ROAD, Boston, MA",SAM
"6 EDGEBROOK ROAD, Boston, MA",SAM
"102 EDGEMERE ROAD, Boston, MA",SAM
"12 EDGEMERE ROAD, Boston, MA",SAM
"18 EDGEMERE ROAD, Boston, MA",SAM
"26 EDGEMERE ROAD, Boston, MA",SAM
"30 EDGEMERE ROAD, Boston, MA",SAM
"33 EDGEMERE ROAD, Boston, MA",SAM
"34 EDGEMERE ROAD, Boston, MA",SAM
"38 EDGEMERE ROAD, Boston, MA",SAM
"42 EDGEMERE ROAD, Boston, MA",SAM
"43 EDGEMERE ROAD, Boston, MA",SAM
"45 EDGEMERE ROAD, Boston, MA",SAM
"46 EDGEMERE ROAD, Boston, MA",SAM
"5 EDGEMERE ROAD, Boston, MA",SAM
"52 EDGEMERE ROAD, Boston, MA",SAM
"55 EDGEMERE ROAD, Boston, MA",SAM
"57 EDGEMERE ROAD, Boston, MA",SAM
"58 EDGEMERE ROAD, Boston, MA",SAM
"59 EDGEMERE ROAD, Boston, MA",SAM
"66 EDGEMERE ROAD, Boston, MA",SAM
"70 EDGEMERE ROAD, Boston, MA",SAM
"74 EDGEMERE ROAD, Boston, MA",SAM
"78 EDGEMERE ROAD, Boston, MA",SAM
"8 EDGEMERE ROAD, Boston, MA",SAM
"81 EDGEMERE ROAD, Boston, MA",SAM
"83 EDGEMERE ROAD, Boston, MA",SAM
"85 EDGEMERE ROAD, Boston, MA",SAM
"86 EDGEMERE ROAD, Boston, MA",SAM
"90 EDGEMERE ROAD, Boston, MA",SAM
"91 EDGEMERE ROAD, Boston, MA",SAM
"94 EDGEMERE ROAD, Boston, MA",SAM
"95 EDGEMERE ROAD, Boston, MA",SAM
"98 EDGEMERE ROAD, Boston, MA",SAM
"10 EDGEMONT STREET, Boston, MA",SAM
"12 EDGEMONT STREET, Boston, MA",SAM
"15 EDGEMONT STREET, Boston, MA",SAM
"18 EDGEMONT STREET, Boston, MA",SAM
"19 EDGEMONT STREET, Boston, MA",SAM
"21 EDGEMONT STREET, Boston, MA",SAM
"22 EDGEMONT STREET, Boston, MA",SAM
"25 EDGEMONT STREET, Boston, MA",SAM
"26 EDGEMONT STREET, Boston, MA",SAM
"29 EDGEMONT STREET, Boston, MA",SAM
"30 EDGEMONT STREET, Boston, MA",SAM
"14 EDGERLY PLACE, Boston, MA",SAM
"16 EDGERLY PLACE, Boston, MA",SAM
"36 EDGERLY ROAD, Boston, MA",SAM
"12 EDGERLY ROAD, Boston, MA",SAM
"20 EDGERLY ROAD, Boston, MA",SAM
"123 EDGEWATER DRIVE, Boston, MA",SAM
"19 EDGEWATER DRIVE, Boston, MA",SAM
"2 EDGEWATER DRIVE, Boston, MA",SAM
"23 EDGEWATER DRIVE, Boston, MA",SAM
"27 EDGEWATER DRIVE, Boston, MA",SAM
"33 EDGEWATER DRIVE, Boston, MA",SAM
"69 EDGEWATER DRIVE, Boston, MA",SAM
"7 EDGEWATER DRIVE, Boston, MA",SAM
"73 EDGEWATER DRIVE, Boston, MA",SAM
"89 EDGEWATER DRIVE, Boston, MA",SAM
"93 EDGEWATER DRIVE, Boston, MA",SAM
"95 EDGEWATER DRIVE, Boston, MA",SAM
"97 EDGEWATER DRIVE, Boston, MA",SAM
"99 EDGEWATER DRIVE, Boston, MA",SAM
"11 EDGEWOOD STREET, Boston, MA",SAM
"13 EDGEWOOD STREET, Boston, MA",SAM
"15 EDGEWOOD STREET, Boston, MA",SAM
"17 EDGEWOOD STREET, Boston, MA",SAM
"19 EDGEWOOD STREET, Boston, MA",SAM
"21 EDGEWOOD STREET, Boston, MA",SAM
"23 EDGEWOOD STREET, Boston, MA",SAM
"24 EDGEWOOD STREET, Boston, MA",SAM
"25 EDGEWOOD STREET, Boston, MA",SAM
"27 EDGEWOOD STREET, Boston, MA",SAM
"29 EDGEWOOD STREET, Boston, MA",SAM
"3 EDGEWOOD STREET, Boston, MA",SAM
"30 EDGEWOOD STREET, Boston, MA",SAM
"31 EDGEWOOD STREET, Boston, MA",SAM
"32 EDGEWOOD STREET, Boston, MA",SAM
"34 EDGEWOOD STREET, Boston, MA",SAM
"35 EDGEWOOD STREET, Boston, MA",SAM
"36 EDGEWOOD STREET, Boston, MA",SAM
"42 EDGEWOOD STREET, Boston, MA",SAM
"44 EDGEWOOD STREET, Boston, MA",SAM
"50 EDGEWOOD STREET, Boston, MA",SAM
"60 EDGEWOOD STREET, Boston, MA",SAM
"62 EDGEWOOD STREET, Boston, MA",SAM
"66 EDGEWOOD STREET, Boston, MA",SAM
"72 EDGEWOOD STREET, Boston, MA",SAM
"11 EDINBORO STREET, Boston, MA",SAM
"2 EDINBORO STREET, Boston, MA",SAM
"21 EDINBORO STREET, Boston, MA",SAM
"25 EDINBORO STREET, Boston, MA",SAM
"31 EDINBORO STREET, Boston, MA",SAM
"10 EDISON GREEN, Boston, MA",SAM
"15 EDISON GREEN, Boston, MA",SAM
"19 EDISON GREEN, Boston, MA",SAM
"21 EDISON GREEN, Boston, MA",SAM
"22 EDISON GREEN, Boston, MA",SAM
"25 EDISON GREEN, Boston, MA",SAM
"26 EDISON GREEN, Boston, MA",SAM
"27 EDISON GREEN, Boston, MA",SAM
"28 EDISON GREEN, Boston, MA",SAM
"29 EDISON GREEN, Boston, MA",SAM
"31 EDISON GREEN, Boston, MA",SAM
"32 EDISON GREEN, Boston, MA",SAM
"37 EDISON GREEN, Boston, MA",SAM
"41 EDISON GREEN, Boston, MA",SAM
"5 EDISON GREEN, Boston, MA",SAM
"6 EDISON GREEN, Boston, MA",SAM
"8 EDISON GREEN, Boston, MA",SAM
"1 EDITH STREET, Boston, MA",SAM
"3 EDITH STREET, Boston, MA",SAM
"4 EDITH STREET, Boston, MA",SAM
"11 EDNA ROAD, Boston, MA",SAM
"17 EDNA ROAD, Boston, MA",SAM
"21 EDNA ROAD, Boston, MA",SAM
"25 EDNA ROAD, Boston, MA",SAM
"6 EDNA ROAD, Boston, MA",SAM
"7 EDNA ROAD, Boston, MA",SAM
"10 EDSON STREET, Boston, MA",SAM
"11 EDSON STREET, Boston, MA",SAM
"14 EDSON STREET, Boston, MA",SAM
"18 EDSON STREET, Boston, MA",SAM
"27 EDSON STREET, Boston, MA",SAM
"3 EDSON STREET, Boston, MA",SAM
"31 EDSON STREET, Boston, MA",SAM
"6 EDSON STREET, Boston, MA",SAM
"7 EDSON STREET, Boston, MA",SAM
"12 EDSON STREET, Boston, MA",SAM
"16 EDSON STREET, Boston, MA",SAM
"17 EDSON STREET, Boston, MA",SAM
"19 EDSON STREET, Boston, MA",SAM
"20 EDSON STREET, Boston, MA",SAM
"21 EDSON STREET, Boston, MA",SAM
"26 EDSON STREET, Boston, MA",SAM
"28 EDSON STREET, Boston, MA",SAM
"30 EDSON STREET, Boston, MA",SAM
"34 EDSON STREET, Boston, MA",SAM
"35 EDSON STREET, Boston, MA",SAM
"36 EDSON STREET, Boston, MA",SAM
"42 EDSON STREET, Boston, MA",SAM
"48 EDSON STREET, Boston, MA",SAM
"5 EDSON STREET, Boston, MA",SAM
"51 EDSON STREET, Boston, MA",SAM
"54 EDSON STREET, Boston, MA",SAM
"59 EDSON STREET, Boston, MA",SAM
"60 EDSON STREET, Boston, MA",SAM
"62 EDSON STREET, Boston, MA",SAM
"66 EDSON STREET, Boston, MA",SAM
"74 EDSON STREET, Boston, MA",SAM
"78 EDSON STREET, Boston, MA",SAM
"80 EDSON STREET, Boston, MA",SAM
"86 MILTON AVENUE, Boston, MA",SAM
"11 EDSON TERRACE, Boston, MA",SAM
"4 EDSON TERRACE, Boston, MA",SAM
"7 EDSON TERRACE, Boston, MA",SAM
"8 EDSON TERRACE, Boston, MA",SAM
"10 EDWARDSON STREET, Boston, MA",SAM
"14 EDWARDSON STREET, Boston, MA",SAM
"15 EDWARDSON STREET, Boston, MA",SAM
"26 EDWARDSON STREET, Boston, MA",SAM
"30 EDWARDSON STREET, Boston, MA",SAM
"33 EDWARDSON STREET, Boston, MA",SAM
"34 EDWARDSON STREET, Boston, MA",SAM
"9 EDWARDSON STREET, Boston, MA",SAM
"10 EDWIN STREET, Boston, MA",SAM
"12 EDWIN STREET, Boston, MA",SAM
"14 EDWIN STREET, Boston, MA",SAM
"15 EDWIN STREET, Boston, MA",SAM
"16 EDWIN STREET, Boston, MA",SAM
"17 EDWIN STREET, Boston, MA",SAM
"18 EDWIN STREET, Boston, MA",SAM
"19 EDWIN STREET, Boston, MA",SAM
"20 EDWIN STREET, Boston, MA",SAM
"21 EDWIN STREET, Boston, MA",SAM
"24 EDWIN STREET, Boston, MA",SAM
"25 EDWIN STREET, Boston, MA",SAM
"26 EDWIN STREET, Boston, MA",SAM
"28 EDWIN STREET, Boston, MA",SAM
"29 EDWIN STREET, Boston, MA",SAM
"3 EDWIN STREET, Boston, MA",SAM
"31 EDWIN STREET, Boston, MA",SAM
"32 EDWIN STREET, Boston, MA",SAM
"33 EDWIN STREET, Boston, MA",SAM
"34 EDWIN STREET, Boston, MA",SAM
"36 EDWIN STREET, Boston, MA",SAM
"38 EDWIN STREET, Boston, MA",SAM
"39 EDWIN STREET, Boston, MA",SAM
"41 EDWIN STREET, Boston, MA",SAM
"42 EDWIN STREET, Boston, MA",SAM
"45 EDWIN STREET, Boston, MA",SAM
"46 EDWIN STREET, Boston, MA",SAM
"47 EDWIN STREET, Boston, MA",SAM
"50 EDWIN STREET, Boston, MA",SAM
"51 EDWIN STREET, Boston, MA",SAM
"53 EDWIN STREET, Boston, MA",SAM
"54 EDWIN STREET, Boston, MA",SAM
"56 EDWIN STREET, Boston, MA",SAM
"57 EDWIN STREET, Boston, MA",SAM
"59 EDWIN STREET, Boston, MA",SAM
"6 EDWIN STREET, Boston, MA",SAM
"60 EDWIN STREET, Boston, MA",SAM
"62 EDWIN STREET, Boston, MA",SAM
"63 EDWIN STREET, Boston, MA",SAM
"65 EDWIN STREET, Boston, MA",SAM
"68 EDWIN STREET, Boston, MA",SAM
"69 EDWIN STREET, Boston, MA",SAM
"70 EDWIN STREET, Boston, MA",SAM
"74 EDWIN STREET, Boston, MA",SAM
"75 EDWIN STREET, Boston, MA",SAM
"79 EDWIN STREET, Boston, MA",SAM
"9 EDWIN STREET, Boston, MA",SAM
"1 EGAN WAY, Boston, MA",SAM
"10 EGAN WAY, Boston, MA",SAM
"11 EGAN WAY, Boston, MA",SAM
"4 EGAN WAY, Boston, MA",SAM
"11 EGLESTON STREET, Boston, MA",SAM
"15 EGLESTON STREET, Boston, MA",SAM
"16 EGLESTON STREET, Boston, MA",SAM
"17 EGLESTON STREET, Boston, MA",SAM
"20 EGLESTON STREET, Boston, MA",SAM
"23 EGLESTON STREET, Boston, MA",SAM
"24 EGLESTON STREET, Boston, MA",SAM
"26 EGLESTON STREET, Boston, MA",SAM
"27 EGLESTON STREET, Boston, MA",SAM
"34 EGLESTON STREET, Boston, MA",SAM
"3 EGREMONT ROAD, Boston, MA",SAM
"4 EGREMONT ROAD, Boston, MA",SAM
"6 EGREMONT ROAD, Boston, MA",SAM
"65 EGREMONT ROAD, Boston, MA",SAM
"8 EGREMONT ROAD, Boston, MA",SAM
"197 EIGHTH STREET, Boston, MA",SAM
"45 EIGHTH STREET, Boston, MA",SAM
"240 EIGHTH STREET, Boston, MA",SAM
"244 EIGHTH STREET, Boston, MA",SAM
"248 EIGHTH STREET, Boston, MA",SAM
"252 EIGHTH STREET, Boston, MA",SAM
"266 EIGHTH STREET, Boston, MA",SAM
"274 EIGHTH STREET, Boston, MA",SAM
"284 EIGHTH STREET, Boston, MA",SAM
"292 EIGHTH STREET, Boston, MA",SAM
"296 EIGHTH STREET, Boston, MA",SAM
"298 EIGHTH STREET, Boston, MA",SAM
"300 EIGHTH STREET, Boston, MA",SAM
"312 EIGHTH STREET, Boston, MA",SAM
"314 EIGHTH STREET, Boston, MA",SAM
"330 EIGHTH STREET, Boston, MA",SAM
"342 EIGHTH STREET, Boston, MA",SAM
"343 EIGHTH STREET, Boston, MA",SAM
"347 EIGHTH STREET, Boston, MA",SAM
"348 EIGHTH STREET, Boston, MA",SAM
"349 EIGHTH STREET, Boston, MA",SAM
"350 EIGHTH STREET, Boston, MA",SAM
"351 EIGHTH STREET, Boston, MA",SAM
"352 EIGHTH STREET, Boston, MA",SAM
"353 EIGHTH STREET, Boston, MA",SAM
"354 EIGHTH STREET, Boston, MA",SAM
"356 EIGHTH STREET, Boston, MA",SAM
"357 EIGHTH STREET, Boston, MA",SAM
"358 EIGHTH STREET, Boston, MA",SAM
"360 EIGHTH STREET, Boston, MA",SAM
"362 EIGHTH STREET, Boston, MA",SAM
"364 EIGHTH STREET, Boston, MA",SAM
"366 EIGHTH STREET, Boston, MA",SAM
"367 EIGHTH STREET, Boston, MA",SAM
"368 EIGHTH STREET, Boston, MA",SAM
"370 EIGHTH STREET, Boston, MA",SAM
"372 EIGHTH STREET, Boston, MA",SAM
"374 EIGHTH STREET, Boston, MA",SAM
"376 EIGHTH STREET, Boston, MA",SAM
"378 EIGHTH STREET, Boston, MA",SAM
"380 EIGHTH STREET, Boston, MA",SAM
"382 EIGHTH STREET, Boston, MA",SAM
"386 EIGHTH STREET, Boston, MA",SAM
"388 EIGHTH STREET, Boston, MA",SAM
"390 EIGHTH STREET, Boston, MA",SAM
"392 EIGHTH STREET, Boston, MA",SAM
"394 EIGHTH STREET, Boston, MA",SAM
"398 EIGHTH STREET, Boston, MA",SAM
"402 EIGHTH STREET, Boston, MA",SAM
"408 EIGHTH STREET, Boston, MA",SAM
"412 EIGHTH STREET, Boston, MA",SAM
"413 EIGHTH STREET, Boston, MA",SAM
"414 EIGHTH STREET, Boston, MA",SAM
"415 EIGHTH STREET, Boston, MA",SAM
"417 EIGHTH STREET, Boston, MA",SAM
"419 EIGHTH STREET, Boston, MA",SAM
"423 EIGHTH STREET, Boston, MA",SAM
"428 EIGHTH STREET, Boston, MA",SAM
"430 EIGHTH STREET, Boston, MA",SAM
"432 EIGHTH STREET, Boston, MA",SAM
"434 EIGHTH STREET, Boston, MA",SAM
"436 EIGHTH STREET, Boston, MA",SAM
"438 EIGHTH STREET, Boston, MA",SAM
"440 EIGHTH STREET, Boston, MA",SAM
"442 EIGHTH STREET, Boston, MA",SAM
"444 EIGHTH STREET, Boston, MA",SAM
"445 EIGHTH STREET, Boston, MA",SAM
"449 EIGHTH STREET, Boston, MA",SAM
"451 EIGHTH STREET, Boston, MA",SAM
"452 EIGHTH STREET, Boston, MA",SAM
"453 EIGHTH STREET, Boston, MA",SAM
"454 EIGHTH STREET, Boston, MA",SAM
"455 EIGHTH STREET, Boston, MA",SAM
"458 EIGHTH STREET, Boston, MA",SAM
"459 EIGHTH STREET, Boston, MA",SAM
"460 EIGHTH STREET, Boston, MA",SAM
"461 EIGHTH STREET, Boston, MA",SAM
"465 EIGHTH STREET, Boston, MA",SAM
"466 EIGHTH STREET, Boston, MA",SAM
"467 EIGHTH STREET, Boston, MA",SAM
"468 EIGHTH STREET, Boston, MA",SAM
"470 EIGHTH STREET, Boston, MA",SAM
"472 EIGHTH STREET, Boston, MA",SAM
"478 EIGHTH STREET, Boston, MA",SAM
"482 EIGHTH STREET, Boston, MA",SAM
"496 EIGHTH STREET, Boston, MA",SAM
"498 EIGHTH STREET, Boston, MA",SAM
"500 EIGHTH STREET, Boston, MA",SAM
"504 EIGHTH STREET, Boston, MA",SAM
"505 EIGHTH STREET, Boston, MA",SAM
"506 EIGHTH STREET, Boston, MA",SAM
"507 EIGHTH STREET, Boston, MA",SAM
"509 EIGHTH STREET, Boston, MA",SAM
"510 EIGHTH STREET, Boston, MA",SAM
"511 EIGHTH STREET, Boston, MA",SAM
"512 EIGHTH STREET, Boston, MA",SAM
"513 EIGHTH STREET, Boston, MA",SAM
"514 EIGHTH STREET, Boston, MA",SAM
"515 EIGHTH STREET, Boston, MA",SAM
"517 EIGHTH STREET, Boston, MA",SAM
"518 EIGHTH STREET, Boston, MA",SAM
"520 EIGHTH STREET, Boston, MA",SAM
"521 EIGHTH STREET, Boston, MA",SAM
"522 EIGHTH STREET, Boston, MA",SAM
"524 EIGHTH STREET, Boston, MA",SAM
"526 EIGHTH STREET, Boston, MA",SAM
"527 BREWSTER STREET, Boston, MA",SAM
"528 EIGHTH STREET, Boston, MA",SAM
"529 EIGHTH STREET, Boston, MA",SAM
"531 EIGHTH STREET, Boston, MA",SAM
"532 EIGHTH STREET, Boston, MA",SAM
"533 EIGHTH STREET, Boston, MA",SAM
"534 EIGHTH STREET, Boston, MA",SAM
"535 EIGHTH STREET, Boston, MA",SAM
"536 EIGHTH STREET, Boston, MA",SAM
"538 EIGHTH STREET, Boston, MA",SAM
"542 EIGHTH STREET, Boston, MA",SAM
"545 EIGHTH STREET, Boston, MA",SAM
"546 EIGHTH STREET, Boston, MA",SAM
"549 EIGHTH STREET, Boston, MA",SAM
"550 EIGHTH STREET, Boston, MA",SAM
"551 EIGHTH STREET, Boston, MA",SAM
"552 EIGHTH STREET, Boston, MA",SAM
"554 EIGHTH STREET, Boston, MA",SAM
"556 EIGHTH STREET, Boston, MA",SAM
"557 EIGHTH STREET, Boston, MA",SAM
"558 EIGHTH STREET, Boston, MA",SAM
"560 EIGHTH STREET, Boston, MA",SAM
"561 EIGHTH STREET, Boston, MA",SAM
"562 EIGHTH STREET, Boston, MA",SAM
"565 EIGHTH STREET, Boston, MA",SAM
"569 EIGHTH STREET, Boston, MA",SAM
"574 EIGHTH STREET, Boston, MA",SAM
"575 EIGHTH STREET, Boston, MA",SAM
"576 EIGHTH STREET, Boston, MA",SAM
"577 EIGHTH STREET, Boston, MA",SAM
"578 EIGHTH STREET, Boston, MA",SAM
"579 EIGHTH STREET, Boston, MA",SAM
"580 EIGHTH STREET, Boston, MA",SAM
"581 EIGHTH STREET, Boston, MA",SAM
"582 EIGHTH STREET, Boston, MA",SAM
"583 EIGHTH STREET, Boston, MA",SAM
"584 EIGHTH STREET, Boston, MA",SAM
"585 EIGHTH STREET, Boston, MA",SAM
"586 EIGHTH STREET, Boston, MA",SAM
"587 EIGHTH STREET, Boston, MA",SAM
"588 EIGHTH STREET, Boston, MA",SAM
"589 EIGHTH STREET, Boston, MA",SAM
"590 EIGHTH STREET, Boston, MA",SAM
"593 EIGHTH STREET, Boston, MA",SAM
"594 EIGHTH STREET, Boston, MA",SAM
"595 EIGHTH STREET, Boston, MA",SAM
"601 EIGHTH STREET, Boston, MA",SAM
"604 EIGHTH STREET, Boston, MA",SAM
"606 EIGHTH STREET, Boston, MA",SAM
"607 EIGHTH STREET, Boston, MA",SAM
"608 EIGHTH STREET, Boston, MA",SAM
"611 EIGHTH STREET, Boston, MA",SAM
"612 EIGHTH STREET, Boston, MA",SAM
"613 EIGHTH STREET, Boston, MA",SAM
"616 EIGHTH STREET, Boston, MA",SAM
"617 EIGHTH STREET, Boston, MA",SAM
"620 EIGHTH STREET, Boston, MA",SAM
"621 EIGHTH STREET, Boston, MA",SAM
"624 EIGHTH STREET, Boston, MA",SAM
"625 EIGHTH STREET, Boston, MA",SAM
"628 EIGHTH STREET, Boston, MA",SAM
"632 EIGHTH STREET, Boston, MA",SAM
"633 EIGHTH STREET, Boston, MA",SAM
"636 EIGHTH STREET, Boston, MA",SAM
"637 EIGHTH STREET, Boston, MA",SAM
"640 EIGHTH STREET, Boston, MA",SAM
"641 EIGHTH STREET, Boston, MA",SAM
"643 EIGHTH STREET, Boston, MA",SAM
"644 EIGHTH STREET, Boston, MA",SAM
"648 EIGHTH STREET, Boston, MA",SAM
"652 EIGHTH STREET, Boston, MA",SAM
"656 EIGHTH STREET, Boston, MA",SAM
"660 EIGHTH STREET, Boston, MA",SAM
"663 EIGHTH STREET, Boston, MA",SAM
"664 EIGHTH STREET, Boston, MA",SAM
"665 EIGHTH STREET, Boston, MA",SAM
"666 EIGHTH STREET, Boston, MA",SAM
"667 EIGHTH STREET, Boston, MA",SAM
"668 EIGHTH STREET, Boston, MA",SAM
"670 EIGHTH STREET, Boston, MA",SAM
"671 EIGHTH STREET, Boston, MA",SAM
"672 EIGHTH STREET, Boston, MA",SAM
"673 EIGHTH STREET, Boston, MA",SAM
"675 EIGHTH STREET, Boston, MA",SAM
"679 EIGHTH STREET, Boston, MA",SAM
"681 EIGHTH STREET, Boston, MA",SAM
"682 EIGHTH STREET, Boston, MA",SAM
"683 EIGHTH STREET, Boston, MA",SAM
"685 EIGHTH STREET, Boston, MA",SAM
"686 EIGHTH STREET, Boston, MA",SAM
"687 EIGHTH STREET, Boston, MA",SAM
"689 EIGHTH STREET, Boston, MA",SAM
"690 EIGHTH STREET, Boston, MA",SAM
"691 EIGHTH STREET, Boston, MA",SAM
"693 EIGHTH STREET, Boston, MA",SAM
"695 EIGHTH STREET, Boston, MA",SAM
"697 EIGHTH STREET, Boston, MA",SAM
"699 EIGHTH STREET, Boston, MA",SAM
"701 EIGHTH STREET, Boston, MA",SAM
"720 EIGHTH STREET, Boston, MA",SAM
"722 EIGHTH STREET, Boston, MA",SAM
"724 EIGHTH STREET, Boston, MA",SAM
"726 EIGHTH STREET, Boston, MA",SAM
"728 EIGHTH STREET, Boston, MA",SAM
"730 EIGHTH STREET, Boston, MA",SAM
"731 EIGHTH STREET, Boston, MA",SAM
"732 EIGHTH STREET, Boston, MA",SAM
"734 EIGHTH STREET, Boston, MA",SAM
"735 EIGHTH STREET, Boston, MA",SAM
"742 EIGHTH STREET, Boston, MA",SAM
"744 EIGHTH STREET, Boston, MA",SAM
"760 EIGHTH STREET, Boston, MA",SAM
"762 EIGHTH STREET, Boston, MA",SAM
"764 EIGHTH STREET, Boston, MA",SAM
"766 EIGHTH STREET, Boston, MA",SAM
"111 EIGHTH STREET, Boston, MA",SAM
"114 EIGHTH STREET, Boston, MA",SAM
"120 EIGHTH STREET, Boston, MA",SAM
"126 EIGHTH STREET, Boston, MA",SAM
"130 EIGHTH STREET, Boston, MA",SAM
"131 EIGHTH STREET, Boston, MA",SAM
"132 EIGHTH STREET, Boston, MA",SAM
"133 EIGHTH STREET, Boston, MA",SAM
"135 EIGHTH STREET, Boston, MA",SAM
"137 EIGHTH STREET, Boston, MA",SAM
"138 EIGHTH STREET, Boston, MA",SAM
"139 EIGHTH STREET, Boston, MA",SAM
"140 EIGHTH STREET, Boston, MA",SAM
"141 EIGHTH STREET, Boston, MA",SAM
"142 EIGHTH STREET, Boston, MA",SAM
"143 EIGHTH STREET, Boston, MA",SAM
"144 EIGHTH STREET, Boston, MA",SAM
"146 EIGHTH STREET, Boston, MA",SAM
"147 EIGHTH STREET, Boston, MA",SAM
"148 EIGHTH STREET, Boston, MA",SAM
"149 EIGHTH STREET, Boston, MA",SAM
"159 EIGHTH STREET, Boston, MA",SAM
"161 EIGHTH STREET, Boston, MA",SAM
"163 EIGHTH STREET, Boston, MA",SAM
"165 EIGHTH STREET, Boston, MA",SAM
"167 EIGHTH STREET, Boston, MA",SAM
"169 EIGHTH STREET, Boston, MA",SAM
"171 EIGHTH STREET, Boston, MA",SAM
"174 EIGHTH STREET, Boston, MA",SAM
"175 EIGHTH STREET, Boston, MA",SAM
"178 EIGHTH STREET, Boston, MA",SAM
"180 EIGHTH STREET, Boston, MA",SAM
"181 EIGHTH STREET, Boston, MA",SAM
"182 EIGHTH STREET, Boston, MA",SAM
"183 EIGHTH STREET, Boston, MA",SAM
"184 EIGHTH STREET, Boston, MA",SAM
"185 EIGHTH STREET, Boston, MA",SAM
"191 EIGHTH STREET, Boston, MA",SAM
"193 EIGHTH STREET, Boston, MA",SAM
"194 EIGHTH STREET, Boston, MA",SAM
"199 EIGHTH STREET, Boston, MA",SAM
"200 EIGHTH STREET, Boston, MA",SAM
"202 EIGHTH STREET, Boston, MA",SAM
"204 EIGHTH STREET, Boston, MA",SAM
"205 EIGHTH STREET, Boston, MA",SAM
"206 EIGHTH STREET, Boston, MA",SAM
"208 EIGHTH STREET, Boston, MA",SAM
"210 EIGHTH STREET, Boston, MA",SAM
"211 EIGHTH STREET, Boston, MA",SAM
"213 EIGHTH STREET, Boston, MA",SAM
"215 EIGHTH STREET, Boston, MA",SAM
"218 EIGHTH STREET, Boston, MA",SAM
"86 EIGHTH STREET, Boston, MA",SAM
"88 EIGHTH STREET, Boston, MA",SAM
"90 EIGHTH STREET, Boston, MA",SAM
"92 EIGHTH STREET, Boston, MA",SAM
"94 EIGHTH STREET, Boston, MA",SAM
"1 ELBA TERRACE, Boston, MA",SAM
"2 ELBOW STREET, Boston, MA",SAM
"3 ELBOW STREET, Boston, MA",SAM
"4 ELBOW STREET, Boston, MA",SAM
"10 ELDER STREET, Boston, MA",SAM
"11 ELDER STREET, Boston, MA",SAM
"12 ELDER STREET, Boston, MA",SAM
"19 ELDER STREET, Boston, MA",SAM
"21 ELDER STREET, Boston, MA",SAM
"23 ELDER STREET, Boston, MA",SAM
"26 ELDER STREET, Boston, MA",SAM
"27 ELDER STREET, Boston, MA",SAM
"31 ELDER STREET, Boston, MA",SAM
"34 ELDER STREET, Boston, MA",SAM
"35 ELDER STREET, Boston, MA",SAM
"37 ELDER STREET, Boston, MA",SAM
"38 ELDER STREET, Boston, MA",SAM
"39 ELDER STREET, Boston, MA",SAM
"45 ELDER STREET, Boston, MA",SAM
"6 ELDER STREET, Boston, MA",SAM
"7 ELDER STREET, Boston, MA",SAM
"8 ELDER STREET, Boston, MA",SAM
"27 ELDON STREET, Boston, MA",SAM
"29 ELDON STREET, Boston, MA",SAM
"30 ELDON STREET, Boston, MA",SAM
"31 ELDON STREET, Boston, MA",SAM
"33 ELDON STREET, Boston, MA",SAM
"35 ELDON STREET, Boston, MA",SAM
"37 ELDON STREET, Boston, MA",SAM
"39 ELDON STREET, Boston, MA",SAM
"12 ELDORA STREET, Boston, MA",SAM
"16 ELDORA STREET, Boston, MA",SAM
"18 ELDORA STREET, Boston, MA",SAM
"2 ELDORA STREET, Boston, MA",SAM
"4 ELDORA STREET, Boston, MA",SAM
"19 ELDRIDGE ROAD, Boston, MA",SAM
"22 ELDRIDGE ROAD, Boston, MA",SAM
"26 ELDRIDGE ROAD, Boston, MA",SAM
"32 ELDRIDGE ROAD, Boston, MA",SAM
"4 ELDRIDGE ROAD, Boston, MA",SAM
"42 ELDRIDGE ROAD, Boston, MA",SAM
"44 ELDRIDGE ROAD, Boston, MA",SAM
"46 ELDRIDGE ROAD, Boston, MA",SAM
"5 ELDRIDGE ROAD, Boston, MA",SAM
"50 ELDRIDGE ROAD, Boston, MA",SAM
"58 ELDRIDGE ROAD, Boston, MA",SAM
"61 ELDRIDGE ROAD, Boston, MA",SAM
"65 ELDRIDGE ROAD, Boston, MA",SAM
"5 ELEANOR STREET, Boston, MA",SAM
"9 ELEANOR STREET, Boston, MA",SAM
"17 ELECTRIC AVENUE, Boston, MA",SAM
"45 ELECTRIC AVENUE, Boston, MA",SAM
"10 ELGIN STREET, Boston, MA",SAM
"14 ELGIN STREET, Boston, MA",SAM
"15 ELGIN STREET, Boston, MA",SAM
"18 ELGIN STREET, Boston, MA",SAM
"19 ELGIN STREET, Boston, MA",SAM
"23 ELGIN STREET, Boston, MA",SAM
"24 ELGIN STREET, Boston, MA",SAM
"27 ELGIN STREET, Boston, MA",SAM
"28 ELGIN STREET, Boston, MA",SAM
"31 ELGIN STREET, Boston, MA",SAM
"34 ELGIN STREET, Boston, MA",SAM
"35 ELGIN STREET, Boston, MA",SAM
"39 ELGIN STREET, Boston, MA",SAM
"43 ELGIN STREET, Boston, MA",SAM
"46 ELGIN STREET, Boston, MA",SAM
"6 ELGIN STREET, Boston, MA",SAM
"1 ELIOT PLACE, Boston, MA",SAM
"2 ELIOT PLACE, Boston, MA",SAM
"3 ELIOT PLACE, Boston, MA",SAM
"5 ELIOT PLACE, Boston, MA",SAM
"6 ELIOT PLACE, Boston, MA",SAM
"7 ELIOT PLACE, Boston, MA",SAM
"11 ELIOT STREET, Boston, MA",SAM
"15 ELIOT STREET, Boston, MA",SAM
"17 ELIOT STREET, Boston, MA",SAM
"19 ELIOT STREET, Boston, MA",SAM
"21 ELIOT STREET, Boston, MA",SAM
"22 ELIOT STREET, Boston, MA",SAM
"23 ELIOT STREET, Boston, MA",SAM
"25 ELIOT STREET, Boston, MA",SAM
"27 ELIOT STREET, Boston, MA",SAM
"28 ELIOT STREET, Boston, MA",SAM
"29 ELIOT STREET, Boston, MA",SAM
"32 ELIOT STREET, Boston, MA",SAM
"34 ELIOT STREET, Boston, MA",SAM
"39 ELIOT STREET, Boston, MA",SAM
"40 ELIOT STREET, Boston, MA",SAM
"42 ELIOT STREET, Boston, MA",SAM
"44 ELIOT STREET, Boston, MA",SAM
"45 ELIOT STREET, Boston, MA",SAM
"46 ELIOT STREET, Boston, MA",SAM
"47 ELIOT STREET, Boston, MA",SAM
"48 ELIOT STREET, Boston, MA",SAM
"49 ELIOT STREET, Boston, MA",SAM
"5 ELIOT STREET, Boston, MA",SAM
"50 ELIOT STREET, Boston, MA",SAM
"51 ELIOT STREET, Boston, MA",SAM
"52 ELIOT STREET, Boston, MA",SAM
"54 ELIOT STREET, Boston, MA",SAM
"55 ELIOT STREET, Boston, MA",SAM
"56 ELIOT STREET, Boston, MA",SAM
"58 ELIOT STREET, Boston, MA",SAM
"7 ELIOT STREET, Boston, MA",SAM
"9 ELIOT STREET, Boston, MA",SAM
"1 ELIOT TERRACE, Boston, MA",SAM
"3 ELIOT TERRACE, Boston, MA",SAM
"10 ELIZABETH STREET, Boston, MA",SAM
"17 ELIZABETH STREET, Boston, MA",SAM
"4 ELIZABETH STREET, Boston, MA",SAM
"5 ELIZABETH STREET, Boston, MA",SAM
"8 ELIZABETH STREET, Boston, MA",SAM
"9 ELIZABETH STREET, Boston, MA",SAM
"11 ELKO STREET, Boston, MA",SAM
"15 ELKO STREET, Boston, MA",SAM
"17 ELKO STREET, Boston, MA",SAM
"19 ELKO STREET, Boston, MA",SAM
"22 ELKO STREET, Boston, MA",SAM
"10 ELLARD ROAD, Boston, MA",SAM
"21 ELLARD ROAD, Boston, MA",SAM
"22 ELLARD ROAD, Boston, MA",SAM
"1 ELLERY STREET, Boston, MA",SAM
"2 ELLERY STREET, Boston, MA",SAM
"40 ELLERY STREET, Boston, MA",SAM
"44 ELLERY STREET, Boston, MA",SAM
"48 ELLERY STREET, Boston, MA",SAM
"52 ELLERY STREET, Boston, MA",SAM
"7 ELLERY STREET, Boston, MA",SAM
"100 ELLINGTON STREET, Boston, MA",SAM
"105 ELLINGTON STREET, Boston, MA",SAM
"107 ELLINGTON STREET, Boston, MA",SAM
"109 ELLINGTON STREET, Boston, MA",SAM
"111 ELLINGTON STREET, Boston, MA",SAM
"132 ELLINGTON STREET, Boston, MA",SAM
"134 ELLINGTON STREET, Boston, MA",SAM
"136 ELLINGTON STREET, Boston, MA",SAM
"14 ELLINGTON STREET, Boston, MA",SAM
"144 ELLINGTON STREET, Boston, MA",SAM
"15 ELLINGTON STREET, Boston, MA",SAM
"19 ELLINGTON STREET, Boston, MA",SAM
"20 ELLINGTON STREET, Boston, MA",SAM
"21 ELLINGTON STREET, Boston, MA",SAM
"23 ELLINGTON STREET, Boston, MA",SAM
"24 ELLINGTON STREET, Boston, MA",SAM
"28 ELLINGTON STREET, Boston, MA",SAM
"31 ELLINGTON STREET, Boston, MA",SAM
"32 ELLINGTON STREET, Boston, MA",SAM
"36 ELLINGTON STREET, Boston, MA",SAM
"37 ELLINGTON STREET, Boston, MA",SAM
"41 ELLINGTON STREET, Boston, MA",SAM
"44 ELLINGTON STREET, Boston, MA",SAM
"47 ELLINGTON STREET, Boston, MA",SAM
"52 ELLINGTON STREET, Boston, MA",SAM
"71 ELLINGTON STREET, Boston, MA",SAM
"73 ELLINGTON STREET, Boston, MA",SAM
"75 ELLINGTON STREET, Boston, MA",SAM
"77 ELLINGTON STREET, Boston, MA",SAM
"79 ELLINGTON STREET, Boston, MA",SAM
"81 ELLINGTON STREET, Boston, MA",SAM
"83 ELLINGTON STREET, Boston, MA",SAM
"85 ELLINGTON STREET, Boston, MA",SAM
"86 ELLINGTON STREET, Boston, MA",SAM
"89 ELLINGTON STREET, Boston, MA",SAM
"90 ELLINGTON STREET, Boston, MA",SAM
"92 ELLINGTON STREET, Boston, MA",SAM
"93 ELLINGTON STREET, Boston, MA",SAM
"95 ELLINGTON STREET, Boston, MA",SAM
"96 ELLINGTON STREET, Boston, MA",SAM
"99 ELLINGTON STREET, Boston, MA",SAM
"1 ELLINGWOOD STREET, Boston, MA",SAM
"10 ELLINGWOOD STREET, Boston, MA",SAM
"11 ELLINGWOOD STREET, Boston, MA",SAM
"12 ELLINGWOOD STREET, Boston, MA",SAM
"14 ELLINGWOOD STREET, Boston, MA",SAM
"15 ELLINGWOOD STREET, Boston, MA",SAM
"16 ELLINGWOOD STREET, Boston, MA",SAM
"17 ELLINGWOOD STREET, Boston, MA",SAM
"18 ELLINGWOOD STREET, Boston, MA",SAM
"19 ELLINGWOOD STREET, Boston, MA",SAM
"2 ELLINGWOOD STREET, Boston, MA",SAM
"20 ELLINGWOOD STREET, Boston, MA",SAM
"21 ELLINGWOOD STREET, Boston, MA",SAM
"22 ELLINGWOOD STREET, Boston, MA",SAM
"23 ELLINGWOOD STREET, Boston, MA",SAM
"24 ELLINGWOOD STREET, Boston, MA",SAM
"25 ELLINGWOOD STREET, Boston, MA",SAM
"26 ELLINGWOOD STREET, Boston, MA",SAM
"27 ELLINGWOOD STREET, Boston, MA",SAM
"28 ELLINGWOOD STREET, Boston, MA",SAM
"29 ELLINGWOOD STREET, Boston, MA",SAM
"30 ELLINGWOOD STREET, Boston, MA",SAM
"31 ELLINGWOOD STREET, Boston, MA",SAM
"32 ELLINGWOOD STREET, Boston, MA",SAM
"33 ELLINGWOOD STREET, Boston, MA",SAM
"34 ELLINGWOOD STREET, Boston, MA",SAM
"36 ELLINGWOOD STREET, Boston, MA",SAM
"37 ELLINGWOOD STREET, Boston, MA",SAM
"38 ELLINGWOOD STREET, Boston, MA",SAM
"39 ELLINGWOOD STREET, Boston, MA",SAM
"4 ELLINGWOOD STREET, Boston, MA",SAM
"41 ELLINGWOOD STREET, Boston, MA",SAM
"43 ELLINGWOOD STREET, Boston, MA",SAM
"44 ELLINGWOOD STREET, Boston, MA",SAM
"45 ELLINGWOOD STREET, Boston, MA",SAM
"47 ELLINGWOOD STREET, Boston, MA",SAM
"48 ELLINGWOOD STREET, Boston, MA",SAM
"49 ELLINGWOOD STREET, Boston, MA",SAM
"5 ELLINGWOOD STREET, Boston, MA",SAM
"6 ELLINGWOOD STREET, Boston, MA",SAM
"7 ELLINGWOOD STREET, Boston, MA",SAM
"8 ELLINGWOOD STREET, Boston, MA",SAM
"9 ELLINGWOOD STREET, Boston, MA",SAM
"10 ELLIS STREET, Boston, MA",SAM
"11 ELLIS STREET, Boston, MA",SAM
"14 ELLIS STREET, Boston, MA",SAM
"15 ELLIS STREET, Boston, MA",SAM
"17 ELLIS STREET, Boston, MA",SAM
"18 ELLIS STREET, Boston, MA",SAM
"4 ELLIS STREET, Boston, MA",SAM
"8 ELLIS STREET, Boston, MA",SAM
"13 ELLIS STREET, Boston, MA",SAM
"2 ELLIS STREET, Boston, MA",SAM
"6 ELLIS STREET, Boston, MA",SAM
"9 ELLIS STREET, Boston, MA",SAM
"10 ELLISON AVENUE, Boston, MA",SAM
"14 ELLISON AVENUE, Boston, MA",SAM
"15 ELLISON AVENUE, Boston, MA",SAM
"18 ELLISON AVENUE, Boston, MA",SAM
"19 ELLISON AVENUE, Boston, MA",SAM
"22 ELLISON AVENUE, Boston, MA",SAM
"26 ELLISON AVENUE, Boston, MA",SAM
"27 ELLISON AVENUE, Boston, MA",SAM
"31 ELLISON AVENUE, Boston, MA",SAM
"32 ELLISON AVENUE, Boston, MA",SAM
"35 ELLISON AVENUE, Boston, MA",SAM
"39 ELLISON AVENUE, Boston, MA",SAM
"40 ELLISON AVENUE, Boston, MA",SAM
"41 ELLISON AVENUE, Boston, MA",SAM
"44 ELLISON AVENUE, Boston, MA",SAM
"45 ELLISON AVENUE, Boston, MA",SAM
"48 ELLISON AVENUE, Boston, MA",SAM
"49 ELLISON AVENUE, Boston, MA",SAM
"5 ELLISON AVENUE, Boston, MA",SAM
"52 ELLISON AVENUE, Boston, MA",SAM
"53 ELLISON AVENUE, Boston, MA",SAM
"56 ELLISON AVENUE, Boston, MA",SAM
"57 ELLISON AVENUE, Boston, MA",SAM
"60 ELLISON AVENUE, Boston, MA",SAM
"64 ELLISON AVENUE, Boston, MA",SAM
"9 ELLISON AVENUE, Boston, MA",SAM
"10 ELLSWOOD STREET, Boston, MA",SAM
"11 ELLSWOOD STREET, Boston, MA",SAM
"14 ELLSWOOD STREET, Boston, MA",SAM
"16 ELLSWOOD STREET, Boston, MA",SAM
"5 ELLSWOOD STREET, Boston, MA",SAM
"6 ELLSWOOD STREET, Boston, MA",SAM
"13 ELLSWORTH STREET, Boston, MA",SAM
"6 ELLSWORTH STREET, Boston, MA",SAM
"7 ELLSWORTH STREET, Boston, MA",SAM
"8 ELLSWORTH STREET, Boston, MA",SAM
"17 ELLWOOD STREET, Boston, MA",SAM
"19 ELLWOOD STREET, Boston, MA",SAM
"20 ELLWOOD STREET, Boston, MA",SAM
"5 ELLWOOD STREET, Boston, MA",SAM
"7 ELLWOOD STREET, Boston, MA",SAM
"9 ELLWOOD STREET, Boston, MA",SAM
"100 ELM STREET, Boston, MA",SAM
"101 ELM STREET, Boston, MA",SAM
"102 ELM STREET, Boston, MA",SAM
"103 ELM STREET, Boston, MA",SAM
"104 ELM STREET, Boston, MA",SAM
"105 ELM STREET, Boston, MA",SAM
"106 ELM STREET, Boston, MA",SAM
"108 ELM STREET, Boston, MA",SAM
"110 ELM STREET, Boston, MA",SAM
"112 ELM STREET, Boston, MA",SAM
"113 ELM STREET, Boston, MA",SAM
"114 ELM STREET, Boston, MA",SAM
"116 ELM STREET, Boston, MA",SAM
"117 ELM STREET, Boston, MA",SAM
"118 ELM STREET, Boston, MA",SAM
"119 ELM STREET, Boston, MA",SAM
"120 ELM STREET, Boston, MA",SAM
"121 ELM STREET, Boston, MA",SAM
"122 ELM STREET, Boston, MA",SAM
"126 ELM STREET, Boston, MA",SAM
"16 ELM STREET, Boston, MA",SAM
"18 ELM STREET, Boston, MA",SAM
"19 ELM STREET, Boston, MA",SAM
"21 ELM STREET, Boston, MA",SAM
"24 ELM STREET, Boston, MA",SAM
"25 ELM STREET, Boston, MA",SAM
"27 ELM STREET, Boston, MA",SAM
"28 ELM STREET, Boston, MA",SAM
"29 ELM STREET, Boston, MA",SAM
"30 ELM STREET, Boston, MA",SAM
"33 ELM STREET, Boston, MA",SAM
"34 ELM STREET, Boston, MA",SAM
"35 ELM STREET, Boston, MA",SAM
"38 ELM STREET, Boston, MA",SAM
"42 ELM STREET, Boston, MA",SAM
"44 ELM STREET, Boston, MA",SAM
"49 ELM STREET, Boston, MA",SAM
"50 ELM STREET, Boston, MA",SAM
"51 ELM STREET, Boston, MA",SAM
"52 ELM STREET, Boston, MA",SAM
"53 ELM STREET, Boston, MA",SAM
"54 ELM STREET, Boston, MA",SAM
"55 ELM STREET, Boston, MA",SAM
"56 ELM STREET, Boston, MA",SAM
"57 ELM STREET, Boston, MA",SAM
"58 ELM STREET, Boston, MA",SAM
"59 ELM STREET, Boston, MA",SAM
"60 ELM STREET, Boston, MA",SAM
"61 ELM STREET, Boston, MA",SAM
"62 ELM STREET, Boston, MA",SAM
"65 ELM STREET, Boston, MA",SAM
"66 ELM STREET, Boston, MA",SAM
"69 ELM STREET, Boston, MA",SAM
"7 ELM STREET, Boston, MA",SAM
"70 ELM STREET, Boston, MA",SAM
"71 ELM STREET, Boston, MA",SAM
"73 ELM STREET, Boston, MA",SAM
"78 ELM STREET, Boston, MA",SAM
"79 ELM STREET, Boston, MA",SAM
"80 ELM STREET, Boston, MA",SAM
"81 ELM STREET, Boston, MA",SAM
"82 ELM STREET, Boston, MA",SAM
"83 ELM STREET, Boston, MA",SAM
"84 ELM STREET, Boston, MA",SAM
"85 ELM STREET, Boston, MA",SAM
"86 ELM STREET, Boston, MA",SAM
"87 ELM STREET, Boston, MA",SAM
"88 ELM STREET, Boston, MA",SAM
"89 ELM STREET, Boston, MA",SAM
"91 ELM STREET, Boston, MA",SAM
"92 ELM STREET, Boston, MA",SAM
"93 ELM STREET, Boston, MA",SAM
"94 ELM STREET, Boston, MA",SAM
"95 ELM STREET, Boston, MA",SAM
"97 ELM STREET, Boston, MA",SAM
"12 ELM STREET, Boston, MA",SAM
"13 ELM STREET, Boston, MA",SAM
"14 ELM STREET, Boston, MA",SAM
"15 ELM STREET, Boston, MA",SAM
"8 ELM STREET, Boston, MA",SAM
"64 ELM STREET, Boston, MA",SAM
"67 ELM STREET, Boston, MA",SAM
"76 ELM STREET, Boston, MA",SAM
"1 ELM STREET, Boston, MA",SAM
"2 ELM STREET, Boston, MA",SAM
"20 ELM STREET, Boston, MA",SAM
"23 ELM STREET, Boston, MA",SAM
"3 ELM STREET, Boston, MA",SAM
"102 ELM HILL AVENUE, Boston, MA",SAM
"104 ELM HILL AVENUE, Boston, MA",SAM
"107 ELM HILL AVENUE, Boston, MA",SAM
"108 ELM HILL AVENUE, Boston, MA",SAM
"114 ELM HILL AVENUE, Boston, MA",SAM
"116 ELM HILL AVENUE, Boston, MA",SAM
"118 ELM HILL AVENUE, Boston, MA",SAM
"21 ELM HILL AVENUE, Boston, MA",SAM
"22 ELM HILL AVENUE, Boston, MA",SAM
"26 ELM HILL AVENUE, Boston, MA",SAM
"27 ELM HILL AVENUE, Boston, MA",SAM
"33 ELM HILL AVENUE, Boston, MA",SAM
"34 ELM HILL AVENUE, Boston, MA",SAM
"36 ELM HILL AVENUE, Boston, MA",SAM
"48 ELM HILL AVENUE, Boston, MA",SAM
"5 ELM HILL AVENUE, Boston, MA",SAM
"51 ELM HILL AVENUE, Boston, MA",SAM
"55 ELM HILL AVENUE, Boston, MA",SAM
"59 ELM HILL AVENUE, Boston, MA",SAM
"63 ELM HILL AVENUE, Boston, MA",SAM
"67 ELM HILL AVENUE, Boston, MA",SAM
"68 ELM HILL AVENUE, Boston, MA",SAM
"71 ELM HILL AVENUE, Boston, MA",SAM
"72 ELM HILL AVENUE, Boston, MA",SAM
"75 ELM HILL AVENUE, Boston, MA",SAM
"79 ELM HILL AVENUE, Boston, MA",SAM
"80 ELM HILL AVENUE, Boston, MA",SAM
"85 ELM HILL AVENUE, Boston, MA",SAM
"90 ELM HILL AVENUE, Boston, MA",SAM
"96 ELM HILL AVENUE, Boston, MA",SAM
"97 ELM HILL AVENUE, Boston, MA",SAM
"12 ELM HILL PARK, Boston, MA",SAM
"15 ELM HILL PARK, Boston, MA",SAM
"16 ELM HILL PARK, Boston, MA",SAM
"19 ELM HILL PARK, Boston, MA",SAM
"2 ELM HILL PARK, Boston, MA",SAM
"23 ELM HILL PARK, Boston, MA",SAM
"24 ELM HILL PARK, Boston, MA",SAM
"27 ELM HILL PARK, Boston, MA",SAM
"28 ELM HILL PARK, Boston, MA",SAM
"3 ELM HILL PARK, Boston, MA",SAM
"31 ELM HILL PARK, Boston, MA",SAM
"32 ELM HILL PARK, Boston, MA",SAM
"35 ELM HILL PARK, Boston, MA",SAM
"36 ELM HILL PARK, Boston, MA",SAM
"4 ELM HILL PARK, Boston, MA",SAM
"5 ELM HILL PARK, Boston, MA",SAM
"8 ELM HILL PARK, Boston, MA",SAM
"9 ELM HILL PARK, Boston, MA",SAM
"1 ELM LAWN NAN, Boston, MA",SAM
"10 ELM LAWN NAN, Boston, MA",SAM
"11 ELM LAWN NAN, Boston, MA",SAM
"2 ELM LAWN NAN, Boston, MA",SAM
"4 ELM LAWN NAN, Boston, MA",SAM
"5 ELM LAWN NAN, Boston, MA",SAM
"8 ELM LAWN NAN, Boston, MA",SAM
"9 ELM LAWN NAN, Boston, MA",SAM
"11 ELMDALE STREET, Boston, MA",SAM
"15 ELMDALE STREET, Boston, MA",SAM
"19 ELMDALE STREET, Boston, MA",SAM
"21 ELMDALE STREET, Boston, MA",SAM
"27 ELMDALE STREET, Boston, MA",SAM
"31 ELMDALE STREET, Boston, MA",SAM
"35 ELMDALE STREET, Boston, MA",SAM
"43 ELMDALE STREET, Boston, MA",SAM
"7 ELMDALE STREET, Boston, MA",SAM
"102 ELMER ROAD, Boston, MA",SAM
"106 ELMER ROAD, Boston, MA",SAM
"110 ELMER ROAD, Boston, MA",SAM
"115 ELMER ROAD, Boston, MA",SAM
"118 ELMER ROAD, Boston, MA",SAM
"119 ELMER ROAD, Boston, MA",SAM
"122 ELMER ROAD, Boston, MA",SAM
"123 ELMER ROAD, Boston, MA",SAM
"126 ELMER ROAD, Boston, MA",SAM
"127 ELMER ROAD, Boston, MA",SAM
"130 ELMER ROAD, Boston, MA",SAM
"131 ELMER ROAD, Boston, MA",SAM
"134 ELMER ROAD, Boston, MA",SAM
"135 ELMER ROAD, Boston, MA",SAM
"139 ELMER ROAD, Boston, MA",SAM
"140 ELMER ROAD, Boston, MA",SAM
"147 ELMER ROAD, Boston, MA",SAM
"44 ELMER ROAD, Boston, MA",SAM
"48 ELMER ROAD, Boston, MA",SAM
"52 ELMER ROAD, Boston, MA",SAM
"56 ELMER ROAD, Boston, MA",SAM
"60 ELMER ROAD, Boston, MA",SAM
"64 ELMER ROAD, Boston, MA",SAM
"68 ELMER ROAD, Boston, MA",SAM
"72 ELMER ROAD, Boston, MA",SAM
"76 ELMER ROAD, Boston, MA",SAM
"80 ELMER ROAD, Boston, MA",SAM
"84 ELMER ROAD, Boston, MA",SAM
"88 ELMER ROAD, Boston, MA",SAM
"92 ELMER ROAD, Boston, MA",SAM
"96 ELMER ROAD, Boston, MA",SAM
"11 ELMHURST STREET, Boston, MA",SAM
"12 ELMHURST STREET, Boston, MA",SAM
"15 ELMHURST STREET, Boston, MA",SAM
"16 ELMHURST STREET, Boston, MA",SAM
"19 ELMHURST STREET, Boston, MA",SAM
"20 ELMHURST STREET, Boston, MA",SAM
"24 ELMHURST STREET, Boston, MA",SAM
"27 ELMHURST STREET, Boston, MA",SAM
"28 ELMHURST STREET, Boston, MA",SAM
"32 ELMHURST STREET, Boston, MA",SAM
"8 ELMHURST STREET, Boston, MA",SAM
"9 ELMHURST STREET, Boston, MA",SAM
"10 ELMIRA STREET, Boston, MA",SAM
"11 ELMIRA STREET, Boston, MA",SAM
"14 ELMIRA STREET, Boston, MA",SAM
"18 ELMIRA STREET, Boston, MA",SAM
"21 ELMIRA STREET, Boston, MA",SAM
"22 ELMIRA STREET, Boston, MA",SAM
"25 ELMIRA STREET, Boston, MA",SAM
"26 ELMIRA STREET, Boston, MA",SAM
"30 ELMIRA STREET, Boston, MA",SAM
"31 ELMIRA STREET, Boston, MA",SAM
"36 ELMIRA STREET, Boston, MA",SAM
"39 ELMIRA STREET, Boston, MA",SAM
"40 ELMIRA STREET, Boston, MA",SAM
"43 ELMIRA STREET, Boston, MA",SAM
"44 ELMIRA STREET, Boston, MA",SAM
"47 ELMIRA STREET, Boston, MA",SAM
"50 ELMIRA STREET, Boston, MA",SAM
"7 ELMIRA STREET, Boston, MA",SAM
"72 ELMIRA STREET, Boston, MA",SAM
"73 ELMIRA STREET, Boston, MA",SAM
"74 ELMIRA STREET, Boston, MA",SAM
"76 ELMIRA STREET, Boston, MA",SAM
"77 ELMIRA STREET, Boston, MA",SAM
"8 ELMIRA STREET, Boston, MA",SAM
"81 ELMIRA STREET, Boston, MA",SAM
"82 ELMIRA STREET, Boston, MA",SAM
"11 ELMONT STREET, Boston, MA",SAM
"15 ELMONT STREET, Boston, MA",SAM
"16 ELMONT STREET, Boston, MA",SAM
"2 ELMONT STREET, Boston, MA",SAM
"20 ELMONT STREET, Boston, MA",SAM
"23 ELMONT STREET, Boston, MA",SAM
"24 ELMONT STREET, Boston, MA",SAM
"27 ELMONT STREET, Boston, MA",SAM
"29 ELMONT STREET, Boston, MA",SAM
"32 ELMONT STREET, Boston, MA",SAM
"36 ELMONT STREET, Boston, MA",SAM
"39 ELMONT STREET, Boston, MA",SAM
"4 ELMONT STREET, Boston, MA",SAM
"40 ELMONT STREET, Boston, MA",SAM
"43 ELMONT STREET, Boston, MA",SAM
"48 ELMONT STREET, Boston, MA",SAM
"52 ELMONT STREET, Boston, MA",SAM
"53 ELMONT STREET, Boston, MA",SAM
"57 ELMONT STREET, Boston, MA",SAM
"61 ELMONT STREET, Boston, MA",SAM
"64 ELMONT STREET, Boston, MA",SAM
"7 ELMONT STREET, Boston, MA",SAM
"74 ELMONT STREET, Boston, MA",SAM
"8 ELMONT STREET, Boston, MA",SAM
"10 ELMORE STREET, Boston, MA",SAM
"11 ELMORE STREET, Boston, MA",SAM
"12 ELMORE STREET, Boston, MA",SAM
"14 ELMORE STREET, Boston, MA",SAM
"15 ELMORE STREET, Boston, MA",SAM
"16 ELMORE STREET, Boston, MA",SAM
"18 ELMORE STREET, Boston, MA",SAM
"19 ELMORE STREET, Boston, MA",SAM
"20 ELMORE STREET, Boston, MA",SAM
"24 ELMORE STREET, Boston, MA",SAM
"33 ELMORE STREET, Boston, MA",SAM
"35 ELMORE STREET, Boston, MA",SAM
"39 ELMORE STREET, Boston, MA",SAM
"41 ELMORE STREET, Boston, MA",SAM
"43 ELMORE STREET, Boston, MA",SAM
"45 ELMORE STREET, Boston, MA",SAM
"48 ELMORE STREET, Boston, MA",SAM
"49 ELMORE STREET, Boston, MA",SAM
"5 ELMORE STREET, Boston, MA",SAM
"50 ELMORE STREET, Boston, MA",SAM
"51 ELMORE STREET, Boston, MA",SAM
"11 ELTON STREET, Boston, MA",SAM
"12 ELTON STREET, Boston, MA",SAM
"14 ELTON STREET, Boston, MA",SAM
"15 ELTON STREET, Boston, MA",SAM
"16 ELTON STREET, Boston, MA",SAM
"19 ELTON STREET, Boston, MA",SAM
"2 ELTON STREET, Boston, MA",SAM
"5 ELTON STREET, Boston, MA",SAM
"6 ELTON STREET, Boston, MA",SAM
"8 ELTON STREET, Boston, MA",SAM
"9 ELTON STREET, Boston, MA",SAM
"1 ELVEN ROAD, Boston, MA",SAM
"11 ELVEN ROAD, Boston, MA",SAM
"15 ELVEN ROAD, Boston, MA",SAM
"4 ELVEN ROAD, Boston, MA",SAM
"7 ELVEN ROAD, Boston, MA",SAM
"8 ELVEN ROAD, Boston, MA",SAM
"15 ELWELL ROAD, Boston, MA",SAM
"23 ELWELL ROAD, Boston, MA",SAM
"5 ELWELL ROAD, Boston, MA",SAM
"9 ELWELL ROAD, Boston, MA",SAM
"12 ELWYN ROAD, Boston, MA",SAM
"20 ELWYN ROAD, Boston, MA",SAM
"4 ELWYN ROAD, Boston, MA",SAM
"5 ELWYN ROAD, Boston, MA",SAM
"7 ELWYN ROAD, Boston, MA",SAM
"8 ELWYN ROAD, Boston, MA",SAM
"11 ELY ROAD, Boston, MA",SAM
"12 ELY ROAD, Boston, MA",SAM
"15 ELY ROAD, Boston, MA",SAM
"16 ELY ROAD, Boston, MA",SAM
"19 ELY ROAD, Boston, MA",SAM
"20 ELY ROAD, Boston, MA",SAM
"23 ELY ROAD, Boston, MA",SAM
"24 ELY ROAD, Boston, MA",SAM
"27 ELY ROAD, Boston, MA",SAM
"28 ELY ROAD, Boston, MA",SAM
"3 ELY ROAD, Boston, MA",SAM
"31 ELY ROAD, Boston, MA",SAM
"32 ELY ROAD, Boston, MA",SAM
"35 ELY ROAD, Boston, MA",SAM
"36 ELY ROAD, Boston, MA",SAM
"39 ELY ROAD, Boston, MA",SAM
"4 ELY ROAD, Boston, MA",SAM
"40 ELY ROAD, Boston, MA",SAM
"7 ELY ROAD, Boston, MA",SAM
"8 ELY ROAD, Boston, MA",SAM
"14 EMBASSY ROAD, Boston, MA",SAM
"18 EMBASSY ROAD, Boston, MA",SAM
"25 EMBASSY ROAD, Boston, MA",SAM
"26 EMBASSY ROAD, Boston, MA",SAM
"29 EMBASSY ROAD, Boston, MA",SAM
"30 EMBASSY ROAD, Boston, MA",SAM
"33 EMBASSY ROAD, Boston, MA",SAM
"34 EMBASSY ROAD, Boston, MA",SAM
"37 EMBASSY ROAD, Boston, MA",SAM
"38 EMBASSY ROAD, Boston, MA",SAM
"41 EMBASSY ROAD, Boston, MA",SAM
"42 EMBASSY ROAD, Boston, MA",SAM
"45 EMBASSY ROAD, Boston, MA",SAM
"46 EMBASSY ROAD, Boston, MA",SAM
"49 EMBASSY ROAD, Boston, MA",SAM
"10 EMELIA TERRACE, Boston, MA",SAM
"14 EMELIA TERRACE, Boston, MA",SAM
"2 EMELIA TERRACE, Boston, MA",SAM
"3 EMELIA TERRACE, Boston, MA",SAM
"6 EMELIA TERRACE, Boston, MA",SAM
"7 EMELIA TERRACE, Boston, MA",SAM
"100 EMERSON STREET, Boston, MA",SAM
"106 EMERSON STREET, Boston, MA",SAM
"112 EMERSON STREET, Boston, MA",SAM
"116 EMERSON STREET, Boston, MA",SAM
"120 EMERSON STREET, Boston, MA",SAM
"130 EMERSON STREET, Boston, MA",SAM
"132 EMERSON STREET, Boston, MA",SAM
"133 EMERSON STREET, Boston, MA",SAM
"14 EMERSON STREET, Boston, MA",SAM
"151 EMERSON STREET, Boston, MA",SAM
"153 EMERSON STREET, Boston, MA",SAM
"155 EMERSON STREET, Boston, MA",SAM
"157 EMERSON STREET, Boston, MA",SAM
"159 EMERSON STREET, Boston, MA",SAM
"16 EMERSON STREET, Boston, MA",SAM
"161 EMERSON STREET, Boston, MA",SAM
"163 EMERSON STREET, Boston, MA",SAM
"165 EMERSON STREET, Boston, MA",SAM
"171 EMERSON STREET, Boston, MA",SAM
"172 EMERSON STREET, Boston, MA",SAM
"176 EMERSON STREET, Boston, MA",SAM
"18 EMERSON STREET, Boston, MA",SAM
"182 EMERSON STREET, Boston, MA",SAM
"186 EMERSON STREET, Boston, MA",SAM
"190 EMERSON STREET, Boston, MA",SAM
"192 EMERSON STREET, Boston, MA",SAM
"194 EMERSON STREET, Boston, MA",SAM
"2 EMERSON STREET, Boston, MA",SAM
"200 EMERSON STREET, Boston, MA",SAM
"204 EMERSON STREET, Boston, MA",SAM
"206 EMERSON STREET, Boston, MA",SAM
"208 EMERSON STREET, Boston, MA",SAM
"22 EMERSON STREET, Boston, MA",SAM
"227 EMERSON STREET, Boston, MA",SAM
"231 EMERSON STREET, Boston, MA",SAM
"237 EMERSON STREET, Boston, MA",SAM
"24 EMERSON STREET, Boston, MA",SAM
"253 EMERSON STREET, Boston, MA",SAM
"255 EMERSON STREET, Boston, MA",SAM
"257 EMERSON STREET, Boston, MA",SAM
"259 EMERSON STREET, Boston, MA",SAM
"26 EMERSON STREET, Boston, MA",SAM
"263 EMERSON STREET, Boston, MA",SAM
"265 EMERSON STREET, Boston, MA",SAM
"268 EMERSON STREET, Boston, MA",SAM
"269 EMERSON STREET, Boston, MA",SAM
"275 EMERSON STREET, Boston, MA",SAM
"28 EMERSON STREET, Boston, MA",SAM
"285 EMERSON STREET, Boston, MA",SAM
"286 EMERSON STREET, Boston, MA",SAM
"289 EMERSON STREET, Boston, MA",SAM
"293 EMERSON STREET, Boston, MA",SAM
"307 EMERSON STREET, Boston, MA",SAM
"309 EMERSON STREET, Boston, MA",SAM
"311 EMERSON STREET, Boston, MA",SAM
"32 EMERSON STREET, Boston, MA",SAM
"34 EMERSON STREET, Boston, MA",SAM
"35 EMERSON STREET, Boston, MA",SAM
"36 EMERSON STREET, Boston, MA",SAM
"39 EMERSON STREET, Boston, MA",SAM
"43 EMERSON STREET, Boston, MA",SAM
"47 EMERSON STREET, Boston, MA",SAM
"51 EMERSON STREET, Boston, MA",SAM
"53 EMERSON STREET, Boston, MA",SAM
"57 EMERSON STREET, Boston, MA",SAM
"59 EMERSON STREET, Boston, MA",SAM
"63 EMERSON STREET, Boston, MA",SAM
"65 EMERSON STREET, Boston, MA",SAM
"83 EMERSON STREET, Boston, MA",SAM
"84 EMERSON STREET, Boston, MA",SAM
"86 EMERSON STREET, Boston, MA",SAM
"90 EMERSON STREET, Boston, MA",SAM
"92 EMERSON STREET, Boston, MA",SAM
"96 EMERSON STREET, Boston, MA",SAM
"10 EMMET STREET, Boston, MA",SAM
"11 EMMET STREET, Boston, MA",SAM
"13 EMMET STREET, Boston, MA",SAM
"14 EMMET STREET, Boston, MA",SAM
"3 EMMET STREET, Boston, MA",SAM
"4 EMMET STREET, Boston, MA",SAM
"5 EMMET STREET, Boston, MA",SAM
"7 EMMET STREET, Boston, MA",SAM
"8 EMMET STREET, Boston, MA",SAM
"9 EMMET STREET, Boston, MA",SAM
"15 EMMETT STREET, Boston, MA",SAM
"16 EMMETT STREET, Boston, MA",SAM
"19 EMMETT STREET, Boston, MA",SAM
"20 EMMETT STREET, Boston, MA",SAM
"25 EMMETT STREET, Boston, MA",SAM
"33 EMMETT STREET, Boston, MA",SAM
"37 EMMETT STREET, Boston, MA",SAM
"42 EMMETT STREET, Boston, MA",SAM
"1 EMMONS STREET, Boston, MA",SAM
"10 EMMONS STREET, Boston, MA",SAM
"12 EMMONS STREET, Boston, MA",SAM
"13 EMMONS STREET, Boston, MA",SAM
"5 EMMONS STREET, Boston, MA",SAM
"7 EMMONS STREET, Boston, MA",SAM
"8 EMMONS STREET, Boston, MA",SAM
"9 EMMONS STREET, Boston, MA",SAM
"12 EMMONSDALE ROAD, Boston, MA",SAM
"15 EMMONSDALE ROAD, Boston, MA",SAM
"23 EMMONSDALE ROAD, Boston, MA",SAM
"4 EMMONSDALE ROAD, Boston, MA",SAM
"44 EMMONSDALE ROAD, Boston, MA",SAM
"52 EMMONSDALE ROAD, Boston, MA",SAM
"55 EMMONSDALE ROAD, Boston, MA",SAM
"71 EMMONSDALE ROAD, Boston, MA",SAM
"75 EMMONSDALE ROAD, Boston, MA",SAM
"9 EMMONSDALE ROAD, Boston, MA",SAM
"104 EMPIRE STREET, Boston, MA",SAM
"50 EMPIRE STREET, Boston, MA",SAM
"54 EMPIRE STREET, Boston, MA",SAM
"56 EMPIRE STREET, Boston, MA",SAM
"61 EMPIRE STREET, Boston, MA",SAM
"66 EMPIRE STREET, Boston, MA",SAM
"69 EMPIRE STREET, Boston, MA",SAM
"70 EMPIRE STREET, Boston, MA",SAM
"76 EMPIRE STREET, Boston, MA",SAM
"80 EMPIRE STREET, Boston, MA",SAM
"86 EMPIRE STREET, Boston, MA",SAM
"90 EMPIRE STREET, Boston, MA",SAM
"94 EMPIRE STREET, Boston, MA",SAM
"5 EMROSE TERRACE, Boston, MA",SAM
"7 EMROSE TERRACE, Boston, MA",SAM
"2 ENDICOTT COURT, Boston, MA",SAM
"5 ENDICOTT COURT, Boston, MA",SAM
"6 ENDICOTT COURT, Boston, MA",SAM
"7 ENDICOTT COURT, Boston, MA",SAM
"8 ENDICOTT COURT, Boston, MA",SAM
"101 ENDICOTT STREET, Boston, MA",SAM
"102 ENDICOTT STREET, Boston, MA",SAM
"111 ENDICOTT STREET, Boston, MA",SAM
"131 ENDICOTT STREET, Boston, MA",SAM
"133 ENDICOTT STREET, Boston, MA",SAM
"135 ENDICOTT STREET, Boston, MA",SAM
"137 ENDICOTT STREET, Boston, MA",SAM
"151 ENDICOTT STREET, Boston, MA",SAM
"158 ENDICOTT STREET, Boston, MA",SAM
"159 ENDICOTT STREET, Boston, MA",SAM
"160 ENDICOTT STREET, Boston, MA",SAM
"162 ENDICOTT STREET, Boston, MA",SAM
"163 ENDICOTT STREET, Boston, MA",SAM
"164 ENDICOTT STREET, Boston, MA",SAM
"165 ENDICOTT STREET, Boston, MA",SAM
"166 ENDICOTT STREET, Boston, MA",SAM
"168 ENDICOTT STREET, Boston, MA",SAM
"169 ENDICOTT STREET, Boston, MA",SAM
"172 ENDICOTT STREET, Boston, MA",SAM
"173 ENDICOTT STREET, Boston, MA",SAM
"175 ENDICOTT STREET, Boston, MA",SAM
"176 ENDICOTT STREET, Boston, MA",SAM
"177 ENDICOTT STREET, Boston, MA",SAM
"179 ENDICOTT STREET, Boston, MA",SAM
"180 ENDICOTT STREET, Boston, MA",SAM
"182 ENDICOTT STREET, Boston, MA",SAM
"186 ENDICOTT STREET, Boston, MA",SAM
"193 ENDICOTT STREET, Boston, MA",SAM
"195 ENDICOTT STREET, Boston, MA",SAM
"196 LA FAYETTE AVENUE, Boston, MA",SAM
"198 ENDICOTT STREET, Boston, MA",SAM
"201 ENDICOTT STREET, Boston, MA",SAM
"204 ENDICOTT STREET, Boston, MA",SAM
"208 ENDICOTT STREET, Boston, MA",SAM
"210 ENDICOTT STREET, Boston, MA",SAM
"211 ENDICOTT STREET, Boston, MA",SAM
"215 ENDICOTT STREET, Boston, MA",SAM
"219 ENDICOTT STREET, Boston, MA",SAM
"221 ENDICOTT STREET, Boston, MA",SAM
"225 ENDICOTT STREET, Boston, MA",SAM
"73 ENDICOTT STREET, Boston, MA",SAM
"74 ENDICOTT STREET, Boston, MA",SAM
"77 ENDICOTT STREET, Boston, MA",SAM
"81 ENDICOTT STREET, Boston, MA",SAM
"82 ENDICOTT STREET, Boston, MA",SAM
"83 ENDICOTT STREET, Boston, MA",SAM
"84 ENDICOTT STREET, Boston, MA",SAM
"86 ENDICOTT STREET, Boston, MA",SAM
"87 ENDICOTT STREET, Boston, MA",SAM
"90 ENDICOTT STREET, Boston, MA",SAM
"91 ENDICOTT STREET, Boston, MA",SAM
"94 ENDICOTT STREET, Boston, MA",SAM
"95 ENDICOTT STREET, Boston, MA",SAM
"98 ENDICOTT STREET, Boston, MA",SAM
"99 ENDICOTT STREET, Boston, MA",SAM
"2 ENDICOTT TERRACE, Boston, MA",SAM
"4 ENDICOTT TERRACE, Boston, MA",SAM
"11 ENFIELD STREET, Boston, MA",SAM
"13 ENFIELD STREET, Boston, MA",SAM
"15 ENFIELD STREET, Boston, MA",SAM
"16 ENFIELD STREET, Boston, MA",SAM
"20 ENFIELD STREET, Boston, MA",SAM
"26 ENFIELD STREET, Boston, MA",SAM
"4 ENFIELD STREET, Boston, MA",SAM
"6 ENFIELD STREET, Boston, MA",SAM
"8 ENFIELD STREET, Boston, MA",SAM
"9 ENFIELD STREET, Boston, MA",SAM
"104 ENGLEWOOD AVENUE, Boston, MA",SAM
"126 ENGLEWOOD AVENUE, Boston, MA",SAM
"38 ENGLEWOOD AVENUE, Boston, MA",SAM
"42 ENGLEWOOD AVENUE, Boston, MA",SAM
"45 ENGLEWOOD AVENUE, Boston, MA",SAM
"49 ENGLEWOOD AVENUE, Boston, MA",SAM
"62 ENGLEWOOD AVENUE, Boston, MA",SAM
"72 ENGLEWOOD AVENUE, Boston, MA",SAM
"77 ENGLEWOOD AVENUE, Boston, MA",SAM
"78 ENGLEWOOD AVENUE, Boston, MA",SAM
"83 ENGLEWOOD AVENUE, Boston, MA",SAM
"84 ENGLEWOOD AVENUE, Boston, MA",SAM
"11 ENNIS ROAD, Boston, MA",SAM
"12 ENNIS ROAD, Boston, MA",SAM
"13 ENNIS ROAD, Boston, MA",SAM
"14 ENNIS ROAD, Boston, MA",SAM
"15 ENNIS ROAD, Boston, MA",SAM
"17 ENNIS ROAD, Boston, MA",SAM
"18 ENNIS ROAD, Boston, MA",SAM
"19 ENNIS ROAD, Boston, MA",SAM
"20 ENNIS ROAD, Boston, MA",SAM
"21 ENNIS ROAD, Boston, MA",SAM
"5 ENNIS ROAD, Boston, MA",SAM
"9 ENNIS ROAD, Boston, MA",SAM
"15 ENTERPRISE STREET, Boston, MA",SAM
"40 ENTERPRISE STREET, Boston, MA",SAM
"55 ENTERPRISE STREET, Boston, MA",SAM
"59 ENTERPRISE STREET, Boston, MA",SAM
"8 ENTERPRISE STREET, Boston, MA",SAM
"12 EPPING STREET, Boston, MA",SAM
"14 EPPING STREET, Boston, MA",SAM
"8 EPPING STREET, Boston, MA",SAM
"10 ERIC ROAD, Boston, MA",SAM
"2 ERIC ROAD, Boston, MA",SAM
"4 ERIC ROAD, Boston, MA",SAM
"8 ERIC ROAD, Boston, MA",SAM
"12 ERICSSON STREET, Boston, MA",SAM
"17 ERICSSON STREET, Boston, MA",SAM
"19 ERICSSON STREET, Boston, MA",SAM
"20 ERICSSON STREET, Boston, MA",SAM
"23 ERICSSON STREET, Boston, MA",SAM
"25 ERICSSON STREET, Boston, MA",SAM
"26 ERICSSON STREET, Boston, MA",SAM
"6 LAWLEY STREET, Boston, MA",SAM
"8 LAWLEY STREET, Boston, MA",SAM
"10 ERIE PLACE, Boston, MA",SAM
"15 ERIE PLACE, Boston, MA",SAM
"4 ERIE PLACE, Boston, MA",SAM
"9 ERIE PLACE, Boston, MA",SAM
"102 ERIE STREET, Boston, MA",SAM
"103 ERIE STREET, Boston, MA",SAM
"105 ERIE STREET, Boston, MA",SAM
"107 ERIE STREET, Boston, MA",SAM
"136 ERIE STREET, Boston, MA",SAM
"15 ERIE STREET, Boston, MA",SAM
"17 ERIE STREET, Boston, MA",SAM
"19 ERIE STREET, Boston, MA",SAM
"31 ERIE STREET, Boston, MA",SAM
"32 ERIE STREET, Boston, MA",SAM
"37 ERIE STREET, Boston, MA",SAM
"52 ERIE STREET, Boston, MA",SAM
"53 ERIE STREET, Boston, MA",SAM
"56 ERIE STREET, Boston, MA",SAM
"58 ERIE STREET, Boston, MA",SAM
"73 ERIE STREET, Boston, MA",SAM
"76 ERIE STREET, Boston, MA",SAM
"88 ERIE STREET, Boston, MA",SAM
"96 ERIE STREET, Boston, MA",SAM
"11 ERNEST AVENUE, Boston, MA",SAM
"12 ERNEST AVENUE, Boston, MA",SAM
"14 ERNEST AVENUE, Boston, MA",SAM
"27 ERNEST AVENUE, Boston, MA",SAM
"4 ERNEST AVENUE, Boston, MA",SAM
"5 ERNEST AVENUE, Boston, MA",SAM
"7 ERNEST AVENUE, Boston, MA",SAM
"8 ERNEST AVENUE, Boston, MA",SAM
"1 ERNST STREET, Boston, MA",SAM
"10 ERNST STREET, Boston, MA",SAM
"14 ERNST STREET, Boston, MA",SAM
"15 ERNST STREET, Boston, MA",SAM
"2 ERNST STREET, Boston, MA",SAM
"6 ERNST STREET, Boston, MA",SAM
"10 ESMOND STREET, Boston, MA",SAM
"14 ESMOND STREET, Boston, MA",SAM
"15 ESMOND STREET, Boston, MA",SAM
"17 ESMOND STREET, Boston, MA",SAM
"18 ESMOND STREET, Boston, MA",SAM
"19 ESMOND STREET, Boston, MA",SAM
"21 ESMOND STREET, Boston, MA",SAM
"22 ESMOND STREET, Boston, MA",SAM
"25 ESMOND STREET, Boston, MA",SAM
"26 ESMOND STREET, Boston, MA",SAM
"30 ESMOND STREET, Boston, MA",SAM
"34 ESMOND STREET, Boston, MA",SAM
"38 ESMOND STREET, Boston, MA",SAM
"39 ESMOND STREET, Boston, MA",SAM
"4 ESMOND STREET, Boston, MA",SAM
"41 ESMOND STREET, Boston, MA",SAM
"46 ESMOND STREET, Boston, MA",SAM
"50 ESMOND STREET, Boston, MA",SAM
"51 ESMOND STREET, Boston, MA",SAM
"54 ESMOND STREET, Boston, MA",SAM
"55 ESMOND STREET, Boston, MA",SAM
"56 ESMOND STREET, Boston, MA",SAM
"59 ESMOND STREET, Boston, MA",SAM
"63 ESMOND STREET, Boston, MA",SAM
"65 ESMOND STREET, Boston, MA",SAM
"70 ESMOND STREET, Boston, MA",SAM
"71 ESMOND STREET, Boston, MA",SAM
"76 ESMOND STREET, Boston, MA",SAM
"80 ESMOND STREET, Boston, MA",SAM
"84 ESMOND STREET, Boston, MA",SAM
"85 ESMOND STREET, Boston, MA",SAM
"88 ESMOND STREET, Boston, MA",SAM
"9 ESMOND STREET, Boston, MA",SAM
"91 ESMOND STREET, Boston, MA",SAM
"92 ESMOND STREET, Boston, MA",SAM
"95 ESMOND STREET, Boston, MA",SAM
"97 ESMOND STREET, Boston, MA",SAM
"99 ESMOND STREET, Boston, MA",SAM
"120 ESSEX STREET, Boston, MA",SAM
"179 ESSEX STREET, Boston, MA",SAM
"183 ESSEX STREET, Boston, MA",SAM
"31 ESSEX STREET, Boston, MA",SAM
"41 ESSEX STREET, Boston, MA",SAM
"62 ESSEX STREET, Boston, MA",SAM
"73 ESSEX STREET, Boston, MA",SAM
"76 ESSEX STREET, Boston, MA",SAM
"80 ESSEX STREET, Boston, MA",SAM
"85 ESSEX STREET, Boston, MA",SAM
"10 ESSEX STREET, Boston, MA",SAM
"11 ESSEX STREET, Boston, MA",SAM
"12 ESSEX STREET, Boston, MA",SAM
"13 ESSEX STREET, Boston, MA",SAM
"14 ESSEX STREET, Boston, MA",SAM
"16 ESSEX STREET, Boston, MA",SAM
"17 ESSEX STREET, Boston, MA",SAM
"18 ESSEX STREET, Boston, MA",SAM
"19 ESSEX STREET, Boston, MA",SAM
"20 ESSEX STREET, Boston, MA",SAM
"22 ESSEX STREET, Boston, MA",SAM
"27 ESSEX STREET, Boston, MA",SAM
"33 ESSEX STREET, Boston, MA",SAM
"35 ESSEX STREET, Boston, MA",SAM
"37 ESSEX STREET, Boston, MA",SAM
"39 ESSEX STREET, Boston, MA",SAM
"4 ESSEX STREET, Boston, MA",SAM
"43 ESSEX STREET, Boston, MA",SAM
"6 ESSEX STREET, Boston, MA",SAM
"7 ESSEX STREET, Boston, MA",SAM
"8 ESSEX STREET, Boston, MA",SAM
"9 ESSEX STREET, Boston, MA",SAM
"13 ESTABROOK ROAD, Boston, MA",SAM
"14 ESTELLA STREET, Boston, MA",SAM
"16 ESTELLA STREET, Boston, MA",SAM
"17 ESTELLA STREET, Boston, MA",SAM
"34 ESTELLA STREET, Boston, MA",SAM
"38 ESTELLA STREET, Boston, MA",SAM
"42 ESTELLA STREET, Boston, MA",SAM
"7 ESTELLA STREET, Boston, MA",SAM
"1 ESTES AVENUE, Boston, MA",SAM
"1 ESTEY STREET, Boston, MA",SAM
"10 ESTEY STREET, Boston, MA",SAM
"17 ESTEY STREET, Boston, MA",SAM
"2 ESTEY STREET, Boston, MA",SAM
"4 ESTEY STREET, Boston, MA",SAM
"5 ESTEY STREET, Boston, MA",SAM
"6 ESTEY STREET, Boston, MA",SAM
"7 ESTEY STREET, Boston, MA",SAM
"9 ESTEY STREET, Boston, MA",SAM
"10 ESTHER ROAD, Boston, MA",SAM
"60 ESTHER ROAD, Boston, MA",SAM
"64 ESTHER ROAD, Boston, MA",SAM
"22 ESTRELLA STREET, Boston, MA",SAM
"24 ESTRELLA STREET, Boston, MA",SAM
"5 ESTRELLA STREET, Boston, MA",SAM
"8 ESTRELLA STREET, Boston, MA",SAM
"1 ETHEL STREET, Boston, MA",SAM
"10 ETHEL STREET, Boston, MA",SAM
"11 ETHEL STREET, Boston, MA",SAM
"12 ETHEL STREET, Boston, MA",SAM
"13 ETHEL STREET, Boston, MA",SAM
"15 ETHEL STREET, Boston, MA",SAM
"16 ETHEL STREET, Boston, MA",SAM
"17 ETHEL STREET, Boston, MA",SAM
"18 ETHEL STREET, Boston, MA",SAM
"19 ETHEL STREET, Boston, MA",SAM
"2 ETHEL STREET, Boston, MA",SAM
"23 ETHEL STREET, Boston, MA",SAM
"25 ETHEL STREET, Boston, MA",SAM
"3 ETHEL STREET, Boston, MA",SAM
"31 ETHEL STREET, Boston, MA",SAM
"37 ETHEL STREET, Boston, MA",SAM
"39 ETHEL STREET, Boston, MA",SAM
"4 ETHEL STREET, Boston, MA",SAM
"40 ETHEL STREET, Boston, MA",SAM
"41 ETHEL STREET, Boston, MA",SAM
"45 ETHEL STREET, Boston, MA",SAM
"5 ETHEL STREET, Boston, MA",SAM
"6 ETHEL STREET, Boston, MA",SAM
"8 ETHEL STREET, Boston, MA",SAM
"100 ETNA STREET, Boston, MA",SAM
"101 ETNA STREET, Boston, MA",SAM
"102 ETNA STREET, Boston, MA",SAM
"105 ETNA STREET, Boston, MA",SAM
"106 ETNA STREET, Boston, MA",SAM
"15 ETNA STREET, Boston, MA",SAM
"19 ETNA STREET, Boston, MA",SAM
"23 ETNA STREET, Boston, MA",SAM
"28 ETNA STREET, Boston, MA",SAM
"29 ETNA STREET, Boston, MA",SAM
"32 ETNA STREET, Boston, MA",SAM
"33 ETNA STREET, Boston, MA",SAM
"38 ETNA STREET, Boston, MA",SAM
"39 ETNA STREET, Boston, MA",SAM
"41 ETNA STREET, Boston, MA",SAM
"47 ETNA STREET, Boston, MA",SAM
"48 ETNA STREET, Boston, MA",SAM
"51 ETNA STREET, Boston, MA",SAM
"52 ETNA STREET, Boston, MA",SAM
"63 ETNA STREET, Boston, MA",SAM
"64 ETNA STREET, Boston, MA",SAM
"71 ETNA STREET, Boston, MA",SAM
"79 ETNA STREET, Boston, MA",SAM
"80 ETNA STREET, Boston, MA",SAM
"83 ETNA STREET, Boston, MA",SAM
"84 ETNA STREET, Boston, MA",SAM
"87 ETNA STREET, Boston, MA",SAM
"88 ETNA STREET, Boston, MA",SAM
"93 ETNA STREET, Boston, MA",SAM
"94 ETNA STREET, Boston, MA",SAM
"11 EUCLID STREET, Boston, MA",SAM
"13 EUCLID STREET, Boston, MA",SAM
"14 EUCLID STREET, Boston, MA",SAM
"15 EUCLID STREET, Boston, MA",SAM
"17 EUCLID STREET, Boston, MA",SAM
"18 EUCLID STREET, Boston, MA",SAM
"5 EUCLID STREET, Boston, MA",SAM
"7 EUCLID STREET, Boston, MA",SAM
"9 EUCLID STREET, Boston, MA",SAM
"11 EUGENIA ROAD, Boston, MA",SAM
"12 EUGENIA ROAD, Boston, MA",SAM
"15 EUGENIA ROAD, Boston, MA",SAM
"7 EUGENIA ROAD, Boston, MA",SAM
"9 EUGENIA ROAD, Boston, MA",SAM
"9 EULITA TERRACE, Boston, MA",SAM
"12 EULITA TERRACE, Boston, MA",SAM
"12 EUNICE STREET, Boston, MA",SAM
"5 EUNICE STREET, Boston, MA",SAM
"6 EUNICE STREET, Boston, MA",SAM
"120 EUSTIS STREET, Boston, MA",SAM
"125 EUSTIS STREET, Boston, MA",SAM
"127 EUSTIS STREET, Boston, MA",SAM
"131 EUSTIS STREET, Boston, MA",SAM
"139 EUSTIS STREET, Boston, MA",SAM
"143 EUSTIS STREET, Boston, MA",SAM
"145 EUSTIS STREET, Boston, MA",SAM
"149 EUSTIS STREET, Boston, MA",SAM
"153 EUSTIS STREET, Boston, MA",SAM
"155 EUSTIS STREET, Boston, MA",SAM
"189 EUSTIS STREET, Boston, MA",SAM
"191 EUSTIS STREET, Boston, MA",SAM
"195 EUSTIS STREET, Boston, MA",SAM
"197 EUSTIS STREET, Boston, MA",SAM
"20 EUSTIS STREET, Boston, MA",SAM
"201 EUSTIS STREET, Boston, MA",SAM
"203 EUSTIS STREET, Boston, MA",SAM
"209 EUSTIS STREET, Boston, MA",SAM
"213 EUSTIS STREET, Boston, MA",SAM
"215 EUSTIS STREET, Boston, MA",SAM
"219 EUSTIS STREET, Boston, MA",SAM
"235 EUSTIS STREET, Boston, MA",SAM
"237 EUSTIS STREET, Boston, MA",SAM
"257 EUSTIS STREET, Boston, MA",SAM
"262 EUSTIS STREET, Boston, MA",SAM
"267 EUSTIS STREET, Boston, MA",SAM
"290 EUSTIS STREET, Boston, MA",SAM
"291 EUSTIS STREET, Boston, MA",SAM
"292 EUSTIS STREET, Boston, MA",SAM
"297 EUSTIS STREET, Boston, MA",SAM
"298 EUSTIS STREET, Boston, MA",SAM
"300 EUSTIS STREET, Boston, MA",SAM
"302 EUSTIS STREET, Boston, MA",SAM
"99 EUSTIS STREET, Boston, MA",SAM
"38 EUSTON ROAD, Boston, MA",SAM
"42 EUSTON ROAD, Boston, MA",SAM
"48 EUSTON ROAD, Boston, MA",SAM
"52 EUSTON ROAD, Boston, MA",SAM
"69 EUSTON ROAD, Boston, MA",SAM
"78 EUSTON ROAD, Boston, MA",SAM
"79 EUSTON ROAD, Boston, MA",SAM
"81 EUSTON ROAD, Boston, MA",SAM
"83 EUSTON ROAD, Boston, MA",SAM
"100 EUTAW STREET, Boston, MA",SAM
"104 EUTAW STREET, Boston, MA",SAM
"105 EUTAW STREET, Boston, MA",SAM
"106 EUTAW STREET, Boston, MA",SAM
"107 EUTAW STREET, Boston, MA",SAM
"108 EUTAW STREET, Boston, MA",SAM
"110 EUTAW STREET, Boston, MA",SAM
"111 EUTAW STREET, Boston, MA",SAM
"112 EUTAW STREET, Boston, MA",SAM
"113 EUTAW STREET, Boston, MA",SAM
"115 EUTAW STREET, Boston, MA",SAM
"116 EUTAW STREET, Boston, MA",SAM
"117 EUTAW STREET, Boston, MA",SAM
"118 EUTAW STREET, Boston, MA",SAM
"119 EUTAW STREET, Boston, MA",SAM
"120 EUTAW STREET, Boston, MA",SAM
"121 EUTAW STREET, Boston, MA",SAM
"122 EUTAW STREET, Boston, MA",SAM
"123 EUTAW STREET, Boston, MA",SAM
"125 EUTAW STREET, Boston, MA",SAM
"127 EUTAW STREET, Boston, MA",SAM
"129 EUTAW STREET, Boston, MA",SAM
"131 EUTAW STREET, Boston, MA",SAM
"133 EUTAW STREET, Boston, MA",SAM
"135 EUTAW STREET, Boston, MA",SAM
"137 EUTAW STREET, Boston, MA",SAM
"139 EUTAW STREET, Boston, MA",SAM
"143 EUTAW STREET, Boston, MA",SAM
"145 EUTAW STREET, Boston, MA",SAM
"19 EUTAW STREET, Boston, MA",SAM
"20 EUTAW STREET, Boston, MA",SAM
"21 EUTAW STREET, Boston, MA",SAM
"23 EUTAW STREET, Boston, MA",SAM
"24 EUTAW STREET, Boston, MA",SAM
"25 EUTAW STREET, Boston, MA",SAM
"26 EUTAW STREET, Boston, MA",SAM
"27 EUTAW STREET, Boston, MA",SAM
"28 EUTAW STREET, Boston, MA",SAM
"29 EUTAW STREET, Boston, MA",SAM
"30 EUTAW STREET, Boston, MA",SAM
"31 EUTAW STREET, Boston, MA",SAM
"32 EUTAW STREET, Boston, MA",SAM
"33 EUTAW STREET, Boston, MA",SAM
"34 EUTAW STREET, Boston, MA",SAM
"35 EUTAW STREET, Boston, MA",SAM
"36 EUTAW STREET, Boston, MA",SAM
"37 EUTAW STREET, Boston, MA",SAM
"39 EUTAW STREET, Boston, MA",SAM
"40 EUTAW STREET, Boston, MA",SAM
"44 EUTAW STREET, Boston, MA",SAM
"46 EUTAW STREET, Boston, MA",SAM
"48 EUTAW STREET, Boston, MA",SAM
"49 EUTAW STREET, Boston, MA",SAM
"50 EUTAW STREET, Boston, MA",SAM
"51 EUTAW STREET, Boston, MA",SAM
"52 EUTAW STREET, Boston, MA",SAM
"56 EUTAW STREET, Boston, MA",SAM
"58 EUTAW STREET, Boston, MA",SAM
"6 EUTAW STREET, Boston, MA",SAM
"60 EUTAW STREET, Boston, MA",SAM
"61 EUTAW STREET, Boston, MA",SAM
"62 EUTAW STREET, Boston, MA",SAM
"64 EUTAW STREET, Boston, MA",SAM
"66 EUTAW STREET, Boston, MA",SAM
"68 EUTAW STREET, Boston, MA",SAM
"70 EUTAW STREET, Boston, MA",SAM
"71 EUTAW STREET, Boston, MA",SAM
"72 EUTAW STREET, Boston, MA",SAM
"73 EUTAW STREET, Boston, MA",SAM
"74 EUTAW STREET, Boston, MA",SAM
"75 EUTAW STREET, Boston, MA",SAM
"77 EUTAW STREET, Boston, MA",SAM
"80 EUTAW STREET, Boston, MA",SAM
"81 EUTAW STREET, Boston, MA",SAM
"82 EUTAW STREET, Boston, MA",SAM
"83 EUTAW STREET, Boston, MA",SAM
"84 EUTAW STREET, Boston, MA",SAM
"85 EUTAW STREET, Boston, MA",SAM
"86 EUTAW STREET, Boston, MA",SAM
"87 EUTAW STREET, Boston, MA",SAM
"88 EUTAW STREET, Boston, MA",SAM
"90 EUTAW STREET, Boston, MA",SAM
"96 EUTAW STREET, Boston, MA",SAM
"2 EVANDALE TERRACE, Boston, MA",SAM
"3 EVANDALE TERRACE, Boston, MA",SAM
"4 EVANDALE TERRACE, Boston, MA",SAM
"8 EVANDALE TERRACE, Boston, MA",SAM
"103 EVANS ROAD, Boston, MA",SAM
"106 EVANS ROAD, Boston, MA",SAM
"110 EVANS ROAD, Boston, MA",SAM
"101 EVANS STREET, Boston, MA",SAM
"103 EVANS STREET, Boston, MA",SAM
"105 EVANS STREET, Boston, MA",SAM
"107 EVANS STREET, Boston, MA",SAM
"109 EVANS STREET, Boston, MA",SAM
"112 EVANS STREET, Boston, MA",SAM
"113 EVANS STREET, Boston, MA",SAM
"116 EVANS STREET, Boston, MA",SAM
"118 EVANS STREET, Boston, MA",SAM
"119 EVANS STREET, Boston, MA",SAM
"121 EVANS STREET, Boston, MA",SAM
"122 EVANS STREET, Boston, MA",SAM
"123 EVANS STREET, Boston, MA",SAM
"128 EVANS STREET, Boston, MA",SAM
"130 EVANS STREET, Boston, MA",SAM
"14 EVANS STREET, Boston, MA",SAM
"16 EVANS STREET, Boston, MA",SAM
"18 EVANS STREET, Boston, MA",SAM
"22 EVANS STREET, Boston, MA",SAM
"24 EVANS STREET, Boston, MA",SAM
"25 EVANS STREET, Boston, MA",SAM
"27 EVANS STREET, Boston, MA",SAM
"28 EVANS STREET, Boston, MA",SAM
"32 EVANS STREET, Boston, MA",SAM
"36 EVANS STREET, Boston, MA",SAM
"40 EVANS STREET, Boston, MA",SAM
"41 EVANS STREET, Boston, MA",SAM
"44 EVANS STREET, Boston, MA",SAM
"48 EVANS STREET, Boston, MA",SAM
"5 EVANS STREET, Boston, MA",SAM
"50 EVANS STREET, Boston, MA",SAM
"52 EVANS STREET, Boston, MA",SAM
"55 EVANS STREET, Boston, MA",SAM
"56 EVANS STREET, Boston, MA",SAM
"59 EVANS STREET, Boston, MA",SAM
"60 EVANS STREET, Boston, MA",SAM
"63 EVANS STREET, Boston, MA",SAM
"67 EVANS STREET, Boston, MA",SAM
"68 EVANS STREET, Boston, MA",SAM
"69 EVANS STREET, Boston, MA",SAM
"70 EVANS STREET, Boston, MA",SAM
"71 EVANS STREET, Boston, MA",SAM
"73 EVANS STREET, Boston, MA",SAM
"75 EVANS STREET, Boston, MA",SAM
"77 EVANS STREET, Boston, MA",SAM
"79 EVANS STREET, Boston, MA",SAM
"8 EVANS STREET, Boston, MA",SAM
"80 EVANS STREET, Boston, MA",SAM
"81 EVANS STREET, Boston, MA",SAM
"82 EVANS STREET, Boston, MA",SAM
"83 EVANS STREET, Boston, MA",SAM
"84 EVANS STREET, Boston, MA",SAM
"85 EVANS STREET, Boston, MA",SAM
"86 EVANS STREET, Boston, MA",SAM
"92 EVANS STREET, Boston, MA",SAM
"97 EVANS STREET, Boston, MA",SAM
"22 EVANS WAY, Boston, MA",SAM
"26 EVANS WAY, Boston, MA",SAM
"31 EVANS WAY, Boston, MA",SAM
"14 EVELYN STREET, Boston, MA",SAM
"15 EVELYN STREET, Boston, MA",SAM
"17 EVELYN STREET, Boston, MA",SAM
"18 EVELYN STREET, Boston, MA",SAM
"19 EVELYN STREET, Boston, MA",SAM
"21 EVELYN STREET, Boston, MA",SAM
"22 EVELYN STREET, Boston, MA",SAM
"23 EVELYN STREET, Boston, MA",SAM
"26 EVELYN STREET, Boston, MA",SAM
"27 EVELYN STREET, Boston, MA",SAM
"29 EVELYN STREET, Boston, MA",SAM
"30 EVELYN STREET, Boston, MA",SAM
"31 EVELYN STREET, Boston, MA",SAM
"34 EVELYN STREET, Boston, MA",SAM
"37 EVELYN STREET, Boston, MA",SAM
"38 EVELYN STREET, Boston, MA",SAM
"41 EVELYN STREET, Boston, MA",SAM
"42 EVELYN STREET, Boston, MA",SAM
"45 EVELYN STREET, Boston, MA",SAM
"46 EVELYN STREET, Boston, MA",SAM
"48 EVELYN STREET, Boston, MA",SAM
"50 EVELYN STREET, Boston, MA",SAM
"51 EVELYN STREET, Boston, MA",SAM
"52 EVELYN STREET, Boston, MA",SAM
"53 EVELYN STREET, Boston, MA",SAM
"55 EVELYN STREET, Boston, MA",SAM
"56 EVELYN STREET, Boston, MA",SAM
"6 EVELYN STREET, Boston, MA",SAM
"11 EVERDEAN STREET, Boston, MA",SAM
"12 EVERDEAN STREET, Boston, MA",SAM
"16 EVERDEAN STREET, Boston, MA",SAM
"19 EVERDEAN STREET, Boston, MA",SAM
"20 EVERDEAN STREET, Boston, MA",SAM
"25 EVERDEAN STREET, Boston, MA",SAM
"28 EVERDEAN STREET, Boston, MA",SAM
"29 EVERDEAN STREET, Boston, MA",SAM
"32 EVERDEAN STREET, Boston, MA",SAM
"33 EVERDEAN STREET, Boston, MA",SAM
"37 EVERDEAN STREET, Boston, MA",SAM
"4 EVERDEAN STREET, Boston, MA",SAM
"46 EVERDEAN STREET, Boston, MA",SAM
"50 EVERDEAN STREET, Boston, MA",SAM
"51 EVERDEAN STREET, Boston, MA",SAM
"55 EVERDEAN STREET, Boston, MA",SAM
"59 EVERDEAN STREET, Boston, MA",SAM
"63 EVERDEAN STREET, Boston, MA",SAM
"7 EVERDEAN STREET, Boston, MA",SAM
"74 EVERDEAN STREET, Boston, MA",SAM
"75 EVERDEAN STREET, Boston, MA",SAM
"76 EVERDEAN STREET, Boston, MA",SAM
"8 EVERDEAN STREET, Boston, MA",SAM
"80 EVERDEAN STREET, Boston, MA",SAM
"81 EVERDEAN STREET, Boston, MA",SAM
"82 EVERDEAN STREET, Boston, MA",SAM
"83 EVERDEAN STREET, Boston, MA",SAM
"84 EVERDEAN STREET, Boston, MA",SAM
"85 EVERDEAN STREET, Boston, MA",SAM
"89 EVERDEAN STREET, Boston, MA",SAM
"10 EVERETT AVENUE, Boston, MA",SAM
"11 EVERETT AVENUE, Boston, MA",SAM
"12 EVERETT AVENUE, Boston, MA",SAM
"14 EVERETT AVENUE, Boston, MA",SAM
"15 EVERETT AVENUE, Boston, MA",SAM
"16 EVERETT AVENUE, Boston, MA",SAM
"17 EVERETT AVENUE, Boston, MA",SAM
"18 EVERETT AVENUE, Boston, MA",SAM
"19 EVERETT AVENUE, Boston, MA",SAM
"20 EVERETT AVENUE, Boston, MA",SAM
"22 EVERETT AVENUE, Boston, MA",SAM
"24 EVERETT AVENUE, Boston, MA",SAM
"26 EVERETT AVENUE, Boston, MA",SAM
"9 EVERETT AVENUE, Boston, MA",SAM
"1 EVERETT COURT, Boston, MA",SAM
"2 EVERETT COURT, Boston, MA",SAM
"3 EVERETT COURT, Boston, MA",SAM
"4 EVERETT COURT, Boston, MA",SAM
"5 EVERETT COURT, Boston, MA",SAM
"6 EVERETT COURT, Boston, MA",SAM
"2 EVERETT PLACE, Boston, MA",SAM
"4 EVERETT PLACE, Boston, MA",SAM
"5 EVERETT PLACE, Boston, MA",SAM
"6 EVERETT PLACE, Boston, MA",SAM
"7 EVERETT PLACE, Boston, MA",SAM
"11 EVERETT STREET, Boston, MA",SAM
"12 EVERETT STREET, Boston, MA",SAM
"165 EVERETT STREET, Boston, MA",SAM
"171 EVERETT STREET, Boston, MA",SAM
"173 EVERETT STREET, Boston, MA",SAM
"19 EVERETT STREET, Boston, MA",SAM
"201 EVERETT STREET, Boston, MA",SAM
"205 EVERETT STREET, Boston, MA",SAM
"22 EVERETT STREET, Boston, MA",SAM
"231 EVERETT STREET, Boston, MA",SAM
"24 EVERETT STREET, Boston, MA",SAM
"241 EVERETT STREET, Boston, MA",SAM
"245 EVERETT STREET, Boston, MA",SAM
"25 EVERETT STREET, Boston, MA",SAM
"250 EVERETT STREET, Boston, MA",SAM
"269 EVERETT STREET, Boston, MA",SAM
"275 EVERETT STREET, Boston, MA",SAM
"277 EVERETT STREET, Boston, MA",SAM
"287 EVERETT STREET, Boston, MA",SAM
"38 EVERETT STREET, Boston, MA",SAM
"52 EVERETT STREET, Boston, MA",SAM
"65 EVERETT STREET, Boston, MA",SAM
"9 EVERETT STREET, Boston, MA",SAM
"95 EVERETT STREET, Boston, MA",SAM
"102 EVERETT STREET, Boston, MA",SAM
"103 EVERETT STREET, Boston, MA",SAM
"105 EVERETT STREET, Boston, MA",SAM
"106 EVERETT STREET, Boston, MA",SAM
"107 EVERETT STREET, Boston, MA",SAM
"110 EVERETT STREET, Boston, MA",SAM
"111 EVERETT STREET, Boston, MA",SAM
"115 EVERETT STREET, Boston, MA",SAM
"116 EVERETT STREET, Boston, MA",SAM
"120 EVERETT STREET, Boston, MA",SAM
"122 EVERETT STREET, Boston, MA",SAM
"124 EVERETT STREET, Boston, MA",SAM
"126 EVERETT STREET, Boston, MA",SAM
"128 EVERETT STREET, Boston, MA",SAM
"13 EVERETT STREET, Boston, MA",SAM
"131 EVERETT STREET, Boston, MA",SAM
"133 EVERETT STREET, Boston, MA",SAM
"134 EVERETT STREET, Boston, MA",SAM
"135 EVERETT STREET, Boston, MA",SAM
"137 EVERETT STREET, Boston, MA",SAM
"139 EVERETT STREET, Boston, MA",SAM
"140 EVERETT STREET, Boston, MA",SAM
"142 EVERETT STREET, Boston, MA",SAM
"143 EVERETT STREET, Boston, MA",SAM
"145 EVERETT STREET, Boston, MA",SAM
"148 EVERETT STREET, Boston, MA",SAM
"149 EVERETT STREET, Boston, MA",SAM
"15 EVERETT STREET, Boston, MA",SAM
"153 EVERETT STREET, Boston, MA",SAM
"155 EVERETT STREET, Boston, MA",SAM
"156 EVERETT STREET, Boston, MA",SAM
"159 EVERETT STREET, Boston, MA",SAM
"16 EVERETT STREET, Boston, MA",SAM
"160 EVERETT STREET, Boston, MA",SAM
"164 EVERETT STREET, Boston, MA",SAM
"166 EVERETT STREET, Boston, MA",SAM
"17 EVERETT STREET, Boston, MA",SAM
"172 EVERETT STREET, Boston, MA",SAM
"174 EVERETT STREET, Boston, MA",SAM
"176 EVERETT STREET, Boston, MA",SAM
"18 EVERETT STREET, Boston, MA",SAM
"185 EVERETT STREET, Boston, MA",SAM
"187 EVERETT STREET, Boston, MA",SAM
"192 EVERETT STREET, Boston, MA",SAM
"193 EVERETT STREET, Boston, MA",SAM
"195 EVERETT STREET, Boston, MA",SAM
"196 EVERETT STREET, Boston, MA",SAM
"198 EVERETT STREET, Boston, MA",SAM
"199 EVERETT STREET, Boston, MA",SAM
"200 EVERETT STREET, Boston, MA",SAM
"208 EVERETT STREET, Boston, MA",SAM
"21 EVERETT STREET, Boston, MA",SAM
"214 EVERETT STREET, Boston, MA",SAM
"216 EVERETT STREET, Boston, MA",SAM
"218 EVERETT STREET, Boston, MA",SAM
"221 EVERETT STREET, Boston, MA",SAM
"222 EVERETT STREET, Boston, MA",SAM
"223 EVERETT STREET, Boston, MA",SAM
"224 EVERETT STREET, Boston, MA",SAM
"225 EVERETT STREET, Boston, MA",SAM
"226 EVERETT STREET, Boston, MA",SAM
"227 EVERETT STREET, Boston, MA",SAM
"228 EVERETT STREET, Boston, MA",SAM
"229 EVERETT STREET, Boston, MA",SAM
"23 EVERETT STREET, Boston, MA",SAM
"230 EVERETT STREET, Boston, MA",SAM
"234 EVERETT STREET, Boston, MA",SAM
"237 EVERETT STREET, Boston, MA",SAM
"239 EVERETT STREET, Boston, MA",SAM
"242 EVERETT STREET, Boston, MA",SAM
"243 EVERETT STREET, Boston, MA",SAM
"244 EVERETT STREET, Boston, MA",SAM
"246 EVERETT STREET, Boston, MA",SAM
"247 EVERETT STREET, Boston, MA",SAM
"248 EVERETT STREET, Boston, MA",SAM
"255 EVERETT STREET, Boston, MA",SAM
"258 EVERETT STREET, Boston, MA",SAM
"259 EVERETT STREET, Boston, MA",SAM
"260 EVERETT STREET, Boston, MA",SAM
"261 EVERETT STREET, Boston, MA",SAM
"263 EVERETT STREET, Boston, MA",SAM
"28 EVERETT STREET, Boston, MA",SAM
"29 EVERETT STREET, Boston, MA",SAM
"31 EVERETT STREET, Boston, MA",SAM
"33 EVERETT STREET, Boston, MA",SAM
"35 EVERETT STREET, Boston, MA",SAM
"37 EVERETT STREET, Boston, MA",SAM
"39 EVERETT STREET, Boston, MA",SAM
"40 EVERETT STREET, Boston, MA",SAM
"42 EVERETT STREET, Boston, MA",SAM
"44 EVERETT STREET, Boston, MA",SAM
"45 EVERETT STREET, Boston, MA",SAM
"46 EVERETT STREET, Boston, MA",SAM
"47 EVERETT STREET, Boston, MA",SAM
"48 EVERETT STREET, Boston, MA",SAM
"49 EVERETT STREET, Boston, MA",SAM
"50 EVERETT STREET, Boston, MA",SAM
"51 EVERETT STREET, Boston, MA",SAM
"54 EVERETT STREET, Boston, MA",SAM
"56 EVERETT STREET, Boston, MA",SAM
"58 EVERETT STREET, Boston, MA",SAM
"6 EVERETT STREET, Boston, MA",SAM
"60 EVERETT STREET, Boston, MA",SAM
"62 EVERETT STREET, Boston, MA",SAM
"64 EVERETT STREET, Boston, MA",SAM
"72 EVERETT STREET, Boston, MA",SAM
"73 EVERETT STREET, Boston, MA",SAM
"74 EVERETT STREET, Boston, MA",SAM
"75 EVERETT STREET, Boston, MA",SAM
"76 EVERETT STREET, Boston, MA",SAM
"77 EVERETT STREET, Boston, MA",SAM
"78 EVERETT STREET, Boston, MA",SAM
"8 EVERETT STREET, Boston, MA",SAM
"83 EVERETT STREET, Boston, MA",SAM
"84 EVERETT STREET, Boston, MA",SAM
"85 EVERETT STREET, Boston, MA",SAM
"87 EVERETT STREET, Boston, MA",SAM
"89 EVERETT STREET, Boston, MA",SAM
"91 EVERETT STREET, Boston, MA",SAM
"92 EVERETT STREET, Boston, MA",SAM
"93 EVERETT STREET, Boston, MA",SAM
"94 EVERETT STREET, Boston, MA",SAM
"97 EVERETT STREET, Boston, MA",SAM
"98 EVERETT STREET, Boston, MA",SAM
"99 EVERETT STREET, Boston, MA",SAM
"14 EVERETT STREET, Boston, MA",SAM
"32 EVERETT STREET, Boston, MA",SAM
"34 EVERETT STREET, Boston, MA",SAM
"5 EVERETT STREET, Boston, MA",SAM
"2 EVERETT STREET, Boston, MA",SAM
"26 EVERETT STREET, Boston, MA",SAM
"30 EVERETT STREET, Boston, MA",SAM
"41 EVERETT STREET, Boston, MA",SAM
"20 EVERETT STREET, Boston, MA",SAM
"4 EVERETT STREET, Boston, MA",SAM
"1 EVERETT SQUARE, Boston, MA",SAM
"10 EVERETT SQUARE, Boston, MA",SAM
"12 EVERETT SQUARE, Boston, MA",SAM
"22 EVERETT SQUARE, Boston, MA",SAM
"3 EVERETT SQUARE, Boston, MA",SAM
"4 EVERETT SQUARE, Boston, MA",SAM
"5 EVERETT SQUARE, Boston, MA",SAM
"6 EVERETT SQUARE, Boston, MA",SAM
"7 EVERETT SQUARE, Boston, MA",SAM
"8 EVERETT SQUARE, Boston, MA",SAM
"9 EVERETT SQUARE, Boston, MA",SAM
"11 EVERGREEN STREET, Boston, MA",SAM
"14 EVERGREEN STREET, Boston, MA",SAM
"15 EVERGREEN STREET, Boston, MA",SAM
"19 EVERGREEN STREET, Boston, MA",SAM
"20 EVERGREEN STREET, Boston, MA",SAM
"21 EVERGREEN STREET, Boston, MA",SAM
"24 EVERGREEN STREET, Boston, MA",SAM
"28 EVERGREEN STREET, Boston, MA",SAM
"29 EVERGREEN STREET, Boston, MA",SAM
"3 EVERGREEN STREET, Boston, MA",SAM
"33 EVERGREEN STREET, Boston, MA",SAM
"36 EVERGREEN STREET, Boston, MA",SAM
"43 EVERGREEN STREET, Boston, MA",SAM
"44 EVERGREEN STREET, Boston, MA",SAM
"11 EVERTON STREET, Boston, MA",SAM
"14 EVERTON STREET, Boston, MA",SAM
"15 EVERTON STREET, Boston, MA",SAM
"18 EVERTON STREET, Boston, MA",SAM
"19 EVERTON STREET, Boston, MA",SAM
"23 EVERTON STREET, Boston, MA",SAM
"26 EVERTON STREET, Boston, MA",SAM
"27 EVERTON STREET, Boston, MA",SAM
"3 EVERTON STREET, Boston, MA",SAM
"30 EVERTON STREET, Boston, MA",SAM
"31 EVERTON STREET, Boston, MA",SAM
"34 EVERTON STREET, Boston, MA",SAM
"35 EVERTON STREET, Boston, MA",SAM
"38 EVERTON STREET, Boston, MA",SAM
"39 EVERTON STREET, Boston, MA",SAM
"42 EVERTON STREET, Boston, MA",SAM
"52 EVERTON STREET, Boston, MA",SAM
"56 EVERTON STREET, Boston, MA",SAM
"60 EVERTON STREET, Boston, MA",SAM
"7 EVERTON STREET, Boston, MA",SAM
"12 EWER STREET, Boston, MA",SAM
"1 EXETER STREET, Boston, MA",SAM
"16 EXETER STREET, Boston, MA",SAM
"17 EXETER STREET, Boston, MA",SAM
"19 EXETER STREET, Boston, MA",SAM
"2 EXETER STREET, Boston, MA",SAM
"25 EXETER STREET, Boston, MA",SAM
"3 EXETER STREET, Boston, MA",SAM
"33 EXETER STREET, Boston, MA",SAM
"5 EXETER STREET, Boston, MA",SAM
"7 EXETER STREET, Boston, MA",SAM
"88 EXETER STREET, Boston, MA",SAM
"9 EXETER STREET, Boston, MA",SAM
"10 F STREET, Boston, MA",SAM
"103 F STREET, Boston, MA",SAM
"104 F STREET, Boston, MA",SAM
"105 F STREET, Boston, MA",SAM
"106 F STREET, Boston, MA",SAM
"107 F STREET, Boston, MA",SAM
"108 F STREET, Boston, MA",SAM
"114 F STREET, Boston, MA",SAM
"115 F STREET, Boston, MA",SAM
"116 F STREET, Boston, MA",SAM
"117 F STREET, Boston, MA",SAM
"118 F STREET, Boston, MA",SAM
"119 F STREET, Boston, MA",SAM
"12 F STREET, Boston, MA",SAM
"120 F STREET, Boston, MA",SAM
"121 F STREET, Boston, MA",SAM
"122 F STREET, Boston, MA",SAM
"123 F STREET, Boston, MA",SAM
"124 F STREET, Boston, MA",SAM
"125 F STREET, Boston, MA",SAM
"14 F STREET, Boston, MA",SAM
"144 F STREET, Boston, MA",SAM
"148 F STREET, Boston, MA",SAM
"16 F STREET, Boston, MA",SAM
"162 F STREET, Boston, MA",SAM
"163 F STREET, Boston, MA",SAM
"164 F STREET, Boston, MA",SAM
"165 F STREET, Boston, MA",SAM
"175 F STREET, Boston, MA",SAM
"18 F STREET, Boston, MA",SAM
"187 F STREET, Boston, MA",SAM
"188 F STREET, Boston, MA",SAM
"189 F STREET, Boston, MA",SAM
"190 F STREET, Boston, MA",SAM
"20 F STREET, Boston, MA",SAM
"207 F STREET, Boston, MA",SAM
"22 F STREET, Boston, MA",SAM
"24 F STREET, Boston, MA",SAM
"26 F STREET, Boston, MA",SAM
"28 F STREET, Boston, MA",SAM
"30 F STREET, Boston, MA",SAM
"34 F STREET, Boston, MA",SAM
"50 F STREET, Boston, MA",SAM
"53 F STREET, Boston, MA",SAM
"54 F STREET, Boston, MA",SAM
"56 F STREET, Boston, MA",SAM
"58 F STREET, Boston, MA",SAM
"68 F STREET, Boston, MA",SAM
"70 F STREET, Boston, MA",SAM
"72 F STREET, Boston, MA",SAM
"74 F STREET, Boston, MA",SAM
"77 F STREET, Boston, MA",SAM
"79 F STREET, Boston, MA",SAM
"81 F STREET, Boston, MA",SAM
"82 F STREET, Boston, MA",SAM
"83 F STREET, Boston, MA",SAM
"85 F STREET, Boston, MA",SAM
"88 F STREET, Boston, MA",SAM
"9 F STREET, Boston, MA",SAM
"92 F STREET, Boston, MA",SAM
"93 F STREET, Boston, MA",SAM
"94 F STREET, Boston, MA",SAM
"95 F STREET, Boston, MA",SAM
"96 F STREET, Boston, MA",SAM
"97 F STREET, Boston, MA",SAM
"99 F STREET, Boston, MA",SAM
"10 FABYAN STREET, Boston, MA",SAM
"14 FABYAN STREET, Boston, MA",SAM
"17 FABYAN STREET, Boston, MA",SAM
"18 FABYAN STREET, Boston, MA",SAM
"26 FABYAN STREET, Boston, MA",SAM
"30 FABYAN STREET, Boston, MA",SAM
"31 FABYAN STREET, Boston, MA",SAM
"34 FABYAN STREET, Boston, MA",SAM
"38 FABYAN STREET, Boston, MA",SAM
"41 FABYAN STREET, Boston, MA",SAM
"42 FABYAN STREET, Boston, MA",SAM
"49 FABYAN STREET, Boston, MA",SAM
"6 FABYAN STREET, Boston, MA",SAM
"18 FACTORY STREET, Boston, MA",SAM
"21 FACTORY STREET, Boston, MA",SAM
"22 FACTORY STREET, Boston, MA",SAM
"20 FAIRBANKS STREET, Boston, MA",SAM
"21 FAIRBANKS STREET, Boston, MA",SAM
"26 FAIRBANKS STREET, Boston, MA",SAM
"29 FAIRBANKS STREET, Boston, MA",SAM
"33 FAIRBANKS STREET, Boston, MA",SAM
"37 FAIRBANKS STREET, Boston, MA",SAM
"38 FAIRBANKS STREET, Boston, MA",SAM
"44 FAIRBANKS STREET, Boston, MA",SAM
"45 FAIRBANKS STREET, Boston, MA",SAM
"46 FAIRBANKS STREET, Boston, MA",SAM
"47 FAIRBANKS STREET, Boston, MA",SAM
"48 FAIRBANKS STREET, Boston, MA",SAM
"50 FAIRBANKS STREET, Boston, MA",SAM
"51 FAIRBANKS STREET, Boston, MA",SAM
"52 FAIRBANKS STREET, Boston, MA",SAM
"53 FAIRBANKS STREET, Boston, MA",SAM
"55 FAIRBANKS STREET, Boston, MA",SAM
"56 FAIRBANKS STREET, Boston, MA",SAM
"57 FAIRBANKS STREET, Boston, MA",SAM
"59 FAIRBANKS STREET, Boston, MA",SAM
"60 FAIRBANKS STREET, Boston, MA",SAM
"61 FAIRBANKS STREET, Boston, MA",SAM
"62 FAIRBANKS STREET, Boston, MA",SAM
"63 FAIRBANKS STREET, Boston, MA",SAM
"66 FAIRBANKS STREET, Boston, MA",SAM
"67 FAIRBANKS STREET, Boston, MA",SAM
"7 FAIRBANKS STREET, Boston, MA",SAM
"70 FAIRBANKS STREET, Boston, MA",SAM
"71 FAIRBANKS STREET, Boston, MA",SAM
"74 FAIRBANKS STREET, Boston, MA",SAM
"77 FAIRBANKS STREET, Boston, MA",SAM
"78 FAIRBANKS STREET, Boston, MA",SAM
"8 FAIRBANKS STREET, Boston, MA",SAM
"80 FAIRBANKS STREET, Boston, MA",SAM
"84 FAIRBANKS STREET, Boston, MA",SAM
"85 FAIRBANKS STREET, Boston, MA",SAM
"1 FAIRFAX STREET, Boston, MA",SAM
"15 FAIRFAX STREET, Boston, MA",SAM
"2 FAIRFAX STREET, Boston, MA",SAM
"3 FAIRFAX STREET, Boston, MA",SAM
"4 FAIRFAX STREET, Boston, MA",SAM
"5 FAIRFAX STREET, Boston, MA",SAM
"6 FAIRFAX STREET, Boston, MA",SAM
"7 FAIRFAX STREET, Boston, MA",SAM
"9 FAIRFAX STREET, Boston, MA",SAM
"1 FAIRFIELD STREET, Boston, MA",SAM
"12 FAIRFIELD STREET, Boston, MA",SAM
"16 FAIRFIELD STREET, Boston, MA",SAM
"18 FAIRFIELD STREET, Boston, MA",SAM
"20 FAIRFIELD STREET, Boston, MA",SAM
"21 FAIRFIELD STREET, Boston, MA",SAM
"29 FAIRFIELD STREET, Boston, MA",SAM
"3 FAIRFIELD STREET, Boston, MA",SAM
"30 FAIRFIELD STREET, Boston, MA",SAM
"32 FAIRFIELD STREET, Boston, MA",SAM
"33 FAIRFIELD STREET, Boston, MA",SAM
"34 FAIRFIELD STREET, Boston, MA",SAM
"35 FAIRFIELD STREET, Boston, MA",SAM
"36 FAIRFIELD STREET, Boston, MA",SAM
"37 FAIRFIELD STREET, Boston, MA",SAM
"9 FAIRFIELD STREET, Boston, MA",SAM
"1 FAIRLAND STREET, Boston, MA",SAM
"12 FAIRLAND STREET, Boston, MA",SAM
"13 FAIRLAND STREET, Boston, MA",SAM
"14 FAIRLAND STREET, Boston, MA",SAM
"15 FAIRLAND STREET, Boston, MA",SAM
"17 FAIRLAND STREET, Boston, MA",SAM
"18 FAIRLAND STREET, Boston, MA",SAM
"19 FAIRLAND STREET, Boston, MA",SAM
"2 FAIRLAND STREET, Boston, MA",SAM
"21 FAIRLAND STREET, Boston, MA",SAM
"29 FAIRLAND STREET, Boston, MA",SAM
"3 FAIRLAND STREET, Boston, MA",SAM
"33 FAIRLAND STREET, Boston, MA",SAM
"37 FAIRLAND STREET, Boston, MA",SAM
"6 FAIRLAND STREET, Boston, MA",SAM
"7 FAIRLAND STREET, Boston, MA",SAM
"9 FAIRLAND STREET, Boston, MA",SAM
"1 FAIRLANE ROAD, Boston, MA",SAM
"22 FAIRLANE ROAD, Boston, MA",SAM
"31 FAIRLANE ROAD, Boston, MA",SAM
"36 FAIRLANE ROAD, Boston, MA",SAM
"43 FAIRLANE ROAD, Boston, MA",SAM
"45 FAIRLANE ROAD, Boston, MA",SAM
"5 FAIRLANE ROAD, Boston, MA",SAM
"20 FAIRLAWN AVENUE, Boston, MA",SAM
"6 FAIRLAWN AVENUE, Boston, MA",SAM
"8 FAIRLAWN AVENUE, Boston, MA",SAM
"1 FAIRMOUNT AVENUE, Boston, MA",SAM
"146 FAIRMOUNT AVENUE, Boston, MA",SAM
"165 FAIRMOUNT AVENUE, Boston, MA",SAM
"172 FAIRMOUNT AVENUE, Boston, MA",SAM
"181 FAIRMOUNT AVENUE, Boston, MA",SAM
"182 FAIRMOUNT AVENUE, Boston, MA",SAM
"185 FAIRMOUNT AVENUE, Boston, MA",SAM
"186 FAIRMOUNT AVENUE, Boston, MA",SAM
"188 FAIRMOUNT AVENUE, Boston, MA",SAM
"189 FAIRMOUNT AVENUE, Boston, MA",SAM
"192 FAIRMOUNT AVENUE, Boston, MA",SAM
"193 FAIRMOUNT AVENUE, Boston, MA",SAM
"194 FAIRMOUNT AVENUE, Boston, MA",SAM
"195 FAIRMOUNT AVENUE, Boston, MA",SAM
"196 FAIRMOUNT AVENUE, Boston, MA",SAM
"197 FAIRMOUNT AVENUE, Boston, MA",SAM
"198 FAIRMOUNT AVENUE, Boston, MA",SAM
"199 FAIRMOUNT AVENUE, Boston, MA",SAM
"2 FAIRMOUNT AVENUE, Boston, MA",SAM
"200 FAIRMOUNT AVENUE, Boston, MA",SAM
"210 FAIRMOUNT AVENUE, Boston, MA",SAM
"211 FAIRMOUNT AVENUE, Boston, MA",SAM
"212 FAIRMOUNT AVENUE, Boston, MA",SAM
"213 FAIRMOUNT AVENUE, Boston, MA",SAM
"214 FAIRMOUNT AVENUE, Boston, MA",SAM
"215 FAIRMOUNT AVENUE, Boston, MA",SAM
"216 FAIRMOUNT AVENUE, Boston, MA",SAM
"218 FAIRMOUNT AVENUE, Boston, MA",SAM
"219 FAIRMOUNT AVENUE, Boston, MA",SAM
"220 FAIRMOUNT AVENUE, Boston, MA",SAM
"225 FAIRMOUNT AVENUE, Boston, MA",SAM
"226 FAIRMOUNT AVENUE, Boston, MA",SAM
"227 FAIRMOUNT AVENUE, Boston, MA",SAM
"230 FAIRMOUNT AVENUE, Boston, MA",SAM
"231 FAIRMOUNT AVENUE, Boston, MA",SAM
"232 FAIRMOUNT AVENUE, Boston, MA",SAM
"235 FAIRMOUNT AVENUE, Boston, MA",SAM
"237 FAIRMOUNT AVENUE, Boston, MA",SAM
"238 FAIRMOUNT AVENUE, Boston, MA",SAM
"240 FAIRMOUNT AVENUE, Boston, MA",SAM
"242 FAIRMOUNT AVENUE, Boston, MA",SAM
"243 FAIRMOUNT AVENUE, Boston, MA",SAM
"245 FAIRMOUNT AVENUE, Boston, MA",SAM
"246 FAIRMOUNT AVENUE, Boston, MA",SAM
"255 FAIRMOUNT AVENUE, Boston, MA",SAM
"256 FAIRMOUNT AVENUE, Boston, MA",SAM
"259 FAIRMOUNT AVENUE, Boston, MA",SAM
"260 FAIRMOUNT AVENUE, Boston, MA",SAM
"264 FAIRMOUNT AVENUE, Boston, MA",SAM
"265 FAIRMOUNT AVENUE, Boston, MA",SAM
"266 FAIRMOUNT AVENUE, Boston, MA",SAM
"267 FAIRMOUNT AVENUE, Boston, MA",SAM
"268 FAIRMOUNT AVENUE, Boston, MA",SAM
"272 FAIRMOUNT AVENUE, Boston, MA",SAM
"276 FAIRMOUNT AVENUE, Boston, MA",SAM
"281 FAIRMOUNT AVENUE, Boston, MA",SAM
"282 FAIRMOUNT AVENUE, Boston, MA",SAM
"284 FAIRMOUNT AVENUE, Boston, MA",SAM
"285 FAIRMOUNT AVENUE, Boston, MA",SAM
"286 FAIRMOUNT AVENUE, Boston, MA",SAM
"288 FAIRMOUNT AVENUE, Boston, MA",SAM
"290 FAIRMOUNT AVENUE, Boston, MA",SAM
"292 FAIRMOUNT AVENUE, Boston, MA",SAM
"295 FAIRMOUNT AVENUE, Boston, MA",SAM
"303 FAIRMOUNT AVENUE, Boston, MA",SAM
"304 FAIRMOUNT AVENUE, Boston, MA",SAM
"306 FAIRMOUNT AVENUE, Boston, MA",SAM
"307 FAIRMOUNT AVENUE, Boston, MA",SAM
"308 FAIRMOUNT AVENUE, Boston, MA",SAM
"310 FAIRMOUNT AVENUE, Boston, MA",SAM
"311 FAIRMOUNT AVENUE, Boston, MA",SAM
"35 FAIRMOUNT AVENUE, Boston, MA",SAM
"41 FAIRMOUNT AVENUE, Boston, MA",SAM
"46 FAIRMOUNT AVENUE, Boston, MA",SAM
"60 FAIRMOUNT AVENUE, Boston, MA",SAM
"65 FAIRMOUNT AVENUE, Boston, MA",SAM
"78 FAIRMOUNT AVENUE, Boston, MA",SAM
"81 FAIRMOUNT AVENUE, Boston, MA",SAM
"83 FAIRMOUNT AVENUE, Boston, MA",SAM
"99 FAIRMOUNT AVENUE, Boston, MA",SAM
"106 FAIRMOUNT STREET, Boston, MA",SAM
"11 FAIRMOUNT STREET, Boston, MA",SAM
"112 FAIRMOUNT STREET, Boston, MA",SAM
"114 FAIRMOUNT STREET, Boston, MA",SAM
"115 FAIRMOUNT STREET, Boston, MA",SAM
"117 FAIRMOUNT STREET, Boston, MA",SAM
"118 FAIRMOUNT STREET, Boston, MA",SAM
"122 FAIRMOUNT STREET, Boston, MA",SAM
"125 FAIRMOUNT STREET, Boston, MA",SAM
"126 FAIRMOUNT STREET, Boston, MA",SAM
"127 FAIRMOUNT STREET, Boston, MA",SAM
"130 FAIRMOUNT STREET, Boston, MA",SAM
"131 FAIRMOUNT STREET, Boston, MA",SAM
"134 FAIRMOUNT STREET, Boston, MA",SAM
"135 FAIRMOUNT STREET, Boston, MA",SAM
"138 FAIRMOUNT STREET, Boston, MA",SAM
"139 FAIRMOUNT STREET, Boston, MA",SAM
"142 FAIRMOUNT STREET, Boston, MA",SAM
"143 FAIRMOUNT STREET, Boston, MA",SAM
"146 FAIRMOUNT STREET, Boston, MA",SAM
"147 FAIRMOUNT STREET, Boston, MA",SAM
"148 FAIRMOUNT STREET, Boston, MA",SAM
"15 FAIRMOUNT STREET, Boston, MA",SAM
"151 FAIRMOUNT STREET, Boston, MA",SAM
"154 FAIRMOUNT STREET, Boston, MA",SAM
"155 FAIRMOUNT STREET, Boston, MA",SAM
"159 FAIRMOUNT STREET, Boston, MA",SAM
"160 FAIRMOUNT STREET, Boston, MA",SAM
"162 FAIRMOUNT STREET, Boston, MA",SAM
"166 FAIRMOUNT STREET, Boston, MA",SAM
"168 FAIRMOUNT STREET, Boston, MA",SAM
"169 FAIRMOUNT STREET, Boston, MA",SAM
"172 FAIRMOUNT STREET, Boston, MA",SAM
"173 FAIRMOUNT STREET, Boston, MA",SAM
"176 FAIRMOUNT STREET, Boston, MA",SAM
"177 FAIRMOUNT STREET, Boston, MA",SAM
"180 FAIRMOUNT STREET, Boston, MA",SAM
"181 FAIRMOUNT STREET, Boston, MA",SAM
"184 FAIRMOUNT STREET, Boston, MA",SAM
"185 FAIRMOUNT STREET, Boston, MA",SAM
"189 FAIRMOUNT STREET, Boston, MA",SAM
"19 FAIRMOUNT STREET, Boston, MA",SAM
"193 FAIRMOUNT STREET, Boston, MA",SAM
"197 FAIRMOUNT STREET, Boston, MA",SAM
"199 FAIRMOUNT STREET, Boston, MA",SAM
"20 FAIRMOUNT STREET, Boston, MA",SAM
"203 FAIRMOUNT STREET, Boston, MA",SAM
"207 FAIRMOUNT STREET, Boston, MA",SAM
"23 FAIRMOUNT STREET, Boston, MA",SAM
"24 FAIRMOUNT STREET, Boston, MA",SAM
"27 FAIRMOUNT STREET, Boston, MA",SAM
"28 FAIRMOUNT STREET, Boston, MA",SAM
"31 FAIRMOUNT STREET, Boston, MA",SAM
"33 FAIRMOUNT STREET, Boston, MA",SAM
"34 FAIRMOUNT STREET, Boston, MA",SAM
"35 FAIRMOUNT STREET, Boston, MA",SAM
"36 FAIRMOUNT STREET, Boston, MA",SAM
"37 FAIRMOUNT STREET, Boston, MA",SAM
"39 FAIRMOUNT STREET, Boston, MA",SAM
"40 FAIRMOUNT STREET, Boston, MA",SAM
"43 FAIRMOUNT STREET, Boston, MA",SAM
"44 FAIRMOUNT STREET, Boston, MA",SAM
"47 FAIRMOUNT STREET, Boston, MA",SAM
"5 FAIRMOUNT STREET, Boston, MA",SAM
"51 FAIRMOUNT STREET, Boston, MA",SAM
"54 FAIRMOUNT STREET, Boston, MA",SAM
"55 FAIRMOUNT STREET, Boston, MA",SAM
"57 FAIRMOUNT STREET, Boston, MA",SAM
"58 FAIRMOUNT STREET, Boston, MA",SAM
"59 FAIRMOUNT STREET, Boston, MA",SAM
"61 FAIRMOUNT STREET, Boston, MA",SAM
"62 FAIRMOUNT STREET, Boston, MA",SAM
"65 FAIRMOUNT STREET, Boston, MA",SAM
"66 FAIRMOUNT STREET, Boston, MA",SAM
"69 FAIRMOUNT STREET, Boston, MA",SAM
"70 FAIRMOUNT STREET, Boston, MA",SAM
"74 FAIRMOUNT STREET, Boston, MA",SAM
"75 FAIRMOUNT STREET, Boston, MA",SAM
"78 FAIRMOUNT STREET, Boston, MA",SAM
"79 FAIRMOUNT STREET, Boston, MA",SAM
"83 FAIRMOUNT STREET, Boston, MA",SAM
"86 FAIRMOUNT STREET, Boston, MA",SAM
"9 FAIRMOUNT STREET, Boston, MA",SAM
"90 FAIRMOUNT STREET, Boston, MA",SAM
"94 FAIRMOUNT STREET, Boston, MA",SAM
"98 FAIRMOUNT STREET, Boston, MA",SAM
"12 FAIRMOUNT COURT, Boston, MA",SAM
"5 FAIRVIEW AVENUE, Boston, MA",SAM
"7 FAIRVIEW AVENUE, Boston, MA",SAM
"10 FAIRVIEW STREET, Boston, MA",SAM
"11 FAIRVIEW STREET, Boston, MA",SAM
"12 FAIRVIEW STREET, Boston, MA",SAM
"13 FAIRVIEW STREET, Boston, MA",SAM
"14 FAIRVIEW STREET, Boston, MA",SAM
"15 FAIRVIEW STREET, Boston, MA",SAM
"16 FAIRVIEW STREET, Boston, MA",SAM
"19 FAIRVIEW STREET, Boston, MA",SAM
"20 FAIRVIEW STREET, Boston, MA",SAM
"24 FAIRVIEW STREET, Boston, MA",SAM
"25 FAIRVIEW STREET, Boston, MA",SAM
"26 FAIRVIEW STREET, Boston, MA",SAM
"29 FAIRVIEW STREET, Boston, MA",SAM
"3 FAIRVIEW STREET, Boston, MA",SAM
"30 FAIRVIEW STREET, Boston, MA",SAM
"31 FAIRVIEW STREET, Boston, MA",SAM
"32 FAIRVIEW STREET, Boston, MA",SAM
"33 FAIRVIEW STREET, Boston, MA",SAM
"38 FAIRVIEW STREET, Boston, MA",SAM
"39 FAIRVIEW STREET, Boston, MA",SAM
"40 FAIRVIEW STREET, Boston, MA",SAM
"41 FAIRVIEW STREET, Boston, MA",SAM
"42 FAIRVIEW STREET, Boston, MA",SAM
"43 FAIRVIEW STREET, Boston, MA",SAM
"45 FAIRVIEW STREET, Boston, MA",SAM
"46 FAIRVIEW STREET, Boston, MA",SAM
"49 FAIRVIEW STREET, Boston, MA",SAM
"5 FAIRVIEW STREET, Boston, MA",SAM
"50 FAIRVIEW STREET, Boston, MA",SAM
"51 FAIRVIEW STREET, Boston, MA",SAM
"52 FAIRVIEW STREET, Boston, MA",SAM
"53 FAIRVIEW STREET, Boston, MA",SAM
"55 FAIRVIEW STREET, Boston, MA",SAM
"56 FAIRVIEW STREET, Boston, MA",SAM
"57 FAIRVIEW STREET, Boston, MA",SAM
"59 FAIRVIEW STREET, Boston, MA",SAM
"6 FAIRVIEW STREET, Boston, MA",SAM
"8 FAIRVIEW STREET, Boston, MA",SAM
"9 FAIRVIEW STREET, Boston, MA",SAM
"48 FAIRVIEW STREET, Boston, MA",SAM
"54 FAIRVIEW STREET, Boston, MA",SAM
"10 FAIRWAY STREET, Boston, MA",SAM
"102 FALCON STREET, Boston, MA",SAM
"103 FALCON STREET, Boston, MA",SAM
"104 FALCON STREET, Boston, MA",SAM
"105 FALCON STREET, Boston, MA",SAM
"106 FALCON STREET, Boston, MA",SAM
"107 FALCON STREET, Boston, MA",SAM
"109 FALCON STREET, Boston, MA",SAM
"111 FALCON STREET, Boston, MA",SAM
"112 FALCON STREET, Boston, MA",SAM
"114 FALCON STREET, Boston, MA",SAM
"116 FALCON STREET, Boston, MA",SAM
"117 FALCON STREET, Boston, MA",SAM
"118 FALCON STREET, Boston, MA",SAM
"12 FALCON STREET, Boston, MA",SAM
"120 FALCON STREET, Boston, MA",SAM
"121 FALCON STREET, Boston, MA",SAM
"122 FALCON STREET, Boston, MA",SAM
"123 FALCON STREET, Boston, MA",SAM
"124 FALCON STREET, Boston, MA",SAM
"125 FALCON STREET, Boston, MA",SAM
"126 FALCON STREET, Boston, MA",SAM
"127 FALCON STREET, Boston, MA",SAM
"128 FALCON STREET, Boston, MA",SAM
"129 FALCON STREET, Boston, MA",SAM
"130 FALCON STREET, Boston, MA",SAM
"131 FALCON STREET, Boston, MA",SAM
"133 FALCON STREET, Boston, MA",SAM
"134 FALCON STREET, Boston, MA",SAM
"135 FALCON STREET, Boston, MA",SAM
"136 FALCON STREET, Boston, MA",SAM
"137 FALCON STREET, Boston, MA",SAM
"138 FALCON STREET, Boston, MA",SAM
"139 FALCON STREET, Boston, MA",SAM
"14 FALCON STREET, Boston, MA",SAM
"140 FALCON STREET, Boston, MA",SAM
"141 FALCON STREET, Boston, MA",SAM
"142 FALCON STREET, Boston, MA",SAM
"143 FALCON STREET, Boston, MA",SAM
"144 FALCON STREET, Boston, MA",SAM
"146 FALCON STREET, Boston, MA",SAM
"148 FALCON STREET, Boston, MA",SAM
"149 FALCON STREET, Boston, MA",SAM
"150 FALCON STREET, Boston, MA",SAM
"152 FALCON STREET, Boston, MA",SAM
"153 FALCON STREET, Boston, MA",SAM
"156 FALCON STREET, Boston, MA",SAM
"158 FALCON STREET, Boston, MA",SAM
"159 FALCON STREET, Boston, MA",SAM
"160 FALCON STREET, Boston, MA",SAM
"162 FALCON STREET, Boston, MA",SAM
"163 FALCON STREET, Boston, MA",SAM
"166 FALCON STREET, Boston, MA",SAM
"167 FALCON STREET, Boston, MA",SAM
"170 FALCON STREET, Boston, MA",SAM
"171 FALCON STREET, Boston, MA",SAM
"174 FALCON STREET, Boston, MA",SAM
"175 FALCON STREET, Boston, MA",SAM
"176 FALCON STREET, Boston, MA",SAM
"180 FALCON STREET, Boston, MA",SAM
"181 FALCON STREET, Boston, MA",SAM
"182 FALCON STREET, Boston, MA",SAM
"183 FALCON STREET, Boston, MA",SAM
"185 FALCON STREET, Boston, MA",SAM
"188 FALCON STREET, Boston, MA",SAM
"191 FALCON STREET, Boston, MA",SAM
"192 FALCON STREET, Boston, MA",SAM
"194 FALCON STREET, Boston, MA",SAM
"195 FALCON STREET, Boston, MA",SAM
"196 FALCON STREET, Boston, MA",SAM
"197 FALCON STREET, Boston, MA",SAM
"198 FALCON STREET, Boston, MA",SAM
"199 FALCON STREET, Boston, MA",SAM
"201 FALCON STREET, Boston, MA",SAM
"202 FALCON STREET, Boston, MA",SAM
"203 FALCON STREET, Boston, MA",SAM
"205 FALCON STREET, Boston, MA",SAM
"206 FALCON STREET, Boston, MA",SAM
"207 FALCON STREET, Boston, MA",SAM
"22 FALCON STREET, Boston, MA",SAM
"24 FALCON STREET, Boston, MA",SAM
"25 FALCON STREET, Boston, MA",SAM
"28 FALCON STREET, Boston, MA",SAM
"29 FALCON STREET, Boston, MA",SAM
"30 FALCON STREET, Boston, MA",SAM
"31 FALCON STREET, Boston, MA",SAM
"32 FALCON STREET, Boston, MA",SAM
"33 FALCON STREET, Boston, MA",SAM
"34 FALCON STREET, Boston, MA",SAM
"38 FALCON STREET, Boston, MA",SAM
"39 FALCON STREET, Boston, MA",SAM
"40 FALCON STREET, Boston, MA",SAM
"42 FALCON STREET, Boston, MA",SAM
"44 FALCON STREET, Boston, MA",SAM
"45 FALCON STREET, Boston, MA",SAM
"47 FALCON STREET, Boston, MA",SAM
"5 FALCON STREET, Boston, MA",SAM
"50 FALCON STREET, Boston, MA",SAM
"51 FALCON STREET, Boston, MA",SAM
"52 FALCON STREET, Boston, MA",SAM
"55 FALCON STREET, Boston, MA",SAM
"56 FALCON STREET, Boston, MA",SAM
"57 FALCON STREET, Boston, MA",SAM
"60 FALCON STREET, Boston, MA",SAM
"62 FALCON STREET, Boston, MA",SAM
"63 FALCON STREET, Boston, MA",SAM
"64 FALCON STREET, Boston, MA",SAM
"66 FALCON STREET, Boston, MA",SAM
"68 FALCON STREET, Boston, MA",SAM
"69 FALCON STREET, Boston, MA",SAM
"7 FALCON STREET, Boston, MA",SAM
"70 FALCON STREET, Boston, MA",SAM
"71 FALCON STREET, Boston, MA",SAM
"74 FALCON STREET, Boston, MA",SAM
"76 FALCON STREET, Boston, MA",SAM
"77 FALCON STREET, Boston, MA",SAM
"78 FALCON STREET, Boston, MA",SAM
"79 FALCON STREET, Boston, MA",SAM
"82 FALCON STREET, Boston, MA",SAM
"86 FALCON STREET, Boston, MA",SAM
"87 FALCON STREET, Boston, MA",SAM
"88 FALCON STREET, Boston, MA",SAM
"89 FALCON STREET, Boston, MA",SAM
"90 FALCON STREET, Boston, MA",SAM
"92 FALCON STREET, Boston, MA",SAM
"93 FALCON STREET, Boston, MA",SAM
"94 FALCON STREET, Boston, MA",SAM
"95 FALCON STREET, Boston, MA",SAM
"96 FALCON STREET, Boston, MA",SAM
"97 FALCON STREET, Boston, MA",SAM
"98 FALCON STREET, Boston, MA",SAM
"99 FALCON STREET, Boston, MA",SAM
"11 FALKLAND STREET, Boston, MA",SAM
"12 FALKLAND STREET, Boston, MA",SAM
"13 FALKLAND STREET, Boston, MA",SAM
"16 FALKLAND STREET, Boston, MA",SAM
"17 FALKLAND STREET, Boston, MA",SAM
"21 FALKLAND STREET, Boston, MA",SAM
"24 FALKLAND STREET, Boston, MA",SAM
"25 FALKLAND STREET, Boston, MA",SAM
"28 FALKLAND STREET, Boston, MA",SAM
"29 FALKLAND STREET, Boston, MA",SAM
"32 FALKLAND STREET, Boston, MA",SAM
"33 FALKLAND STREET, Boston, MA",SAM
"37 FALKLAND STREET, Boston, MA",SAM
"4 FALKLAND STREET, Boston, MA",SAM
"40 FALKLAND STREET, Boston, MA",SAM
"41 FALKLAND STREET, Boston, MA",SAM
"44 FALKLAND STREET, Boston, MA",SAM
"45 FALKLAND STREET, Boston, MA",SAM
"48 FALKLAND STREET, Boston, MA",SAM
"49 FALKLAND STREET, Boston, MA",SAM
"53 FALKLAND STREET, Boston, MA",SAM
"54 FALKLAND STREET, Boston, MA",SAM
"57 FALKLAND STREET, Boston, MA",SAM
"61 FALKLAND STREET, Boston, MA",SAM
"62 FALKLAND STREET, Boston, MA",SAM
"66 FALKLAND STREET, Boston, MA",SAM
"67 FALKLAND STREET, Boston, MA",SAM
"71 FALKLAND STREET, Boston, MA",SAM
"8 FALKLAND STREET, Boston, MA",SAM
"100 FANEUIL STREET, Boston, MA",SAM
"101 FANEUIL STREET, Boston, MA",SAM
"109 FANEUIL STREET, Boston, MA",SAM
"112 FANEUIL STREET, Boston, MA",SAM
"116 FANEUIL STREET, Boston, MA",SAM
"120 FANEUIL STREET, Boston, MA",SAM
"121 FANEUIL STREET, Boston, MA",SAM
"124 FANEUIL STREET, Boston, MA",SAM
"127 FANEUIL STREET, Boston, MA",SAM
"128 FANEUIL STREET, Boston, MA",SAM
"129 FANEUIL STREET, Boston, MA",SAM
"133 FANEUIL STREET, Boston, MA",SAM
"141 FANEUIL STREET, Boston, MA",SAM
"144 FANEUIL STREET, Boston, MA",SAM
"148 FANEUIL STREET, Boston, MA",SAM
"155 FANEUIL STREET, Boston, MA",SAM
"159 FANEUIL STREET, Boston, MA",SAM
"16 FANEUIL STREET, Boston, MA",SAM
"163 FANEUIL STREET, Boston, MA",SAM
"164 FANEUIL STREET, Boston, MA",SAM
"167 FANEUIL STREET, Boston, MA",SAM
"168 FANEUIL STREET, Boston, MA",SAM
"172 FANEUIL STREET, Boston, MA",SAM
"175 FANEUIL STREET, Boston, MA",SAM
"176 FANEUIL STREET, Boston, MA",SAM
"177 FANEUIL STREET, Boston, MA",SAM
"179 FANEUIL STREET, Boston, MA",SAM
"180 FANEUIL STREET, Boston, MA",SAM
"183 FANEUIL STREET, Boston, MA",SAM
"184 FANEUIL STREET, Boston, MA",SAM
"187 FANEUIL STREET, Boston, MA",SAM
"19 FANEUIL STREET, Boston, MA",SAM
"192 FANEUIL STREET, Boston, MA",SAM
"196 FANEUIL STREET, Boston, MA",SAM
"200 FANEUIL STREET, Boston, MA",SAM
"205 FANEUIL STREET, Boston, MA",SAM
"215 FANEUIL STREET, Boston, MA",SAM
"216 FANEUIL STREET, Boston, MA",SAM
"219 FANEUIL STREET, Boston, MA",SAM
"220 FANEUIL STREET, Boston, MA",SAM
"224 FANEUIL STREET, Boston, MA",SAM
"227 FANEUIL STREET, Boston, MA",SAM
"228 FANEUIL STREET, Boston, MA",SAM
"232 FANEUIL STREET, Boston, MA",SAM
"233 FANEUIL STREET, Boston, MA",SAM
"237 FANEUIL STREET, Boston, MA",SAM
"24 FANEUIL STREET, Boston, MA",SAM
"245 FANEUIL STREET, Boston, MA",SAM
"265 FANEUIL STREET, Boston, MA",SAM
"269 FANEUIL STREET, Boston, MA",SAM
"272 FANEUIL STREET, Boston, MA",SAM
"276 FANEUIL STREET, Boston, MA",SAM
"28 FANEUIL STREET, Boston, MA",SAM
"281 FANEUIL STREET, Boston, MA",SAM
"297 FANEUIL STREET, Boston, MA",SAM
"300 FANEUIL STREET, Boston, MA",SAM
"301 FANEUIL STREET, Boston, MA",SAM
"305 FANEUIL STREET, Boston, MA",SAM
"308 FANEUIL STREET, Boston, MA",SAM
"31 FANEUIL STREET, Boston, MA",SAM
"314 FANEUIL STREET, Boston, MA",SAM
"319 FANEUIL STREET, Boston, MA",SAM
"32 FANEUIL STREET, Boston, MA",SAM
"325 FANEUIL STREET, Boston, MA",SAM
"335 FANEUIL STREET, Boston, MA",SAM
"336 FANEUIL STREET, Boston, MA",SAM
"340 FANEUIL STREET, Boston, MA",SAM
"351 FANEUIL STREET, Boston, MA",SAM
"36 FANEUIL STREET, Boston, MA",SAM
"361 FANEUIL STREET, Boston, MA",SAM
"362 FANEUIL STREET, Boston, MA",SAM
"365 FANEUIL STREET, Boston, MA",SAM
"375 FANEUIL STREET, Boston, MA",SAM
"383 FANEUIL STREET, Boston, MA",SAM
"387 FANEUIL STREET, Boston, MA",SAM
"393 FANEUIL STREET, Boston, MA",SAM
"395 FANEUIL STREET, Boston, MA",SAM
"40 FANEUIL STREET, Boston, MA",SAM
"419 FANEUIL STREET, Boston, MA",SAM
"42 FANEUIL STREET, Boston, MA",SAM
"425 FANEUIL STREET, Boston, MA",SAM
"427 FANEUIL STREET, Boston, MA",SAM
"74 FANEUIL STREET, Boston, MA",SAM
"91 FANEUIL STREET, Boston, MA",SAM
"93 FANEUIL STREET, Boston, MA",SAM
"99 FANEUIL STREET, Boston, MA",SAM
"10 FARADAY STREET, Boston, MA",SAM
"101 FARADAY STREET, Boston, MA",SAM
"102 FARADAY STREET, Boston, MA",SAM
"105 FARADAY STREET, Boston, MA",SAM
"106 FARADAY STREET, Boston, MA",SAM
"109 FARADAY STREET, Boston, MA",SAM
"11 FARADAY STREET, Boston, MA",SAM
"110 FARADAY STREET, Boston, MA",SAM
"113 FARADAY STREET, Boston, MA",SAM
"114 FARADAY STREET, Boston, MA",SAM
"117 FARADAY STREET, Boston, MA",SAM
"118 FARADAY STREET, Boston, MA",SAM
"12 FARADAY STREET, Boston, MA",SAM
"121 FARADAY STREET, Boston, MA",SAM
"122 FARADAY STREET, Boston, MA",SAM
"125 FARADAY STREET, Boston, MA",SAM
"126 FARADAY STREET, Boston, MA",SAM
"129 FARADAY STREET, Boston, MA",SAM
"130 FARADAY STREET, Boston, MA",SAM
"14 FARADAY STREET, Boston, MA",SAM
"15 FARADAY STREET, Boston, MA",SAM
"16 FARADAY STREET, Boston, MA",SAM
"18 FARADAY STREET, Boston, MA",SAM
"19 FARADAY STREET, Boston, MA",SAM
"22 FARADAY STREET, Boston, MA",SAM
"36 FARADAY STREET, Boston, MA",SAM
"38 FARADAY STREET, Boston, MA",SAM
"40 FARADAY STREET, Boston, MA",SAM
"43 FARADAY STREET, Boston, MA",SAM
"44 FARADAY STREET, Boston, MA",SAM
"45 FARADAY STREET, Boston, MA",SAM
"48 FARADAY STREET, Boston, MA",SAM
"49 FARADAY STREET, Boston, MA",SAM
"50 FARADAY STREET, Boston, MA",SAM
"53 FARADAY STREET, Boston, MA",SAM
"54 FARADAY STREET, Boston, MA",SAM
"59 FARADAY STREET, Boston, MA",SAM
"7 FARADAY STREET, Boston, MA",SAM
"85 FARADAY STREET, Boston, MA",SAM
"89 FARADAY STREET, Boston, MA",SAM
"90 FARADAY STREET, Boston, MA",SAM
"93 FARADAY STREET, Boston, MA",SAM
"94 FARADAY STREET, Boston, MA",SAM
"97 FARADAY STREET, Boston, MA",SAM
"98 FARADAY STREET, Boston, MA",SAM
"85 FARGO STREET, Boston, MA",SAM
"21 FARMINGTON ROAD, Boston, MA",SAM
"25 FARMINGTON ROAD, Boston, MA",SAM
"28 FARMINGTON ROAD, Boston, MA",SAM
"29 FARMINGTON ROAD, Boston, MA",SAM
"32 FARMINGTON ROAD, Boston, MA",SAM
"33 FARMINGTON ROAD, Boston, MA",SAM
"37 FARMINGTON ROAD, Boston, MA",SAM
"41 FARMINGTON ROAD, Boston, MA",SAM
"49 FARMINGTON ROAD, Boston, MA",SAM
"50 FARMINGTON ROAD, Boston, MA",SAM
"10 FARNHAM STREET, Boston, MA",SAM
"71 FARNHAM STREET, Boston, MA",SAM
"76 FARNHAM STREET, Boston, MA",SAM
"11 FARNSWORTH STREET, Boston, MA",SAM
"12 FARNSWORTH STREET, Boston, MA",SAM
"17 FARNSWORTH STREET, Boston, MA",SAM
"23 FARNSWORTH STREET, Boston, MA",SAM
"24 FARNSWORTH STREET, Boston, MA",SAM
"29 FARNSWORTH STREET, Boston, MA",SAM
"34 FARNSWORTH STREET, Boston, MA",SAM
"44 FARNSWORTH STREET, Boston, MA",SAM
"47 FARNSWORTH STREET, Boston, MA",SAM
"100 FARQUHAR STREET, Boston, MA",SAM
"103 FARQUHAR STREET, Boston, MA",SAM
"104 FARQUHAR STREET, Boston, MA",SAM
"107 FARQUHAR STREET, Boston, MA",SAM
"108 FARQUHAR STREET, Boston, MA",SAM
"11 FARQUHAR STREET, Boston, MA",SAM
"112 FARQUHAR STREET, Boston, MA",SAM
"115 FARQUHAR STREET, Boston, MA",SAM
"116 FARQUHAR STREET, Boston, MA",SAM
"119 FARQUHAR STREET, Boston, MA",SAM
"14 FARQUHAR STREET, Boston, MA",SAM
"15 FARQUHAR STREET, Boston, MA",SAM
"19 FARQUHAR STREET, Boston, MA",SAM
"20 FARQUHAR STREET, Boston, MA",SAM
"21 FARQUHAR STREET, Boston, MA",SAM
"25 FARQUHAR STREET, Boston, MA",SAM
"26 FARQUHAR STREET, Boston, MA",SAM
"27 FARQUHAR STREET, Boston, MA",SAM
"29 FARQUHAR STREET, Boston, MA",SAM
"30 FARQUHAR STREET, Boston, MA",SAM
"33 FARQUHAR STREET, Boston, MA",SAM
"37 FARQUHAR STREET, Boston, MA",SAM
"38 FARQUHAR STREET, Boston, MA",SAM
"44 FARQUHAR STREET, Boston, MA",SAM
"48 FARQUHAR STREET, Boston, MA",SAM
"50 FARQUHAR STREET, Boston, MA",SAM
"6 FARQUHAR STREET, Boston, MA",SAM
"62 FARQUHAR STREET, Boston, MA",SAM
"63 FARQUHAR STREET, Boston, MA",SAM
"66 FARQUHAR STREET, Boston, MA",SAM
"67 FARQUHAR STREET, Boston, MA",SAM
"70 FARQUHAR STREET, Boston, MA",SAM
"71 FARQUHAR STREET, Boston, MA",SAM
"74 FARQUHAR STREET, Boston, MA",SAM
"75 FARQUHAR STREET, Boston, MA",SAM
"79 FARQUHAR STREET, Boston, MA",SAM
"80 FARQUHAR STREET, Boston, MA",SAM
"81 FARQUHAR STREET, Boston, MA",SAM
"85 FARQUHAR STREET, Boston, MA",SAM
"88 FARQUHAR STREET, Boston, MA",SAM
"89 FARQUHAR STREET, Boston, MA",SAM
"9 FARQUHAR STREET, Boston, MA",SAM
"92 FARQUHAR STREET, Boston, MA",SAM
"95 FARQUHAR STREET, Boston, MA",SAM
"99 FARQUHAR STREET, Boston, MA",SAM
"109 FARRAGUT ROAD, Boston, MA",SAM
"121 FARRAGUT ROAD, Boston, MA",SAM
"123 FARRAGUT ROAD, Boston, MA",SAM
"125 FARRAGUT ROAD, Boston, MA",SAM
"135 FARRAGUT ROAD, Boston, MA",SAM
"145 FARRAGUT ROAD, Boston, MA",SAM
"20 FARRAGUT ROAD, Boston, MA",SAM
"35 FARRAGUT ROAD, Boston, MA",SAM
"37 FARRAGUT ROAD, Boston, MA",SAM
"41 FARRAGUT ROAD, Boston, MA",SAM
"47 FARRAGUT ROAD, Boston, MA",SAM
"53 FARRAGUT ROAD, Boston, MA",SAM
"55 FARRAGUT ROAD, Boston, MA",SAM
"57 FARRAGUT ROAD, Boston, MA",SAM
"61 FARRAGUT ROAD, Boston, MA",SAM
"63 FARRAGUT ROAD, Boston, MA",SAM
"65 FARRAGUT ROAD, Boston, MA",SAM
"71 FARRAGUT ROAD, Boston, MA",SAM
"73 FARRAGUT ROAD, Boston, MA",SAM
"75 FARRAGUT ROAD, Boston, MA",SAM
"77 FARRAGUT ROAD, Boston, MA",SAM
"81 FARRAGUT ROAD, Boston, MA",SAM
"83 FARRAGUT ROAD, Boston, MA",SAM
"85 FARRAGUT ROAD, Boston, MA",SAM
"97 FARRAGUT ROAD, Boston, MA",SAM
"11 FARRAGUT STREET, Boston, MA",SAM
"12 FARRAGUT STREET, Boston, MA",SAM
"19 FARRAGUT STREET, Boston, MA",SAM
"1 FARRAR AVENUE, Boston, MA",SAM
"100 FARRAR AVENUE, Boston, MA",SAM
"103 FARRAR AVENUE, Boston, MA",SAM
"107 FARRAR AVENUE, Boston, MA",SAM
"11 FARRAR AVENUE, Boston, MA",SAM
"111 FARRAR AVENUE, Boston, MA",SAM
"115 FARRAR AVENUE, Boston, MA",SAM
"15 FARRAR AVENUE, Boston, MA",SAM
"16 FARRAR AVENUE, Boston, MA",SAM
"19 FARRAR AVENUE, Boston, MA",SAM
"23 FARRAR AVENUE, Boston, MA",SAM
"24 FARRAR AVENUE, Boston, MA",SAM
"27 FARRAR AVENUE, Boston, MA",SAM
"28 FARRAR AVENUE, Boston, MA",SAM
"31 FARRAR AVENUE, Boston, MA",SAM
"32 FARRAR AVENUE, Boston, MA",SAM
"35 FARRAR AVENUE, Boston, MA",SAM
"36 FARRAR AVENUE, Boston, MA",SAM
"40 FARRAR AVENUE, Boston, MA",SAM
"43 FARRAR AVENUE, Boston, MA",SAM
"46 FARRAR AVENUE, Boston, MA",SAM
"47 FARRAR AVENUE, Boston, MA",SAM
"51 FARRAR AVENUE, Boston, MA",SAM
"55 FARRAR AVENUE, Boston, MA",SAM
"59 FARRAR AVENUE, Boston, MA",SAM
"64 FARRAR AVENUE, Boston, MA",SAM
"67 FARRAR AVENUE, Boston, MA",SAM
"71 FARRAR AVENUE, Boston, MA",SAM
"72 FARRAR AVENUE, Boston, MA",SAM
"75 FARRAR AVENUE, Boston, MA",SAM
"76 FARRAR AVENUE, Boston, MA",SAM
"79 FARRAR AVENUE, Boston, MA",SAM
"80 FARRAR AVENUE, Boston, MA",SAM
"83 FARRAR AVENUE, Boston, MA",SAM
"84 FARRAR AVENUE, Boston, MA",SAM
"87 FARRAR AVENUE, Boston, MA",SAM
"88 FARRAR AVENUE, Boston, MA",SAM
"91 FARRAR AVENUE, Boston, MA",SAM
"92 FARRAR AVENUE, Boston, MA",SAM
"95 FARRAR AVENUE, Boston, MA",SAM
"96 FARRAR AVENUE, Boston, MA",SAM
"99 FARRAR AVENUE, Boston, MA",SAM
"10 FARRIN STREET, Boston, MA",SAM
"15 FARRIN STREET, Boston, MA",SAM
"19 FARRIN STREET, Boston, MA",SAM
"5 FARRIN STREET, Boston, MA",SAM
"6 FARRIN STREET, Boston, MA",SAM
"9 FARRIN STREET, Boston, MA",SAM
"16 FARRINGTON AVENUE, Boston, MA",SAM
"19 FARRINGTON AVENUE, Boston, MA",SAM
"23 FARRINGTON AVENUE, Boston, MA",SAM
"7 FARRINGTON AVENUE, Boston, MA",SAM
"10 FARWELL AVENUE, Boston, MA",SAM
"14 FARWELL AVENUE, Boston, MA",SAM
"15 FARWELL AVENUE, Boston, MA",SAM
"18 FARWELL AVENUE, Boston, MA",SAM
"19 FARWELL AVENUE, Boston, MA",SAM
"22 FARWELL AVENUE, Boston, MA",SAM
"30 FARWELL AVENUE, Boston, MA",SAM
"34 FARWELL AVENUE, Boston, MA",SAM
"45 FARWELL AVENUE, Boston, MA",SAM
"6 FARWELL AVENUE, Boston, MA",SAM
"9 FARWELL AVENUE, Boston, MA",SAM
"19 FATHER FRANCIS J GILDAY STREET, Boston, MA",SAM
"21 FATHER FRANCIS J GILDAY STREET, Boston, MA",SAM
"15 FAULKNER STREET, Boston, MA",SAM
"16 FAULKNER STREET, Boston, MA",SAM
"18 FAULKNER STREET, Boston, MA",SAM
"19 FAULKNER STREET, Boston, MA",SAM
"20 FAULKNER STREET, Boston, MA",SAM
"21 FAULKNER STREET, Boston, MA",SAM
"25 FAULKNER STREET, Boston, MA",SAM
"27 FAULKNER STREET, Boston, MA",SAM
"29 FAULKNER STREET, Boston, MA",SAM
"31 FAULKNER STREET, Boston, MA",SAM
"33 FAULKNER STREET, Boston, MA",SAM
"35 FAULKNER STREET, Boston, MA",SAM
"1 FAULKNER CIRCLE, Boston, MA",SAM
"2 FAULKNER CIRCLE, Boston, MA",SAM
"15 FAUNCE ROAD, Boston, MA",SAM
"17 FAUNCE ROAD, Boston, MA",SAM
"20 FAUNCE ROAD, Boston, MA",SAM
"22 FAUNCE ROAD, Boston, MA",SAM
"23 FAUNCE ROAD, Boston, MA",SAM
"26 FAUNCE ROAD, Boston, MA",SAM
"27 FAUNCE ROAD, Boston, MA",SAM
"33 FAUNCE ROAD, Boston, MA",SAM
"34 FAUNCE ROAD, Boston, MA",SAM
"37 FAUNCE ROAD, Boston, MA",SAM
"43 FAUNCE ROAD, Boston, MA",SAM
"44 FAUNCE ROAD, Boston, MA",SAM
"45 FAUNCE ROAD, Boston, MA",SAM
"47 FAUNCE ROAD, Boston, MA",SAM
"50 FAUNCE ROAD, Boston, MA",SAM
"54 FAUNCE ROAD, Boston, MA",SAM
"55 FAUNCE ROAD, Boston, MA",SAM
"56 FAUNCE ROAD, Boston, MA",SAM
"60 FAUNCE ROAD, Boston, MA",SAM
"8 FAUNCE ROAD, Boston, MA",SAM
"11 FAVRE STREET, Boston, MA",SAM
"14 FAVRE STREET, Boston, MA",SAM
"15 FAVRE STREET, Boston, MA",SAM
"17 FAVRE STREET, Boston, MA",SAM
"21 FAVRE STREET, Boston, MA",SAM
"25 FAVRE STREET, Boston, MA",SAM
"26 FAVRE STREET, Boston, MA",SAM
"29 FAVRE STREET, Boston, MA",SAM
"30 FAVRE STREET, Boston, MA",SAM
"33 FAVRE STREET, Boston, MA",SAM
"34 FAVRE STREET, Boston, MA",SAM
"37 FAVRE STREET, Boston, MA",SAM
"38 FAVRE STREET, Boston, MA",SAM
"41 FAVRE STREET, Boston, MA",SAM
"42 FAVRE STREET, Boston, MA",SAM
"45 FAVRE STREET, Boston, MA",SAM
"46 FAVRE STREET, Boston, MA",SAM
"49 FAVRE STREET, Boston, MA",SAM
"50 FAVRE STREET, Boston, MA",SAM
"53 FAVRE STREET, Boston, MA",SAM
"54 FAVRE STREET, Boston, MA",SAM
"57 FAVRE STREET, Boston, MA",SAM
"58 FAVRE STREET, Boston, MA",SAM
"61 FAVRE STREET, Boston, MA",SAM
"65 FAVRE STREET, Boston, MA",SAM
"66 FAVRE STREET, Boston, MA",SAM
"69 FAVRE STREET, Boston, MA",SAM
"70 FAVRE STREET, Boston, MA",SAM
"73 FAVRE STREET, Boston, MA",SAM
"74 FAVRE STREET, Boston, MA",SAM
"75 FAVRE STREET, Boston, MA",SAM
"77 FAVRE STREET, Boston, MA",SAM
"78 FAVRE STREET, Boston, MA",SAM
"82 FAVRE STREET, Boston, MA",SAM
"9 FAVRE STREET, Boston, MA",SAM
"10 FAWNDALE ROAD, Boston, MA",SAM
"11 FAWNDALE ROAD, Boston, MA",SAM
"19 FAWNDALE ROAD, Boston, MA",SAM
"20 FAWNDALE ROAD, Boston, MA",SAM
"23 FAWNDALE ROAD, Boston, MA",SAM
"24 FAWNDALE ROAD, Boston, MA",SAM
"28 FAWNDALE ROAD, Boston, MA",SAM
"31 FAWNDALE ROAD, Boston, MA",SAM
"32 FAWNDALE ROAD, Boston, MA",SAM
"35 FAWNDALE ROAD, Boston, MA",SAM
"36 FAWNDALE ROAD, Boston, MA",SAM
"39 FAWNDALE ROAD, Boston, MA",SAM
"4 FAWNDALE ROAD, Boston, MA",SAM
"40 FAWNDALE ROAD, Boston, MA",SAM
"43 FAWNDALE ROAD, Boston, MA",SAM
"44 FAWNDALE ROAD, Boston, MA",SAM
"47 FAWNDALE ROAD, Boston, MA",SAM
"48 FAWNDALE ROAD, Boston, MA",SAM
"51 FAWNDALE ROAD, Boston, MA",SAM
"52 FAWNDALE ROAD, Boston, MA",SAM
"53 FAWNDALE ROAD, Boston, MA",SAM
"56 FAWNDALE ROAD, Boston, MA",SAM
"57 FAWNDALE ROAD, Boston, MA",SAM
"60 FAWNDALE ROAD, Boston, MA",SAM
"61 FAWNDALE ROAD, Boston, MA",SAM
"64 FAWNDALE ROAD, Boston, MA",SAM
"65 FAWNDALE ROAD, Boston, MA",SAM
"7 FAWNDALE ROAD, Boston, MA",SAM
"8 FAWNDALE ROAD, Boston, MA",SAM
"9 FAWNDALE ROAD, Boston, MA",SAM
"10 FAYETTE STREET, Boston, MA",SAM
"11 FAYETTE STREET, Boston, MA",SAM
"12 FAYETTE STREET, Boston, MA",SAM
"13 FAYETTE STREET, Boston, MA",SAM
"14 FAYETTE STREET, Boston, MA",SAM
"15 FAYETTE STREET, Boston, MA",SAM
"16 FAYETTE STREET, Boston, MA",SAM
"17 FAYETTE STREET, Boston, MA",SAM
"18 FAYETTE STREET, Boston, MA",SAM
"20 FAYETTE STREET, Boston, MA",SAM
"22 FAYETTE STREET, Boston, MA",SAM
"23 FAYETTE STREET, Boston, MA",SAM
"24 FAYETTE STREET, Boston, MA",SAM
"25 FAYETTE STREET, Boston, MA",SAM
"26 FAYETTE STREET, Boston, MA",SAM
"27 FAYETTE STREET, Boston, MA",SAM
"28 FAYETTE STREET, Boston, MA",SAM
"3 FAYETTE STREET, Boston, MA",SAM
"30 FAYETTE STREET, Boston, MA",SAM
"32 FAYETTE STREET, Boston, MA",SAM
"33 FAYETTE STREET, Boston, MA",SAM
"34 FAYETTE STREET, Boston, MA",SAM
"35 FAYETTE STREET, Boston, MA",SAM
"37 FAYETTE STREET, Boston, MA",SAM
"39 FAYETTE STREET, Boston, MA",SAM
"42 FAYETTE STREET, Boston, MA",SAM
"44 FAYETTE STREET, Boston, MA",SAM
"46 FAYETTE STREET, Boston, MA",SAM
"48 FAYETTE STREET, Boston, MA",SAM
"50 FAYETTE STREET, Boston, MA",SAM
"52 FAYETTE STREET, Boston, MA",SAM
"54 FAYETTE STREET, Boston, MA",SAM
"56 FAYETTE STREET, Boston, MA",SAM
"6 FAYETTE STREET, Boston, MA",SAM
"7 FAYETTE STREET, Boston, MA",SAM
"9 FAYETTE STREET, Boston, MA",SAM
"10 FAYSTON STREET, Boston, MA",SAM
"11 FAYSTON STREET, Boston, MA",SAM
"13 FAYSTON STREET, Boston, MA",SAM
"16 FAYSTON STREET, Boston, MA",SAM
"18 FAYSTON STREET, Boston, MA",SAM
"21 FAYSTON STREET, Boston, MA",SAM
"24 FAYSTON STREET, Boston, MA",SAM
"25 FAYSTON STREET, Boston, MA",SAM
"26 FAYSTON STREET, Boston, MA",SAM
"29 FAYSTON STREET, Boston, MA",SAM
"3 FAYSTON STREET, Boston, MA",SAM
"30 FAYSTON STREET, Boston, MA",SAM
"33 FAYSTON STREET, Boston, MA",SAM
"34 FAYSTON STREET, Boston, MA",SAM
"37 FAYSTON STREET, Boston, MA",SAM
"38 FAYSTON STREET, Boston, MA",SAM
"4 FAYSTON STREET, Boston, MA",SAM
"40 FAYSTON STREET, Boston, MA",SAM
"41 FAYSTON STREET, Boston, MA",SAM
"45 FAYSTON STREET, Boston, MA",SAM
"49 FAYSTON STREET, Boston, MA",SAM
"5 FAYSTON STREET, Boston, MA",SAM
"53 FAYSTON STREET, Boston, MA",SAM
"57 FAYSTON STREET, Boston, MA",SAM
"6 FAYSTON STREET, Boston, MA",SAM
"61 FAYSTON STREET, Boston, MA",SAM
"62 FAYSTON STREET, Boston, MA",SAM
"66 FAYSTON STREET, Boston, MA",SAM
"69 FAYSTON STREET, Boston, MA",SAM
"72 FAYSTON STREET, Boston, MA",SAM
"73 FAYSTON STREET, Boston, MA",SAM
"77 FAYSTON STREET, Boston, MA",SAM
"78 FAYSTON STREET, Boston, MA",SAM
"8 FAYSTON STREET, Boston, MA",SAM
"80 FAYSTON STREET, Boston, MA",SAM
"82 FAYSTON STREET, Boston, MA",SAM
"84 FAYSTON STREET, Boston, MA",SAM
"89 FAYSTON STREET, Boston, MA",SAM
"9 FAYSTON STREET, Boston, MA",SAM
"100 FAYWOOD AVENUE, Boston, MA",SAM
"103 FAYWOOD AVENUE, Boston, MA",SAM
"104 FAYWOOD AVENUE, Boston, MA",SAM
"107 FAYWOOD AVENUE, Boston, MA",SAM
"108 FAYWOOD AVENUE, Boston, MA",SAM
"109 FAYWOOD AVENUE, Boston, MA",SAM
"111 FAYWOOD AVENUE, Boston, MA",SAM
"112 FAYWOOD AVENUE, Boston, MA",SAM
"113 FAYWOOD AVENUE, Boston, MA",SAM
"115 FAYWOOD AVENUE, Boston, MA",SAM
"116 FAYWOOD AVENUE, Boston, MA",SAM
"120 FAYWOOD AVENUE, Boston, MA",SAM
"121 FAYWOOD AVENUE, Boston, MA",SAM
"123 FAYWOOD AVENUE, Boston, MA",SAM
"124 FAYWOOD AVENUE, Boston, MA",SAM
"125 FAYWOOD AVENUE, Boston, MA",SAM
"144 FAYWOOD AVENUE, Boston, MA",SAM
"148 FAYWOOD AVENUE, Boston, MA",SAM
"150 FAYWOOD AVENUE, Boston, MA",SAM
"154 FAYWOOD AVENUE, Boston, MA",SAM
"31 FAYWOOD AVENUE, Boston, MA",SAM
"35 FAYWOOD AVENUE, Boston, MA",SAM
"37 FAYWOOD AVENUE, Boston, MA",SAM
"39 FAYWOOD AVENUE, Boston, MA",SAM
"43 FAYWOOD AVENUE, Boston, MA",SAM
"44 FAYWOOD AVENUE, Boston, MA",SAM
"45 FAYWOOD AVENUE, Boston, MA",SAM
"48 FAYWOOD AVENUE, Boston, MA",SAM
"49 FAYWOOD AVENUE, Boston, MA",SAM
"51 FAYWOOD AVENUE, Boston, MA",SAM
"52 FAYWOOD AVENUE, Boston, MA",SAM
"55 FAYWOOD AVENUE, Boston, MA",SAM
"56 FAYWOOD AVENUE, Boston, MA",SAM
"59 FAYWOOD AVENUE, Boston, MA",SAM
"60 FAYWOOD AVENUE, Boston, MA",SAM
"64 FAYWOOD AVENUE, Boston, MA",SAM
"65 FAYWOOD AVENUE, Boston, MA",SAM
"68 FAYWOOD AVENUE, Boston, MA",SAM
"73 FAYWOOD AVENUE, Boston, MA",SAM
"74 FAYWOOD AVENUE, Boston, MA",SAM
"76 FAYWOOD AVENUE, Boston, MA",SAM
"79 FAYWOOD AVENUE, Boston, MA",SAM
"84 FAYWOOD AVENUE, Boston, MA",SAM
"85 FAYWOOD AVENUE, Boston, MA",SAM
"88 FAYWOOD AVENUE, Boston, MA",SAM
"91 FAYWOOD AVENUE, Boston, MA",SAM
"92 FAYWOOD AVENUE, Boston, MA",SAM
"93 FAYWOOD AVENUE, Boston, MA",SAM
"95 FAYWOOD AVENUE, Boston, MA",SAM
"99 FAYWOOD AVENUE, Boston, MA",SAM
"1 FEDERAL STREET, Boston, MA",SAM
"100 FEDERAL STREET, Boston, MA",SAM
"101 FEDERAL STREET, Boston, MA",SAM
"115 FEDERAL STREET, Boston, MA",SAM
"133 FEDERAL STREET, Boston, MA",SAM
"150 FEDERAL STREET, Boston, MA",SAM
"155 FEDERAL STREET, Boston, MA",SAM
"160 FEDERAL STREET, Boston, MA",SAM
"175 FEDERAL STREET, Boston, MA",SAM
"24 FEDERAL STREET, Boston, MA",SAM
"30 FEDERAL STREET, Boston, MA",SAM
"50 FEDERAL STREET, Boston, MA",SAM
"70 FEDERAL STREET, Boston, MA",SAM
"75 FEDERAL STREET, Boston, MA",SAM
"21 FELLOWS STREET, Boston, MA",SAM
"10 FENDALE AVENUE, Boston, MA",SAM
"14 FENDALE AVENUE, Boston, MA",SAM
"15 FENDALE AVENUE, Boston, MA",SAM
"17 FENDALE AVENUE, Boston, MA",SAM
"18 FENDALE AVENUE, Boston, MA",SAM
"21 FENDALE AVENUE, Boston, MA",SAM
"22 FENDALE AVENUE, Boston, MA",SAM
"25 FENDALE AVENUE, Boston, MA",SAM
"26 FENDALE AVENUE, Boston, MA",SAM
"29 FENDALE AVENUE, Boston, MA",SAM
"3 FENDALE AVENUE, Boston, MA",SAM
"30 FENDALE AVENUE, Boston, MA",SAM
"33 FENDALE AVENUE, Boston, MA",SAM
"34 FENDALE AVENUE, Boston, MA",SAM
"37 FENDALE AVENUE, Boston, MA",SAM
"38 FENDALE AVENUE, Boston, MA",SAM
"41 FENDALE AVENUE, Boston, MA",SAM
"42 FENDALE AVENUE, Boston, MA",SAM
"45 FENDALE AVENUE, Boston, MA",SAM
"46 FENDALE AVENUE, Boston, MA",SAM
"49 FENDALE AVENUE, Boston, MA",SAM
"50 FENDALE AVENUE, Boston, MA",SAM
"9 FENDALE AVENUE, Boston, MA",SAM
"10 FENELON STREET, Boston, MA",SAM
"14 FENELON STREET, Boston, MA",SAM
"15 FENELON STREET, Boston, MA",SAM
"17 FENELON STREET, Boston, MA",SAM
"19 FENELON STREET, Boston, MA",SAM
"8 FENELON STREET, Boston, MA",SAM
"9 FENELON STREET, Boston, MA",SAM
"1 FENSMERE ROAD, Boston, MA",SAM
"11 FENSMERE ROAD, Boston, MA",SAM
"15 FENSMERE ROAD, Boston, MA",SAM
"3 FENSMERE ROAD, Boston, MA",SAM
"5 FENSMERE ROAD, Boston, MA",SAM
"7 FENSMERE ROAD, Boston, MA",SAM
"9 FENSMERE ROAD, Boston, MA",SAM
"11 FENTON STREET, Boston, MA",SAM
"12 FENTON STREET, Boston, MA",SAM
"20 FENTON STREET, Boston, MA",SAM
"22 FENTON STREET, Boston, MA",SAM
"23 FENTON STREET, Boston, MA",SAM
"27 FENTON STREET, Boston, MA",SAM
"29 FENTON STREET, Boston, MA",SAM
"33 FENTON STREET, Boston, MA",SAM
"36 FENTON STREET, Boston, MA",SAM
"37 FENTON STREET, Boston, MA",SAM
"38 FENTON STREET, Boston, MA",SAM
"39 FENTON STREET, Boston, MA",SAM
"40 FENTON STREET, Boston, MA",SAM
"42 FENTON STREET, Boston, MA",SAM
"46 FENTON STREET, Boston, MA",SAM
"7 FENTON STREET, Boston, MA",SAM
"102 FENWAY NAN, Boston, MA",SAM
"110 FENWAY NAN, Boston, MA",SAM
"140 FENWAY NAN, Boston, MA",SAM
"22 FENWAY NAN, Boston, MA",SAM
"30 FENWAY NAN, Boston, MA",SAM
"32 FENWAY NAN, Boston, MA",SAM
"36 FENWAY NAN, Boston, MA",SAM
"38 FENWAY NAN, Boston, MA",SAM
"66 FENWAY NAN, Boston, MA",SAM
"90 FENWAY NAN, Boston, MA",SAM
"96 FENWAY NAN, Boston, MA",SAM
"11 FENWOOD ROAD, Boston, MA",SAM
"15 FENWOOD ROAD, Boston, MA",SAM
"17 FENWOOD ROAD, Boston, MA",SAM
"19 FENWOOD ROAD, Boston, MA",SAM
"21 FENWOOD ROAD, Boston, MA",SAM
"24 FENWOOD ROAD, Boston, MA",SAM
"30 FENWOOD ROAD, Boston, MA",SAM
"31 FENWOOD ROAD, Boston, MA",SAM
"32 FENWOOD ROAD, Boston, MA",SAM
"33 FENWOOD ROAD, Boston, MA",SAM
"35 FENWOOD ROAD, Boston, MA",SAM
"36 FENWOOD ROAD, Boston, MA",SAM
"39 FENWOOD ROAD, Boston, MA",SAM
"40 FENWOOD ROAD, Boston, MA",SAM
"43 FENWOOD ROAD, Boston, MA",SAM
"44 FENWOOD ROAD, Boston, MA",SAM
"47 FENWOOD ROAD, Boston, MA",SAM
"49 FENWOOD ROAD, Boston, MA",SAM
"50 FENWOOD ROAD, Boston, MA",SAM
"51 FENWOOD ROAD, Boston, MA",SAM
"52 FENWOOD ROAD, Boston, MA",SAM
"53 FENWOOD ROAD, Boston, MA",SAM
"54 FENWOOD ROAD, Boston, MA",SAM
"55 FENWOOD ROAD, Boston, MA",SAM
"56 FENWOOD ROAD, Boston, MA",SAM
"57 FENWOOD ROAD, Boston, MA",SAM
"58 FENWOOD ROAD, Boston, MA",SAM
"63 FENWOOD ROAD, Boston, MA",SAM
"65 FENWOOD ROAD, Boston, MA",SAM
"69 FENWOOD ROAD, Boston, MA",SAM
"71 FENWOOD ROAD, Boston, MA",SAM
"73 FENWOOD ROAD, Boston, MA",SAM
"2 FERN STREET, Boston, MA",SAM
"4 FERN STREET, Boston, MA",SAM
"1 FERNALD TERRACE, Boston, MA",SAM
"10 FERNALD TERRACE, Boston, MA",SAM
"11 FERNALD TERRACE, Boston, MA",SAM
"12 FERNALD TERRACE, Boston, MA",SAM
"13 FERNALD TERRACE, Boston, MA",SAM
"14 FERNALD TERRACE, Boston, MA",SAM
"15 FERNALD TERRACE, Boston, MA",SAM
"16 FERNALD TERRACE, Boston, MA",SAM
"17 FERNALD TERRACE, Boston, MA",SAM
"18 FERNALD TERRACE, Boston, MA",SAM
"2 FERNALD TERRACE, Boston, MA",SAM
"3 FERNALD TERRACE, Boston, MA",SAM
"4 FERNALD TERRACE, Boston, MA",SAM
"5 FERNALD TERRACE, Boston, MA",SAM
"6 FERNALD TERRACE, Boston, MA",SAM
"7 FERNALD TERRACE, Boston, MA",SAM
"8 FERNALD TERRACE, Boston, MA",SAM
"9 FERNALD TERRACE, Boston, MA",SAM
"10 FERNBORO STREET, Boston, MA",SAM
"11 FERNBORO STREET, Boston, MA",SAM
"15 FERNBORO STREET, Boston, MA",SAM
"16 FERNBORO STREET, Boston, MA",SAM
"18 FERNBORO STREET, Boston, MA",SAM
"2 FERNBORO STREET, Boston, MA",SAM
"22 FERNBORO STREET, Boston, MA",SAM
"24 FERNBORO STREET, Boston, MA",SAM
"26 FERNBORO STREET, Boston, MA",SAM
"28 FERNBORO STREET, Boston, MA",SAM
"4 FERNBORO STREET, Boston, MA",SAM
"6 FERNBORO STREET, Boston, MA",SAM
"7 FERNBORO STREET, Boston, MA",SAM
"8 FERNBORO STREET, Boston, MA",SAM
"11 FERNCROFT ROAD, Boston, MA",SAM
"12 FERNCROFT ROAD, Boston, MA",SAM
"15 FERNCROFT ROAD, Boston, MA",SAM
"16 FERNCROFT ROAD, Boston, MA",SAM
"19 FERNCROFT ROAD, Boston, MA",SAM
"20 FERNCROFT ROAD, Boston, MA",SAM
"7 FERNCROFT ROAD, Boston, MA",SAM
"8 FERNCROFT ROAD, Boston, MA",SAM
"10 FERNDALE STREET, Boston, MA",SAM
"14 FERNDALE STREET, Boston, MA",SAM
"15 FERNDALE STREET, Boston, MA",SAM
"21 FERNDALE STREET, Boston, MA",SAM
"29 FERNDALE STREET, Boston, MA",SAM
"7 FERNDALE STREET, Boston, MA",SAM
"10 FERNWOOD ROAD, Boston, MA",SAM
"14 FERNWOOD ROAD, Boston, MA",SAM
"15 FERNWOOD ROAD, Boston, MA",SAM
"19 FERNWOOD ROAD, Boston, MA",SAM
"20 FERNWOOD ROAD, Boston, MA",SAM
"35 FERNWOOD ROAD, Boston, MA",SAM
"5 FERNWOOD ROAD, Boston, MA",SAM
"9 FERNWOOD ROAD, Boston, MA",SAM
"18 FERRIN STREET, Boston, MA",SAM
"23 FERRIN STREET, Boston, MA",SAM
"24 FERRIN STREET, Boston, MA",SAM
"25 FERRIN STREET, Boston, MA",SAM
"64 FERRIN STREET, Boston, MA",SAM
"66 FERRIN STREET, Boston, MA",SAM
"68 FERRIN STREET, Boston, MA",SAM
"70 FERRIN STREET, Boston, MA",SAM
"75 FERRIN STREET, Boston, MA",SAM
"85 FERRIN STREET, Boston, MA",SAM
"14 FESSENDEN STREET, Boston, MA",SAM
"19 FESSENDEN STREET, Boston, MA",SAM
"22 FESSENDEN STREET, Boston, MA",SAM
"23 FESSENDEN STREET, Boston, MA",SAM
"24 FESSENDEN STREET, Boston, MA",SAM
"25 FESSENDEN STREET, Boston, MA",SAM
"26 FESSENDEN STREET, Boston, MA",SAM
"27 FESSENDEN STREET, Boston, MA",SAM
"29 FESSENDEN STREET, Boston, MA",SAM
"30 FESSENDEN STREET, Boston, MA",SAM
"31 FESSENDEN STREET, Boston, MA",SAM
"33 FESSENDEN STREET, Boston, MA",SAM
"34 FESSENDEN STREET, Boston, MA",SAM
"35 FESSENDEN STREET, Boston, MA",SAM
"36 FESSENDEN STREET, Boston, MA",SAM
"8 FESSENDEN STREET, Boston, MA",SAM
"10 FIDELIS WAY, Boston, MA",SAM
"12 FIDELIS WAY, Boston, MA",SAM
"6 FIDELIS WAY, Boston, MA",SAM
"2 FIELD'S COURT, Boston, MA",SAM
"4 FIELD'S COURT, Boston, MA",SAM
"1 FIELDMONT STREET, Boston, MA",SAM
"10 FIELDMONT STREET, Boston, MA",SAM
"2 FIELDMONT STREET, Boston, MA",SAM
"5 FIELDMONT STREET, Boston, MA",SAM
"6 FIELDMONT STREET, Boston, MA",SAM
"9 FIELDMONT STREET, Boston, MA",SAM
"10 FIFIELD STREET, Boston, MA",SAM
"14 FIFIELD STREET, Boston, MA",SAM
"16 FIFIELD STREET, Boston, MA",SAM
"18 FIFIELD STREET, Boston, MA",SAM
"24 FIFIELD STREET, Boston, MA",SAM
"26 FIFIELD STREET, Boston, MA",SAM
"27 FIFIELD STREET, Boston, MA",SAM
"28 FIFIELD STREET, Boston, MA",SAM
"30 FIFIELD STREET, Boston, MA",SAM
"6 FIFIELD STREET, Boston, MA",SAM
"8 FIFIELD STREET, Boston, MA",SAM
"31 THIRTEENTH STREET, Boston, MA",SAM
"390 FIFTH STREET, Boston, MA",SAM
"391 FIFTH STREET, Boston, MA",SAM
"392 FIFTH STREET, Boston, MA",SAM
"393 FIFTH STREET, Boston, MA",SAM
"395 FIFTH STREET, Boston, MA",SAM
"397 FIFTH STREET, Boston, MA",SAM
"399 FIFTH STREET, Boston, MA",SAM
"402 FIFTH STREET, Boston, MA",SAM
"403 FIFTH STREET, Boston, MA",SAM
"407 FIFTH STREET, Boston, MA",SAM
"411 FIFTH STREET, Boston, MA",SAM
"412 FIFTH STREET, Boston, MA",SAM
"414 FIFTH STREET, Boston, MA",SAM
"415 FIFTH STREET, Boston, MA",SAM
"416 FIFTH STREET, Boston, MA",SAM
"418 FIFTH STREET, Boston, MA",SAM
"420 FIFTH STREET, Boston, MA",SAM
"421 FIFTH STREET, Boston, MA",SAM
"422 FIFTH STREET, Boston, MA",SAM
"424 FIFTH STREET, Boston, MA",SAM
"425 FIFTH STREET, Boston, MA",SAM
"426 FIFTH STREET, Boston, MA",SAM
"428 FIFTH STREET, Boston, MA",SAM
"430 FIFTH STREET, Boston, MA",SAM
"432 FIFTH STREET, Boston, MA",SAM
"434 FIFTH STREET, Boston, MA",SAM
"436 FIFTH STREET, Boston, MA",SAM
"437 FIFTH STREET, Boston, MA",SAM
"438 FIFTH STREET, Boston, MA",SAM
"440 FIFTH STREET, Boston, MA",SAM
"441 FIFTH STREET, Boston, MA",SAM
"442 FIFTH STREET, Boston, MA",SAM
"445 FIFTH STREET, Boston, MA",SAM
"449 FIFTH STREET, Boston, MA",SAM
"453 FIFTH STREET, Boston, MA",SAM
"457 FIFTH STREET, Boston, MA",SAM
"461 FIFTH STREET, Boston, MA",SAM
"465 FIFTH STREET, Boston, MA",SAM
"473 FIFTH STREET, Boston, MA",SAM
"475 FIFTH STREET, Boston, MA",SAM
"484 FIFTH STREET, Boston, MA",SAM
"501 FIFTH STREET, Boston, MA",SAM
"503 FIFTH STREET, Boston, MA",SAM
"505 FIFTH STREET, Boston, MA",SAM
"507 FIFTH STREET, Boston, MA",SAM
"509 FIFTH STREET, Boston, MA",SAM
"511 FIFTH STREET, Boston, MA",SAM
"515 FIFTH STREET, Boston, MA",SAM
"517 FIFTH STREET, Boston, MA",SAM
"519 FIFTH STREET, Boston, MA",SAM
"520 FIFTH STREET, Boston, MA",SAM
"521 FIFTH STREET, Boston, MA",SAM
"522 FIFTH STREET, Boston, MA",SAM
"523 FIFTH STREET, Boston, MA",SAM
"524 FIFTH STREET, Boston, MA",SAM
"525 FIFTH STREET, Boston, MA",SAM
"526 FIFTH STREET, Boston, MA",SAM
"528 FIFTH STREET, Boston, MA",SAM
"530 FIFTH STREET, Boston, MA",SAM
"531 FIFTH STREET, Boston, MA",SAM
"532 FIFTH STREET, Boston, MA",SAM
"533 FIFTH STREET, Boston, MA",SAM
"534 FIFTH STREET, Boston, MA",SAM
"535 FIFTH STREET, Boston, MA",SAM
"541 FIFTH STREET, Boston, MA",SAM
"542 FIFTH STREET, Boston, MA",SAM
"543 FIFTH STREET, Boston, MA",SAM
"545 FIFTH STREET, Boston, MA",SAM
"546 FIFTH STREET, Boston, MA",SAM
"547 FIFTH STREET, Boston, MA",SAM
"548 FIFTH STREET, Boston, MA",SAM
"549 FIFTH STREET, Boston, MA",SAM
"550 FIFTH STREET, Boston, MA",SAM
"551 FIFTH STREET, Boston, MA",SAM
"552 FIFTH STREET, Boston, MA",SAM
"553 FIFTH STREET, Boston, MA",SAM
"554 FIFTH STREET, Boston, MA",SAM
"555 FIFTH STREET, Boston, MA",SAM
"556 FIFTH STREET, Boston, MA",SAM
"557 FIFTH STREET, Boston, MA",SAM
"558 FIFTH STREET, Boston, MA",SAM
"560 FIFTH STREET, Boston, MA",SAM
"561 FIFTH STREET, Boston, MA",SAM
"562 FIFTH STREET, Boston, MA",SAM
"564 FIFTH STREET, Boston, MA",SAM
"566 FIFTH STREET, Boston, MA",SAM
"568 FIFTH STREET, Boston, MA",SAM
"582 FIFTH STREET, Boston, MA",SAM
"583 FIFTH STREET, Boston, MA",SAM
"584 FIFTH STREET, Boston, MA",SAM
"585 FIFTH STREET, Boston, MA",SAM
"587 FIFTH STREET, Boston, MA",SAM
"588 FIFTH STREET, Boston, MA",SAM
"589 FIFTH STREET, Boston, MA",SAM
"591 FIFTH STREET, Boston, MA",SAM
"592 FIFTH STREET, Boston, MA",SAM
"593 FIFTH STREET, Boston, MA",SAM
"595 FIFTH STREET, Boston, MA",SAM
"596 FIFTH STREET, Boston, MA",SAM
"597 FIFTH STREET, Boston, MA",SAM
"599 FIFTH STREET, Boston, MA",SAM
"600 FIFTH STREET, Boston, MA",SAM
"603 FIFTH STREET, Boston, MA",SAM
"604 FIFTH STREET, Boston, MA",SAM
"605 FIFTH STREET, Boston, MA",SAM
"606 FIFTH STREET, Boston, MA",SAM
"607 FIFTH STREET, Boston, MA",SAM
"609 FIFTH STREET, Boston, MA",SAM
"610 FIFTH STREET, Boston, MA",SAM
"611 FIFTH STREET, Boston, MA",SAM
"612 FIFTH STREET, Boston, MA",SAM
"613 FIFTH STREET, Boston, MA",SAM
"614 FIFTH STREET, Boston, MA",SAM
"616 FIFTH STREET, Boston, MA",SAM
"617 FIFTH STREET, Boston, MA",SAM
"619 FIFTH STREET, Boston, MA",SAM
"620 FIFTH STREET, Boston, MA",SAM
"621 FIFTH STREET, Boston, MA",SAM
"622 FIFTH STREET, Boston, MA",SAM
"628 FIFTH STREET, Boston, MA",SAM
"636 FIFTH STREET, Boston, MA",SAM
"640 FIFTH STREET, Boston, MA",SAM
"642 FIFTH STREET, Boston, MA",SAM
"643 FIFTH STREET, Boston, MA",SAM
"644 FIFTH STREET, Boston, MA",SAM
"645 FIFTH STREET, Boston, MA",SAM
"655 FIFTH STREET, Boston, MA",SAM
"656 FIFTH STREET, Boston, MA",SAM
"657 FIFTH STREET, Boston, MA",SAM
"658 FIFTH STREET, Boston, MA",SAM
"659 FIFTH STREET, Boston, MA",SAM
"660 FIFTH STREET, Boston, MA",SAM
"661 FIFTH STREET, Boston, MA",SAM
"662 FIFTH STREET, Boston, MA",SAM
"663 FIFTH STREET, Boston, MA",SAM
"664 FIFTH STREET, Boston, MA",SAM
"665 FIFTH STREET, Boston, MA",SAM
"666 FIFTH STREET, Boston, MA",SAM
"667 FIFTH STREET, Boston, MA",SAM
"669 FIFTH STREET, Boston, MA",SAM
"670 FIFTH STREET, Boston, MA",SAM
"671 FIFTH STREET, Boston, MA",SAM
"672 FIFTH STREET, Boston, MA",SAM
"673 FIFTH STREET, Boston, MA",SAM
"677 FIFTH STREET, Boston, MA",SAM
"679 FIFTH STREET, Boston, MA",SAM
"681 FIFTH STREET, Boston, MA",SAM
"682 FIFTH STREET, Boston, MA",SAM
"683 FIFTH STREET, Boston, MA",SAM
"685 FIFTH STREET, Boston, MA",SAM
"686 FIFTH STREET, Boston, MA",SAM
"688 FIFTH STREET, Boston, MA",SAM
"690 FIFTH STREET, Boston, MA",SAM
"692 FIFTH STREET, Boston, MA",SAM
"694 FIFTH STREET, Boston, MA",SAM
"695 FIFTH STREET, Boston, MA",SAM
"696 FIFTH STREET, Boston, MA",SAM
"698 FIFTH STREET, Boston, MA",SAM
"700 FIFTH STREET, Boston, MA",SAM
"702 FIFTH STREET, Boston, MA",SAM
"703 FIFTH STREET, Boston, MA",SAM
"704 FIFTH STREET, Boston, MA",SAM
"705 FIFTH STREET, Boston, MA",SAM
"706 FIFTH STREET, Boston, MA",SAM
"707 FIFTH STREET, Boston, MA",SAM
"709 FIFTH STREET, Boston, MA",SAM
"710 FIFTH STREET, Boston, MA",SAM
"711 FIFTH STREET, Boston, MA",SAM
"712 FIFTH STREET, Boston, MA",SAM
"713 FIFTH STREET, Boston, MA",SAM
"714 FIFTH STREET, Boston, MA",SAM
"715 FIFTH STREET, Boston, MA",SAM
"717 FIFTH STREET, Boston, MA",SAM
"719 FIFTH STREET, Boston, MA",SAM
"721 FIFTH STREET, Boston, MA",SAM
"723 FIFTH STREET, Boston, MA",SAM
"728 FIFTH STREET, Boston, MA",SAM
"729 FIFTH STREET, Boston, MA",SAM
"732 FIFTH STREET, Boston, MA",SAM
"733 FIFTH STREET, Boston, MA",SAM
"735 FIFTH STREET, Boston, MA",SAM
"736 FIFTH STREET, Boston, MA",SAM
"739 FIFTH STREET, Boston, MA",SAM
"740 FIFTH STREET, Boston, MA",SAM
"741 FIFTH STREET, Boston, MA",SAM
"744 FIFTH STREET, Boston, MA",SAM
"745 FIFTH STREET, Boston, MA",SAM
"747 FIFTH STREET, Boston, MA",SAM
"748 FIFTH STREET, Boston, MA",SAM
"751 FIFTH STREET, Boston, MA",SAM
"752 FIFTH STREET, Boston, MA",SAM
"755 FIFTH STREET, Boston, MA",SAM
"756 FIFTH STREET, Boston, MA",SAM
"759 FIFTH STREET, Boston, MA",SAM
"760 FIFTH STREET, Boston, MA",SAM
"762 FIFTH STREET, Boston, MA",SAM
"763 FIFTH STREET, Boston, MA",SAM
"764 FIFTH STREET, Boston, MA",SAM
"767 FIFTH STREET, Boston, MA",SAM
"768 FIFTH STREET, Boston, MA",SAM
"771 FIFTH STREET, Boston, MA",SAM
"773 FIFTH STREET, Boston, MA",SAM
"774 FIFTH STREET, Boston, MA",SAM
"775 FIFTH STREET, Boston, MA",SAM
"776 FIFTH STREET, Boston, MA",SAM
"777 FIFTH STREET, Boston, MA",SAM
"778 FIFTH STREET, Boston, MA",SAM
"779 FIFTH STREET, Boston, MA",SAM
"795 FIFTH STREET, Boston, MA",SAM
"799 FIFTH STREET, Boston, MA",SAM
"802 FIFTH STREET, Boston, MA",SAM
"803 FIFTH STREET, Boston, MA",SAM
"804 FIFTH STREET, Boston, MA",SAM
"805 FIFTH STREET, Boston, MA",SAM
"806 FIFTH STREET, Boston, MA",SAM
"807 FIFTH STREET, Boston, MA",SAM
"808 FIFTH STREET, Boston, MA",SAM
"809 FIFTH STREET, Boston, MA",SAM
"812 FIFTH STREET, Boston, MA",SAM
"814 FIFTH STREET, Boston, MA",SAM
"816 FIFTH STREET, Boston, MA",SAM
"818 FIFTH STREET, Boston, MA",SAM
"819 FIFTH STREET, Boston, MA",SAM
"820 FIFTH STREET, Boston, MA",SAM
"821 FIFTH STREET, Boston, MA",SAM
"822 FIFTH STREET, Boston, MA",SAM
"823 FIFTH STREET, Boston, MA",SAM
"824 FIFTH STREET, Boston, MA",SAM
"826 FIFTH STREET, Boston, MA",SAM
"828 FIFTH STREET, Boston, MA",SAM
"832 FIFTH STREET, Boston, MA",SAM
"835 FIFTH STREET, Boston, MA",SAM
"836 FIFTH STREET, Boston, MA",SAM
"837 FIFTH STREET, Boston, MA",SAM
"839 FIFTH STREET, Boston, MA",SAM
"840 FIFTH STREET, Boston, MA",SAM
"841 FIFTH STREET, Boston, MA",SAM
"842 FIFTH STREET, Boston, MA",SAM
"843 FIFTH STREET, Boston, MA",SAM
"844 FIFTH STREET, Boston, MA",SAM
"845 FIFTH STREET, Boston, MA",SAM
"846 FIFTH STREET, Boston, MA",SAM
"847 FIFTH STREET, Boston, MA",SAM
"848 FIFTH STREET, Boston, MA",SAM
"851 FIFTH STREET, Boston, MA",SAM
"853 FIFTH STREET, Boston, MA",SAM
"855 FIFTH STREET, Boston, MA",SAM
"862 FIFTH STREET, Boston, MA",SAM
"866 FIFTH STREET, Boston, MA",SAM
"868 FIFTH STREET, Boston, MA",SAM
"870 FIFTH STREET, Boston, MA",SAM
"165 FIFTH STREET, Boston, MA",SAM
"169 FIFTH STREET, Boston, MA",SAM
"171 FIFTH STREET, Boston, MA",SAM
"177 FIFTH STREET, Boston, MA",SAM
"179 FIFTH STREET, Boston, MA",SAM
"181 FIFTH STREET, Boston, MA",SAM
"183 FIFTH STREET, Boston, MA",SAM
"185 FIFTH STREET, Boston, MA",SAM
"187 FIFTH STREET, Boston, MA",SAM
"189 FIFTH STREET, Boston, MA",SAM
"190 FIFTH STREET, Boston, MA",SAM
"191 FIFTH STREET, Boston, MA",SAM
"192 FIFTH STREET, Boston, MA",SAM
"195 FIFTH STREET, Boston, MA",SAM
"197 FIFTH STREET, Boston, MA",SAM
"199 FIFTH STREET, Boston, MA",SAM
"20 FIFTH STREET, Boston, MA",SAM
"201 FIFTH STREET, Boston, MA",SAM
"203 FIFTH STREET, Boston, MA",SAM
"204 FIFTH STREET, Boston, MA",SAM
"205 FIFTH STREET, Boston, MA",SAM
"209 FIFTH STREET, Boston, MA",SAM
"211 FIFTH STREET, Boston, MA",SAM
"213 FIFTH STREET, Boston, MA",SAM
"214 FIFTH STREET, Boston, MA",SAM
"216 FIFTH STREET, Boston, MA",SAM
"218 FIFTH STREET, Boston, MA",SAM
"219 FIFTH STREET, Boston, MA",SAM
"221 FIFTH STREET, Boston, MA",SAM
"222 FIFTH STREET, Boston, MA",SAM
"223 FIFTH STREET, Boston, MA",SAM
"224 FIFTH STREET, Boston, MA",SAM
"225 FIFTH STREET, Boston, MA",SAM
"226 FIFTH STREET, Boston, MA",SAM
"227 FIFTH STREET, Boston, MA",SAM
"228 FIFTH STREET, Boston, MA",SAM
"229 FIFTH STREET, Boston, MA",SAM
"230 FIFTH STREET, Boston, MA",SAM
"231 FIFTH STREET, Boston, MA",SAM
"233 FIFTH STREET, Boston, MA",SAM
"235 FIFTH STREET, Boston, MA",SAM
"237 FIFTH STREET, Boston, MA",SAM
"239 FIFTH STREET, Boston, MA",SAM
"240 FIFTH STREET, Boston, MA",SAM
"241 FIFTH STREET, Boston, MA",SAM
"242 FIFTH STREET, Boston, MA",SAM
"243 FIFTH STREET, Boston, MA",SAM
"244 FIFTH STREET, Boston, MA",SAM
"245 FIFTH STREET, Boston, MA",SAM
"246 FIFTH STREET, Boston, MA",SAM
"247 FIFTH STREET, Boston, MA",SAM
"248 FIFTH STREET, Boston, MA",SAM
"249 FIFTH STREET, Boston, MA",SAM
"25 FIFTH STREET, Boston, MA",SAM
"250 FIFTH STREET, Boston, MA",SAM
"258 FIFTH STREET, Boston, MA",SAM
"259 FIFTH STREET, Boston, MA",SAM
"261 FIFTH STREET, Boston, MA",SAM
"262 FIFTH STREET, Boston, MA",SAM
"263 FIFTH STREET, Boston, MA",SAM
"264 FIFTH STREET, Boston, MA",SAM
"265 FIFTH STREET, Boston, MA",SAM
"266 FIFTH STREET, Boston, MA",SAM
"267 FIFTH STREET, Boston, MA",SAM
"268 FIFTH STREET, Boston, MA",SAM
"269 FIFTH STREET, Boston, MA",SAM
"27 FIFTH STREET, Boston, MA",SAM
"270 FIFTH STREET, Boston, MA",SAM
"271 FIFTH STREET, Boston, MA",SAM
"272 FIFTH STREET, Boston, MA",SAM
"273 FIFTH STREET, Boston, MA",SAM
"274 FIFTH STREET, Boston, MA",SAM
"275 FIFTH STREET, Boston, MA",SAM
"276 FIFTH STREET, Boston, MA",SAM
"277 FIFTH STREET, Boston, MA",SAM
"278 FIFTH STREET, Boston, MA",SAM
"279 FIFTH STREET, Boston, MA",SAM
"280 FIFTH STREET, Boston, MA",SAM
"281 FIFTH STREET, Boston, MA",SAM
"283 FIFTH STREET, Boston, MA",SAM
"284 FIFTH STREET, Boston, MA",SAM
"285 FIFTH STREET, Boston, MA",SAM
"287 FIFTH STREET, Boston, MA",SAM
"289 FIFTH STREET, Boston, MA",SAM
"29 FIFTH STREET, Boston, MA",SAM
"290 FIFTH STREET, Boston, MA",SAM
"291 FIFTH STREET, Boston, MA",SAM
"293 FIFTH STREET, Boston, MA",SAM
"294 FIFTH STREET, Boston, MA",SAM
"296 FIFTH STREET, Boston, MA",SAM
"298 FIFTH STREET, Boston, MA",SAM
"31 FIFTH STREET, Boston, MA",SAM
"16 FILOMENA ROAD, Boston, MA",SAM
"18 FILOMENA ROAD, Boston, MA",SAM
"7 FILOMENA ROAD, Boston, MA",SAM
"100 FIRST AVENUE, Boston, MA",SAM
"104 FIRST AVENUE, Boston, MA",SAM
"110 FIRST AVENUE, Boston, MA",SAM
"39 FIRST AVENUE, Boston, MA",SAM
"426 FIRST STREET, Boston, MA",SAM
"462 FIRST STREET, Boston, MA",SAM
"472 FIRST STREET, Boston, MA",SAM
"480 FIRST STREET, Boston, MA",SAM
"485 FIRST STREET, Boston, MA",SAM
"500 FIRST STREET, Boston, MA",SAM
"503 FIRST STREET, Boston, MA",SAM
"509 FIRST STREET, Boston, MA",SAM
"530 FIRST STREET, Boston, MA",SAM
"538 FIRST STREET, Boston, MA",SAM
"541 FIRST STREET, Boston, MA",SAM
"543 FIRST STREET, Boston, MA",SAM
"547 FIRST STREET, Boston, MA",SAM
"549 FIRST STREET, Boston, MA",SAM
"553 FIRST STREET, Boston, MA",SAM
"564 FIRST STREET, Boston, MA",SAM
"565 FIRST STREET, Boston, MA",SAM
"571 FIRST STREET, Boston, MA",SAM
"599 FIRST STREET, Boston, MA",SAM
"610 FIRST STREET, Boston, MA",SAM
"621 FIRST STREET, Boston, MA",SAM
"636 FIRST STREET, Boston, MA",SAM
"849 FIRST STREET, Boston, MA",SAM
"851 FIRST STREET, Boston, MA",SAM
"853 FIRST STREET, Boston, MA",SAM
"857 FIRST STREET, Boston, MA",SAM
"859 FIRST STREET, Boston, MA",SAM
"861 FIRST STREET, Boston, MA",SAM
"881 FIRST STREET, Boston, MA",SAM
"889 FIRST STREET, Boston, MA",SAM
"891 FIRST STREET, Boston, MA",SAM
"105 FIRST STREET, Boston, MA",SAM
"171 FIRST STREET, Boston, MA",SAM
"184 FIRST STREET, Boston, MA",SAM
"202 FIRST STREET, Boston, MA",SAM
"204 FIRST STREET, Boston, MA",SAM
"280 FIRST STREET, Boston, MA",SAM
"295 FIRST STREET, Boston, MA",SAM
"307 FIRST STREET, Boston, MA",SAM
"333 FIRST STREET, Boston, MA",SAM
"361 FIRST STREET, Boston, MA",SAM
"370 FIRST STREET, Boston, MA",SAM
"377 FIRST STREET, Boston, MA",SAM
"404 FIRST STREET, Boston, MA",SAM
"11 FIRTH ROAD, Boston, MA",SAM
"15 FIRTH ROAD, Boston, MA",SAM
"17 FIRTH ROAD, Boston, MA",SAM
"19 FIRTH ROAD, Boston, MA",SAM
"21 FIRTH ROAD, Boston, MA",SAM
"23 FIRTH ROAD, Boston, MA",SAM
"25 FIRTH ROAD, Boston, MA",SAM
"29 FIRTH ROAD, Boston, MA",SAM
"33 FIRTH ROAD, Boston, MA",SAM
"35 FIRTH ROAD, Boston, MA",SAM
"37 FIRTH ROAD, Boston, MA",SAM
"39 FIRTH ROAD, Boston, MA",SAM
"41 FIRTH ROAD, Boston, MA",SAM
"45 FIRTH ROAD, Boston, MA",SAM
"49 FIRTH ROAD, Boston, MA",SAM
"110 FISHER AVENUE, Boston, MA",SAM
"121 FISHER AVENUE, Boston, MA",SAM
"127 FISHER AVENUE, Boston, MA",SAM
"134 FISHER AVENUE, Boston, MA",SAM
"136 FISHER AVENUE, Boston, MA",SAM
"143 FISHER AVENUE, Boston, MA",SAM
"154 FISHER AVENUE, Boston, MA",SAM
"156 FISHER AVENUE, Boston, MA",SAM
"158 FISHER AVENUE, Boston, MA",SAM
"160 FISHER AVENUE, Boston, MA",SAM
"162 FISHER AVENUE, Boston, MA",SAM
"164 FISHER AVENUE, Boston, MA",SAM
"166 FISHER AVENUE, Boston, MA",SAM
"168 FISHER AVENUE, Boston, MA",SAM
"178 FISHER AVENUE, Boston, MA",SAM
"180 FISHER AVENUE, Boston, MA",SAM
"182 FISHER AVENUE, Boston, MA",SAM
"184 FISHER AVENUE, Boston, MA",SAM
"186 FISHER AVENUE, Boston, MA",SAM
"188 FISHER AVENUE, Boston, MA",SAM
"190 FISHER AVENUE, Boston, MA",SAM
"192 FISHER AVENUE, Boston, MA",SAM
"194 FISHER AVENUE, Boston, MA",SAM
"198 FISHER AVENUE, Boston, MA",SAM
"200 FISHER AVENUE, Boston, MA",SAM
"202 FISHER AVENUE, Boston, MA",SAM
"204 FISHER AVENUE, Boston, MA",SAM
"208 FISHER AVENUE, Boston, MA",SAM
"210 FISHER AVENUE, Boston, MA",SAM
"4 FISHER AVENUE, Boston, MA",SAM
"60 FISHER AVENUE, Boston, MA",SAM
"68 FISHER AVENUE, Boston, MA",SAM
"72 FISHER AVENUE, Boston, MA",SAM
"78 FISHER AVENUE, Boston, MA",SAM
"84 FISHER AVENUE, Boston, MA",SAM
"5 FISKE TERRACE, Boston, MA",SAM
"7 FISKE TERRACE, Boston, MA",SAM
"75 FLAHERTY WAY, Boston, MA",SAM
"10 FLAVIA STREET, Boston, MA",SAM
"11 FLAVIA STREET, Boston, MA",SAM
"15 FLAVIA STREET, Boston, MA",SAM
"16 FLAVIA STREET, Boston, MA",SAM
"19 FLAVIA STREET, Boston, MA",SAM
"20 FLAVIA STREET, Boston, MA",SAM
"23 FLAVIA STREET, Boston, MA",SAM
"24 FLAVIA STREET, Boston, MA",SAM
"27 FLAVIA STREET, Boston, MA",SAM
"28 FLAVIA STREET, Boston, MA",SAM
"8 FLAVIA STREET, Boston, MA",SAM
"9 FLAVIA STREET, Boston, MA",SAM
"10 FLEET STREET, Boston, MA",SAM
"14 FLEET STREET, Boston, MA",SAM
"17 FLEET STREET, Boston, MA",SAM
"19 FLEET STREET, Boston, MA",SAM
"20 FLEET STREET, Boston, MA",SAM
"21 FLEET STREET, Boston, MA",SAM
"26 FLEET STREET, Boston, MA",SAM
"27 FLEET STREET, Boston, MA",SAM
"36 FLEET STREET, Boston, MA",SAM
"38 FLEET STREET, Boston, MA",SAM
"41 FLEET STREET, Boston, MA",SAM
"44 FLEET STREET, Boston, MA",SAM
"45 FLEET STREET, Boston, MA",SAM
"5 FLEET STREET, Boston, MA",SAM
"57 FLEET STREET, Boston, MA",SAM
"1 FLEET STREET, Boston, MA",SAM
"10 FLETCHER STREET, Boston, MA",SAM
"101 FLETCHER STREET, Boston, MA",SAM
"102 FLETCHER STREET, Boston, MA",SAM
"105 FLETCHER STREET, Boston, MA",SAM
"106 FLETCHER STREET, Boston, MA",SAM
"114 FLETCHER STREET, Boston, MA",SAM
"118 FLETCHER STREET, Boston, MA",SAM
"119 FLETCHER STREET, Boston, MA",SAM
"121 FLETCHER STREET, Boston, MA",SAM
"125 FLETCHER STREET, Boston, MA",SAM
"14 FLETCHER STREET, Boston, MA",SAM
"15 FLETCHER STREET, Boston, MA",SAM
"17 FLETCHER STREET, Boston, MA",SAM
"20 FLETCHER STREET, Boston, MA",SAM
"21 FLETCHER STREET, Boston, MA",SAM
"23 FLETCHER STREET, Boston, MA",SAM
"24 FLETCHER STREET, Boston, MA",SAM
"27 FLETCHER STREET, Boston, MA",SAM
"28 FLETCHER STREET, Boston, MA",SAM
"31 FLETCHER STREET, Boston, MA",SAM
"32 FLETCHER STREET, Boston, MA",SAM
"35 FLETCHER STREET, Boston, MA",SAM
"36 FLETCHER STREET, Boston, MA",SAM
"39 FLETCHER STREET, Boston, MA",SAM
"4 FLETCHER STREET, Boston, MA",SAM
"40 FLETCHER STREET, Boston, MA",SAM
"45 FLETCHER STREET, Boston, MA",SAM
"46 FLETCHER STREET, Boston, MA",SAM
"49 FLETCHER STREET, Boston, MA",SAM
"52 FLETCHER STREET, Boston, MA",SAM
"53 FLETCHER STREET, Boston, MA",SAM
"58 FLETCHER STREET, Boston, MA",SAM
"59 FLETCHER STREET, Boston, MA",SAM
"6 FLETCHER STREET, Boston, MA",SAM
"60 FLETCHER STREET, Boston, MA",SAM
"61 FLETCHER STREET, Boston, MA",SAM
"64 FLETCHER STREET, Boston, MA",SAM
"65 FLETCHER STREET, Boston, MA",SAM
"67 FLETCHER STREET, Boston, MA",SAM
"70 FLETCHER STREET, Boston, MA",SAM
"71 FLETCHER STREET, Boston, MA",SAM
"73 FLETCHER STREET, Boston, MA",SAM
"74 FLETCHER STREET, Boston, MA",SAM
"77 FLETCHER STREET, Boston, MA",SAM
"78 FLETCHER STREET, Boston, MA",SAM
"81 FLETCHER STREET, Boston, MA",SAM
"85 FLETCHER STREET, Boston, MA",SAM
"86 FLETCHER STREET, Boston, MA",SAM
"89 FLETCHER STREET, Boston, MA",SAM
"9 FLETCHER STREET, Boston, MA",SAM
"90 FLETCHER STREET, Boston, MA",SAM
"93 FLETCHER STREET, Boston, MA",SAM
"94 FLETCHER STREET, Boston, MA",SAM
"2 FLINT PLACE, Boston, MA",SAM
"5 FLINT PLACE, Boston, MA",SAM
"6 FLINT PLACE, Boston, MA",SAM
"19 FLINT STREET, Boston, MA",SAM
"9 FLINT STREET, Boston, MA",SAM
"10 FLORAL PLACE, Boston, MA",SAM
"12 FLORAL PLACE, Boston, MA",SAM
"14 FLORAL PLACE, Boston, MA",SAM
"16 FLORAL PLACE, Boston, MA",SAM
"101 FLORENCE STREET, Boston, MA",SAM
"104 FLORENCE STREET, Boston, MA",SAM
"105 FLORENCE STREET, Boston, MA",SAM
"108 FLORENCE STREET, Boston, MA",SAM
"109 FLORENCE STREET, Boston, MA",SAM
"113 FLORENCE STREET, Boston, MA",SAM
"114 FLORENCE STREET, Boston, MA",SAM
"117 FLORENCE STREET, Boston, MA",SAM
"12 FLORENCE STREET, Boston, MA",SAM
"121 FLORENCE STREET, Boston, MA",SAM
"122 FLORENCE STREET, Boston, MA",SAM
"125 FLORENCE STREET, Boston, MA",SAM
"127 FLORENCE STREET, Boston, MA",SAM
"129 FLORENCE STREET, Boston, MA",SAM
"133 FLORENCE STREET, Boston, MA",SAM
"137 FLORENCE STREET, Boston, MA",SAM
"143 FLORENCE STREET, Boston, MA",SAM
"149 FLORENCE STREET, Boston, MA",SAM
"155 FLORENCE STREET, Boston, MA",SAM
"164 FLORENCE STREET, Boston, MA",SAM
"17 FLORENCE STREET, Boston, MA",SAM
"171 FLORENCE STREET, Boston, MA",SAM
"172 FLORENCE STREET, Boston, MA",SAM
"175 FLORENCE STREET, Boston, MA",SAM
"176 FLORENCE STREET, Boston, MA",SAM
"179 FLORENCE STREET, Boston, MA",SAM
"187 FLORENCE STREET, Boston, MA",SAM
"188 FLORENCE STREET, Boston, MA",SAM
"192 FLORENCE STREET, Boston, MA",SAM
"193 FLORENCE STREET, Boston, MA",SAM
"2 FLORENCE STREET, Boston, MA",SAM
"200 FLORENCE STREET, Boston, MA",SAM
"205 FLORENCE STREET, Boston, MA",SAM
"213 FLORENCE STREET, Boston, MA",SAM
"214 FLORENCE STREET, Boston, MA",SAM
"216 FLORENCE STREET, Boston, MA",SAM
"217 FLORENCE STREET, Boston, MA",SAM
"218 FLORENCE STREET, Boston, MA",SAM
"219 FLORENCE STREET, Boston, MA",SAM
"221 FLORENCE STREET, Boston, MA",SAM
"225 FLORENCE STREET, Boston, MA",SAM
"24 FLORENCE STREET, Boston, MA",SAM
"36 FLORENCE STREET, Boston, MA",SAM
"37 FLORENCE STREET, Boston, MA",SAM
"40 FLORENCE STREET, Boston, MA",SAM
"41 FLORENCE STREET, Boston, MA",SAM
"43 FLORENCE STREET, Boston, MA",SAM
"46 FLORENCE STREET, Boston, MA",SAM
"47 FLORENCE STREET, Boston, MA",SAM
"49 FLORENCE STREET, Boston, MA",SAM
"63 FLORENCE STREET, Boston, MA",SAM
"67 FLORENCE STREET, Boston, MA",SAM
"70 FLORENCE STREET, Boston, MA",SAM
"71 FLORENCE STREET, Boston, MA",SAM
"73 FLORENCE STREET, Boston, MA",SAM
"76 FLORENCE STREET, Boston, MA",SAM
"77 FLORENCE STREET, Boston, MA",SAM
"8 FLORENCE STREET, Boston, MA",SAM
"80 FLORENCE STREET, Boston, MA",SAM
"81 FLORENCE STREET, Boston, MA",SAM
"84 FLORENCE STREET, Boston, MA",SAM
"85 FLORENCE STREET, Boston, MA",SAM
"88 FLORENCE STREET, Boston, MA",SAM
"92 FLORENCE STREET, Boston, MA",SAM
"93 FLORENCE STREET, Boston, MA",SAM
"97 FLORENCE STREET, Boston, MA",SAM
"98 FLORENCE STREET, Boston, MA",SAM
"19 FLORIAN STREET, Boston, MA",SAM
"21 FLORIAN STREET, Boston, MA",SAM
"25 FLORIAN STREET, Boston, MA",SAM
"28 FLORIAN STREET, Boston, MA",SAM
"29 FLORIAN STREET, Boston, MA",SAM
"32 FLORIAN STREET, Boston, MA",SAM
"33 FLORIAN STREET, Boston, MA",SAM
"37 FLORIAN STREET, Boston, MA",SAM
"40 FLORIAN STREET, Boston, MA",SAM
"65 FLORIAN STREET, Boston, MA",SAM
"7 FLORIAN STREET, Boston, MA",SAM
"70 FLORIAN STREET, Boston, MA",SAM
"74 FLORIAN STREET, Boston, MA",SAM
"75 FLORIAN STREET, Boston, MA",SAM
"79 FLORIAN STREET, Boston, MA",SAM
"87 FLORIAN STREET, Boston, MA",SAM
"90 FLORIAN STREET, Boston, MA",SAM
"93 FLORIAN STREET, Boston, MA",SAM
"96 FLORIAN STREET, Boston, MA",SAM
"98 FLORIAN STREET, Boston, MA",SAM
"99 FLORIAN STREET, Boston, MA",SAM
"10 FLORIAN WAY, Boston, MA",SAM
"14 FLORIAN WAY, Boston, MA",SAM
"15 FLORIAN WAY, Boston, MA",SAM
"18 FLORIAN WAY, Boston, MA",SAM
"22 FLORIAN WAY, Boston, MA",SAM
"26 FLORIAN WAY, Boston, MA",SAM
"6 FLORIAN WAY, Boston, MA",SAM
"108 FLORIDA STREET, Boston, MA",SAM
"109 FLORIDA STREET, Boston, MA",SAM
"111 FLORIDA STREET, Boston, MA",SAM
"114 FLORIDA STREET, Boston, MA",SAM
"115 FLORIDA STREET, Boston, MA",SAM
"117 FLORIDA STREET, Boston, MA",SAM
"118 FLORIDA STREET, Boston, MA",SAM
"119 FLORIDA STREET, Boston, MA",SAM
"12 FLORIDA STREET, Boston, MA",SAM
"121 FLORIDA STREET, Boston, MA",SAM
"123 FLORIDA STREET, Boston, MA",SAM
"125 FLORIDA STREET, Boston, MA",SAM
"16 FLORIDA STREET, Boston, MA",SAM
"22 FLORIDA STREET, Boston, MA",SAM
"23 FLORIDA STREET, Boston, MA",SAM
"27 FLORIDA STREET, Boston, MA",SAM
"29 FLORIDA STREET, Boston, MA",SAM
"3 FLORIDA STREET, Boston, MA",SAM
"34 FLORIDA STREET, Boston, MA",SAM
"35 FLORIDA STREET, Boston, MA",SAM
"39 FLORIDA STREET, Boston, MA",SAM
"4 FLORIDA STREET, Boston, MA",SAM
"42 FLORIDA STREET, Boston, MA",SAM
"46 FLORIDA STREET, Boston, MA",SAM
"50 FLORIDA STREET, Boston, MA",SAM
"51 FLORIDA STREET, Boston, MA",SAM
"55 FLORIDA STREET, Boston, MA",SAM
"60 FLORIDA STREET, Boston, MA",SAM
"62 FLORIDA STREET, Boston, MA",SAM
"64 FLORIDA STREET, Boston, MA",SAM
"66 FLORIDA STREET, Boston, MA",SAM
"7 FLORIDA STREET, Boston, MA",SAM
"70 FLORIDA STREET, Boston, MA",SAM
"72 FLORIDA STREET, Boston, MA",SAM
"74 FLORIDA STREET, Boston, MA",SAM
"8 FLORIDA STREET, Boston, MA",SAM
"88 FLORIDA STREET, Boston, MA",SAM
"90 FLORIDA STREET, Boston, MA",SAM
"91 FLORIDA STREET, Boston, MA",SAM
"92 FLORIDA STREET, Boston, MA",SAM
"93 FLORIDA STREET, Boston, MA",SAM
"94 FLORIDA STREET, Boston, MA",SAM
"95 FLORIDA STREET, Boston, MA",SAM
"96 FLORIDA STREET, Boston, MA",SAM
"101 FLOYD STREET, Boston, MA",SAM
"102 FLOYD STREET, Boston, MA",SAM
"105 FLOYD STREET, Boston, MA",SAM
"106 FLOYD STREET, Boston, MA",SAM
"110 FLOYD STREET, Boston, MA",SAM
"14 FLOYD STREET, Boston, MA",SAM
"18 FLOYD STREET, Boston, MA",SAM
"19 FLOYD STREET, Boston, MA",SAM
"20 FLOYD STREET, Boston, MA",SAM
"27 FLOYD STREET, Boston, MA",SAM
"28 FLOYD STREET, Boston, MA",SAM
"31 FLOYD STREET, Boston, MA",SAM
"32 FLOYD STREET, Boston, MA",SAM
"35 FLOYD STREET, Boston, MA",SAM
"39 FLOYD STREET, Boston, MA",SAM
"40 FLOYD STREET, Boston, MA",SAM
"43 FLOYD STREET, Boston, MA",SAM
"44 FLOYD STREET, Boston, MA",SAM
"46 FLOYD STREET, Boston, MA",SAM
"47 FLOYD STREET, Boston, MA",SAM
"50 FLOYD STREET, Boston, MA",SAM
"51 FLOYD STREET, Boston, MA",SAM
"54 FLOYD STREET, Boston, MA",SAM
"58 FLOYD STREET, Boston, MA",SAM
"6 FLOYD STREET, Boston, MA",SAM
"61 FLOYD STREET, Boston, MA",SAM
"62 FLOYD STREET, Boston, MA",SAM
"65 FLOYD STREET, Boston, MA",SAM
"66 FLOYD STREET, Boston, MA",SAM
"69 FLOYD STREET, Boston, MA",SAM
"73 FLOYD STREET, Boston, MA",SAM
"74 FLOYD STREET, Boston, MA",SAM
"77 FLOYD STREET, Boston, MA",SAM
"78 FLOYD STREET, Boston, MA",SAM
"81 FLOYD STREET, Boston, MA",SAM
"82 FLOYD STREET, Boston, MA",SAM
"85 FLOYD STREET, Boston, MA",SAM
"86 FLOYD STREET, Boston, MA",SAM
"89 FLOYD STREET, Boston, MA",SAM
"9 FLOYD STREET, Boston, MA",SAM
"90 FLOYD STREET, Boston, MA",SAM
"93 FLOYD STREET, Boston, MA",SAM
"94 FLOYD STREET, Boston, MA",SAM
"97 FLOYD STREET, Boston, MA",SAM
"98 FLOYD STREET, Boston, MA",SAM
"10 FOLLEN STREET, Boston, MA",SAM
"11 FOLLEN STREET, Boston, MA",SAM
"12 FOLLEN STREET, Boston, MA",SAM
"14 FOLLEN STREET, Boston, MA",SAM
"15 FOLLEN STREET, Boston, MA",SAM
"17 FOLLEN STREET, Boston, MA",SAM
"18 FOLLEN STREET, Boston, MA",SAM
"20 FOLLEN STREET, Boston, MA",SAM
"21 FOLLEN STREET, Boston, MA",SAM
"22 FOLLEN STREET, Boston, MA",SAM
"23 FOLLEN STREET, Boston, MA",SAM
"25 FOLLEN STREET, Boston, MA",SAM
"2 FOLSOM STREET, Boston, MA",SAM
"10 FOLSOM STREET, Boston, MA",SAM
"12 FOLSOM STREET, Boston, MA",SAM
"14 FOLSOM STREET, Boston, MA",SAM
"15 FOLSOM STREET, Boston, MA",SAM
"16 FOLSOM STREET, Boston, MA",SAM
"18 FOLSOM STREET, Boston, MA",SAM
"19 FOLSOM STREET, Boston, MA",SAM
"20 FOLSOM STREET, Boston, MA",SAM
"23 FOLSOM STREET, Boston, MA",SAM
"24 FOLSOM STREET, Boston, MA",SAM
"28 FOLSOM STREET, Boston, MA",SAM
"30 FOLSOM STREET, Boston, MA",SAM
"37 FOLSOM STREET, Boston, MA",SAM
"8 FOLSOM STREET, Boston, MA",SAM
"1 FOODMART ROAD, Boston, MA",SAM
"101 FORBES STREET, Boston, MA",SAM
"103 FORBES STREET, Boston, MA",SAM
"104 FORBES STREET, Boston, MA",SAM
"105 FORBES STREET, Boston, MA",SAM
"15 FORBES STREET, Boston, MA",SAM
"17 FORBES STREET, Boston, MA",SAM
"18 FORBES STREET, Boston, MA",SAM
"20 FORBES STREET, Boston, MA",SAM
"30 FORBES STREET, Boston, MA",SAM
"33 FORBES STREET, Boston, MA",SAM
"34 FORBES STREET, Boston, MA",SAM
"36 FORBES STREET, Boston, MA",SAM
"39 FORBES STREET, Boston, MA",SAM
"3 FORBES STREET, Boston, MA",SAM
"40 FORBES STREET, Boston, MA",SAM
"42 FORBES STREET, Boston, MA",SAM
"43 FORBES STREET, Boston, MA",SAM
"47 FORBES STREET, Boston, MA",SAM
"49 FORBES STREET, Boston, MA",SAM
"5 FORBES STREET, Boston, MA",SAM
"50 FORBES STREET, Boston, MA",SAM
"52 FORBES STREET, Boston, MA",SAM
"54 FORBES STREET, Boston, MA",SAM
"55 FORBES STREET, Boston, MA",SAM
"59 FORBES STREET, Boston, MA",SAM
"67 FORBES STREET, Boston, MA",SAM
"7 FORBES STREET, Boston, MA",SAM
"72 FORBES STREET, Boston, MA",SAM
"74 FORBES STREET, Boston, MA",SAM
"75 FORBES STREET, Boston, MA",SAM
"80 FORBES STREET, Boston, MA",SAM
"84 FORBES STREET, Boston, MA",SAM
"97 FORBES STREET, Boston, MA",SAM
"98 FORBES STREET, Boston, MA",SAM
"99 FORBES STREET, Boston, MA",SAM
"11 FORD STREET, Boston, MA",SAM
"21 FORD STREET, Boston, MA",SAM
"4 FORD STREET, Boston, MA",SAM
"6 FORD STREET, Boston, MA",SAM
"7 FORD STREET, Boston, MA",SAM
"8 FORD STREET, Boston, MA",SAM
"17 FORDHAM ROAD, Boston, MA",SAM
"20 FORDHAM ROAD, Boston, MA",SAM
"26 FORDHAM ROAD, Boston, MA",SAM
"34 FORDHAM ROAD, Boston, MA",SAM
"7 FORDHAM ROAD, Boston, MA",SAM
"1 FOREST PLACE, Boston, MA",SAM
"2 FOREST PLACE, Boston, MA",SAM
"3 FOREST PLACE, Boston, MA",SAM
"4 FOREST PLACE, Boston, MA",SAM
"5 FOREST PLACE, Boston, MA",SAM
"6 FOREST PLACE, Boston, MA",SAM
"11 FOREST STREET, Boston, MA",SAM
"12 FOREST STREET, Boston, MA",SAM
"14 FOREST STREET, Boston, MA",SAM
"15 FOREST STREET, Boston, MA",SAM
"16 FOREST STREET, Boston, MA",SAM
"17 FOREST STREET, Boston, MA",SAM
"19 FOREST STREET, Boston, MA",SAM
"2 FOREST STREET, Boston, MA",SAM
"20 FOREST STREET, Boston, MA",SAM
"22 FOREST STREET, Boston, MA",SAM
"25 FOREST STREET, Boston, MA",SAM
"29 FOREST STREET, Boston, MA",SAM
"33 FOREST STREET, Boston, MA",SAM
"34 FOREST STREET, Boston, MA",SAM
"36 FOREST STREET, Boston, MA",SAM
"39 FOREST STREET, Boston, MA",SAM
"4 FOREST STREET, Boston, MA",SAM
"41 FOREST STREET, Boston, MA",SAM
"44 FOREST STREET, Boston, MA",SAM
"5 FOREST STREET, Boston, MA",SAM
"51 FOREST STREET, Boston, MA",SAM
"53 FOREST STREET, Boston, MA",SAM
"54 FOREST STREET, Boston, MA",SAM
"55 FOREST STREET, Boston, MA",SAM
"57 FOREST STREET, Boston, MA",SAM
"58 FOREST STREET, Boston, MA",SAM
"59 FOREST STREET, Boston, MA",SAM
"60 FOREST STREET, Boston, MA",SAM
"61 FOREST STREET, Boston, MA",SAM
"63 FOREST STREET, Boston, MA",SAM
"64 FOREST STREET, Boston, MA",SAM
"66 FOREST STREET, Boston, MA",SAM
"68 FOREST STREET, Boston, MA",SAM
"70 FOREST STREET, Boston, MA",SAM
"72 FOREST STREET, Boston, MA",SAM
"74 FOREST STREET, Boston, MA",SAM
"10 FOREST HILLS STREET, Boston, MA",SAM
"107 FOREST HILLS STREET, Boston, MA",SAM
"12 FOREST HILLS STREET, Boston, MA",SAM
"139 FOREST HILLS STREET, Boston, MA",SAM
"14 FOREST HILLS STREET, Boston, MA",SAM
"143 FOREST HILLS STREET, Boston, MA",SAM
"146 FOREST HILLS STREET, Boston, MA",SAM
"147 FOREST HILLS STREET, Boston, MA",SAM
"155 FOREST HILLS STREET, Boston, MA",SAM
"156 FOREST HILLS STREET, Boston, MA",SAM
"167 FOREST HILLS STREET, Boston, MA",SAM
"174 FOREST HILLS STREET, Boston, MA",SAM
"177 FOREST HILLS STREET, Boston, MA",SAM
"19 FOREST HILLS STREET, Boston, MA",SAM
"20 FOREST HILLS STREET, Boston, MA",SAM
"21 FOREST HILLS STREET, Boston, MA",SAM
"215 FOREST HILLS STREET, Boston, MA",SAM
"22 FOREST HILLS STREET, Boston, MA",SAM
"235 FOREST HILLS STREET, Boston, MA",SAM
"241 FOREST HILLS STREET, Boston, MA",SAM
"243 FOREST HILLS STREET, Boston, MA",SAM
"247 FOREST HILLS STREET, Boston, MA",SAM
"249 FOREST HILLS STREET, Boston, MA",SAM
"26 FOREST HILLS STREET, Boston, MA",SAM
"265 FOREST HILLS STREET, Boston, MA",SAM
"269 FOREST HILLS STREET, Boston, MA",SAM
"275 FOREST HILLS STREET, Boston, MA",SAM
"277 FOREST HILLS STREET, Boston, MA",SAM
"281 FOREST HILLS STREET, Boston, MA",SAM
"285 FOREST HILLS STREET, Boston, MA",SAM
"289 FOREST HILLS STREET, Boston, MA",SAM
"293 FOREST HILLS STREET, Boston, MA",SAM
"297 FOREST HILLS STREET, Boston, MA",SAM
"301 FOREST HILLS STREET, Boston, MA",SAM
"305 FOREST HILLS STREET, Boston, MA",SAM
"311 FOREST HILLS STREET, Boston, MA",SAM
"315 FOREST HILLS STREET, Boston, MA",SAM
"319 FOREST HILLS STREET, Boston, MA",SAM
"37 FOREST HILLS STREET, Boston, MA",SAM
"39 FOREST HILLS STREET, Boston, MA",SAM
"399 FOREST HILLS STREET, Boston, MA",SAM
"43 FOREST HILLS STREET, Boston, MA",SAM
"46 FOREST HILLS STREET, Boston, MA",SAM
"50 FOREST HILLS STREET, Boston, MA",SAM
"51 FOREST HILLS STREET, Boston, MA",SAM
"53 FOREST HILLS STREET, Boston, MA",SAM
"54 FOREST HILLS STREET, Boston, MA",SAM
"55 FOREST HILLS STREET, Boston, MA",SAM
"58 FOREST HILLS STREET, Boston, MA",SAM
"59 FOREST HILLS STREET, Boston, MA",SAM
"63 FOREST HILLS STREET, Boston, MA",SAM
"70 FOREST HILLS STREET, Boston, MA",SAM
"75 FOREST HILLS STREET, Boston, MA",SAM
"76 FOREST HILLS STREET, Boston, MA",SAM
"78 FOREST HILLS STREET, Boston, MA",SAM
"82 FOREST HILLS STREET, Boston, MA",SAM
"83 FOREST HILLS STREET, Boston, MA",SAM
"86 FOREST HILLS STREET, Boston, MA",SAM
"90 FOREST HILLS STREET, Boston, MA",SAM
"94 FOREST HILLS STREET, Boston, MA",SAM
"98 FOREST HILLS STREET, Boston, MA",SAM
"10 FORESTVALE ROAD, Boston, MA",SAM
"14 FORESTVALE ROAD, Boston, MA",SAM
"18 FORESTVALE ROAD, Boston, MA",SAM
"22 FORESTVALE ROAD, Boston, MA",SAM
"26 FORESTVALE ROAD, Boston, MA",SAM
"105 FORSYTH STREET, Boston, MA",SAM
"17 FORSYTH STREET, Boston, MA",SAM
"10 FORT AVENUE, Boston, MA",SAM
"17 FORT AVENUE, Boston, MA",SAM
"19 FORT AVENUE, Boston, MA",SAM
"21 FORT AVENUE, Boston, MA",SAM
"23 FORT AVENUE, Boston, MA",SAM
"27 FORT AVENUE, Boston, MA",SAM
"37 FORT AVENUE, Boston, MA",SAM
"39 FORT AVENUE, Boston, MA",SAM
"41 FORT AVENUE, Boston, MA",SAM
"45 FORT AVENUE, Boston, MA",SAM
"49 FORT AVENUE, Boston, MA",SAM
"51 FORT AVENUE, Boston, MA",SAM
"55 FORT AVENUE, Boston, MA",SAM
"59 FORT AVENUE, Boston, MA",SAM
"6 FORT AVENUE, Boston, MA",SAM
"72 FORT AVENUE, Boston, MA",SAM
"79 FORT AVENUE, Boston, MA",SAM
"8 FORT AVENUE, Boston, MA",SAM
"81 FORT AVENUE, Boston, MA",SAM
"89 FORT AVENUE, Boston, MA",SAM
"1 FORT AVENUE TERRACE, Boston, MA",SAM
"2 FORT AVENUE TERRACE, Boston, MA",SAM
"3 FORT AVENUE TERRACE, Boston, MA",SAM
"4 FORT AVENUE TERRACE, Boston, MA",SAM
"6 FORT AVENUE TERRACE, Boston, MA",SAM
"11 FOSSDALE ROAD, Boston, MA",SAM
"12 FOSSDALE ROAD, Boston, MA",SAM
"15 FOSSDALE ROAD, Boston, MA",SAM
"16 FOSSDALE ROAD, Boston, MA",SAM
"19 FOSSDALE ROAD, Boston, MA",SAM
"20 FOSSDALE ROAD, Boston, MA",SAM
"24 FOSSDALE ROAD, Boston, MA",SAM
"27 FOSSDALE ROAD, Boston, MA",SAM
"7 FOSSDALE ROAD, Boston, MA",SAM
"8 FOSSDALE ROAD, Boston, MA",SAM
"11 FOSTER STREET, Boston, MA",SAM
"114 FOSTER STREET, Boston, MA",SAM
"120 FOSTER STREET, Boston, MA",SAM
"122 FOSTER STREET, Boston, MA",SAM
"124 FOSTER STREET, Boston, MA",SAM
"126 FOSTER STREET, Boston, MA",SAM
"134 FOSTER STREET, Boston, MA",SAM
"137 FOSTER STREET, Boston, MA",SAM
"143 FOSTER STREET, Boston, MA",SAM
"144 FOSTER STREET, Boston, MA",SAM
"147 FOSTER STREET, Boston, MA",SAM
"148 FOSTER STREET, Boston, MA",SAM
"157 FOSTER STREET, Boston, MA",SAM
"158 FOSTER STREET, Boston, MA",SAM
"16 FOSTER STREET, Boston, MA",SAM
"161 FOSTER STREET, Boston, MA",SAM
"165 FOSTER STREET, Boston, MA",SAM
"169 FOSTER STREET, Boston, MA",SAM
"192 FOSTER STREET, Boston, MA",SAM
"197 FOSTER STREET, Boston, MA",SAM
"225 FOSTER STREET, Boston, MA",SAM
"23 FOSTER STREET, Boston, MA",SAM
"236 FOSTER STREET, Boston, MA",SAM
"25 FOSTER STREET, Boston, MA",SAM
"270 FOSTER STREET, Boston, MA",SAM
"272 FOSTER STREET, Boston, MA",SAM
"28 FOSTER STREET, Boston, MA",SAM
"29 FOSTER STREET, Boston, MA",SAM
"31 FOSTER STREET, Boston, MA",SAM
"35 FOSTER STREET, Boston, MA",SAM
"37 FOSTER STREET, Boston, MA",SAM
"4 FOSTER STREET, Boston, MA",SAM
"5 FOSTER STREET, Boston, MA",SAM
"58 FOSTER STREET, Boston, MA",SAM
"60 FOSTER STREET, Boston, MA",SAM
"64 FOSTER STREET, Boston, MA",SAM
"66 FOSTER STREET, Boston, MA",SAM
"67 FOSTER STREET, Boston, MA",SAM
"68 FOSTER STREET, Boston, MA",SAM
"70 FOSTER STREET, Boston, MA",SAM
"75 FOSTER STREET, Boston, MA",SAM
"76 FOSTER STREET, Boston, MA",SAM
"78 FOSTER STREET, Boston, MA",SAM
"79 FOSTER STREET, Boston, MA",SAM
"8 FOSTER STREET, Boston, MA",SAM
"83 FOSTER STREET, Boston, MA",SAM
"86 FOSTER STREET, Boston, MA",SAM
"87 FOSTER STREET, Boston, MA",SAM
"9 FOSTER STREET, Boston, MA",SAM
"90 FOSTER STREET, Boston, MA",SAM
"91 FOSTER STREET, Boston, MA",SAM
"92 FOSTER STREET, Boston, MA",SAM
"96 FOSTER STREET, Boston, MA",SAM
"104 FOSTER TERRACE, Boston, MA",SAM
"106 FOSTER TERRACE, Boston, MA",SAM
"108 FOSTER TERRACE, Boston, MA",SAM
"110 FOSTER TERRACE, Boston, MA",SAM
"114 FOSTER TERRACE, Boston, MA",SAM
"10 FOTTLER ROAD, Boston, MA",SAM
"11 FOTTLER ROAD, Boston, MA",SAM
"25 FOTTLER ROAD, Boston, MA",SAM
"29 FOTTLER ROAD, Boston, MA",SAM
"3 FOTTLER ROAD, Boston, MA",SAM
"33 FOTTLER ROAD, Boston, MA",SAM
"45 FOTTLER ROAD, Boston, MA",SAM
"48 FOTTLER ROAD, Boston, MA",SAM
"49 FOTTLER ROAD, Boston, MA",SAM
"53 FOTTLER ROAD, Boston, MA",SAM
"57 FOTTLER ROAD, Boston, MA",SAM
"7 FOTTLER ROAD, Boston, MA",SAM
"71 FOUNDRY STREET, Boston, MA",SAM
"4 FOUNTAIN STREET, Boston, MA",SAM
"469 FOURTH STREET, Boston, MA",SAM
"470 FOURTH STREET, Boston, MA",SAM
"471 FOURTH STREET, Boston, MA",SAM
"472 FOURTH STREET, Boston, MA",SAM
"474 FOURTH STREET, Boston, MA",SAM
"476 FOURTH STREET, Boston, MA",SAM
"478 FOURTH STREET, Boston, MA",SAM
"480 FOURTH STREET, Boston, MA",SAM
"484 FOURTH STREET, Boston, MA",SAM
"491 FOURTH STREET, Boston, MA",SAM
"493 FOURTH STREET, Boston, MA",SAM
"494 FOURTH STREET, Boston, MA",SAM
"495 FOURTH STREET, Boston, MA",SAM
"497 FOURTH STREET, Boston, MA",SAM
"498 FOURTH STREET, Boston, MA",SAM
"500 FOURTH STREET, Boston, MA",SAM
"502 FOURTH STREET, Boston, MA",SAM
"504 FOURTH STREET, Boston, MA",SAM
"506 FOURTH STREET, Boston, MA",SAM
"508 FOURTH STREET, Boston, MA",SAM
"510 FOURTH STREET, Boston, MA",SAM
"512 FOURTH STREET, Boston, MA",SAM
"514 FOURTH STREET, Boston, MA",SAM
"523 FOURTH STREET, Boston, MA",SAM
"525 FOURTH STREET, Boston, MA",SAM
"527 FOURTH STREET, Boston, MA",SAM
"528 FOURTH STREET, Boston, MA",SAM
"529 FOURTH STREET, Boston, MA",SAM
"530 FOURTH STREET, Boston, MA",SAM
"532 FOURTH STREET, Boston, MA",SAM
"534 FOURTH STREET, Boston, MA",SAM
"535 FOURTH STREET, Boston, MA",SAM
"536 FOURTH STREET, Boston, MA",SAM
"537 FOURTH STREET, Boston, MA",SAM
"538 FOURTH STREET, Boston, MA",SAM
"539 FOURTH STREET, Boston, MA",SAM
"540 FOURTH STREET, Boston, MA",SAM
"541 FOURTH STREET, Boston, MA",SAM
"543 FOURTH STREET, Boston, MA",SAM
"546 FOURTH STREET, Boston, MA",SAM
"548 FOURTH STREET, Boston, MA",SAM
"549 FOURTH STREET, Boston, MA",SAM
"555 FOURTH STREET, Boston, MA",SAM
"557 FOURTH STREET, Boston, MA",SAM
"559 FOURTH STREET, Boston, MA",SAM
"582 FOURTH STREET, Boston, MA",SAM
"583 FOURTH STREET, Boston, MA",SAM
"584 FOURTH STREET, Boston, MA",SAM
"585 FOURTH STREET, Boston, MA",SAM
"586 FOURTH STREET, Boston, MA",SAM
"587 FOURTH STREET, Boston, MA",SAM
"588 FOURTH STREET, Boston, MA",SAM
"589 FOURTH STREET, Boston, MA",SAM
"590 FOURTH STREET, Boston, MA",SAM
"591 FOURTH STREET, Boston, MA",SAM
"592 FOURTH STREET, Boston, MA",SAM
"593 FOURTH STREET, Boston, MA",SAM
"594 FOURTH STREET, Boston, MA",SAM
"595 FOURTH STREET, Boston, MA",SAM
"596 FOURTH STREET, Boston, MA",SAM
"598 FOURTH STREET, Boston, MA",SAM
"600 FOURTH STREET, Boston, MA",SAM
"601 FOURTH STREET, Boston, MA",SAM
"603 FOURTH STREET, Boston, MA",SAM
"616 FOURTH STREET, Boston, MA",SAM
"619 FOURTH STREET, Boston, MA",SAM
"621 FOURTH STREET, Boston, MA",SAM
"623 FOURTH STREET, Boston, MA",SAM
"626 FOURTH STREET, Boston, MA",SAM
"628 FOURTH STREET, Boston, MA",SAM
"657 FOURTH STREET, Boston, MA",SAM
"659 FOURTH STREET, Boston, MA",SAM
"661 FOURTH STREET, Boston, MA",SAM
"663 FOURTH STREET, Boston, MA",SAM
"667 FOURTH STREET, Boston, MA",SAM
"675 FOURTH STREET, Boston, MA",SAM
"680 FOURTH STREET, Boston, MA",SAM
"681 FOURTH STREET, Boston, MA",SAM
"683 FOURTH STREET, Boston, MA",SAM
"695 FOURTH STREET, Boston, MA",SAM
"699 FOURTH STREET, Boston, MA",SAM
"701 FOURTH STREET, Boston, MA",SAM
"703 FOURTH STREET, Boston, MA",SAM
"709 FOURTH STREET, Boston, MA",SAM
"714 FOURTH STREET, Boston, MA",SAM
"715 FOURTH STREET, Boston, MA",SAM
"716 FOURTH STREET, Boston, MA",SAM
"717 FOURTH STREET, Boston, MA",SAM
"718 FOURTH STREET, Boston, MA",SAM
"719 FOURTH STREET, Boston, MA",SAM
"720 FOURTH STREET, Boston, MA",SAM
"722 FOURTH STREET, Boston, MA",SAM
"723 FOURTH STREET, Boston, MA",SAM
"724 FOURTH STREET, Boston, MA",SAM
"742 FOURTH STREET, Boston, MA",SAM
"744 FOURTH STREET, Boston, MA",SAM
"746 FOURTH STREET, Boston, MA",SAM
"748 FOURTH STREET, Boston, MA",SAM
"750 FOURTH STREET, Boston, MA",SAM
"752 FOURTH STREET, Boston, MA",SAM
"754 FOURTH STREET, Boston, MA",SAM
"756 FOURTH STREET, Boston, MA",SAM
"758 FOURTH STREET, Boston, MA",SAM
"760 FOURTH STREET, Boston, MA",SAM
"762 FOURTH STREET, Boston, MA",SAM
"764 FOURTH STREET, Boston, MA",SAM
"765 FOURTH STREET, Boston, MA",SAM
"766 FOURTH STREET, Boston, MA",SAM
"767 FOURTH STREET, Boston, MA",SAM
"769 FOURTH STREET, Boston, MA",SAM
"770 FOURTH STREET, Boston, MA",SAM
"771 FOURTH STREET, Boston, MA",SAM
"772 FOURTH STREET, Boston, MA",SAM
"773 FOURTH STREET, Boston, MA",SAM
"774 FOURTH STREET, Boston, MA",SAM
"775 FOURTH STREET, Boston, MA",SAM
"776 FOURTH STREET, Boston, MA",SAM
"777 FOURTH STREET, Boston, MA",SAM
"778 FOURTH STREET, Boston, MA",SAM
"779 FOURTH STREET, Boston, MA",SAM
"780 FOURTH STREET, Boston, MA",SAM
"782 FOURTH STREET, Boston, MA",SAM
"783 FOURTH STREET, Boston, MA",SAM
"784 FOURTH STREET, Boston, MA",SAM
"785 FOURTH STREET, Boston, MA",SAM
"787 FOURTH STREET, Boston, MA",SAM
"789 FOURTH STREET, Boston, MA",SAM
"790 FOURTH STREET, Boston, MA",SAM
"791 FOURTH STREET, Boston, MA",SAM
"792 FOURTH STREET, Boston, MA",SAM
"793 FOURTH STREET, Boston, MA",SAM
"794 FOURTH STREET, Boston, MA",SAM
"795 FOURTH STREET, Boston, MA",SAM
"796 FOURTH STREET, Boston, MA",SAM
"797 FOURTH STREET, Boston, MA",SAM
"799 FOURTH STREET, Boston, MA",SAM
"801 FOURTH STREET, Boston, MA",SAM
"803 FOURTH STREET, Boston, MA",SAM
"805 FOURTH STREET, Boston, MA",SAM
"807 FOURTH STREET, Boston, MA",SAM
"809 FOURTH STREET, Boston, MA",SAM
"813 FOURTH STREET, Boston, MA",SAM
"815 FOURTH STREET, Boston, MA",SAM
"817 FOURTH STREET, Boston, MA",SAM
"819 FOURTH STREET, Boston, MA",SAM
"821 FOURTH STREET, Boston, MA",SAM
"825 FOURTH STREET, Boston, MA",SAM
"831 FOURTH STREET, Boston, MA",SAM
"833 FOURTH STREET, Boston, MA",SAM
"836 FOURTH STREET, Boston, MA",SAM
"837 FOURTH STREET, Boston, MA",SAM
"838 FOURTH STREET, Boston, MA",SAM
"840 FOURTH STREET, Boston, MA",SAM
"841 FOURTH STREET, Boston, MA",SAM
"842 FOURTH STREET, Boston, MA",SAM
"844 FOURTH STREET, Boston, MA",SAM
"845 FOURTH STREET, Boston, MA",SAM
"846 FOURTH STREET, Boston, MA",SAM
"847 FOURTH STREET, Boston, MA",SAM
"848 FOURTH STREET, Boston, MA",SAM
"849 FOURTH STREET, Boston, MA",SAM
"850 FOURTH STREET, Boston, MA",SAM
"851 FOURTH STREET, Boston, MA",SAM
"852 FOURTH STREET, Boston, MA",SAM
"853 FOURTH STREET, Boston, MA",SAM
"854 FOURTH STREET, Boston, MA",SAM
"858 FOURTH STREET, Boston, MA",SAM
"860 FOURTH STREET, Boston, MA",SAM
"862 FOURTH STREET, Boston, MA",SAM
"864 FOURTH STREET, Boston, MA",SAM
"865 FOURTH STREET, Boston, MA",SAM
"866 FOURTH STREET, Boston, MA",SAM
"867 FOURTH STREET, Boston, MA",SAM
"868 FOURTH STREET, Boston, MA",SAM
"869 FOURTH STREET, Boston, MA",SAM
"870 FOURTH STREET, Boston, MA",SAM
"871 FOURTH STREET, Boston, MA",SAM
"873 FOURTH STREET, Boston, MA",SAM
"874 FOURTH STREET, Boston, MA",SAM
"875 FOURTH STREET, Boston, MA",SAM
"876 FOURTH STREET, Boston, MA",SAM
"877 FOURTH STREET, Boston, MA",SAM
"878 FOURTH STREET, Boston, MA",SAM
"879 FOURTH STREET, Boston, MA",SAM
"881 FOURTH STREET, Boston, MA",SAM
"883 FOURTH STREET, Boston, MA",SAM
"885 FOURTH STREET, Boston, MA",SAM
"887 FOURTH STREET, Boston, MA",SAM
"889 FOURTH STREET, Boston, MA",SAM
"891 FOURTH STREET, Boston, MA",SAM
"893 FOURTH STREET, Boston, MA",SAM
"894 FOURTH STREET, Boston, MA",SAM
"895 FOURTH STREET, Boston, MA",SAM
"896 FOURTH STREET, Boston, MA",SAM
"898 FOURTH STREET, Boston, MA",SAM
"900 FOURTH STREET, Boston, MA",SAM
"902 FOURTH STREET, Boston, MA",SAM
"904 FOURTH STREET, Boston, MA",SAM
"905 FOURTH STREET, Boston, MA",SAM
"906 FOURTH STREET, Boston, MA",SAM
"907 FOURTH STREET, Boston, MA",SAM
"908 FOURTH STREET, Boston, MA",SAM
"909 FOURTH STREET, Boston, MA",SAM
"910 FOURTH STREET, Boston, MA",SAM
"911 FOURTH STREET, Boston, MA",SAM
"912 FOURTH STREET, Boston, MA",SAM
"913 FOURTH STREET, Boston, MA",SAM
"914 FOURTH STREET, Boston, MA",SAM
"915 FOURTH STREET, Boston, MA",SAM
"916 FOURTH STREET, Boston, MA",SAM
"918 FOURTH STREET, Boston, MA",SAM
"919 FOURTH STREET, Boston, MA",SAM
"921 FOURTH STREET, Boston, MA",SAM
"922 FOURTH STREET, Boston, MA",SAM
"924 FOURTH STREET, Boston, MA",SAM
"925 FOURTH STREET, Boston, MA",SAM
"927 FOURTH STREET, Boston, MA",SAM
"928 FOURTH STREET, Boston, MA",SAM
"929 FOURTH STREET, Boston, MA",SAM
"930 FOURTH STREET, Boston, MA",SAM
"931 FOURTH STREET, Boston, MA",SAM
"932 FOURTH STREET, Boston, MA",SAM
"934 FOURTH STREET, Boston, MA",SAM
"935 FOURTH STREET, Boston, MA",SAM
"936 FOURTH STREET, Boston, MA",SAM
"120 FOURTH STREET, Boston, MA",SAM
"139 FOURTH STREET, Boston, MA",SAM
"142 FOURTH STREET, Boston, MA",SAM
"150 FOURTH STREET, Boston, MA",SAM
"171 FOURTH STREET, Boston, MA",SAM
"172 FOURTH STREET, Boston, MA",SAM
"178 FOURTH STREET, Boston, MA",SAM
"313 FOURTH STREET, Boston, MA",SAM
"314 FOURTH STREET, Boston, MA",SAM
"315 FOURTH STREET, Boston, MA",SAM
"316 FOURTH STREET, Boston, MA",SAM
"317 FOURTH STREET, Boston, MA",SAM
"319 FOURTH STREET, Boston, MA",SAM
"321 FOURTH STREET, Boston, MA",SAM
"322 FOURTH STREET, Boston, MA",SAM
"323 FOURTH STREET, Boston, MA",SAM
"329 FOURTH STREET, Boston, MA",SAM
"331 FOURTH STREET, Boston, MA",SAM
"333 FOURTH STREET, Boston, MA",SAM
"335 FOURTH STREET, Boston, MA",SAM
"337 FOURTH STREET, Boston, MA",SAM
"343 FOURTH STREET, Boston, MA",SAM
"345 FOURTH STREET, Boston, MA",SAM
"347 FOURTH STREET, Boston, MA",SAM
"349 FOURTH STREET, Boston, MA",SAM
"350 FOURTH STREET, Boston, MA",SAM
"351 FOURTH STREET, Boston, MA",SAM
"353 FOURTH STREET, Boston, MA",SAM
"355 FOURTH STREET, Boston, MA",SAM
"357 FOURTH STREET, Boston, MA",SAM
"359 FOURTH STREET, Boston, MA",SAM
"361 FOURTH STREET, Boston, MA",SAM
"362 FOURTH STREET, Boston, MA",SAM
"366 FOURTH STREET, Boston, MA",SAM
"368 FOURTH STREET, Boston, MA",SAM
"371 FOURTH STREET, Boston, MA",SAM
"374 FOURTH STREET, Boston, MA",SAM
"375 FOURTH STREET, Boston, MA",SAM
"376 FOURTH STREET, Boston, MA",SAM
"377 FOURTH STREET, Boston, MA",SAM
"380 FOURTH STREET, Boston, MA",SAM
"381 FOURTH STREET, Boston, MA",SAM
"382 FOURTH STREET, Boston, MA",SAM
"383 FOURTH STREET, Boston, MA",SAM
"385 FOURTH STREET, Boston, MA",SAM
"386 FOURTH STREET, Boston, MA",SAM
"388 FOURTH STREET, Boston, MA",SAM
"389 FOURTH STREET, Boston, MA",SAM
"391 FOURTH STREET, Boston, MA",SAM
"392 FOURTH STREET, Boston, MA",SAM
"394 FOURTH STREET, Boston, MA",SAM
"395 FOURTH STREET, Boston, MA",SAM
"396 FOURTH STREET, Boston, MA",SAM
"397 FOURTH STREET, Boston, MA",SAM
"399 FOURTH STREET, Boston, MA",SAM
"401 FOURTH STREET, Boston, MA",SAM
"403 FOURTH STREET, Boston, MA",SAM
"411 FOURTH STREET, Boston, MA",SAM
"413 FOURTH STREET, Boston, MA",SAM
"414 FOURTH STREET, Boston, MA",SAM
"415 FOURTH STREET, Boston, MA",SAM
"417 FOURTH STREET, Boston, MA",SAM
"418 FOURTH STREET, Boston, MA",SAM
"419 FOURTH STREET, Boston, MA",SAM
"421 FOURTH STREET, Boston, MA",SAM
"423 FOURTH STREET, Boston, MA",SAM
"425 FOURTH STREET, Boston, MA",SAM
"427 FOURTH STREET, Boston, MA",SAM
"429 FOURTH STREET, Boston, MA",SAM
"431 FOURTH STREET, Boston, MA",SAM
"432 FOURTH STREET, Boston, MA",SAM
"433 FOURTH STREET, Boston, MA",SAM
"435 FOURTH STREET, Boston, MA",SAM
"436 FOURTH STREET, Boston, MA",SAM
"437 FOURTH STREET, Boston, MA",SAM
"438 FOURTH STREET, Boston, MA",SAM
"439 FOURTH STREET, Boston, MA",SAM
"440 FOURTH STREET, Boston, MA",SAM
"442 FOURTH STREET, Boston, MA",SAM
"443 FOURTH STREET, Boston, MA",SAM
"444 FOURTH STREET, Boston, MA",SAM
"445 FOURTH STREET, Boston, MA",SAM
"446 FOURTH STREET, Boston, MA",SAM
"447 FOURTH STREET, Boston, MA",SAM
"449 FOURTH STREET, Boston, MA",SAM
"451 FOURTH STREET, Boston, MA",SAM
"452 FOURTH STREET, Boston, MA",SAM
"453 FOURTH STREET, Boston, MA",SAM
"454 FOURTH STREET, Boston, MA",SAM
"456 FOURTH STREET, Boston, MA",SAM
"99 FOURTH STREET, Boston, MA",SAM
"1 FOURTH STREET PLACE, Boston, MA",SAM
"2 FOURTH STREET PLACE, Boston, MA",SAM
"3 FOURTH STREET PLACE, Boston, MA",SAM
"2 FOWLE STREET, Boston, MA",SAM
"4 FOWLE STREET, Boston, MA",SAM
"11 FOWLER STREET, Boston, MA",SAM
"14 FOWLER STREET, Boston, MA",SAM
"16 FOWLER STREET, Boston, MA",SAM
"32 FOWLER STREET, Boston, MA",SAM
"34 FOWLER STREET, Boston, MA",SAM
"36 FOWLER STREET, Boston, MA",SAM
"37 FOWLER STREET, Boston, MA",SAM
"40 FOWLER STREET, Boston, MA",SAM
"41 FOWLER STREET, Boston, MA",SAM
"45 FOWLER STREET, Boston, MA",SAM
"46 FOWLER STREET, Boston, MA",SAM
"47 FOWLER STREET, Boston, MA",SAM
"48 FOWLER STREET, Boston, MA",SAM
"49 FOWLER STREET, Boston, MA",SAM
"50 FOWLER STREET, Boston, MA",SAM
"54 FOWLER STREET, Boston, MA",SAM
"57 FOWLER STREET, Boston, MA",SAM
"58 FOWLER STREET, Boston, MA",SAM
"60 FOWLER STREET, Boston, MA",SAM
"61 FOWLER STREET, Boston, MA",SAM
"65 FOWLER STREET, Boston, MA",SAM
"66 FOWLER STREET, Boston, MA",SAM
"69 FOWLER STREET, Boston, MA",SAM
"73 FOWLER STREET, Boston, MA",SAM
"74 FOWLER STREET, Boston, MA",SAM
"77 FOWLER STREET, Boston, MA",SAM
"78 FOWLER STREET, Boston, MA",SAM
"8 FOWLER STREET, Boston, MA",SAM
"81 FOWLER STREET, Boston, MA",SAM
"85 FOWLER STREET, Boston, MA",SAM
"95 FOWLER STREET, Boston, MA",SAM
"10 FOX STREET, Boston, MA",SAM
"12 FOX STREET, Boston, MA",SAM
"15 FOX STREET, Boston, MA",SAM
"19 FOX STREET, Boston, MA",SAM
"26 FOX STREET, Boston, MA",SAM
"28 FOX STREET, Boston, MA",SAM
"35 FOX STREET, Boston, MA",SAM
"36 FOX STREET, Boston, MA",SAM
"37 FOX STREET, Boston, MA",SAM
"38 FOX STREET, Boston, MA",SAM
"39 FOX STREET, Boston, MA",SAM
"40 FOX STREET, Boston, MA",SAM
"42 FOX STREET, Boston, MA",SAM
"43 FOX STREET, Boston, MA",SAM
"44 FOX STREET, Boston, MA",SAM
"45 FOX STREET, Boston, MA",SAM
"5 FOX STREET, Boston, MA",SAM
"7 FOX STREET, Boston, MA",SAM
"8 FOX STREET, Boston, MA",SAM
"10 FOX POINT ROAD, Boston, MA",SAM
"11 FOX POINT ROAD, Boston, MA",SAM
"18 FOX POINT ROAD, Boston, MA",SAM
"8 FOX POINT ROAD, Boston, MA",SAM
"9 FOX POINT ROAD, Boston, MA",SAM
"11 FRANCESCA STREET, Boston, MA",SAM
"5 FRANCESCA STREET, Boston, MA",SAM
"6 FRANCESCA STREET, Boston, MA",SAM
"9 FRANCESCA STREET, Boston, MA",SAM
"110 FRANCIS STREET, Boston, MA",SAM
"135 FRANCIS STREET, Boston, MA",SAM
"18 FRANCIS STREET, Boston, MA",SAM
"2 FRANCIS STREET, Boston, MA",SAM
"20 FRANCIS STREET, Boston, MA",SAM
"22 FRANCIS STREET, Boston, MA",SAM
"30 FRANCIS STREET, Boston, MA",SAM
"32 FRANCIS STREET, Boston, MA",SAM
"34 FRANCIS STREET, Boston, MA",SAM
"36 FRANCIS STREET, Boston, MA",SAM
"38 FRANCIS STREET, Boston, MA",SAM
"40 FRANCIS STREET, Boston, MA",SAM
"44 FRANCIS STREET, Boston, MA",SAM
"46 FRANCIS STREET, Boston, MA",SAM
"48 FRANCIS STREET, Boston, MA",SAM
"50 FRANCIS STREET, Boston, MA",SAM
"52 FRANCIS STREET, Boston, MA",SAM
"54 FRANCIS STREET, Boston, MA",SAM
"56 FRANCIS STREET, Boston, MA",SAM
"64 FRANCIS STREET, Boston, MA",SAM
"68 FRANCIS STREET, Boston, MA",SAM
"1 FRANCLAIRE DRIVE, Boston, MA",SAM
"10 FRANCLAIRE DRIVE, Boston, MA",SAM
"14 FRANCLAIRE DRIVE, Boston, MA",SAM
"15 FRANCLAIRE DRIVE, Boston, MA",SAM
"18 FRANCLAIRE DRIVE, Boston, MA",SAM
"2 FRANCLAIRE DRIVE, Boston, MA",SAM
"22 FRANCLAIRE DRIVE, Boston, MA",SAM
"26 FRANCLAIRE DRIVE, Boston, MA",SAM
"30 FRANCLAIRE DRIVE, Boston, MA",SAM
"34 FRANCLAIRE DRIVE, Boston, MA",SAM
"38 FRANCLAIRE DRIVE, Boston, MA",SAM
"44 FRANCLAIRE DRIVE, Boston, MA",SAM
"45 FRANCLAIRE DRIVE, Boston, MA",SAM
"48 FRANCLAIRE DRIVE, Boston, MA",SAM
"5 FRANCLAIRE DRIVE, Boston, MA",SAM
"6 FRANCLAIRE DRIVE, Boston, MA",SAM
"9 FRANCLAIRE DRIVE, Boston, MA",SAM
"10 FRANCONIA STREET, Boston, MA",SAM
"14 FRANCONIA STREET, Boston, MA",SAM
"18 FRANCONIA STREET, Boston, MA",SAM
"22 FRANCONIA STREET, Boston, MA",SAM
"26 FRANCONIA STREET, Boston, MA",SAM
"27 FRANCONIA STREET, Boston, MA",SAM
"31 FRANCONIA STREET, Boston, MA",SAM
"32 FRANCONIA STREET, Boston, MA",SAM
"35 FRANCONIA STREET, Boston, MA",SAM
"38 FRANCONIA STREET, Boston, MA",SAM
"39 FRANCONIA STREET, Boston, MA",SAM
"42 FRANCONIA STREET, Boston, MA",SAM
"43 FRANCONIA STREET, Boston, MA",SAM
"46 FRANCONIA STREET, Boston, MA",SAM
"47 FRANCONIA STREET, Boston, MA",SAM
"5 FRANCONIA STREET, Boston, MA",SAM
"51 FRANCONIA STREET, Boston, MA",SAM
"56 FRANCONIA STREET, Boston, MA",SAM
"58 FRANCONIA STREET, Boston, MA",SAM
"59 FRANCONIA STREET, Boston, MA",SAM
"6 FRANCONIA STREET, Boston, MA",SAM
"63 FRANCONIA STREET, Boston, MA",SAM
"67 FRANCONIA STREET, Boston, MA",SAM
"7 FRANCONIA STREET, Boston, MA",SAM
"9 FRANCONIA STREET, Boston, MA",SAM
"12 FRANKFORT STREET, Boston, MA",SAM
"16 FRANKFORT STREET, Boston, MA",SAM
"18 FRANKFORT STREET, Boston, MA",SAM
"19 FRANKFORT STREET, Boston, MA",SAM
"24 FRANKFORT STREET, Boston, MA",SAM
"26 FRANKFORT STREET, Boston, MA",SAM
"30 FRANKFORT STREET, Boston, MA",SAM
"32 FRANKFORT STREET, Boston, MA",SAM
"34 FRANKFORT STREET, Boston, MA",SAM
"36 FRANKFORT STREET, Boston, MA",SAM
"38 FRANKFORT STREET, Boston, MA",SAM
"406 FRANKFORT STREET, Boston, MA",SAM
"42 FRANKFORT STREET, Boston, MA",SAM
"431 FRANKFORT STREET, Boston, MA",SAM
"433 FRANKFORT STREET, Boston, MA",SAM
"435 FRANKFORT STREET, Boston, MA",SAM
"44 FRANKFORT STREET, Boston, MA",SAM
"441 FRANKFORT STREET, Boston, MA",SAM
"443 FRANKFORT STREET, Boston, MA",SAM
"447 FRANKFORT STREET, Boston, MA",SAM
"453 FRANKFORT STREET, Boston, MA",SAM
"455 FRANKFORT STREET, Boston, MA",SAM
"48 FRANKFORT STREET, Boston, MA",SAM
"56 FRANKFORT STREET, Boston, MA",SAM
"58 FRANKFORT STREET, Boston, MA",SAM
"60 FRANKFORT STREET, Boston, MA",SAM
"62 FRANKFORT STREET, Boston, MA",SAM
"63 FRANKFORT STREET, Boston, MA",SAM
"65 FRANKFORT STREET, Boston, MA",SAM
"67 FRANKFORT STREET, Boston, MA",SAM
"68 FRANKFORT STREET, Boston, MA",SAM
"69 FRANKFORT STREET, Boston, MA",SAM
"70 FRANKFORT STREET, Boston, MA",SAM
"71 FRANKFORT STREET, Boston, MA",SAM
"74 FRANKFORT STREET, Boston, MA",SAM
"76 FRANKFORT STREET, Boston, MA",SAM
"78 FRANKFORT STREET, Boston, MA",SAM
"8 FRANKFORT STREET, Boston, MA",SAM
"80 FRANKFORT STREET, Boston, MA",SAM
"11 FRANKLIN PLACE, Boston, MA",SAM
"6 FRANKLIN PLACE, Boston, MA",SAM
"100 FRANKLIN STREET, Boston, MA",SAM
"103 FRANKLIN STREET, Boston, MA",SAM
"116 FRANKLIN STREET, Boston, MA",SAM
"121 FRANKLIN STREET, Boston, MA",SAM
"122 FRANKLIN STREET, Boston, MA",SAM
"124 FRANKLIN STREET, Boston, MA",SAM
"126 FRANKLIN STREET, Boston, MA",SAM
"129 FRANKLIN STREET, Boston, MA",SAM
"130 FRANKLIN STREET, Boston, MA",SAM
"135 FRANKLIN STREET, Boston, MA",SAM
"137 FRANKLIN STREET, Boston, MA",SAM
"138 FRANKLIN STREET, Boston, MA",SAM
"139 FRANKLIN STREET, Boston, MA",SAM
"141 FRANKLIN STREET, Boston, MA",SAM
"142 FRANKLIN STREET, Boston, MA",SAM
"147 FRANKLIN STREET, Boston, MA",SAM
"15 FRANKLIN STREET, Boston, MA",SAM
"152 FRANKLIN STREET, Boston, MA",SAM
"154 FRANKLIN STREET, Boston, MA",SAM
"158 FRANKLIN STREET, Boston, MA",SAM
"162 FRANKLIN STREET, Boston, MA",SAM
"166 FRANKLIN STREET, Boston, MA",SAM
"172 FRANKLIN STREET, Boston, MA",SAM
"176 FRANKLIN STREET, Boston, MA",SAM
"188 FRANKLIN STREET, Boston, MA",SAM
"20 FRANKLIN STREET, Boston, MA",SAM
"4 FRANKLIN STREET, Boston, MA",SAM
"48 FRANKLIN STREET, Boston, MA",SAM
"51 FRANKLIN STREET, Boston, MA",SAM
"53 FRANKLIN STREET, Boston, MA",SAM
"54 FRANKLIN STREET, Boston, MA",SAM
"55 FRANKLIN STREET, Boston, MA",SAM
"59 FRANKLIN STREET, Boston, MA",SAM
"66 FRANKLIN STREET, Boston, MA",SAM
"73 FRANKLIN STREET, Boston, MA",SAM
"74 FRANKLIN STREET, Boston, MA",SAM
"79 FRANKLIN STREET, Boston, MA",SAM
"81 FRANKLIN STREET, Boston, MA",SAM
"84 FRANKLIN STREET, Boston, MA",SAM
"85 FRANKLIN STREET, Boston, MA",SAM
"87 FRANKLIN STREET, Boston, MA",SAM
"89 FRANKLIN STREET, Boston, MA",SAM
"91 FRANKLIN STREET, Boston, MA",SAM
"92 FRANKLIN STREET, Boston, MA",SAM
"94 FRANKLIN STREET, Boston, MA",SAM
"99 FRANKLIN STREET, Boston, MA",SAM
"185 FRANKLIN STREET, Boston, MA",SAM
"209 FRANKLIN STREET, Boston, MA",SAM
"265 FRANKLIN STREET, Boston, MA",SAM
"281 FRANKLIN STREET, Boston, MA",SAM
"295 FRANKLIN STREET, Boston, MA",SAM
"301 FRANKLIN STREET, Boston, MA",SAM
"40 FRANKLIN STREET, Boston, MA",SAM
"45 FRANKLIN STREET, Boston, MA",SAM
"49 FRANKLIN STREET, Boston, MA",SAM
"50 FRANKLIN STREET, Boston, MA",SAM
"64 FRANKLIN STREET, Boston, MA",SAM
"11 FRANKLIN STREET, Boston, MA",SAM
"12 FRANKLIN STREET, Boston, MA",SAM
"14 FRANKLIN STREET, Boston, MA",SAM
"17 FRANKLIN STREET, Boston, MA",SAM
"18 FRANKLIN STREET, Boston, MA",SAM
"6 FRANKLIN STREET, Boston, MA",SAM
"7 FRANKLIN STREET, Boston, MA",SAM
"10 FRANKLIN STREET, Boston, MA",SAM
"19 FRANKLIN STREET, Boston, MA",SAM
"2 FRANKLIN STREET, Boston, MA",SAM
"3 FRANKLIN STREET, Boston, MA",SAM
"12 FRANKLIN TERRACE, Boston, MA",SAM
"14 FRANKLIN TERRACE, Boston, MA",SAM
"16 FRANKLIN TERRACE, Boston, MA",SAM
"18 FRANKLIN TERRACE, Boston, MA",SAM
"4 FRANKLIN TERRACE, Boston, MA",SAM
"6 FRANKLIN TERRACE, Boston, MA",SAM
"8 FRANKLIN TERRACE, Boston, MA",SAM
"8 FRANKLIN HILL AVENUE, Boston, MA",SAM
"15 FRAWLEY STREET, Boston, MA",SAM
"7 FRAWLEY STREET, Boston, MA",SAM
"10 FRAZER STREET, Boston, MA",SAM
"14 FRAZER STREET, Boston, MA",SAM
"18 FRAZER STREET, Boston, MA",SAM
"2 FRAZER STREET, Boston, MA",SAM
"21 FRAZER STREET, Boston, MA",SAM
"22 FRAZER STREET, Boston, MA",SAM
"26 FRAZER STREET, Boston, MA",SAM
"3 FRAZER STREET, Boston, MA",SAM
"30 FRAZER STREET, Boston, MA",SAM
"32 FRAZER STREET, Boston, MA",SAM
"36 FRAZER STREET, Boston, MA",SAM
"39 FRAZER STREET, Boston, MA",SAM
"40 FRAZER STREET, Boston, MA",SAM
"44 FRAZER STREET, Boston, MA",SAM
"45 FRAZER STREET, Boston, MA",SAM
"46 FRAZER STREET, Boston, MA",SAM
"6 FRAZER STREET, Boston, MA",SAM
"7 FRAZER STREET, Boston, MA",SAM
"15 FRAZER STREET, Boston, MA",SAM
"16 FRAZER STREET, Boston, MA",SAM
"20 FRAZER STREET, Boston, MA",SAM
"5 FRAZER STREET, Boston, MA",SAM
"8 FRAZER STREET, Boston, MA",SAM
"1 FREDERICK STREET, Boston, MA",SAM
"11 FREDERICK STREET, Boston, MA",SAM
"3 FREDERICK STREET, Boston, MA",SAM
"7 FREDERICK STREET, Boston, MA",SAM
"9 FREDERICK STREET, Boston, MA",SAM
"15 FREDERIKA STREET, Boston, MA",SAM
"19 FREDERIKA STREET, Boston, MA",SAM
"23 FREDERIKA STREET, Boston, MA",SAM
"27 FREDERIKA STREET, Boston, MA",SAM
"6 FREDERIKA STREET, Boston, MA",SAM
"9 FREDERIKA STREET, Boston, MA",SAM
"11 FREELAND STREET, Boston, MA",SAM
"12 FREELAND STREET, Boston, MA",SAM
"15 FREELAND STREET, Boston, MA",SAM
"16 FREELAND STREET, Boston, MA",SAM
"20 FREELAND STREET, Boston, MA",SAM
"21 FREELAND STREET, Boston, MA",SAM
"23 FREELAND STREET, Boston, MA",SAM
"27 FREELAND STREET, Boston, MA",SAM
"28 FREELAND STREET, Boston, MA",SAM
"29 FREELAND STREET, Boston, MA",SAM
"33 FREELAND STREET, Boston, MA",SAM
"35 FREELAND STREET, Boston, MA",SAM
"39 FREELAND STREET, Boston, MA",SAM
"41 FREELAND STREET, Boston, MA",SAM
"44 FREELAND STREET, Boston, MA",SAM
"45 FREELAND STREET, Boston, MA",SAM
"57 FREELAND STREET, Boston, MA",SAM
"61 FREELAND STREET, Boston, MA",SAM
"7 FREELAND STREET, Boston, MA",SAM
"8 FREELAND STREET, Boston, MA",SAM
"10 FREEMAN AVENUE, Boston, MA",SAM
"14 FREEMAN AVENUE, Boston, MA",SAM
"15 FREEMAN AVENUE, Boston, MA",SAM
"18 FREEMAN AVENUE, Boston, MA",SAM
"19 FREEMAN AVENUE, Boston, MA",SAM
"22 FREEMAN AVENUE, Boston, MA",SAM
"23 FREEMAN AVENUE, Boston, MA",SAM
"30 FREEMAN AVENUE, Boston, MA",SAM
"34 FREEMAN AVENUE, Boston, MA",SAM
"35 FREEMAN AVENUE, Boston, MA",SAM
"38 FREEMAN AVENUE, Boston, MA",SAM
"39 FREEMAN AVENUE, Boston, MA",SAM
"42 FREEMAN AVENUE, Boston, MA",SAM
"9 FREEMAN AVENUE, Boston, MA",SAM
"2 FREEMAN STREET, Boston, MA",SAM
"22 FREEMAN STREET, Boston, MA",SAM
"24 FREEMAN STREET, Boston, MA",SAM
"3 FREEMAN STREET, Boston, MA",SAM
"103 FREEPORT STREET, Boston, MA",SAM
"111 FREEPORT STREET, Boston, MA",SAM
"115 FREEPORT STREET, Boston, MA",SAM
"139 FREEPORT STREET, Boston, MA",SAM
"140 FREEPORT STREET, Boston, MA",SAM
"170 FREEPORT STREET, Boston, MA",SAM
"179 FREEPORT STREET, Boston, MA",SAM
"194 FREEPORT STREET, Boston, MA",SAM
"255 FREEPORT STREET, Boston, MA",SAM
"256 FREEPORT STREET, Boston, MA",SAM
"290 FREEPORT STREET, Boston, MA",SAM
"295 FREEPORT STREET, Boston, MA",SAM
"300 FREEPORT STREET, Boston, MA",SAM
"303 FREEPORT STREET, Boston, MA",SAM
"305 FREEPORT STREET, Boston, MA",SAM
"315 FREEPORT STREET, Boston, MA",SAM
"317 FREEPORT STREET, Boston, MA",SAM
"325 FREEPORT STREET, Boston, MA",SAM
"333 FREEPORT STREET, Boston, MA",SAM
"37 FREEPORT STREET, Boston, MA",SAM
"43 FREEPORT STREET, Boston, MA",SAM
"50 FREEPORT STREET, Boston, MA",SAM
"535 FREEPORT STREET, Boston, MA",SAM
"571 FREEPORT STREET, Boston, MA",SAM
"572 FREEPORT STREET, Boston, MA",SAM
"577 FREEPORT STREET, Boston, MA",SAM
"582 FREEPORT STREET, Boston, MA",SAM
"583 FREEPORT STREET, Boston, MA",SAM
"585 FREEPORT STREET, Boston, MA",SAM
"586 FREEPORT STREET, Boston, MA",SAM
"587 FREEPORT STREET, Boston, MA",SAM
"589 FREEPORT STREET, Boston, MA",SAM
"596 FREEPORT STREET, Boston, MA",SAM
"74 FREEPORT STREET, Boston, MA",SAM
"79 FREEPORT STREET, Boston, MA",SAM
"95 FREEPORT STREET, Boston, MA",SAM
"10 FREEPORT WAY, Boston, MA",SAM
"15 FREEPORT WAY, Boston, MA",SAM
"35 FREEPORT WAY, Boston, MA",SAM
"5 FREEPORT WAY, Boston, MA",SAM
"6 FREEPORT WAY, Boston, MA",SAM
"12 FREMONT STREET, Boston, MA",SAM
"14 FREMONT STREET, Boston, MA",SAM
"30 FREMONT STREET, Boston, MA",SAM
"36 FREMONT STREET, Boston, MA",SAM
"4 FREMONT STREET, Boston, MA",SAM
"46 FREMONT STREET, Boston, MA",SAM
"50 FREMONT STREET, Boston, MA",SAM
"51 FREMONT STREET, Boston, MA",SAM
"55 FREMONT STREET, Boston, MA",SAM
"56 FREMONT STREET, Boston, MA",SAM
"60 FREMONT STREET, Boston, MA",SAM
"64 FREMONT STREET, Boston, MA",SAM
"68 FREMONT STREET, Boston, MA",SAM
"8 FREMONT STREET, Boston, MA",SAM
"10 FRENCH STREET, Boston, MA",SAM
"11 FRENCH STREET, Boston, MA",SAM
"14 FRENCH STREET, Boston, MA",SAM
"15 FRENCH STREET, Boston, MA",SAM
"18 FRENCH STREET, Boston, MA",SAM
"19 FRENCH STREET, Boston, MA",SAM
"2 FRENCH STREET, Boston, MA",SAM
"6 FRENCH STREET, Boston, MA",SAM
"14 FRESNO STREET, Boston, MA",SAM
"15 FRESNO STREET, Boston, MA",SAM
"17 FRESNO STREET, Boston, MA",SAM
"18 FRESNO STREET, Boston, MA",SAM
"19 FRESNO STREET, Boston, MA",SAM
"22 FRESNO STREET, Boston, MA",SAM
"27 FRESNO STREET, Boston, MA",SAM
"28 FRESNO STREET, Boston, MA",SAM
"30 FRESNO STREET, Boston, MA",SAM
"34 FRESNO STREET, Boston, MA",SAM
"5 FRESNO STREET, Boston, MA",SAM
"9 FRESNO STREET, Boston, MA",SAM
"150 FRIEND STREET, Boston, MA",SAM
"155 FRIEND STREET, Boston, MA",SAM
"157 FRIEND STREET, Boston, MA",SAM
"165 FRIEND STREET, Boston, MA",SAM
"217 FRIEND STREET, Boston, MA",SAM
"222 FRIEND STREET, Boston, MA",SAM
"228 FRIEND STREET, Boston, MA",SAM
"232 FRIEND STREET, Boston, MA",SAM
"233 FRIEND STREET, Boston, MA",SAM
"252 FRIEND STREET, Boston, MA",SAM
"261 FRIEND STREET, Boston, MA",SAM
"262 FRIEND STREET, Boston, MA",SAM
"268 FRIEND STREET, Boston, MA",SAM
"11 FRIENDSHIP ROAD, Boston, MA",SAM
"12 FRIENDSHIP ROAD, Boston, MA",SAM
"16 FRIENDSHIP ROAD, Boston, MA",SAM
"17 FRIENDSHIP ROAD, Boston, MA",SAM
"20 FRIENDSHIP ROAD, Boston, MA",SAM
"21 FRIENDSHIP ROAD, Boston, MA",SAM
"24 FRIENDSHIP ROAD, Boston, MA",SAM
"25 FRIENDSHIP ROAD, Boston, MA",SAM
"28 FRIENDSHIP ROAD, Boston, MA",SAM
"8 FRIENDSHIP ROAD, Boston, MA",SAM
"9 FRIENDSHIP ROAD, Boston, MA",SAM
"200 FRONTAGE ROAD, Boston, MA",SAM
"300 FRONTAGE ROAD, Boston, MA",SAM
"400 FRONTAGE ROAD, Boston, MA",SAM
"11 FRONTENAC STREET, Boston, MA",SAM
"17 FRONTENAC STREET, Boston, MA",SAM
"11 FROST AVENUE, Boston, MA",SAM
"16 FROST AVENUE, Boston, MA",SAM
"19 FROST AVENUE, Boston, MA",SAM
"2 FROST AVENUE, Boston, MA",SAM
"20 FROST AVENUE, Boston, MA",SAM
"21 FROST AVENUE, Boston, MA",SAM
"24 FROST AVENUE, Boston, MA",SAM
"25 FROST AVENUE, Boston, MA",SAM
"26 FROST AVENUE, Boston, MA",SAM
"30 FROST AVENUE, Boston, MA",SAM
"7 FROST AVENUE, Boston, MA",SAM
"8 FROST AVENUE, Boston, MA",SAM
"1 FRUEAN PLACE, Boston, MA",SAM
"2 FRUEAN PLACE, Boston, MA",SAM
"19 FULDA STREET, Boston, MA",SAM
"25 FULDA STREET, Boston, MA",SAM
"27 FULDA STREET, Boston, MA",SAM
"31 FULDA STREET, Boston, MA",SAM
"39 FULDA STREET, Boston, MA",SAM
"47 FULDA STREET, Boston, MA",SAM
"49 FULDA STREET, Boston, MA",SAM
"53 FULDA STREET, Boston, MA",SAM
"59 FULDA STREET, Boston, MA",SAM
"74 FULDA STREET, Boston, MA",SAM
"78 FULDA STREET, Boston, MA",SAM
"80 FULDA STREET, Boston, MA",SAM
"101 FULLER STREET, Boston, MA",SAM
"102 FULLER STREET, Boston, MA",SAM
"104 FULLER STREET, Boston, MA",SAM
"105 FULLER STREET, Boston, MA",SAM
"107 FULLER STREET, Boston, MA",SAM
"108 FULLER STREET, Boston, MA",SAM
"110 FULLER STREET, Boston, MA",SAM
"111 FULLER STREET, Boston, MA",SAM
"113 FULLER STREET, Boston, MA",SAM
"114 FULLER STREET, Boston, MA",SAM
"120 FULLER STREET, Boston, MA",SAM
"124 FULLER STREET, Boston, MA",SAM
"125 FULLER STREET, Boston, MA",SAM
"128 FULLER STREET, Boston, MA",SAM
"129 FULLER STREET, Boston, MA",SAM
"13 FULLER STREET, Boston, MA",SAM
"132 FULLER STREET, Boston, MA",SAM
"133 FULLER STREET, Boston, MA",SAM
"136 FULLER STREET, Boston, MA",SAM
"137 FULLER STREET, Boston, MA",SAM
"140 FULLER STREET, Boston, MA",SAM
"141 FULLER STREET, Boston, MA",SAM
"144 FULLER STREET, Boston, MA",SAM
"145 FULLER STREET, Boston, MA",SAM
"148 FULLER STREET, Boston, MA",SAM
"149 FULLER STREET, Boston, MA",SAM
"15 FULLER STREET, Boston, MA",SAM
"152 FULLER STREET, Boston, MA",SAM
"153 FULLER STREET, Boston, MA",SAM
"156 FULLER STREET, Boston, MA",SAM
"157 FULLER STREET, Boston, MA",SAM
"160 FULLER STREET, Boston, MA",SAM
"161 FULLER STREET, Boston, MA",SAM
"164 FULLER STREET, Boston, MA",SAM
"165 FULLER STREET, Boston, MA",SAM
"168 FULLER STREET, Boston, MA",SAM
"17 FULLER STREET, Boston, MA",SAM
"171 FULLER STREET, Boston, MA",SAM
"172 FULLER STREET, Boston, MA",SAM
"173 FULLER STREET, Boston, MA",SAM
"176 FULLER STREET, Boston, MA",SAM
"177 FULLER STREET, Boston, MA",SAM
"180 FULLER STREET, Boston, MA",SAM
"184 FULLER STREET, Boston, MA",SAM
"188 FULLER STREET, Boston, MA",SAM
"19 FULLER STREET, Boston, MA",SAM
"192 FULLER STREET, Boston, MA",SAM
"196 FULLER STREET, Boston, MA",SAM
"20 FULLER STREET, Boston, MA",SAM
"200 FULLER STREET, Boston, MA",SAM
"201 FULLER STREET, Boston, MA",SAM
"204 FULLER STREET, Boston, MA",SAM
"205 FULLER STREET, Boston, MA",SAM
"21 FULLER STREET, Boston, MA",SAM
"218 FULLER STREET, Boston, MA",SAM
"222 FULLER STREET, Boston, MA",SAM
"226 FULLER STREET, Boston, MA",SAM
"230 FULLER STREET, Boston, MA",SAM
"231 FULLER STREET, Boston, MA",SAM
"234 FULLER STREET, Boston, MA",SAM
"238 FULLER STREET, Boston, MA",SAM
"239 FULLER STREET, Boston, MA",SAM
"24 FULLER STREET, Boston, MA",SAM
"242 FULLER STREET, Boston, MA",SAM
"243 FULLER STREET, Boston, MA",SAM
"246 FULLER STREET, Boston, MA",SAM
"247 FULLER STREET, Boston, MA",SAM
"25 FULLER STREET, Boston, MA",SAM
"250 FULLER STREET, Boston, MA",SAM
"251 FULLER STREET, Boston, MA",SAM
"254 FULLER STREET, Boston, MA",SAM
"255 FULLER STREET, Boston, MA",SAM
"258 FULLER STREET, Boston, MA",SAM
"259 FULLER STREET, Boston, MA",SAM
"262 FULLER STREET, Boston, MA",SAM
"263 FULLER STREET, Boston, MA",SAM
"267 FULLER STREET, Boston, MA",SAM
"27 FULLER STREET, Boston, MA",SAM
"271 FULLER STREET, Boston, MA",SAM
"277 FULLER STREET, Boston, MA",SAM
"28 FULLER STREET, Boston, MA",SAM
"286 FULLER STREET, Boston, MA",SAM
"289 FULLER STREET, Boston, MA",SAM
"294 FULLER STREET, Boston, MA",SAM
"297 FULLER STREET, Boston, MA",SAM
"298 FULLER STREET, Boston, MA",SAM
"301 FULLER STREET, Boston, MA",SAM
"302 FULLER STREET, Boston, MA",SAM
"306 FULLER STREET, Boston, MA",SAM
"307 FULLER STREET, Boston, MA",SAM
"31 FULLER STREET, Boston, MA",SAM
"310 FULLER STREET, Boston, MA",SAM
"313 FULLER STREET, Boston, MA",SAM
"314 FULLER STREET, Boston, MA",SAM
"318 FULLER STREET, Boston, MA",SAM
"322 FULLER STREET, Boston, MA",SAM
"323 FULLER STREET, Boston, MA",SAM
"327 FULLER STREET, Boston, MA",SAM
"33 FULLER STREET, Boston, MA",SAM
"331 FULLER STREET, Boston, MA",SAM
"335 FULLER STREET, Boston, MA",SAM
"339 FULLER STREET, Boston, MA",SAM
"34 FULLER STREET, Boston, MA",SAM
"35 FULLER STREET, Boston, MA",SAM
"38 FULLER STREET, Boston, MA",SAM
"42 FULLER STREET, Boston, MA",SAM
"46 FULLER STREET, Boston, MA",SAM
"47 FULLER STREET, Boston, MA",SAM
"50 FULLER STREET, Boston, MA",SAM
"51 FULLER STREET, Boston, MA",SAM
"52 FULLER STREET, Boston, MA",SAM
"53 FULLER STREET, Boston, MA",SAM
"57 FULLER STREET, Boston, MA",SAM
"59 FULLER STREET, Boston, MA",SAM
"6 FULLER STREET, Boston, MA",SAM
"60 FULLER STREET, Boston, MA",SAM
"61 FULLER STREET, Boston, MA",SAM
"63 FULLER STREET, Boston, MA",SAM
"64 FULLER STREET, Boston, MA",SAM
"65 FULLER STREET, Boston, MA",SAM
"67 FULLER STREET, Boston, MA",SAM
"69 FULLER STREET, Boston, MA",SAM
"70 FULLER STREET, Boston, MA",SAM
"72 FULLER STREET, Boston, MA",SAM
"73 FULLER STREET, Boston, MA",SAM
"74 FULLER STREET, Boston, MA",SAM
"75 FULLER STREET, Boston, MA",SAM
"77 FULLER STREET, Boston, MA",SAM
"78 FULLER STREET, Boston, MA",SAM
"79 FULLER STREET, Boston, MA",SAM
"8 FULLER STREET, Boston, MA",SAM
"80 FULLER STREET, Boston, MA",SAM
"81 FULLER STREET, Boston, MA",SAM
"82 FULLER STREET, Boston, MA",SAM
"85 FULLER STREET, Boston, MA",SAM
"86 FULLER STREET, Boston, MA",SAM
"9 FULLER STREET, Boston, MA",SAM
"90 FULLER STREET, Boston, MA",SAM
"91 FULLER STREET, Boston, MA",SAM
"94 FULLER STREET, Boston, MA",SAM
"95 FULLER STREET, Boston, MA",SAM
"98 FULLER STREET, Boston, MA",SAM
"99 FULLER STREET, Boston, MA",SAM
"102 FULTON STREET, Boston, MA",SAM
"105 FULTON STREET, Boston, MA",SAM
"108 FULTON STREET, Boston, MA",SAM
"109 FULTON STREET, Boston, MA",SAM
"113 FULTON STREET, Boston, MA",SAM
"114 FULTON STREET, Boston, MA",SAM
"117 FULTON STREET, Boston, MA",SAM
"120 FULTON STREET, Boston, MA",SAM
"121 FULTON STREET, Boston, MA",SAM
"125 FULTON STREET, Boston, MA",SAM
"129 FULTON STREET, Boston, MA",SAM
"134 FULTON STREET, Boston, MA",SAM
"137 FULTON STREET, Boston, MA",SAM
"138 FULTON STREET, Boston, MA",SAM
"139 FULTON STREET, Boston, MA",SAM
"141 FULTON STREET, Boston, MA",SAM
"145 FULTON STREET, Boston, MA",SAM
"147 FULTON STREET, Boston, MA",SAM
"45 FULTON STREET, Boston, MA",SAM
"49 FULTON STREET, Boston, MA",SAM
"53 FULTON STREET, Boston, MA",SAM
"57 FULTON STREET, Boston, MA",SAM
"63 FULTON STREET, Boston, MA",SAM
"65 FULTON STREET, Boston, MA",SAM
"69 FULTON STREET, Boston, MA",SAM
"70 FULTON STREET, Boston, MA",SAM
"77 FULTON STREET, Boston, MA",SAM
"21 FULTON STREET, Boston, MA",SAM
"23 FULTON STREET, Boston, MA",SAM
"27 FULTON STREET, Boston, MA",SAM
"29 FULTON STREET, Boston, MA",SAM
"31 FULTON STREET, Boston, MA",SAM
"34 FULTON STREET, Boston, MA",SAM
"1 FURBUSH ROAD, Boston, MA",SAM
"10 FURBUSH ROAD, Boston, MA",SAM
"100 FURBUSH ROAD, Boston, MA",SAM
"11 FURBUSH ROAD, Boston, MA",SAM
"112 FURBUSH ROAD, Boston, MA",SAM
"118 FURBUSH ROAD, Boston, MA",SAM
"124 FURBUSH ROAD, Boston, MA",SAM
"131 FURBUSH ROAD, Boston, MA",SAM
"133 FURBUSH ROAD, Boston, MA",SAM
"14 FURBUSH ROAD, Boston, MA",SAM
"15 FURBUSH ROAD, Boston, MA",SAM
"16 FURBUSH ROAD, Boston, MA",SAM
"18 FURBUSH ROAD, Boston, MA",SAM
"2 FURBUSH ROAD, Boston, MA",SAM
"25 FURBUSH ROAD, Boston, MA",SAM
"29 FURBUSH ROAD, Boston, MA",SAM
"33 FURBUSH ROAD, Boston, MA",SAM
"34 FURBUSH ROAD, Boston, MA",SAM
"38 FURBUSH ROAD, Boston, MA",SAM
"5 FURBUSH ROAD, Boston, MA",SAM
"71 FURBUSH ROAD, Boston, MA",SAM
"75 FURBUSH ROAD, Boston, MA",SAM
"8 FURBUSH ROAD, Boston, MA",SAM
"80 FURBUSH ROAD, Boston, MA",SAM
"81 FURBUSH ROAD, Boston, MA",SAM
"9 FURBUSH ROAD, Boston, MA",SAM
"10 FURNIVAL ROAD, Boston, MA",SAM
"11 FURNIVAL ROAD, Boston, MA",SAM
"12 FURNIVAL ROAD, Boston, MA",SAM
"14 FURNIVAL ROAD, Boston, MA",SAM
"5 FURNIVAL ROAD, Boston, MA",SAM
"6 FURNIVAL ROAD, Boston, MA",SAM
"7 FURNIVAL ROAD, Boston, MA",SAM
"8 FURNIVAL ROAD, Boston, MA",SAM
"10 G STREET, Boston, MA",SAM
"100 G STREET, Boston, MA",SAM
"102 G STREET, Boston, MA",SAM
"104 G STREET, Boston, MA",SAM
"106 G STREET, Boston, MA",SAM
"108 G STREET, Boston, MA",SAM
"111 G STREET, Boston, MA",SAM
"115 G STREET, Boston, MA",SAM
"116 G STREET, Boston, MA",SAM
"118 G STREET, Boston, MA",SAM
"120 G STREET, Boston, MA",SAM
"121 G STREET, Boston, MA",SAM
"122 G STREET, Boston, MA",SAM
"123 G STREET, Boston, MA",SAM
"124 G STREET, Boston, MA",SAM
"125 G STREET, Boston, MA",SAM
"126 G STREET, Boston, MA",SAM
"127 G STREET, Boston, MA",SAM
"128 G STREET, Boston, MA",SAM
"129 G STREET, Boston, MA",SAM
"13 G STREET, Boston, MA",SAM
"130 G STREET, Boston, MA",SAM
"131 G STREET, Boston, MA",SAM
"149 G STREET, Boston, MA",SAM
"15 G STREET, Boston, MA",SAM
"151 G STREET, Boston, MA",SAM
"153 G STREET, Boston, MA",SAM
"155 G STREET, Boston, MA",SAM
"17 G STREET, Boston, MA",SAM
"2 G STREET, Boston, MA",SAM
"27 G STREET, Boston, MA",SAM
"29 G STREET, Boston, MA",SAM
"31 G STREET, Boston, MA",SAM
"32 G STREET, Boston, MA",SAM
"33 G STREET, Boston, MA",SAM
"34 G STREET, Boston, MA",SAM
"35 G STREET, Boston, MA",SAM
"36 G STREET, Boston, MA",SAM
"39 G STREET, Boston, MA",SAM
"4 G STREET, Boston, MA",SAM
"41 G STREET, Boston, MA",SAM
"43 G STREET, Boston, MA",SAM
"46 G STREET, Boston, MA",SAM
"47 G STREET, Boston, MA",SAM
"49 G STREET, Boston, MA",SAM
"50 G STREET, Boston, MA",SAM
"51 G STREET, Boston, MA",SAM
"52 G STREET, Boston, MA",SAM
"53 G STREET, Boston, MA",SAM
"54 G STREET, Boston, MA",SAM
"55 G STREET, Boston, MA",SAM
"56 G STREET, Boston, MA",SAM
"58 G STREET, Boston, MA",SAM
"59 G STREET, Boston, MA",SAM
"6 G STREET, Boston, MA",SAM
"60 G STREET, Boston, MA",SAM
"61 G STREET, Boston, MA",SAM
"62 G STREET, Boston, MA",SAM
"63 G STREET, Boston, MA",SAM
"64 G STREET, Boston, MA",SAM
"65 G STREET, Boston, MA",SAM
"66 G STREET, Boston, MA",SAM
"67 G STREET, Boston, MA",SAM
"68 G STREET, Boston, MA",SAM
"69 G STREET, Boston, MA",SAM
"70 G STREET, Boston, MA",SAM
"72 G STREET, Boston, MA",SAM
"73 G STREET, Boston, MA",SAM
"74 G STREET, Boston, MA",SAM
"75 G STREET, Boston, MA",SAM
"76 G STREET, Boston, MA",SAM
"8 G STREET, Boston, MA",SAM
"82 G STREET, Boston, MA",SAM
"84 G STREET, Boston, MA",SAM
"88 G STREET, Boston, MA",SAM
"9 G STREET, Boston, MA",SAM
"90 G STREET, Boston, MA",SAM
"92 G STREET, Boston, MA",SAM
"94 G STREET, Boston, MA",SAM
"95 G STREET, Boston, MA",SAM
"98 G STREET, Boston, MA",SAM
"10 GAINSBOROUGH STREET, Boston, MA",SAM
"100 GAINSBOROUGH STREET, Boston, MA",SAM
"107 GAINSBOROUGH STREET, Boston, MA",SAM
"38 GAINSBOROUGH STREET, Boston, MA",SAM
"50 GAINSBOROUGH STREET, Boston, MA",SAM
"75 GAINSBOROUGH STREET, Boston, MA",SAM
"76 GAINSBOROUGH STREET, Boston, MA",SAM
"83 GAINSBOROUGH STREET, Boston, MA",SAM
"88 GAINSBOROUGH STREET, Boston, MA",SAM
"91 GAINSBOROUGH STREET, Boston, MA",SAM
"97 GAINSBOROUGH STREET, Boston, MA",SAM
"101 GALLIVAN BOULEVARD, Boston, MA",SAM
"105 GALLIVAN BOULEVARD, Boston, MA",SAM
"111 GALLIVAN BOULEVARD, Boston, MA",SAM
"115 GALLIVAN BOULEVARD, Boston, MA",SAM
"118 GALLIVAN BOULEVARD, Boston, MA",SAM
"119 GALLIVAN BOULEVARD, Boston, MA",SAM
"122 GALLIVAN BOULEVARD, Boston, MA",SAM
"125 GALLIVAN BOULEVARD, Boston, MA",SAM
"126 GALLIVAN BOULEVARD, Boston, MA",SAM
"127 GALLIVAN BOULEVARD, Boston, MA",SAM
"129 GALLIVAN BOULEVARD, Boston, MA",SAM
"130 GALLIVAN BOULEVARD, Boston, MA",SAM
"133 GALLIVAN BOULEVARD, Boston, MA",SAM
"137 GALLIVAN BOULEVARD, Boston, MA",SAM
"14 GALLIVAN BOULEVARD, Boston, MA",SAM
"141 GALLIVAN BOULEVARD, Boston, MA",SAM
"145 GALLIVAN BOULEVARD, Boston, MA",SAM
"149 GALLIVAN BOULEVARD, Boston, MA",SAM
"15 GALLIVAN BOULEVARD, Boston, MA",SAM
"155 GALLIVAN BOULEVARD, Boston, MA",SAM
"159 GALLIVAN BOULEVARD, Boston, MA",SAM
"16 GALLIVAN BOULEVARD, Boston, MA",SAM
"165 GALLIVAN BOULEVARD, Boston, MA",SAM
"181 GALLIVAN BOULEVARD, Boston, MA",SAM
"19 GALLIVAN BOULEVARD, Boston, MA",SAM
"20 GALLIVAN BOULEVARD, Boston, MA",SAM
"21 GALLIVAN BOULEVARD, Boston, MA",SAM
"235 GALLIVAN BOULEVARD, Boston, MA",SAM
"24 GALLIVAN BOULEVARD, Boston, MA",SAM
"241 GALLIVAN BOULEVARD, Boston, MA",SAM
"246 GALLIVAN BOULEVARD, Boston, MA",SAM
"247 GALLIVAN BOULEVARD, Boston, MA",SAM
"249 GALLIVAN BOULEVARD, Boston, MA",SAM
"25 GALLIVAN BOULEVARD, Boston, MA",SAM
"250 GALLIVAN BOULEVARD, Boston, MA",SAM
"253 GALLIVAN BOULEVARD, Boston, MA",SAM
"256 GALLIVAN BOULEVARD, Boston, MA",SAM
"257 GALLIVAN BOULEVARD, Boston, MA",SAM
"260 GALLIVAN BOULEVARD, Boston, MA",SAM
"261 GALLIVAN BOULEVARD, Boston, MA",SAM
"264 GALLIVAN BOULEVARD, Boston, MA",SAM
"265 GALLIVAN BOULEVARD, Boston, MA",SAM
"268 GALLIVAN BOULEVARD, Boston, MA",SAM
"271 GALLIVAN BOULEVARD, Boston, MA",SAM
"273 GALLIVAN BOULEVARD, Boston, MA",SAM
"275 GALLIVAN BOULEVARD, Boston, MA",SAM
"276 GALLIVAN BOULEVARD, Boston, MA",SAM
"277 GALLIVAN BOULEVARD, Boston, MA",SAM
"279 GALLIVAN BOULEVARD, Boston, MA",SAM
"28 GALLIVAN BOULEVARD, Boston, MA",SAM
"29 GALLIVAN BOULEVARD, Boston, MA",SAM
"311 GALLIVAN BOULEVARD, Boston, MA",SAM
"314 GALLIVAN BOULEVARD, Boston, MA",SAM
"316 GALLIVAN BOULEVARD, Boston, MA",SAM
"32 GALLIVAN BOULEVARD, Boston, MA",SAM
"322 GALLIVAN BOULEVARD, Boston, MA",SAM
"329 GALLIVAN BOULEVARD, Boston, MA",SAM
"33 GALLIVAN BOULEVARD, Boston, MA",SAM
"330 GALLIVAN BOULEVARD, Boston, MA",SAM
"335 GALLIVAN BOULEVARD, Boston, MA",SAM
"337 GALLIVAN BOULEVARD, Boston, MA",SAM
"338 GALLIVAN BOULEVARD, Boston, MA",SAM
"344 GALLIVAN BOULEVARD, Boston, MA",SAM
"356 GALLIVAN BOULEVARD, Boston, MA",SAM
"36 GALLIVAN BOULEVARD, Boston, MA",SAM
"360 GALLIVAN BOULEVARD, Boston, MA",SAM
"364 GALLIVAN BOULEVARD, Boston, MA",SAM
"37 GALLIVAN BOULEVARD, Boston, MA",SAM
"372 GALLIVAN BOULEVARD, Boston, MA",SAM
"375 GALLIVAN BOULEVARD, Boston, MA",SAM
"400 GALLIVAN BOULEVARD, Boston, MA",SAM
"401 GALLIVAN BOULEVARD, Boston, MA",SAM
"404 GALLIVAN BOULEVARD, Boston, MA",SAM
"405 GALLIVAN BOULEVARD, Boston, MA",SAM
"406 GALLIVAN BOULEVARD, Boston, MA",SAM
"408 GALLIVAN BOULEVARD, Boston, MA",SAM
"409 GALLIVAN BOULEVARD, Boston, MA",SAM
"41 GALLIVAN BOULEVARD, Boston, MA",SAM
"410 GALLIVAN BOULEVARD, Boston, MA",SAM
"413 GALLIVAN BOULEVARD, Boston, MA",SAM
"417 GALLIVAN BOULEVARD, Boston, MA",SAM
"421 GALLIVAN BOULEVARD, Boston, MA",SAM
"424 GALLIVAN BOULEVARD, Boston, MA",SAM
"425 GALLIVAN BOULEVARD, Boston, MA",SAM
"428 GALLIVAN BOULEVARD, Boston, MA",SAM
"432 GALLIVAN BOULEVARD, Boston, MA",SAM
"436 GALLIVAN BOULEVARD, Boston, MA",SAM
"44 GALLIVAN BOULEVARD, Boston, MA",SAM
"440 GALLIVAN BOULEVARD, Boston, MA",SAM
"444 GALLIVAN BOULEVARD, Boston, MA",SAM
"448 GALLIVAN BOULEVARD, Boston, MA",SAM
"45 GALLIVAN BOULEVARD, Boston, MA",SAM
"452 GALLIVAN BOULEVARD, Boston, MA",SAM
"456 GALLIVAN BOULEVARD, Boston, MA",SAM
"457 GALLIVAN BOULEVARD, Boston, MA",SAM
"460 GALLIVAN BOULEVARD, Boston, MA",SAM
"461 GALLIVAN BOULEVARD, Boston, MA",SAM
"464 GALLIVAN BOULEVARD, Boston, MA",SAM
"468 GALLIVAN BOULEVARD, Boston, MA",SAM
"471 GALLIVAN BOULEVARD, Boston, MA",SAM
"472 GALLIVAN BOULEVARD, Boston, MA",SAM
"476 GALLIVAN BOULEVARD, Boston, MA",SAM
"489 GALLIVAN BOULEVARD, Boston, MA",SAM
"49 GALLIVAN BOULEVARD, Boston, MA",SAM
"494 GALLIVAN BOULEVARD, Boston, MA",SAM
"497 GALLIVAN BOULEVARD, Boston, MA",SAM
"500 GALLIVAN BOULEVARD, Boston, MA",SAM
"511 GALLIVAN BOULEVARD, Boston, MA",SAM
"525 GALLIVAN BOULEVARD, Boston, MA",SAM
"529 GALLIVAN BOULEVARD, Boston, MA",SAM
"53 GALLIVAN BOULEVARD, Boston, MA",SAM
"537 GALLIVAN BOULEVARD, Boston, MA",SAM
"54 GALLIVAN BOULEVARD, Boston, MA",SAM
"540 GALLIVAN BOULEVARD, Boston, MA",SAM
"546 GALLIVAN BOULEVARD, Boston, MA",SAM
"547 GALLIVAN BOULEVARD, Boston, MA",SAM
"549 GALLIVAN BOULEVARD, Boston, MA",SAM
"550 GALLIVAN BOULEVARD, Boston, MA",SAM
"553 GALLIVAN BOULEVARD, Boston, MA",SAM
"554 GALLIVAN BOULEVARD, Boston, MA",SAM
"558 GALLIVAN BOULEVARD, Boston, MA",SAM
"559 GALLIVAN BOULEVARD, Boston, MA",SAM
"562 GALLIVAN BOULEVARD, Boston, MA",SAM
"563 GALLIVAN BOULEVARD, Boston, MA",SAM
"565 GALLIVAN BOULEVARD, Boston, MA",SAM
"566 GALLIVAN BOULEVARD, Boston, MA",SAM
"569 GALLIVAN BOULEVARD, Boston, MA",SAM
"57 GALLIVAN BOULEVARD, Boston, MA",SAM
"570 GALLIVAN BOULEVARD, Boston, MA",SAM
"573 GALLIVAN BOULEVARD, Boston, MA",SAM
"574 GALLIVAN BOULEVARD, Boston, MA",SAM
"577 GALLIVAN BOULEVARD, Boston, MA",SAM
"578 GALLIVAN BOULEVARD, Boston, MA",SAM
"58 GALLIVAN BOULEVARD, Boston, MA",SAM
"580 GALLIVAN BOULEVARD, Boston, MA",SAM
"584 GALLIVAN BOULEVARD, Boston, MA",SAM
"590 GALLIVAN BOULEVARD, Boston, MA",SAM
"592 GALLIVAN BOULEVARD, Boston, MA",SAM
"593 GALLIVAN BOULEVARD, Boston, MA",SAM
"596 GALLIVAN BOULEVARD, Boston, MA",SAM
"597 GALLIVAN BOULEVARD, Boston, MA",SAM
"602 GALLIVAN BOULEVARD, Boston, MA",SAM
"604 GALLIVAN BOULEVARD, Boston, MA",SAM
"605 GALLIVAN BOULEVARD, Boston, MA",SAM
"607 GALLIVAN BOULEVARD, Boston, MA",SAM
"61 GALLIVAN BOULEVARD, Boston, MA",SAM
"610 GALLIVAN BOULEVARD, Boston, MA",SAM
"614 GALLIVAN BOULEVARD, Boston, MA",SAM
"62 GALLIVAN BOULEVARD, Boston, MA",SAM
"625 GALLIVAN BOULEVARD, Boston, MA",SAM
"629 GALLIVAN BOULEVARD, Boston, MA",SAM
"630 GALLIVAN BOULEVARD, Boston, MA",SAM
"635 GALLIVAN BOULEVARD, Boston, MA",SAM
"639 GALLIVAN BOULEVARD, Boston, MA",SAM
"640 GALLIVAN BOULEVARD, Boston, MA",SAM
"65 GALLIVAN BOULEVARD, Boston, MA",SAM
"66 GALLIVAN BOULEVARD, Boston, MA",SAM
"664 GALLIVAN BOULEVARD, Boston, MA",SAM
"69 GALLIVAN BOULEVARD, Boston, MA",SAM
"70 GALLIVAN BOULEVARD, Boston, MA",SAM
"703 GALLIVAN BOULEVARD, Boston, MA",SAM
"710 GALLIVAN BOULEVARD, Boston, MA",SAM
"711 GALLIVAN BOULEVARD, Boston, MA",SAM
"73 GALLIVAN BOULEVARD, Boston, MA",SAM
"74 GALLIVAN BOULEVARD, Boston, MA",SAM
"740 GALLIVAN BOULEVARD, Boston, MA",SAM
"748 GALLIVAN BOULEVARD, Boston, MA",SAM
"755 GALLIVAN BOULEVARD, Boston, MA",SAM
"756 GALLIVAN BOULEVARD, Boston, MA",SAM
"761 GALLIVAN BOULEVARD, Boston, MA",SAM
"77 GALLIVAN BOULEVARD, Boston, MA",SAM
"770 GALLIVAN BOULEVARD, Boston, MA",SAM
"78 GALLIVAN BOULEVARD, Boston, MA",SAM
"780 GALLIVAN BOULEVARD, Boston, MA",SAM
"81 GALLIVAN BOULEVARD, Boston, MA",SAM
"815 GALLIVAN BOULEVARD, Boston, MA",SAM
"84 GALLIVAN BOULEVARD, Boston, MA",SAM
"85 GALLIVAN BOULEVARD, Boston, MA",SAM
"86 GALLIVAN BOULEVARD, Boston, MA",SAM
"89 GALLIVAN BOULEVARD, Boston, MA",SAM
"93 GALLIVAN BOULEVARD, Boston, MA",SAM
"97 GALLIVAN BOULEVARD, Boston, MA",SAM
"15 GALTY AVENUE, Boston, MA",SAM
"19 GALTY AVENUE, Boston, MA",SAM
"23 GALTY AVENUE, Boston, MA",SAM
"27 GALTY AVENUE, Boston, MA",SAM
"31 GALTY AVENUE, Boston, MA",SAM
"5 GALTY AVENUE, Boston, MA",SAM
"9 GALTY AVENUE, Boston, MA",SAM
"1 GANNETT STREET, Boston, MA",SAM
"10 GANNETT STREET, Boston, MA",SAM
"12 GANNETT STREET, Boston, MA",SAM
"2 GANNETT STREET, Boston, MA",SAM
"3 GANNETT STREET, Boston, MA",SAM
"5 GANNETT STREET, Boston, MA",SAM
"6 GANNETT STREET, Boston, MA",SAM
"8 GANNETT STREET, Boston, MA",SAM
"9 GANNETT STREET, Boston, MA",SAM
"1 GARDEN STREET, Boston, MA",SAM
"12 GARDEN STREET, Boston, MA",SAM
"18 GARDEN STREET, Boston, MA",SAM
"19 GARDEN STREET, Boston, MA",SAM
"23 GARDEN STREET, Boston, MA",SAM
"24 GARDEN STREET, Boston, MA",SAM
"25 GARDEN STREET, Boston, MA",SAM
"28 GARDEN STREET, Boston, MA",SAM
"30 GARDEN STREET, Boston, MA",SAM
"31 GARDEN STREET, Boston, MA",SAM
"33 GARDEN STREET, Boston, MA",SAM
"36 GARDEN STREET, Boston, MA",SAM
"38 GARDEN STREET, Boston, MA",SAM
"42 GARDEN STREET, Boston, MA",SAM
"44 GARDEN STREET, Boston, MA",SAM
"45 GARDEN STREET, Boston, MA",SAM
"49 GARDEN STREET, Boston, MA",SAM
"51 GARDEN STREET, Boston, MA",SAM
"53 GARDEN STREET, Boston, MA",SAM
"55 GARDEN STREET, Boston, MA",SAM
"10 GARDEN COURT STREET, Boston, MA",SAM
"2 GARDEN COURT STREET, Boston, MA",SAM
"3 GARDEN COURT STREET, Boston, MA",SAM
"5 GARDEN COURT STREET, Boston, MA",SAM
"6 GARDEN COURT STREET, Boston, MA",SAM
"7 GARDEN COURT STREET, Boston, MA",SAM
"8 GARDEN COURT STREET, Boston, MA",SAM
"9 GARDEN COURT STREET, Boston, MA",SAM
"14 GARDENA STREET, Boston, MA",SAM
"22 GARDENA STREET, Boston, MA",SAM
"30 GARDENA STREET, Boston, MA",SAM
"32 GARDENA STREET, Boston, MA",SAM
"41 GARDENA STREET, Boston, MA",SAM
"43 GARDENA STREET, Boston, MA",SAM
"44 GARDENA STREET, Boston, MA",SAM
"45 GARDENA STREET, Boston, MA",SAM
"48 GARDENA STREET, Boston, MA",SAM
"52 GARDENA STREET, Boston, MA",SAM
"6 GARDENA STREET, Boston, MA",SAM
"71 GARDENA STREET, Boston, MA",SAM
"72 GARDENA STREET, Boston, MA",SAM
"75 GARDENA STREET, Boston, MA",SAM
"76 GARDENA STREET, Boston, MA",SAM
"79 GARDENA STREET, Boston, MA",SAM
"80 GARDENA STREET, Boston, MA",SAM
"82 GARDENA STREET, Boston, MA",SAM
"11 GARDENSIDE STREET, Boston, MA",SAM
"12 GARDENSIDE STREET, Boston, MA",SAM
"15 GARDENSIDE STREET, Boston, MA",SAM
"16 GARDENSIDE STREET, Boston, MA",SAM
"19 GARDENSIDE STREET, Boston, MA",SAM
"20 GARDENSIDE STREET, Boston, MA",SAM
"23 GARDENSIDE STREET, Boston, MA",SAM
"24 GARDENSIDE STREET, Boston, MA",SAM
"28 GARDENSIDE STREET, Boston, MA",SAM
"7 GARDENSIDE STREET, Boston, MA",SAM
"8 GARDENSIDE STREET, Boston, MA",SAM
"21 GARDNER STREET, Boston, MA",SAM
"25 GARDNER STREET, Boston, MA",SAM
"32 GARDNER STREET, Boston, MA",SAM
"65 GARDNER STREET, Boston, MA",SAM
"98 GARDNER STREET, Boston, MA",SAM
"102 GARDNER STREET, Boston, MA",SAM
"104 GARDNER STREET, Boston, MA",SAM
"108 GARDNER STREET, Boston, MA",SAM
"110 GARDNER STREET, Boston, MA",SAM
"114 GARDNER STREET, Boston, MA",SAM
"118 GARDNER STREET, Boston, MA",SAM
"128 GARDNER STREET, Boston, MA",SAM
"130 GARDNER STREET, Boston, MA",SAM
"131 GARDNER STREET, Boston, MA",SAM
"135 GARDNER STREET, Boston, MA",SAM
"137 GARDNER STREET, Boston, MA",SAM
"164 GARDNER STREET, Boston, MA",SAM
"178 GARDNER STREET, Boston, MA",SAM
"189 GARDNER STREET, Boston, MA",SAM
"192 GARDNER STREET, Boston, MA",SAM
"197 GARDNER STREET, Boston, MA",SAM
"211 GARDNER STREET, Boston, MA",SAM
"40 GARDNER STREET, Boston, MA",SAM
"44 GARDNER STREET, Boston, MA",SAM
"58 GARDNER STREET, Boston, MA",SAM
"61 GARDNER STREET, Boston, MA",SAM
"66 GARDNER STREET, Boston, MA",SAM
"67 GARDNER STREET, Boston, MA",SAM
"74 GARDNER STREET, Boston, MA",SAM
"81 GARDNER STREET, Boston, MA",SAM
"82 GARDNER STREET, Boston, MA",SAM
"91 GARDNER STREET, Boston, MA",SAM
"1 GARDNER PLACE, Boston, MA",SAM
"3 GARDNER PLACE, Boston, MA",SAM
"10 GARFIELD AVENUE, Boston, MA",SAM
"103 GARFIELD AVENUE, Boston, MA",SAM
"104 GARFIELD AVENUE, Boston, MA",SAM
"107 GARFIELD AVENUE, Boston, MA",SAM
"108 GARFIELD AVENUE, Boston, MA",SAM
"11 GARFIELD AVENUE, Boston, MA",SAM
"111 GARFIELD AVENUE, Boston, MA",SAM
"112 GARFIELD AVENUE, Boston, MA",SAM
"115 GARFIELD AVENUE, Boston, MA",SAM
"14 GARFIELD AVENUE, Boston, MA",SAM
"15 GARFIELD AVENUE, Boston, MA",SAM
"18 GARFIELD AVENUE, Boston, MA",SAM
"2 GARFIELD AVENUE, Boston, MA",SAM
"22 GARFIELD AVENUE, Boston, MA",SAM
"23 GARFIELD AVENUE, Boston, MA",SAM
"24 GARFIELD AVENUE, Boston, MA",SAM
"25 GARFIELD AVENUE, Boston, MA",SAM
"26 GARFIELD AVENUE, Boston, MA",SAM
"27 GARFIELD AVENUE, Boston, MA",SAM
"28 GARFIELD AVENUE, Boston, MA",SAM
"29 GARFIELD AVENUE, Boston, MA",SAM
"30 GARFIELD AVENUE, Boston, MA",SAM
"31 GARFIELD AVENUE, Boston, MA",SAM
"32 GARFIELD AVENUE, Boston, MA",SAM
"34 GARFIELD AVENUE, Boston, MA",SAM
"35 GARFIELD AVENUE, Boston, MA",SAM
"36 GARFIELD AVENUE, Boston, MA",SAM
"37 GARFIELD AVENUE, Boston, MA",SAM
"38 GARFIELD AVENUE, Boston, MA",SAM
"39 GARFIELD AVENUE, Boston, MA",SAM
"41 GARFIELD AVENUE, Boston, MA",SAM
"51 GARFIELD AVENUE, Boston, MA",SAM
"52 GARFIELD AVENUE, Boston, MA",SAM
"54 GARFIELD AVENUE, Boston, MA",SAM
"55 GARFIELD AVENUE, Boston, MA",SAM
"56 GARFIELD AVENUE, Boston, MA",SAM
"59 GARFIELD AVENUE, Boston, MA",SAM
"6 GARFIELD AVENUE, Boston, MA",SAM
"60 GARFIELD AVENUE, Boston, MA",SAM
"62 GARFIELD AVENUE, Boston, MA",SAM
"64 GARFIELD AVENUE, Boston, MA",SAM
"66 GARFIELD AVENUE, Boston, MA",SAM
"67 GARFIELD AVENUE, Boston, MA",SAM
"68 GARFIELD AVENUE, Boston, MA",SAM
"71 GARFIELD AVENUE, Boston, MA",SAM
"72 GARFIELD AVENUE, Boston, MA",SAM
"75 GARFIELD AVENUE, Boston, MA",SAM
"76 GARFIELD AVENUE, Boston, MA",SAM
"78 GARFIELD AVENUE, Boston, MA",SAM
"79 GARFIELD AVENUE, Boston, MA",SAM
"99 GARFIELD AVENUE, Boston, MA",SAM
"24 GARNER ROAD, Boston, MA",SAM
"28 GARNER ROAD, Boston, MA",SAM
"29 GARNER ROAD, Boston, MA",SAM
"32 GARNER ROAD, Boston, MA",SAM
"33 GARNER ROAD, Boston, MA",SAM
"36 GARNER ROAD, Boston, MA",SAM
"37 GARNER ROAD, Boston, MA",SAM
"40 GARNER ROAD, Boston, MA",SAM
"41 GARNER ROAD, Boston, MA",SAM
"42 GARNER ROAD, Boston, MA",SAM
"44 GARNER ROAD, Boston, MA",SAM
"48 GARNER ROAD, Boston, MA",SAM
"49 GARNER ROAD, Boston, MA",SAM
"53 GARNER ROAD, Boston, MA",SAM
"57 GARNER ROAD, Boston, MA",SAM
"61 GARNER ROAD, Boston, MA",SAM
"11 GARNET ROAD, Boston, MA",SAM
"14 GARNET ROAD, Boston, MA",SAM
"17 GARNET ROAD, Boston, MA",SAM
"18 GARNET ROAD, Boston, MA",SAM
"21 GARNET ROAD, Boston, MA",SAM
"25 GARNET ROAD, Boston, MA",SAM
"26 GARNET ROAD, Boston, MA",SAM
"29 GARNET ROAD, Boston, MA",SAM
"30 GARNET ROAD, Boston, MA",SAM
"31 GARNET ROAD, Boston, MA",SAM
"33 GARNET ROAD, Boston, MA",SAM
"34 GARNET ROAD, Boston, MA",SAM
"37 GARNET ROAD, Boston, MA",SAM
"41 GARNET ROAD, Boston, MA",SAM
"42 GARNET ROAD, Boston, MA",SAM
"44 GARNET ROAD, Boston, MA",SAM
"47 GARNET ROAD, Boston, MA",SAM
"48 GARNET ROAD, Boston, MA",SAM
"51 GARNET ROAD, Boston, MA",SAM
"55 GARNET ROAD, Boston, MA",SAM
"56 GARNET ROAD, Boston, MA",SAM
"60 GARNET ROAD, Boston, MA",SAM
"63 GARNET ROAD, Boston, MA",SAM
"64 GARNET ROAD, Boston, MA",SAM
"67 GARNET ROAD, Boston, MA",SAM
"68 GARNET ROAD, Boston, MA",SAM
"71 GARNET ROAD, Boston, MA",SAM
"72 GARNET ROAD, Boston, MA",SAM
"75 GARNET ROAD, Boston, MA",SAM
"76 GARNET ROAD, Boston, MA",SAM
"79 GARNET ROAD, Boston, MA",SAM
"80 GARNET ROAD, Boston, MA",SAM
"83 GARNET ROAD, Boston, MA",SAM
"84 GARNET ROAD, Boston, MA",SAM
"87 GARNET ROAD, Boston, MA",SAM
"88 GARNET ROAD, Boston, MA",SAM
"91 GARNET ROAD, Boston, MA",SAM
"16 GARRISON STREET, Boston, MA",SAM
"10 GARTH ROAD, Boston, MA",SAM
"12 GARTH ROAD, Boston, MA",SAM
"15 GARTH ROAD, Boston, MA",SAM
"17 GARTH ROAD, Boston, MA",SAM
"21 GARTH ROAD, Boston, MA",SAM
"22 GARTH ROAD, Boston, MA",SAM
"26 GARTH ROAD, Boston, MA",SAM
"30 GARTH ROAD, Boston, MA",SAM
"34 GARTH ROAD, Boston, MA",SAM
"35 GARTH ROAD, Boston, MA",SAM
"39 GARTH ROAD, Boston, MA",SAM
"40 GARTH ROAD, Boston, MA",SAM
"41 GARTH ROAD, Boston, MA",SAM
"44 GARTH ROAD, Boston, MA",SAM
"45 GARTH ROAD, Boston, MA",SAM
"48 GARTH ROAD, Boston, MA",SAM
"49 GARTH ROAD, Boston, MA",SAM
"5 GARTH ROAD, Boston, MA",SAM
"52 GARTH ROAD, Boston, MA",SAM
"53 GARTH ROAD, Boston, MA",SAM
"56 GARTH ROAD, Boston, MA",SAM
"57 GARTH ROAD, Boston, MA",SAM
"9 GARTH ROAD, Boston, MA",SAM
"14 GARTLAND STREET, Boston, MA",SAM
"15 GARTLAND STREET, Boston, MA",SAM
"17 GARTLAND STREET, Boston, MA",SAM
"24 GARTLAND STREET, Boston, MA",SAM
"25 GARTLAND STREET, Boston, MA",SAM
"27 GARTLAND STREET, Boston, MA",SAM
"29 GARTLAND STREET, Boston, MA",SAM
"33 GARTLAND STREET, Boston, MA",SAM
"35 GARTLAND STREET, Boston, MA",SAM
"36 GARTLAND STREET, Boston, MA",SAM
"43 GARTLAND STREET, Boston, MA",SAM
"44 GARTLAND STREET, Boston, MA",SAM
"5 GARTLAND STREET, Boston, MA",SAM
"9 GARTLAND STREET, Boston, MA",SAM
"10 GASTON STREET, Boston, MA",SAM
"11 GASTON STREET, Boston, MA",SAM
"12 GASTON STREET, Boston, MA",SAM
"13 GASTON STREET, Boston, MA",SAM
"15 GASTON STREET, Boston, MA",SAM
"16 GASTON STREET, Boston, MA",SAM
"19 GASTON STREET, Boston, MA",SAM
"20 GASTON STREET, Boston, MA",SAM
"21 GASTON STREET, Boston, MA",SAM
"22 GASTON STREET, Boston, MA",SAM
"23 GASTON STREET, Boston, MA",SAM
"25 GASTON STREET, Boston, MA",SAM
"26 GASTON STREET, Boston, MA",SAM
"27 GASTON STREET, Boston, MA",SAM
"28 GASTON STREET, Boston, MA",SAM
"3 GASTON STREET, Boston, MA",SAM
"30 GASTON STREET, Boston, MA",SAM
"31 GASTON STREET, Boston, MA",SAM
"32 GASTON STREET, Boston, MA",SAM
"34 GASTON STREET, Boston, MA",SAM
"35 GASTON STREET, Boston, MA",SAM
"36 GASTON STREET, Boston, MA",SAM
"38 GASTON STREET, Boston, MA",SAM
"39 GASTON STREET, Boston, MA",SAM
"40 GASTON STREET, Boston, MA",SAM
"6 GASTON STREET, Boston, MA",SAM
"8 GASTON STREET, Boston, MA",SAM
"9 GASTON STREET, Boston, MA",SAM
"10 GATES STREET, Boston, MA",SAM
"12 GATES STREET, Boston, MA",SAM
"13 GATES STREET, Boston, MA",SAM
"14 GATES STREET, Boston, MA",SAM
"15 GATES STREET, Boston, MA",SAM
"16 GATES STREET, Boston, MA",SAM
"17 GATES STREET, Boston, MA",SAM
"18 GATES STREET, Boston, MA",SAM
"19 GATES STREET, Boston, MA",SAM
"20 GATES STREET, Boston, MA",SAM
"23 GATES STREET, Boston, MA",SAM
"26 GATES STREET, Boston, MA",SAM
"33 GATES STREET, Boston, MA",SAM
"35 GATES STREET, Boston, MA",SAM
"37 GATES STREET, Boston, MA",SAM
"38 GATES STREET, Boston, MA",SAM
"39 GATES STREET, Boston, MA",SAM
"4 GATES STREET, Boston, MA",SAM
"40 GATES STREET, Boston, MA",SAM
"41 GATES STREET, Boston, MA",SAM
"42 GATES STREET, Boston, MA",SAM
"43 GATES STREET, Boston, MA",SAM
"44 GATES STREET, Boston, MA",SAM
"45 GATES STREET, Boston, MA",SAM
"46 GATES STREET, Boston, MA",SAM
"5 GATES STREET, Boston, MA",SAM
"50 GATES STREET, Boston, MA",SAM
"51 GATES STREET, Boston, MA",SAM
"53 GATES STREET, Boston, MA",SAM
"55 GATES STREET, Boston, MA",SAM
"56 GATES STREET, Boston, MA",SAM
"57 GATES STREET, Boston, MA",SAM
"58 GATES STREET, Boston, MA",SAM
"59 GATES STREET, Boston, MA",SAM
"6 GATES STREET, Boston, MA",SAM
"60 GATES STREET, Boston, MA",SAM
"61 GATES STREET, Boston, MA",SAM
"62 GATES STREET, Boston, MA",SAM
"63 GATES STREET, Boston, MA",SAM
"66 GATES STREET, Boston, MA",SAM
"67 GATES STREET, Boston, MA",SAM
"69 GATES STREET, Boston, MA",SAM
"7 GATES STREET, Boston, MA",SAM
"70 GATES STREET, Boston, MA",SAM
"71 GATES STREET, Boston, MA",SAM
"72 GATES STREET, Boston, MA",SAM
"74 GATES STREET, Boston, MA",SAM
"75 GATES STREET, Boston, MA",SAM
"76 GATES STREET, Boston, MA",SAM
"78 GATES STREET, Boston, MA",SAM
"8 GATES STREET, Boston, MA",SAM
"9 GATES STREET, Boston, MA",SAM
"10 GAY HEAD STREET, Boston, MA",SAM
"11 GAY HEAD STREET, Boston, MA",SAM
"12 GAY HEAD STREET, Boston, MA",SAM
"13 GAY HEAD STREET, Boston, MA",SAM
"14 GAY HEAD STREET, Boston, MA",SAM
"15 GAY HEAD STREET, Boston, MA",SAM
"16 GAY HEAD STREET, Boston, MA",SAM
"17 GAY HEAD STREET, Boston, MA",SAM
"18 GAY HEAD STREET, Boston, MA",SAM
"19 GAY HEAD STREET, Boston, MA",SAM
"21 GAY HEAD STREET, Boston, MA",SAM
"22 GAY HEAD STREET, Boston, MA",SAM
"23 GAY HEAD STREET, Boston, MA",SAM
"24 GAY HEAD STREET, Boston, MA",SAM
"27 GAY HEAD STREET, Boston, MA",SAM
"3 GAY HEAD STREET, Boston, MA",SAM
"30 GAY HEAD STREET, Boston, MA",SAM
"4 GAY HEAD STREET, Boston, MA",SAM
"5 GAY HEAD STREET, Boston, MA",SAM
"6 GAY HEAD STREET, Boston, MA",SAM
"7 GAY HEAD STREET, Boston, MA",SAM
"8 GAY HEAD STREET, Boston, MA",SAM
"10 GAYLAND STREET, Boston, MA",SAM
"11 GAYLAND STREET, Boston, MA",SAM
"12 GAYLAND STREET, Boston, MA",SAM
"16 GAYLAND STREET, Boston, MA",SAM
"17 GAYLAND STREET, Boston, MA",SAM
"21 GAYLAND STREET, Boston, MA",SAM
"24 GAYLAND STREET, Boston, MA",SAM
"27 GAYLAND STREET, Boston, MA",SAM
"28 GAYLAND STREET, Boston, MA",SAM
"29 GAYLAND STREET, Boston, MA",SAM
"31 GAYLAND STREET, Boston, MA",SAM
"36 GAYLAND STREET, Boston, MA",SAM
"5 GAYLAND STREET, Boston, MA",SAM
"7 GAYLAND STREET, Boston, MA",SAM
"8 GAYLAND STREET, Boston, MA",SAM
"9 GAYLAND STREET, Boston, MA",SAM
"10 GAYLORD STREET, Boston, MA",SAM
"11 GAYLORD STREET, Boston, MA",SAM
"14 GAYLORD STREET, Boston, MA",SAM
"15 GAYLORD STREET, Boston, MA",SAM
"19 GAYLORD STREET, Boston, MA",SAM
"22 GAYLORD STREET, Boston, MA",SAM
"23 GAYLORD STREET, Boston, MA",SAM
"26 GAYLORD STREET, Boston, MA",SAM
"27 GAYLORD STREET, Boston, MA",SAM
"28 GAYLORD STREET, Boston, MA",SAM
"30 GAYLORD STREET, Boston, MA",SAM
"31 GAYLORD STREET, Boston, MA",SAM
"7 GAYLORD STREET, Boston, MA",SAM
"8 GAYLORD STREET, Boston, MA",SAM
"2 GEM AVENUE, Boston, MA",SAM
"7 GEM AVENUE, Boston, MA",SAM
"11 GENE STREET, Boston, MA",SAM
"12 GENE STREET, Boston, MA",SAM
"15 GENE STREET, Boston, MA",SAM
"19 GENE STREET, Boston, MA",SAM
"20 GENE STREET, Boston, MA",SAM
"4 GENE STREET, Boston, MA",SAM
"5 GENE STREET, Boston, MA",SAM
"8 GENE STREET, Boston, MA",SAM
"10 GENERAL WILLIAM H DEVINE WAY, Boston, MA",SAM
"32 GENERAL WILLIAM H DEVINE WAY, Boston, MA",SAM
"36 GENERAL WILLIAM H DEVINE WAY, Boston, MA",SAM
"40 GENERAL WILLIAM H DEVINE WAY, Boston, MA",SAM
"6 GENERAL WILLIAM H DEVINE WAY, Boston, MA",SAM
"70 GENERAL WILLIAM H DEVINE WAY, Boston, MA",SAM
"100 GENEVA AVENUE, Boston, MA",SAM
"101 GENEVA AVENUE, Boston, MA",SAM
"103 GENEVA AVENUE, Boston, MA",SAM
"104 GENEVA AVENUE, Boston, MA",SAM
"106 GENEVA AVENUE, Boston, MA",SAM
"137 GENEVA AVENUE, Boston, MA",SAM
"154 GENEVA AVENUE, Boston, MA",SAM
"155 GENEVA AVENUE, Boston, MA",SAM
"156 GENEVA AVENUE, Boston, MA",SAM
"157 GENEVA AVENUE, Boston, MA",SAM
"160 GENEVA AVENUE, Boston, MA",SAM
"188 GENEVA AVENUE, Boston, MA",SAM
"191 GENEVA AVENUE, Boston, MA",SAM
"21 GENEVA AVENUE, Boston, MA",SAM
"236 GENEVA AVENUE, Boston, MA",SAM
"237 GENEVA AVENUE, Boston, MA",SAM
"240 GENEVA AVENUE, Boston, MA",SAM
"241 GENEVA AVENUE, Boston, MA",SAM
"244 GENEVA AVENUE, Boston, MA",SAM
"248 GENEVA AVENUE, Boston, MA",SAM
"252 GENEVA AVENUE, Boston, MA",SAM
"256 GENEVA AVENUE, Boston, MA",SAM
"263 GENEVA AVENUE, Boston, MA",SAM
"264 GENEVA AVENUE, Boston, MA",SAM
"268 GENEVA AVENUE, Boston, MA",SAM
"272 GENEVA AVENUE, Boston, MA",SAM
"276 GENEVA AVENUE, Boston, MA",SAM
"319 GENEVA AVENUE, Boston, MA",SAM
"323 GENEVA AVENUE, Boston, MA",SAM
"324 GENEVA AVENUE, Boston, MA",SAM
"327 GENEVA AVENUE, Boston, MA",SAM
"328 GENEVA AVENUE, Boston, MA",SAM
"332 GENEVA AVENUE, Boston, MA",SAM
"336 GENEVA AVENUE, Boston, MA",SAM
"342 GENEVA AVENUE, Boston, MA",SAM
"343 GENEVA AVENUE, Boston, MA",SAM
"344 GENEVA AVENUE, Boston, MA",SAM
"346 GENEVA AVENUE, Boston, MA",SAM
"347 GENEVA AVENUE, Boston, MA",SAM
"348 GENEVA AVENUE, Boston, MA",SAM
"351 GENEVA AVENUE, Boston, MA",SAM
"354 GENEVA AVENUE, Boston, MA",SAM
"355 GENEVA AVENUE, Boston, MA",SAM
"358 GENEVA AVENUE, Boston, MA",SAM
"359 GENEVA AVENUE, Boston, MA",SAM
"362 GENEVA AVENUE, Boston, MA",SAM
"366 GENEVA AVENUE, Boston, MA",SAM
"371 GENEVA AVENUE, Boston, MA",SAM
"374 GENEVA AVENUE, Boston, MA",SAM
"378 GENEVA AVENUE, Boston, MA",SAM
"382 GENEVA AVENUE, Boston, MA",SAM
"383 GENEVA AVENUE, Boston, MA",SAM
"385 GENEVA AVENUE, Boston, MA",SAM
"388 GENEVA AVENUE, Boston, MA",SAM
"389 GENEVA AVENUE, Boston, MA",SAM
"390 GENEVA AVENUE, Boston, MA",SAM
"393 GENEVA AVENUE, Boston, MA",SAM
"397 GENEVA AVENUE, Boston, MA",SAM
"40 GENEVA AVENUE, Boston, MA",SAM
"41 GENEVA AVENUE, Boston, MA",SAM
"415 GENEVA AVENUE, Boston, MA",SAM
"416 GENEVA AVENUE, Boston, MA",SAM
"417 GENEVA AVENUE, Boston, MA",SAM
"419 GENEVA AVENUE, Boston, MA",SAM
"421 GENEVA AVENUE, Boston, MA",SAM
"423 GENEVA AVENUE, Boston, MA",SAM
"424 GENEVA AVENUE, Boston, MA",SAM
"425 GENEVA AVENUE, Boston, MA",SAM
"427 GENEVA AVENUE, Boston, MA",SAM
"430 GENEVA AVENUE, Boston, MA",SAM
"438 GENEVA AVENUE, Boston, MA",SAM
"444 GENEVA AVENUE, Boston, MA",SAM
"451 GENEVA AVENUE, Boston, MA",SAM
"462 GENEVA AVENUE, Boston, MA",SAM
"478 GENEVA AVENUE, Boston, MA",SAM
"481 GENEVA AVENUE, Boston, MA",SAM
"482 GENEVA AVENUE, Boston, MA",SAM
"491 GENEVA AVENUE, Boston, MA",SAM
"493 GENEVA AVENUE, Boston, MA",SAM
"495 GENEVA AVENUE, Boston, MA",SAM
"500 GENEVA AVENUE, Boston, MA",SAM
"503 GENEVA AVENUE, Boston, MA",SAM
"507 GENEVA AVENUE, Boston, MA",SAM
"511 GENEVA AVENUE, Boston, MA",SAM
"515 GENEVA AVENUE, Boston, MA",SAM
"519 GENEVA AVENUE, Boston, MA",SAM
"523 GENEVA AVENUE, Boston, MA",SAM
"58 GENEVA AVENUE, Boston, MA",SAM
"66 GENEVA AVENUE, Boston, MA",SAM
"72 GENEVA AVENUE, Boston, MA",SAM
"91 GENEVA AVENUE, Boston, MA",SAM
"94 GENEVA AVENUE, Boston, MA",SAM
"95 GENEVA AVENUE, Boston, MA",SAM
"96 GENEVA AVENUE, Boston, MA",SAM
"97 GENEVA AVENUE, Boston, MA",SAM
"15 GENEVA STREET, Boston, MA",SAM
"37 GENEVA STREET, Boston, MA",SAM
"52 GENEVA STREET, Boston, MA",SAM
"11 GEORGE STREET, Boston, MA",SAM
"12 GEORGE STREET, Boston, MA",SAM
"14 GEORGE STREET, Boston, MA",SAM
"15 GEORGE STREET, Boston, MA",SAM
"17 GEORGE STREET, Boston, MA",SAM
"18 GEORGE STREET, Boston, MA",SAM
"19 GEORGE STREET, Boston, MA",SAM
"20 GEORGE STREET, Boston, MA",SAM
"21 GEORGE STREET, Boston, MA",SAM
"22 GEORGE STREET, Boston, MA",SAM
"23 GEORGE STREET, Boston, MA",SAM
"24 GEORGE STREET, Boston, MA",SAM
"25 GEORGE STREET, Boston, MA",SAM
"26 GEORGE STREET, Boston, MA",SAM
"28 GEORGE STREET, Boston, MA",SAM
"29 GEORGE STREET, Boston, MA",SAM
"31 GEORGE STREET, Boston, MA",SAM
"32 GEORGE STREET, Boston, MA",SAM
"35 GEORGE STREET, Boston, MA",SAM
"39 GEORGE STREET, Boston, MA",SAM
"48 GEORGE STREET, Boston, MA",SAM
"7 GEORGE STREET, Boston, MA",SAM
"9 GEORGE STREET, Boston, MA",SAM
"102 GEORGE STREET, Boston, MA",SAM
"104 GEORGE STREET, Boston, MA",SAM
"105 GEORGE STREET, Boston, MA",SAM
"108 GEORGE STREET, Boston, MA",SAM
"111 GEORGE STREET, Boston, MA",SAM
"112 GEORGE STREET, Boston, MA",SAM
"113 GEORGE STREET, Boston, MA",SAM
"117 GEORGE STREET, Boston, MA",SAM
"132 GEORGE STREET, Boston, MA",SAM
"134 GEORGE STREET, Boston, MA",SAM
"135 GEORGE STREET, Boston, MA",SAM
"30 GEORGE STREET, Boston, MA",SAM
"70 GEORGE STREET, Boston, MA",SAM
"71 GEORGE STREET, Boston, MA",SAM
"75 GEORGE STREET, Boston, MA",SAM
"82 GEORGE STREET, Boston, MA",SAM
"88 GEORGE STREET, Boston, MA",SAM
"90 GEORGE STREET, Boston, MA",SAM
"92 GEORGE STREET, Boston, MA",SAM
"96 GEORGE STREET, Boston, MA",SAM
"98 GEORGE STREET, Boston, MA",SAM
"543 GEORGETOWNE DRIVE, Boston, MA",SAM
"36 GEORGIA STREET, Boston, MA",SAM
"41 GEORGIA STREET, Boston, MA",SAM
"42 GEORGIA STREET, Boston, MA",SAM
"43 GEORGIA STREET, Boston, MA",SAM
"49 GEORGIA STREET, Boston, MA",SAM
"53 GEORGIA STREET, Boston, MA",SAM
"59 GEORGIA STREET, Boston, MA",SAM
"65 GEORGIA STREET, Boston, MA",SAM
"71 GEORGIA STREET, Boston, MA",SAM
"72 GEORGIA STREET, Boston, MA",SAM
"75 GEORGIA STREET, Boston, MA",SAM
"76 GEORGIA STREET, Boston, MA",SAM
"87 GEORGIA STREET, Boston, MA",SAM
"89 GEORGIA STREET, Boston, MA",SAM
"10 GERAGHTY TERRACE, Boston, MA",SAM
"14 GERAGHTY TERRACE, Boston, MA",SAM
"2 GERAGHTY TERRACE, Boston, MA",SAM
"6 GERAGHTY TERRACE, Boston, MA",SAM
"36 GERALD ROAD, Boston, MA",SAM
"37 GERALD ROAD, Boston, MA",SAM
"11 GERARD STREET, Boston, MA",SAM
"114 GERARD STREET, Boston, MA",SAM
"13 GERARD STREET, Boston, MA",SAM
"144 GERARD STREET, Boston, MA",SAM
"146 GERARD STREET, Boston, MA",SAM
"148 GERARD STREET, Boston, MA",SAM
"53 GERARD STREET, Boston, MA",SAM
"60 GERARD STREET, Boston, MA",SAM
"8 GERARD STREET, Boston, MA",SAM
"12 GERMANIA STREET, Boston, MA",SAM
"14 GERMANIA STREET, Boston, MA",SAM
"15 GERMANIA STREET, Boston, MA",SAM
"2 GERMANIA STREET, Boston, MA",SAM
"21 GERMANIA STREET, Boston, MA",SAM
"4 GERMANIA STREET, Boston, MA",SAM
"7 GERMANIA STREET, Boston, MA",SAM
"9 GERMANIA STREET, Boston, MA",SAM
"1 GERRISH STREET, Boston, MA",SAM
"15 GERRISH STREET, Boston, MA",SAM
"17 GERRISH STREET, Boston, MA",SAM
"23 GERRISH STREET, Boston, MA",SAM
"26 GERRISH STREET, Boston, MA",SAM
"30 GERRISH STREET, Boston, MA",SAM
"34 GERRISH STREET, Boston, MA",SAM
"38 GERRISH STREET, Boston, MA",SAM
"41 GERRISH STREET, Boston, MA",SAM
"42 GERRISH STREET, Boston, MA",SAM
"48 GERRISH STREET, Boston, MA",SAM
"49 GERRISH STREET, Boston, MA",SAM
"5 GERRISH STREET, Boston, MA",SAM
"51 GERRISH STREET, Boston, MA",SAM
"55 GERRISH STREET, Boston, MA",SAM
"57 GERRISH STREET, Boston, MA",SAM
"6 GERRISH STREET, Boston, MA",SAM
"9 GERRISH STREET, Boston, MA",SAM
"11 GERTRUDE ROAD, Boston, MA",SAM
"12 GERTRUDE ROAD, Boston, MA",SAM
"15 GERTRUDE ROAD, Boston, MA",SAM
"16 GERTRUDE ROAD, Boston, MA",SAM
"17 GERTRUDE ROAD, Boston, MA",SAM
"19 GERTRUDE ROAD, Boston, MA",SAM
"20 GERTRUDE ROAD, Boston, MA",SAM
"8 GERTRUDE ROAD, Boston, MA",SAM
"9 GERTRUDE ROAD, Boston, MA",SAM
"10 GIBSON STREET, Boston, MA",SAM
"11 GIBSON STREET, Boston, MA",SAM
"110 GIBSON STREET, Boston, MA",SAM
"14 GIBSON STREET, Boston, MA",SAM
"18 GIBSON STREET, Boston, MA",SAM
"2 GIBSON STREET, Boston, MA",SAM
"21 GIBSON STREET, Boston, MA",SAM
"22 GIBSON STREET, Boston, MA",SAM
"28 GIBSON STREET, Boston, MA",SAM
"29 GIBSON STREET, Boston, MA",SAM
"30 GIBSON STREET, Boston, MA",SAM
"32 GIBSON STREET, Boston, MA",SAM
"33 GIBSON STREET, Boston, MA",SAM
"34 GIBSON STREET, Boston, MA",SAM
"39 GIBSON STREET, Boston, MA",SAM
"47 GIBSON STREET, Boston, MA",SAM
"49 GIBSON STREET, Boston, MA",SAM
"53 GIBSON STREET, Boston, MA",SAM
"57 GIBSON STREET, Boston, MA",SAM
"59 GIBSON STREET, Boston, MA",SAM
"6 GIBSON STREET, Boston, MA",SAM
"63 GIBSON STREET, Boston, MA",SAM
"69 GIBSON STREET, Boston, MA",SAM
"73 GIBSON STREET, Boston, MA",SAM
"75 GIBSON STREET, Boston, MA",SAM
"1 GIFFORD PLACE, Boston, MA",SAM
"2 GIFFORD PLACE, Boston, MA",SAM
"3 GIFFORD PLACE, Boston, MA",SAM
"5 GIFFORD PLACE, Boston, MA",SAM
"6 GIFFORD PLACE, Boston, MA",SAM
"7 GIFFORD PLACE, Boston, MA",SAM
"20 GILLETTE PARK, Boston, MA",SAM
"12 GILMAN STREET, Boston, MA",SAM
"15 GILMAN STREET, Boston, MA",SAM
"16 GILMAN STREET, Boston, MA",SAM
"18 GILMAN STREET, Boston, MA",SAM
"19 GILMAN STREET, Boston, MA",SAM
"20 GILMAN STREET, Boston, MA",SAM
"22 GILMAN STREET, Boston, MA",SAM
"27 GILMAN STREET, Boston, MA",SAM
"10 GILMER STREET, Boston, MA",SAM
"13 GILMER STREET, Boston, MA",SAM
"16 GILMER STREET, Boston, MA",SAM
"17 GILMER STREET, Boston, MA",SAM
"20 GILMER STREET, Boston, MA",SAM
"4 GILMER STREET, Boston, MA",SAM
"10 GILMORE TERRACE, Boston, MA",SAM
"14 GILMORE TERRACE, Boston, MA",SAM
"15 GILMORE TERRACE, Boston, MA",SAM
"6 GILMORE TERRACE, Boston, MA",SAM
"9 GILMORE TERRACE, Boston, MA",SAM
"10 GINITA STREET, Boston, MA",SAM
"11 GINITA STREET, Boston, MA",SAM
"15 GINITA STREET, Boston, MA",SAM
"11 GLADE AVENUE, Boston, MA",SAM
"12 GLADE AVENUE, Boston, MA",SAM
"16 GLADE AVENUE, Boston, MA",SAM
"17 GLADE AVENUE, Boston, MA",SAM
"19 GLADE AVENUE, Boston, MA",SAM
"21 GLADE AVENUE, Boston, MA",SAM
"4 GLADE AVENUE, Boston, MA",SAM
"6 GLADE AVENUE, Boston, MA",SAM
"8 GLADE AVENUE, Boston, MA",SAM
"10 GLADESIDE AVENUE, Boston, MA",SAM
"100 GLADESIDE AVENUE, Boston, MA",SAM
"104 GLADESIDE AVENUE, Boston, MA",SAM
"108 GLADESIDE AVENUE, Boston, MA",SAM
"111 GLADESIDE AVENUE, Boston, MA",SAM
"112 GLADESIDE AVENUE, Boston, MA",SAM
"18 GLADESIDE AVENUE, Boston, MA",SAM
"34 GLADESIDE AVENUE, Boston, MA",SAM
"38 GLADESIDE AVENUE, Boston, MA",SAM
"40 GLADESIDE AVENUE, Boston, MA",SAM
"42 GLADESIDE AVENUE, Boston, MA",SAM
"46 GLADESIDE AVENUE, Boston, MA",SAM
"50 GLADESIDE AVENUE, Boston, MA",SAM
"57 GLADESIDE AVENUE, Boston, MA",SAM
"61 GLADESIDE AVENUE, Boston, MA",SAM
"68 GLADESIDE AVENUE, Boston, MA",SAM
"71 GLADESIDE AVENUE, Boston, MA",SAM
"72 GLADESIDE AVENUE, Boston, MA",SAM
"75 GLADESIDE AVENUE, Boston, MA",SAM
"76 GLADESIDE AVENUE, Boston, MA",SAM
"79 GLADESIDE AVENUE, Boston, MA",SAM
"80 GLADESIDE AVENUE, Boston, MA",SAM
"83 GLADESIDE AVENUE, Boston, MA",SAM
"84 GLADESIDE AVENUE, Boston, MA",SAM
"87 GLADESIDE AVENUE, Boston, MA",SAM
"88 GLADESIDE AVENUE, Boston, MA",SAM
"9 GLADESIDE AVENUE, Boston, MA",SAM
"91 GLADESIDE AVENUE, Boston, MA",SAM
"92 GLADESIDE AVENUE, Boston, MA",SAM
"96 GLADESIDE AVENUE, Boston, MA",SAM
"2 GLADESIDE TERRACE, Boston, MA",SAM
"4 GLADESIDE TERRACE, Boston, MA",SAM
"6 GLADESIDE TERRACE, Boston, MA",SAM
"7 GLADESIDE TERRACE, Boston, MA",SAM
"8 GLADESIDE TERRACE, Boston, MA",SAM
"101 GLADSTONE STREET, Boston, MA",SAM
"102 GLADSTONE STREET, Boston, MA",SAM
"108 GLADSTONE STREET, Boston, MA",SAM
"110 GLADSTONE STREET, Boston, MA",SAM
"112 GLADSTONE STREET, Boston, MA",SAM
"113 GLADSTONE STREET, Boston, MA",SAM
"114 GLADSTONE STREET, Boston, MA",SAM
"116 GLADSTONE STREET, Boston, MA",SAM
"117 GLADSTONE STREET, Boston, MA",SAM
"118 GLADSTONE STREET, Boston, MA",SAM
"120 GLADSTONE STREET, Boston, MA",SAM
"124 GLADSTONE STREET, Boston, MA",SAM
"125 GLADSTONE STREET, Boston, MA",SAM
"126 GLADSTONE STREET, Boston, MA",SAM
"129 GLADSTONE STREET, Boston, MA",SAM
"136 GLADSTONE STREET, Boston, MA",SAM
"140 GLADSTONE STREET, Boston, MA",SAM
"145 GLADSTONE STREET, Boston, MA",SAM
"16 GLADSTONE STREET, Boston, MA",SAM
"165 GLADSTONE STREET, Boston, MA",SAM
"17 GLADSTONE STREET, Boston, MA",SAM
"172 GLADSTONE STREET, Boston, MA",SAM
"175 GLADSTONE STREET, Boston, MA",SAM
"179 GLADSTONE STREET, Boston, MA",SAM
"18 GLADSTONE STREET, Boston, MA",SAM
"183 GLADSTONE STREET, Boston, MA",SAM
"184 GLADSTONE STREET, Boston, MA",SAM
"188 GLADSTONE STREET, Boston, MA",SAM
"189 GLADSTONE STREET, Boston, MA",SAM
"191 GLADSTONE STREET, Boston, MA",SAM
"192 GLADSTONE STREET, Boston, MA",SAM
"195 GLADSTONE STREET, Boston, MA",SAM
"199 GLADSTONE STREET, Boston, MA",SAM
"202 GLADSTONE STREET, Boston, MA",SAM
"203 GLADSTONE STREET, Boston, MA",SAM
"207 GLADSTONE STREET, Boston, MA",SAM
"208 GLADSTONE STREET, Boston, MA",SAM
"21 GLADSTONE STREET, Boston, MA",SAM
"211 GLADSTONE STREET, Boston, MA",SAM
"215 GLADSTONE STREET, Boston, MA",SAM
"219 GLADSTONE STREET, Boston, MA",SAM
"22 GLADSTONE STREET, Boston, MA",SAM
"223 GLADSTONE STREET, Boston, MA",SAM
"231 GLADSTONE STREET, Boston, MA",SAM
"235 GLADSTONE STREET, Boston, MA",SAM
"25 GLADSTONE STREET, Boston, MA",SAM
"26 GLADSTONE STREET, Boston, MA",SAM
"33 GLADSTONE STREET, Boston, MA",SAM
"34 GLADSTONE STREET, Boston, MA",SAM
"37 GLADSTONE STREET, Boston, MA",SAM
"40 GLADSTONE STREET, Boston, MA",SAM
"44 GLADSTONE STREET, Boston, MA",SAM
"46 GLADSTONE STREET, Boston, MA",SAM
"47 GLADSTONE STREET, Boston, MA",SAM
"5 GLADSTONE STREET, Boston, MA",SAM
"51 GLADSTONE STREET, Boston, MA",SAM
"52 GLADSTONE STREET, Boston, MA",SAM
"56 GLADSTONE STREET, Boston, MA",SAM
"57 GLADSTONE STREET, Boston, MA",SAM
"60 GLADSTONE STREET, Boston, MA",SAM
"61 GLADSTONE STREET, Boston, MA",SAM
"66 GLADSTONE STREET, Boston, MA",SAM
"69 GLADSTONE STREET, Boston, MA",SAM
"71 GLADSTONE STREET, Boston, MA",SAM
"72 GLADSTONE STREET, Boston, MA",SAM
"8 GLADSTONE STREET, Boston, MA",SAM
"81 GLADSTONE STREET, Boston, MA",SAM
"82 GLADSTONE STREET, Boston, MA",SAM
"86 GLADSTONE STREET, Boston, MA",SAM
"89 GLADSTONE STREET, Boston, MA",SAM
"9 GLADSTONE STREET, Boston, MA",SAM
"90 GLADSTONE STREET, Boston, MA",SAM
"93 GLADSTONE STREET, Boston, MA",SAM
"98 GLADSTONE STREET, Boston, MA",SAM
"99 GLADSTONE STREET, Boston, MA",SAM
"11 GLEASON STREET, Boston, MA",SAM
"14 GLEASON STREET, Boston, MA",SAM
"15 GLEASON STREET, Boston, MA",SAM
"17 GLEASON STREET, Boston, MA",SAM
"18 GLEASON STREET, Boston, MA",SAM
"19 GLEASON STREET, Boston, MA",SAM
"22 GLEASON STREET, Boston, MA",SAM
"23 GLEASON STREET, Boston, MA",SAM
"26 GLEASON STREET, Boston, MA",SAM
"28 GLEASON STREET, Boston, MA",SAM
"29 GLEASON STREET, Boston, MA",SAM
"30 GLEASON STREET, Boston, MA",SAM
"32 GLEASON STREET, Boston, MA",SAM
"33 GLEASON STREET, Boston, MA",SAM
"34 GLEASON STREET, Boston, MA",SAM
"35 GLEASON STREET, Boston, MA",SAM
"36 GLEASON STREET, Boston, MA",SAM
"37 GLEASON STREET, Boston, MA",SAM
"38 GLEASON STREET, Boston, MA",SAM
"40 GLEASON STREET, Boston, MA",SAM
"41 GLEASON STREET, Boston, MA",SAM
"43 GLEASON STREET, Boston, MA",SAM
"5 GLEASON STREET, Boston, MA",SAM
"6 GLEASON STREET, Boston, MA",SAM
"9 GLEASON STREET, Boston, MA",SAM
"16 GLEN ROAD, Boston, MA",SAM
"20 GLEN ROAD, Boston, MA",SAM
"21 GLEN ROAD, Boston, MA",SAM
"25 GLEN ROAD, Boston, MA",SAM
"26 GLEN ROAD, Boston, MA",SAM
"30 GLEN ROAD, Boston, MA",SAM
"35 GLEN ROAD, Boston, MA",SAM
"46 GLEN ROAD, Boston, MA",SAM
"47 GLEN ROAD, Boston, MA",SAM
"5 GLEN ROAD, Boston, MA",SAM
"50 GLEN ROAD, Boston, MA",SAM
"53 GLEN ROAD, Boston, MA",SAM
"54 GLEN ROAD, Boston, MA",SAM
"58 GLEN ROAD, Boston, MA",SAM
"65 GLEN ROAD, Boston, MA",SAM
"70 GLEN ROAD, Boston, MA",SAM
"71 GLEN ROAD, Boston, MA",SAM
"75 GLEN ROAD, Boston, MA",SAM
"79 GLEN ROAD, Boston, MA",SAM
"82 GLEN ROAD, Boston, MA",SAM
"83 GLEN ROAD, Boston, MA",SAM
"85 GLEN ROAD, Boston, MA",SAM
"86 GLEN ROAD, Boston, MA",SAM
"88 GLEN ROAD, Boston, MA",SAM
"90 GLEN ROAD, Boston, MA",SAM
"91 GLEN ROAD, Boston, MA",SAM
"15 GLEN STREET, Boston, MA",SAM
"17 GLEN STREET, Boston, MA",SAM
"19 GLEN STREET, Boston, MA",SAM
"2 GLEN STREET, Boston, MA",SAM
"4 GLEN STREET, Boston, MA",SAM
"6 GLEN STREET, Boston, MA",SAM
"8 GLEN STREET, Boston, MA",SAM
"9 GLEN STREET, Boston, MA",SAM
"10 GLENARM STREET, Boston, MA",SAM
"14 GLENARM STREET, Boston, MA",SAM
"16 GLENARM STREET, Boston, MA",SAM
"2 GLENARM STREET, Boston, MA",SAM
"20 GLENARM STREET, Boston, MA",SAM
"22 GLENARM STREET, Boston, MA",SAM
"25 GLENARM STREET, Boston, MA",SAM
"26 GLENARM STREET, Boston, MA",SAM
"31 GLENARM STREET, Boston, MA",SAM
"33 GLENARM STREET, Boston, MA",SAM
"35 GLENARM STREET, Boston, MA",SAM
"4 GLENARM STREET, Boston, MA",SAM
"7 GLENARM STREET, Boston, MA",SAM
"10 GLENBURNE STREET, Boston, MA",SAM
"14 GLENBURNE STREET, Boston, MA",SAM
"5 GLENBURNE STREET, Boston, MA",SAM
"6 GLENBURNE STREET, Boston, MA",SAM
"9 GLENBURNE STREET, Boston, MA",SAM
"10 GLENBURNIE ROAD, Boston, MA",SAM
"11 GLENBURNIE ROAD, Boston, MA",SAM
"12 GLENBURNIE ROAD, Boston, MA",SAM
"15 GLENBURNIE ROAD, Boston, MA",SAM
"16 GLENBURNIE ROAD, Boston, MA",SAM
"17 GLENBURNIE ROAD, Boston, MA",SAM
"18 GLENBURNIE ROAD, Boston, MA",SAM
"19 GLENBURNIE ROAD, Boston, MA",SAM
"20 GLENBURNIE ROAD, Boston, MA",SAM
"21 GLENBURNIE ROAD, Boston, MA",SAM
"22 GLENBURNIE ROAD, Boston, MA",SAM
"24 GLENBURNIE ROAD, Boston, MA",SAM
"25 GLENBURNIE ROAD, Boston, MA",SAM
"26 GLENBURNIE ROAD, Boston, MA",SAM
"27 GLENBURNIE ROAD, Boston, MA",SAM
"29 GLENBURNIE ROAD, Boston, MA",SAM
"3 GLENBURNIE ROAD, Boston, MA",SAM
"30 GLENBURNIE ROAD, Boston, MA",SAM
"34 GLENBURNIE ROAD, Boston, MA",SAM
"4 GLENBURNIE ROAD, Boston, MA",SAM
"5 GLENBURNIE ROAD, Boston, MA",SAM
"6 GLENBURNIE ROAD, Boston, MA",SAM
"7 GLENBURNIE ROAD, Boston, MA",SAM
"8 GLENBURNIE ROAD, Boston, MA",SAM
"9 GLENBURNIE ROAD, Boston, MA",SAM
"10 GLENCLIFF ROAD, Boston, MA",SAM
"11 GLENCLIFF ROAD, Boston, MA",SAM
"12 GLENCLIFF ROAD, Boston, MA",SAM
"14 GLENCLIFF ROAD, Boston, MA",SAM
"15 GLENCLIFF ROAD, Boston, MA",SAM
"16 GLENCLIFF ROAD, Boston, MA",SAM
"18 GLENCLIFF ROAD, Boston, MA",SAM
"19 GLENCLIFF ROAD, Boston, MA",SAM
"20 GLENCLIFF ROAD, Boston, MA",SAM
"23 GLENCLIFF ROAD, Boston, MA",SAM
"24 GLENCLIFF ROAD, Boston, MA",SAM
"27 GLENCLIFF ROAD, Boston, MA",SAM
"28 GLENCLIFF ROAD, Boston, MA",SAM
"31 GLENCLIFF ROAD, Boston, MA",SAM
"32 GLENCLIFF ROAD, Boston, MA",SAM
"35 GLENCLIFF ROAD, Boston, MA",SAM
"36 GLENCLIFF ROAD, Boston, MA",SAM
"39 GLENCLIFF ROAD, Boston, MA",SAM
"40 GLENCLIFF ROAD, Boston, MA",SAM
"43 GLENCLIFF ROAD, Boston, MA",SAM
"47 GLENCLIFF ROAD, Boston, MA",SAM
"63 GLENCLIFF ROAD, Boston, MA",SAM
"67 GLENCLIFF ROAD, Boston, MA",SAM
"7 GLENCLIFF ROAD, Boston, MA",SAM
"71 GLENCLIFF ROAD, Boston, MA",SAM
"74 GLENCLIFF ROAD, Boston, MA",SAM
"78 GLENCLIFF ROAD, Boston, MA",SAM
"79 GLENCLIFF ROAD, Boston, MA",SAM
"82 GLENCLIFF ROAD, Boston, MA",SAM
"84 GLENCLIFF ROAD, Boston, MA",SAM
"86 GLENCLIFF ROAD, Boston, MA",SAM
"17 GLENCOE STREET, Boston, MA",SAM
"19 GLENCOE STREET, Boston, MA",SAM
"21 GLENCOE STREET, Boston, MA",SAM
"23 GLENCOE STREET, Boston, MA",SAM
"30 GLENCOE STREET, Boston, MA",SAM
"34 GLENCOE STREET, Boston, MA",SAM
"350 GLENCOE STREET, Boston, MA",SAM
"38 GLENCOE STREET, Boston, MA",SAM
"40 GLENCOE STREET, Boston, MA",SAM
"44 GLENCOE STREET, Boston, MA",SAM
"48 GLENCOE STREET, Boston, MA",SAM
"60 GLENCOE STREET, Boston, MA",SAM
"68 GLENCOE STREET, Boston, MA",SAM
"86 GLENCOE STREET, Boston, MA",SAM
"88 GLENCOE STREET, Boston, MA",SAM
"9 GLENCOE STREET, Boston, MA",SAM
"91 GLENCOE STREET, Boston, MA",SAM
"11 GLENDALE STREET, Boston, MA",SAM
"12 GLENDALE STREET, Boston, MA",SAM
"14 GLENDALE STREET, Boston, MA",SAM
"15 GLENDALE STREET, Boston, MA",SAM
"16 GLENDALE STREET, Boston, MA",SAM
"18 GLENDALE STREET, Boston, MA",SAM
"22 GLENDALE STREET, Boston, MA",SAM
"23 GLENDALE STREET, Boston, MA",SAM
"24 GLENDALE STREET, Boston, MA",SAM
"25 GLENDALE STREET, Boston, MA",SAM
"29 GLENDALE STREET, Boston, MA",SAM
"31 GLENDALE STREET, Boston, MA",SAM
"32 GLENDALE STREET, Boston, MA",SAM
"33 GLENDALE STREET, Boston, MA",SAM
"34 GLENDALE STREET, Boston, MA",SAM
"35 GLENDALE STREET, Boston, MA",SAM
"37 GLENDALE STREET, Boston, MA",SAM
"4 GLENDALE STREET, Boston, MA",SAM
"40 GLENDALE STREET, Boston, MA",SAM
"41 GLENDALE STREET, Boston, MA",SAM
"44 GLENDALE STREET, Boston, MA",SAM
"46 GLENDALE STREET, Boston, MA",SAM
"6 GLENDALE STREET, Boston, MA",SAM
"63 GLENDALE STREET, Boston, MA",SAM
"64 GLENDALE STREET, Boston, MA",SAM
"65 GLENDALE STREET, Boston, MA",SAM
"66 GLENDALE STREET, Boston, MA",SAM
"67 GLENDALE STREET, Boston, MA",SAM
"68 GLENDALE STREET, Boston, MA",SAM
"69 GLENDALE STREET, Boston, MA",SAM
"7 GLENDALE STREET, Boston, MA",SAM
"70 GLENDALE STREET, Boston, MA",SAM
"71 GLENDALE STREET, Boston, MA",SAM
"72 GLENDALE STREET, Boston, MA",SAM
"80 GLENDALE STREET, Boston, MA",SAM
"24 GLENDON STREET, Boston, MA",SAM
"28 GLENDON STREET, Boston, MA",SAM
"6 GLENDON STREET, Boston, MA",SAM
"10 GLENDOWER ROAD, Boston, MA",SAM
"100 GLENDOWER ROAD, Boston, MA",SAM
"102 GLENDOWER ROAD, Boston, MA",SAM
"104 GLENDOWER ROAD, Boston, MA",SAM
"105 GLENDOWER ROAD, Boston, MA",SAM
"107 GLENDOWER ROAD, Boston, MA",SAM
"109 GLENDOWER ROAD, Boston, MA",SAM
"110 GLENDOWER ROAD, Boston, MA",SAM
"111 GLENDOWER ROAD, Boston, MA",SAM
"114 GLENDOWER ROAD, Boston, MA",SAM
"115 GLENDOWER ROAD, Boston, MA",SAM
"117 GLENDOWER ROAD, Boston, MA",SAM
"118 GLENDOWER ROAD, Boston, MA",SAM
"119 GLENDOWER ROAD, Boston, MA",SAM
"12 GLENDOWER ROAD, Boston, MA",SAM
"121 GLENDOWER ROAD, Boston, MA",SAM
"123 GLENDOWER ROAD, Boston, MA",SAM
"124 GLENDOWER ROAD, Boston, MA",SAM
"125 GLENDOWER ROAD, Boston, MA",SAM
"15 GLENDOWER ROAD, Boston, MA",SAM
"16 GLENDOWER ROAD, Boston, MA",SAM
"19 GLENDOWER ROAD, Boston, MA",SAM
"20 GLENDOWER ROAD, Boston, MA",SAM
"23 GLENDOWER ROAD, Boston, MA",SAM
"25 GLENDOWER ROAD, Boston, MA",SAM
"26 GLENDOWER ROAD, Boston, MA",SAM
"29 GLENDOWER ROAD, Boston, MA",SAM
"33 GLENDOWER ROAD, Boston, MA",SAM
"38 GLENDOWER ROAD, Boston, MA",SAM
"39 GLENDOWER ROAD, Boston, MA",SAM
"41 GLENDOWER ROAD, Boston, MA",SAM
"44 GLENDOWER ROAD, Boston, MA",SAM
"45 GLENDOWER ROAD, Boston, MA",SAM
"48 GLENDOWER ROAD, Boston, MA",SAM
"49 GLENDOWER ROAD, Boston, MA",SAM
"51 GLENDOWER ROAD, Boston, MA",SAM
"52 GLENDOWER ROAD, Boston, MA",SAM
"55 GLENDOWER ROAD, Boston, MA",SAM
"56 GLENDOWER ROAD, Boston, MA",SAM
"57 GLENDOWER ROAD, Boston, MA",SAM
"60 GLENDOWER ROAD, Boston, MA",SAM
"61 GLENDOWER ROAD, Boston, MA",SAM
"62 GLENDOWER ROAD, Boston, MA",SAM
"63 GLENDOWER ROAD, Boston, MA",SAM
"64 GLENDOWER ROAD, Boston, MA",SAM
"65 GLENDOWER ROAD, Boston, MA",SAM
"66 GLENDOWER ROAD, Boston, MA",SAM
"69 GLENDOWER ROAD, Boston, MA",SAM
"72 GLENDOWER ROAD, Boston, MA",SAM
"73 GLENDOWER ROAD, Boston, MA",SAM
"75 GLENDOWER ROAD, Boston, MA",SAM
"76 GLENDOWER ROAD, Boston, MA",SAM
"78 GLENDOWER ROAD, Boston, MA",SAM
"79 GLENDOWER ROAD, Boston, MA",SAM
"82 GLENDOWER ROAD, Boston, MA",SAM
"83 GLENDOWER ROAD, Boston, MA",SAM
"84 GLENDOWER ROAD, Boston, MA",SAM
"86 GLENDOWER ROAD, Boston, MA",SAM
"87 GLENDOWER ROAD, Boston, MA",SAM
"92 GLENDOWER ROAD, Boston, MA",SAM
"93 GLENDOWER ROAD, Boston, MA",SAM
"96 GLENDOWER ROAD, Boston, MA",SAM
"97 GLENDOWER ROAD, Boston, MA",SAM
"1 GLENELLEN ROAD, Boston, MA",SAM
"100 GLENELLEN ROAD, Boston, MA",SAM
"101 GLENELLEN ROAD, Boston, MA",SAM
"104 GLENELLEN ROAD, Boston, MA",SAM
"105 GLENELLEN ROAD, Boston, MA",SAM
"107 GLENELLEN ROAD, Boston, MA",SAM
"108 GLENELLEN ROAD, Boston, MA",SAM
"109 GLENELLEN ROAD, Boston, MA",SAM
"110 GLENELLEN ROAD, Boston, MA",SAM
"114 GLENELLEN ROAD, Boston, MA",SAM
"115 GLENELLEN ROAD, Boston, MA",SAM
"116 GLENELLEN ROAD, Boston, MA",SAM
"120 GLENELLEN ROAD, Boston, MA",SAM
"121 GLENELLEN ROAD, Boston, MA",SAM
"135 GLENELLEN ROAD, Boston, MA",SAM
"139 GLENELLEN ROAD, Boston, MA",SAM
"140 GLENELLEN ROAD, Boston, MA",SAM
"143 GLENELLEN ROAD, Boston, MA",SAM
"144 GLENELLEN ROAD, Boston, MA",SAM
"147 GLENELLEN ROAD, Boston, MA",SAM
"148 GLENELLEN ROAD, Boston, MA",SAM
"15 GLENELLEN ROAD, Boston, MA",SAM
"151 GLENELLEN ROAD, Boston, MA",SAM
"155 GLENELLEN ROAD, Boston, MA",SAM
"156 GLENELLEN ROAD, Boston, MA",SAM
"159 GLENELLEN ROAD, Boston, MA",SAM
"16 GLENELLEN ROAD, Boston, MA",SAM
"160 GLENELLEN ROAD, Boston, MA",SAM
"165 GLENELLEN ROAD, Boston, MA",SAM
"166 GLENELLEN ROAD, Boston, MA",SAM
"169 GLENELLEN ROAD, Boston, MA",SAM
"17 GLENELLEN ROAD, Boston, MA",SAM
"170 GLENELLEN ROAD, Boston, MA",SAM
"173 GLENELLEN ROAD, Boston, MA",SAM
"174 GLENELLEN ROAD, Boston, MA",SAM
"176 GLENELLEN ROAD, Boston, MA",SAM
"182 GLENELLEN ROAD, Boston, MA",SAM
"185 GLENELLEN ROAD, Boston, MA",SAM
"186 GLENELLEN ROAD, Boston, MA",SAM
"191 GLENELLEN ROAD, Boston, MA",SAM
"194 GLENELLEN ROAD, Boston, MA",SAM
"195 GLENELLEN ROAD, Boston, MA",SAM
"198 GLENELLEN ROAD, Boston, MA",SAM
"199 GLENELLEN ROAD, Boston, MA",SAM
"20 GLENELLEN ROAD, Boston, MA",SAM
"202 GLENELLEN ROAD, Boston, MA",SAM
"203 GLENELLEN ROAD, Boston, MA",SAM
"209 GLENELLEN ROAD, Boston, MA",SAM
"21 GLENELLEN ROAD, Boston, MA",SAM
"215 GLENELLEN ROAD, Boston, MA",SAM
"217 GLENELLEN ROAD, Boston, MA",SAM
"220 GLENELLEN ROAD, Boston, MA",SAM
"23 GLENELLEN ROAD, Boston, MA",SAM
"24 GLENELLEN ROAD, Boston, MA",SAM
"25 GLENELLEN ROAD, Boston, MA",SAM
"27 GLENELLEN ROAD, Boston, MA",SAM
"28 GLENELLEN ROAD, Boston, MA",SAM
"32 GLENELLEN ROAD, Boston, MA",SAM
"35 GLENELLEN ROAD, Boston, MA",SAM
"36 GLENELLEN ROAD, Boston, MA",SAM
"39 GLENELLEN ROAD, Boston, MA",SAM
"4 GLENELLEN ROAD, Boston, MA",SAM
"40 GLENELLEN ROAD, Boston, MA",SAM
"45 GLENELLEN ROAD, Boston, MA",SAM
"5 GLENELLEN ROAD, Boston, MA",SAM
"55 GLENELLEN ROAD, Boston, MA",SAM
"61 GLENELLEN ROAD, Boston, MA",SAM
"66 GLENELLEN ROAD, Boston, MA",SAM
"7 GLENELLEN ROAD, Boston, MA",SAM
"70 GLENELLEN ROAD, Boston, MA",SAM
"78 GLENELLEN ROAD, Boston, MA",SAM
"80 GLENELLEN ROAD, Boston, MA",SAM
"82 GLENELLEN ROAD, Boston, MA",SAM
"84 GLENELLEN ROAD, Boston, MA",SAM
"85 GLENELLEN ROAD, Boston, MA",SAM
"88 GLENELLEN ROAD, Boston, MA",SAM
"89 GLENELLEN ROAD, Boston, MA",SAM
"9 GLENELLEN ROAD, Boston, MA",SAM
"91 GLENELLEN ROAD, Boston, MA",SAM
"92 GLENELLEN ROAD, Boston, MA",SAM
"95 GLENELLEN ROAD, Boston, MA",SAM
"96 GLENELLEN ROAD, Boston, MA",SAM
"97 GLENELLEN ROAD, Boston, MA",SAM
"11 GLENHAM STREET, Boston, MA",SAM
"19 GLENHAM STREET, Boston, MA",SAM
"20 GLENHAM STREET, Boston, MA",SAM
"24 GLENHAM STREET, Boston, MA",SAM
"25 GLENHAM STREET, Boston, MA",SAM
"29 GLENHAM STREET, Boston, MA",SAM
"3 GLENHAM STREET, Boston, MA",SAM
"30 GLENHAM STREET, Boston, MA",SAM
"4 GLENHAM STREET, Boston, MA",SAM
"40 GLENHAM STREET, Boston, MA",SAM
"45 GLENHAM STREET, Boston, MA",SAM
"53 GLENHAM STREET, Boston, MA",SAM
"54 GLENHAM STREET, Boston, MA",SAM
"56 GLENHAM STREET, Boston, MA",SAM
"7 GLENHAM STREET, Boston, MA",SAM
"8 GLENHAM STREET, Boston, MA",SAM
"1 GLENHAVEN ROAD, Boston, MA",SAM
"11 GLENHAVEN ROAD, Boston, MA",SAM
"15 GLENHAVEN ROAD, Boston, MA",SAM
"17 GLENHAVEN ROAD, Boston, MA",SAM
"18 GLENHAVEN ROAD, Boston, MA",SAM
"2 GLENHAVEN ROAD, Boston, MA",SAM
"25 GLENHAVEN ROAD, Boston, MA",SAM
"29 GLENHAVEN ROAD, Boston, MA",SAM
"3 GLENHAVEN ROAD, Boston, MA",SAM
"33 GLENHAVEN ROAD, Boston, MA",SAM
"35 GLENHAVEN ROAD, Boston, MA",SAM
"36 GLENHAVEN ROAD, Boston, MA",SAM
"37 GLENHAVEN ROAD, Boston, MA",SAM
"4 GLENHAVEN ROAD, Boston, MA",SAM
"40 GLENHAVEN ROAD, Boston, MA",SAM
"41 GLENHAVEN ROAD, Boston, MA",SAM
"6 GLENHAVEN ROAD, Boston, MA",SAM
"7 GLENHAVEN ROAD, Boston, MA",SAM
"8 GLENHAVEN ROAD, Boston, MA",SAM
"9 GLENHAVEN ROAD, Boston, MA",SAM
"10 GLENHILL ROAD, Boston, MA",SAM
"11 GLENHILL ROAD, Boston, MA",SAM
"14 GLENHILL ROAD, Boston, MA",SAM
"15 GLENHILL ROAD, Boston, MA",SAM
"18 GLENHILL ROAD, Boston, MA",SAM
"2 GLENHILL ROAD, Boston, MA",SAM
"22 GLENHILL ROAD, Boston, MA",SAM
"26 GLENHILL ROAD, Boston, MA",SAM
"27 GLENHILL ROAD, Boston, MA",SAM
"30 GLENHILL ROAD, Boston, MA",SAM
"31 GLENHILL ROAD, Boston, MA",SAM
"33 GLENHILL ROAD, Boston, MA",SAM
"34 GLENHILL ROAD, Boston, MA",SAM
"37 GLENHILL ROAD, Boston, MA",SAM
"4 GLENHILL ROAD, Boston, MA",SAM
"41 GLENHILL ROAD, Boston, MA",SAM
"7 GLENHILL ROAD, Boston, MA",SAM
"1 GLENLEY TERRACE, Boston, MA",SAM
"13 GLENLEY TERRACE, Boston, MA",SAM
"17 GLENLEY TERRACE, Boston, MA",SAM
"21 GLENLEY TERRACE, Boston, MA",SAM
"36 GLENLEY TERRACE, Boston, MA",SAM
"40 GLENLEY TERRACE, Boston, MA",SAM
"5 GLENLEY TERRACE, Boston, MA",SAM
"9 GLENLEY TERRACE, Boston, MA",SAM
"10 GLENMONT ROAD, Boston, MA",SAM
"14 GLENMONT ROAD, Boston, MA",SAM
"15 GLENMONT ROAD, Boston, MA",SAM
"18 GLENMONT ROAD, Boston, MA",SAM
"21 GLENMONT ROAD, Boston, MA",SAM
"24 GLENMONT ROAD, Boston, MA",SAM
"27 GLENMONT ROAD, Boston, MA",SAM
"31 GLENMONT ROAD, Boston, MA",SAM
"39 GLENMONT ROAD, Boston, MA",SAM
"47 GLENMONT ROAD, Boston, MA",SAM
"5 GLENMONT ROAD, Boston, MA",SAM
"51 GLENMONT ROAD, Boston, MA",SAM
"60 GLENMONT ROAD, Boston, MA",SAM
"75 GLENMONT ROAD, Boston, MA",SAM
"8 GLENMONT ROAD, Boston, MA",SAM
"3 GLENMORE STREET, Boston, MA",SAM
"8 GLENMORE STREET, Boston, MA",SAM
"10 GLENROSE ROAD, Boston, MA",SAM
"15 GLENROSE ROAD, Boston, MA",SAM
"16 GLENROSE ROAD, Boston, MA",SAM
"19 GLENROSE ROAD, Boston, MA",SAM
"20 GLENROSE ROAD, Boston, MA",SAM
"24 GLENROSE ROAD, Boston, MA",SAM
"25 GLENROSE ROAD, Boston, MA",SAM
"28 GLENROSE ROAD, Boston, MA",SAM
"31 GLENROSE ROAD, Boston, MA",SAM
"32 GLENROSE ROAD, Boston, MA",SAM
"34 GLENROSE ROAD, Boston, MA",SAM
"37 GLENROSE ROAD, Boston, MA",SAM
"38 GLENROSE ROAD, Boston, MA",SAM
"4 GLENROSE ROAD, Boston, MA",SAM
"42 GLENROSE ROAD, Boston, MA",SAM
"5 GLENROSE ROAD, Boston, MA",SAM
"6 GLENROSE ROAD, Boston, MA",SAM
"9 GLENROSE ROAD, Boston, MA",SAM
"16 GLENSIDE AVENUE, Boston, MA",SAM
"6 GLENSIDE AVENUE, Boston, MA",SAM
"8 GLENSIDE AVENUE, Boston, MA",SAM
"1 GLENVALE TERRACE, Boston, MA",SAM
"2 GLENVALE TERRACE, Boston, MA",SAM
"3 GLENVALE TERRACE, Boston, MA",SAM
"4 GLENVALE TERRACE, Boston, MA",SAM
"5 GLENVALE TERRACE, Boston, MA",SAM
"7 GLENVALE TERRACE, Boston, MA",SAM
"114 GLENVILLE AVENUE, Boston, MA",SAM
"117 GLENVILLE AVENUE, Boston, MA",SAM
"118 GLENVILLE AVENUE, Boston, MA",SAM
"127 GLENVILLE AVENUE, Boston, MA",SAM
"131 GLENVILLE AVENUE, Boston, MA",SAM
"139 GLENVILLE AVENUE, Boston, MA",SAM
"4 GLENVILLE AVENUE, Boston, MA",SAM
"52 GLENVILLE AVENUE, Boston, MA",SAM
"58 GLENVILLE AVENUE, Boston, MA",SAM
"66 GLENVILLE AVENUE, Boston, MA",SAM
"70 GLENVILLE AVENUE, Boston, MA",SAM
"74 GLENVILLE AVENUE, Boston, MA",SAM
"82 GLENVILLE AVENUE, Boston, MA",SAM
"85 GLENVILLE AVENUE, Boston, MA",SAM
"93 GLENVILLE AVENUE, Boston, MA",SAM
"10 GLENVILLE TERRACE, Boston, MA",SAM
"2 GLENVILLE TERRACE, Boston, MA",SAM
"6 GLENVILLE TERRACE, Boston, MA",SAM
"9 GLENVILLE TERRACE, Boston, MA",SAM
"103 GLENWAY STREET, Boston, MA",SAM
"106 GLENWAY STREET, Boston, MA",SAM
"108 GLENWAY STREET, Boston, MA",SAM
"109 GLENWAY STREET, Boston, MA",SAM
"110 GLENWAY STREET, Boston, MA",SAM
"111 GLENWAY STREET, Boston, MA",SAM
"112 GLENWAY STREET, Boston, MA",SAM
"115 GLENWAY STREET, Boston, MA",SAM
"119 GLENWAY STREET, Boston, MA",SAM
"120 GLENWAY STREET, Boston, MA",SAM
"121 GLENWAY STREET, Boston, MA",SAM
"128 GLENWAY STREET, Boston, MA",SAM
"131 GLENWAY STREET, Boston, MA",SAM
"132 GLENWAY STREET, Boston, MA",SAM
"137 GLENWAY STREET, Boston, MA",SAM
"145 GLENWAY STREET, Boston, MA",SAM
"146 GLENWAY STREET, Boston, MA",SAM
"153 GLENWAY STREET, Boston, MA",SAM
"157 GLENWAY STREET, Boston, MA",SAM
"158 GLENWAY STREET, Boston, MA",SAM
"16 GLENWAY STREET, Boston, MA",SAM
"161 GLENWAY STREET, Boston, MA",SAM
"162 GLENWAY STREET, Boston, MA",SAM
"164 GLENWAY STREET, Boston, MA",SAM
"165 GLENWAY STREET, Boston, MA",SAM
"166 GLENWAY STREET, Boston, MA",SAM
"169 GLENWAY STREET, Boston, MA",SAM
"171 GLENWAY STREET, Boston, MA",SAM
"172 GLENWAY STREET, Boston, MA",SAM
"176 GLENWAY STREET, Boston, MA",SAM
"179 GLENWAY STREET, Boston, MA",SAM
"180 GLENWAY STREET, Boston, MA",SAM
"181 GLENWAY STREET, Boston, MA",SAM
"185 GLENWAY STREET, Boston, MA",SAM
"187 GLENWAY STREET, Boston, MA",SAM
"189 GLENWAY STREET, Boston, MA",SAM
"19 GLENWAY STREET, Boston, MA",SAM
"20 GLENWAY STREET, Boston, MA",SAM
"24 GLENWAY STREET, Boston, MA",SAM
"28 GLENWAY STREET, Boston, MA",SAM
"32 GLENWAY STREET, Boston, MA",SAM
"35 GLENWAY STREET, Boston, MA",SAM
"4 GLENWAY STREET, Boston, MA",SAM
"40 GLENWAY STREET, Boston, MA",SAM
"41 GLENWAY STREET, Boston, MA",SAM
"47 GLENWAY STREET, Boston, MA",SAM
"51 GLENWAY STREET, Boston, MA",SAM
"53 GLENWAY STREET, Boston, MA",SAM
"55 GLENWAY STREET, Boston, MA",SAM
"6 GLENWAY STREET, Boston, MA",SAM
"61 GLENWAY STREET, Boston, MA",SAM
"62 GLENWAY STREET, Boston, MA",SAM
"63 GLENWAY STREET, Boston, MA",SAM
"64 GLENWAY STREET, Boston, MA",SAM
"66 GLENWAY STREET, Boston, MA",SAM
"69 GLENWAY STREET, Boston, MA",SAM
"74 GLENWAY STREET, Boston, MA",SAM
"79 GLENWAY STREET, Boston, MA",SAM
"80 GLENWAY STREET, Boston, MA",SAM
"85 GLENWAY STREET, Boston, MA",SAM
"87 GLENWAY STREET, Boston, MA",SAM
"1 GLENWOOD AVENUE, Boston, MA",SAM
"10 GLENWOOD AVENUE, Boston, MA",SAM
"100 GLENWOOD AVENUE, Boston, MA",SAM
"103 GLENWOOD AVENUE, Boston, MA",SAM
"104 GLENWOOD AVENUE, Boston, MA",SAM
"107 GLENWOOD AVENUE, Boston, MA",SAM
"108 GLENWOOD AVENUE, Boston, MA",SAM
"111 GLENWOOD AVENUE, Boston, MA",SAM
"112 GLENWOOD AVENUE, Boston, MA",SAM
"115 GLENWOOD AVENUE, Boston, MA",SAM
"116 GLENWOOD AVENUE, Boston, MA",SAM
"120 GLENWOOD AVENUE, Boston, MA",SAM
"127 GLENWOOD AVENUE, Boston, MA",SAM
"131 GLENWOOD AVENUE, Boston, MA",SAM
"132 GLENWOOD AVENUE, Boston, MA",SAM
"135 GLENWOOD AVENUE, Boston, MA",SAM
"136 GLENWOOD AVENUE, Boston, MA",SAM
"139 GLENWOOD AVENUE, Boston, MA",SAM
"14 GLENWOOD AVENUE, Boston, MA",SAM
"140 GLENWOOD AVENUE, Boston, MA",SAM
"143 GLENWOOD AVENUE, Boston, MA",SAM
"144 GLENWOOD AVENUE, Boston, MA",SAM
"147 GLENWOOD AVENUE, Boston, MA",SAM
"148 GLENWOOD AVENUE, Boston, MA",SAM
"151 GLENWOOD AVENUE, Boston, MA",SAM
"155 GLENWOOD AVENUE, Boston, MA",SAM
"16 GLENWOOD AVENUE, Boston, MA",SAM
"18 GLENWOOD AVENUE, Boston, MA",SAM
"19 GLENWOOD AVENUE, Boston, MA",SAM
"2 GLENWOOD AVENUE, Boston, MA",SAM
"20 GLENWOOD AVENUE, Boston, MA",SAM
"22 GLENWOOD AVENUE, Boston, MA",SAM
"23 GLENWOOD AVENUE, Boston, MA",SAM
"27 GLENWOOD AVENUE, Boston, MA",SAM
"3 GLENWOOD AVENUE, Boston, MA",SAM
"39 GLENWOOD AVENUE, Boston, MA",SAM
"4 GLENWOOD AVENUE, Boston, MA",SAM
"40 GLENWOOD AVENUE, Boston, MA",SAM
"43 GLENWOOD AVENUE, Boston, MA",SAM
"47 GLENWOOD AVENUE, Boston, MA",SAM
"48 GLENWOOD AVENUE, Boston, MA",SAM
"5 GLENWOOD AVENUE, Boston, MA",SAM
"51 GLENWOOD AVENUE, Boston, MA",SAM
"52 GLENWOOD AVENUE, Boston, MA",SAM
"54 GLENWOOD AVENUE, Boston, MA",SAM
"55 GLENWOOD AVENUE, Boston, MA",SAM
"6 GLENWOOD AVENUE, Boston, MA",SAM
"79 GLENWOOD AVENUE, Boston, MA",SAM
"8 GLENWOOD AVENUE, Boston, MA",SAM
"84 GLENWOOD AVENUE, Boston, MA",SAM
"87 GLENWOOD AVENUE, Boston, MA",SAM
"88 GLENWOOD AVENUE, Boston, MA",SAM
"9 GLENWOOD AVENUE, Boston, MA",SAM
"92 GLENWOOD AVENUE, Boston, MA",SAM
"95 GLENWOOD AVENUE, Boston, MA",SAM
"96 GLENWOOD AVENUE, Boston, MA",SAM
"99 GLENWOOD AVENUE, Boston, MA",SAM
"11 GLIDE STREET, Boston, MA",SAM
"14 GLIDE STREET, Boston, MA",SAM
"15 GLIDE STREET, Boston, MA",SAM
"17 GLIDE STREET, Boston, MA",SAM
"18 GLIDE STREET, Boston, MA",SAM
"21 GLIDE STREET, Boston, MA",SAM
"22 GLIDE STREET, Boston, MA",SAM
"25 GLIDE STREET, Boston, MA",SAM
"26 GLIDE STREET, Boston, MA",SAM
"29 GLIDE STREET, Boston, MA",SAM
"30 GLIDE STREET, Boston, MA",SAM
"33 GLIDE STREET, Boston, MA",SAM
"34 GLIDE STREET, Boston, MA",SAM
"37 GLIDE STREET, Boston, MA",SAM
"38 GLIDE STREET, Boston, MA",SAM
"39 GLIDE STREET, Boston, MA",SAM
"40 GLIDE STREET, Boston, MA",SAM
"41 GLIDE STREET, Boston, MA",SAM
"45 GLIDE STREET, Boston, MA",SAM
"46 GLIDE STREET, Boston, MA",SAM
"47 GLIDE STREET, Boston, MA",SAM
"48 GLIDE STREET, Boston, MA",SAM
"49 GLIDE STREET, Boston, MA",SAM
"51 GLIDE STREET, Boston, MA",SAM
"53 GLIDE STREET, Boston, MA",SAM
"55 GLIDE STREET, Boston, MA",SAM
"59 GLIDE STREET, Boston, MA",SAM
"4 GLINES AVENUE, Boston, MA",SAM
"5 GLINES AVENUE, Boston, MA",SAM
"6 GLINES AVENUE, Boston, MA",SAM
"7 GLINES AVENUE, Boston, MA",SAM
"10 GLORIA ROAD, Boston, MA",SAM
"11 GLORIA ROAD, Boston, MA",SAM
"14 GLORIA ROAD, Boston, MA",SAM
"15 GLORIA ROAD, Boston, MA",SAM
"18 GLORIA ROAD, Boston, MA",SAM
"19 GLORIA ROAD, Boston, MA",SAM
"22 GLORIA ROAD, Boston, MA",SAM
"23 GLORIA ROAD, Boston, MA",SAM
"7 GLORIA ROAD, Boston, MA",SAM
"11 GLOUCESTER STREET, Boston, MA",SAM
"12 GLOUCESTER STREET, Boston, MA",SAM
"13 GLOUCESTER STREET, Boston, MA",SAM
"14 GLOUCESTER STREET, Boston, MA",SAM
"15 GLOUCESTER STREET, Boston, MA",SAM
"17 GLOUCESTER STREET, Boston, MA",SAM
"2 GLOUCESTER STREET, Boston, MA",SAM
"20 GLOUCESTER STREET, Boston, MA",SAM
"32 GLOUCESTER STREET, Boston, MA",SAM
"34 GLOUCESTER STREET, Boston, MA",SAM
"4 GLOUCESTER STREET, Boston, MA",SAM
"46 GLOUCESTER STREET, Boston, MA",SAM
"49 GLOUCESTER STREET, Boston, MA",SAM
"5 GLOUCESTER STREET, Boston, MA",SAM
"6 GLOUCESTER STREET, Boston, MA",SAM
"7 GLOUCESTER STREET, Boston, MA",SAM
"9 GLOUCESTER STREET, Boston, MA",SAM
"1 GLOVER COURT, Boston, MA",SAM
"10 GLOVER COURT, Boston, MA",SAM
"2 GLOVER COURT, Boston, MA",SAM
"3 GLOVER COURT, Boston, MA",SAM
"4 GLOVER COURT, Boston, MA",SAM
"5 GLOVER COURT, Boston, MA",SAM
"6 GLOVER COURT, Boston, MA",SAM
"7 GLOVER COURT, Boston, MA",SAM
"8 GLOVER COURT, Boston, MA",SAM
"1 GLOVER PLACE, Boston, MA",SAM
"4 GLOVER PLACE, Boston, MA",SAM
"5 GLOVER PLACE, Boston, MA",SAM
"17 GOETHE STREET, Boston, MA",SAM
"18 GOETHE STREET, Boston, MA",SAM
"2 GOETHE STREET, Boston, MA",SAM
"23 GOETHE STREET, Boston, MA",SAM
"27 GOETHE STREET, Boston, MA",SAM
"28 GOETHE STREET, Boston, MA",SAM
"31 GOETHE STREET, Boston, MA",SAM
"32 GOETHE STREET, Boston, MA",SAM
"35 GOETHE STREET, Boston, MA",SAM
"39 GOETHE STREET, Boston, MA",SAM
"40 GOETHE STREET, Boston, MA",SAM
"43 GOETHE STREET, Boston, MA",SAM
"45 GOETHE STREET, Boston, MA",SAM
"7 GOETHE STREET, Boston, MA",SAM
"10 GOFF STREET, Boston, MA",SAM
"11 GOFF STREET, Boston, MA",SAM
"18 GOFF STREET, Boston, MA",SAM
"19 GOFF STREET, Boston, MA",SAM
"22 GOFF STREET, Boston, MA",SAM
"23 GOFF STREET, Boston, MA",SAM
"26 GOFF STREET, Boston, MA",SAM
"27 GOFF STREET, Boston, MA",SAM
"30 GOFF STREET, Boston, MA",SAM
"31 GOFF STREET, Boston, MA",SAM
"34 GOFF STREET, Boston, MA",SAM
"35 GOFF STREET, Boston, MA",SAM
"6 GOFF STREET, Boston, MA",SAM
"154 GOLD STREET, Boston, MA",SAM
"157 GOLD STREET, Boston, MA",SAM
"159 GOLD STREET, Boston, MA",SAM
"176 GOLD STREET, Boston, MA",SAM
"179 GOLD STREET, Boston, MA",SAM
"184 GOLD STREET, Boston, MA",SAM
"188 GOLD STREET, Boston, MA",SAM
"203 GOLD STREET, Boston, MA",SAM
"207 GOLD STREET, Boston, MA",SAM
"209 GOLD STREET, Boston, MA",SAM
"220 GOLD STREET, Boston, MA",SAM
"222 GOLD STREET, Boston, MA",SAM
"223 GOLD STREET, Boston, MA",SAM
"224 GOLD STREET, Boston, MA",SAM
"232 GOLD STREET, Boston, MA",SAM
"234 GOLD STREET, Boston, MA",SAM
"235 GOLD STREET, Boston, MA",SAM
"236 GOLD STREET, Boston, MA",SAM
"244 GOLD STREET, Boston, MA",SAM
"245 GOLD STREET, Boston, MA",SAM
"246 GOLD STREET, Boston, MA",SAM
"248 GOLD STREET, Boston, MA",SAM
"250 GOLD STREET, Boston, MA",SAM
"251 GOLD STREET, Boston, MA",SAM
"252 GOLD STREET, Boston, MA",SAM
"254 GOLD STREET, Boston, MA",SAM
"255 GOLD STREET, Boston, MA",SAM
"256 GOLD STREET, Boston, MA",SAM
"265 GOLD STREET, Boston, MA",SAM
"266 GOLD STREET, Boston, MA",SAM
"267 GOLD STREET, Boston, MA",SAM
"268 GOLD STREET, Boston, MA",SAM
"271 GOLD STREET, Boston, MA",SAM
"273 GOLD STREET, Boston, MA",SAM
"274 GOLD STREET, Boston, MA",SAM
"275 GOLD STREET, Boston, MA",SAM
"276 GOLD STREET, Boston, MA",SAM
"279 GOLD STREET, Boston, MA",SAM
"281 GOLD STREET, Boston, MA",SAM
"283 GOLD STREET, Boston, MA",SAM
"48 GOLD STREET, Boston, MA",SAM
"10 GOLDSMITH PLACE, Boston, MA",SAM
"2 GOLDSMITH PLACE, Boston, MA",SAM
"3 GOLDSMITH PLACE, Boston, MA",SAM
"11 GOLDSMITH STREET, Boston, MA",SAM
"15 GOLDSMITH STREET, Boston, MA",SAM
"16 GOLDSMITH STREET, Boston, MA",SAM
"18 GOLDSMITH STREET, Boston, MA",SAM
"20 GOLDSMITH STREET, Boston, MA",SAM
"22 GOLDSMITH STREET, Boston, MA",SAM
"23 GOLDSMITH STREET, Boston, MA",SAM
"24 GOLDSMITH STREET, Boston, MA",SAM
"26 GOLDSMITH STREET, Boston, MA",SAM
"27 GOLDSMITH STREET, Boston, MA",SAM
"28 GOLDSMITH STREET, Boston, MA",SAM
"29 GOLDSMITH STREET, Boston, MA",SAM
"30 GOLDSMITH STREET, Boston, MA",SAM
"33 GOLDSMITH STREET, Boston, MA",SAM
"34 GOLDSMITH STREET, Boston, MA",SAM
"36 GOLDSMITH STREET, Boston, MA",SAM
"37 GOLDSMITH STREET, Boston, MA",SAM
"38 GOLDSMITH STREET, Boston, MA",SAM
"42 GOLDSMITH STREET, Boston, MA",SAM
"43 GOLDSMITH STREET, Boston, MA",SAM
"45 GOLDSMITH STREET, Boston, MA",SAM
"46 GOLDSMITH STREET, Boston, MA",SAM
"47 GOLDSMITH STREET, Boston, MA",SAM
"48 GOLDSMITH STREET, Boston, MA",SAM
"12 GOODALE ROAD, Boston, MA",SAM
"16 GOODALE ROAD, Boston, MA",SAM
"19 GOODALE ROAD, Boston, MA",SAM
"20 GOODALE ROAD, Boston, MA",SAM
"23 GOODALE ROAD, Boston, MA",SAM
"27 GOODALE ROAD, Boston, MA",SAM
"28 GOODALE ROAD, Boston, MA",SAM
"31 GOODALE ROAD, Boston, MA",SAM
"35 GOODALE ROAD, Boston, MA",SAM
"36 GOODALE ROAD, Boston, MA",SAM
"39 GOODALE ROAD, Boston, MA",SAM
"43 GOODALE ROAD, Boston, MA",SAM
"44 GOODALE ROAD, Boston, MA",SAM
"47 GOODALE ROAD, Boston, MA",SAM
"48 GOODALE ROAD, Boston, MA",SAM
"51 GOODALE ROAD, Boston, MA",SAM
"55 GOODALE ROAD, Boston, MA",SAM
"56 GOODALE ROAD, Boston, MA",SAM
"59 GOODALE ROAD, Boston, MA",SAM
"60 GOODALE ROAD, Boston, MA",SAM
"63 GOODALE ROAD, Boston, MA",SAM
"67 GOODALE ROAD, Boston, MA",SAM
"68 GOODALE ROAD, Boston, MA",SAM
"71 GOODALE ROAD, Boston, MA",SAM
"72 GOODALE ROAD, Boston, MA",SAM
"76 GOODALE ROAD, Boston, MA",SAM
"8 GOODALE ROAD, Boston, MA",SAM
"80 GOODALE ROAD, Boston, MA",SAM
"100 GOODENOUGH STREET, Boston, MA",SAM
"101 GOODENOUGH STREET, Boston, MA",SAM
"104 GOODENOUGH STREET, Boston, MA",SAM
"105 GOODENOUGH STREET, Boston, MA",SAM
"108 GOODENOUGH STREET, Boston, MA",SAM
"20 GOODENOUGH STREET, Boston, MA",SAM
"52 GOODENOUGH STREET, Boston, MA",SAM
"54 GOODENOUGH STREET, Boston, MA",SAM
"60 GOODENOUGH STREET, Boston, MA",SAM
"63 GOODENOUGH STREET, Boston, MA",SAM
"64 GOODENOUGH STREET, Boston, MA",SAM
"67 GOODENOUGH STREET, Boston, MA",SAM
"68 GOODENOUGH STREET, Boston, MA",SAM
"71 GOODENOUGH STREET, Boston, MA",SAM
"72 GOODENOUGH STREET, Boston, MA",SAM
"75 GOODENOUGH STREET, Boston, MA",SAM
"76 GOODENOUGH STREET, Boston, MA",SAM
"79 GOODENOUGH STREET, Boston, MA",SAM
"80 GOODENOUGH STREET, Boston, MA",SAM
"84 GOODENOUGH STREET, Boston, MA",SAM
"88 GOODENOUGH STREET, Boston, MA",SAM
"89 GOODENOUGH STREET, Boston, MA",SAM
"92 GOODENOUGH STREET, Boston, MA",SAM
"93 GOODENOUGH STREET, Boston, MA",SAM
"96 GOODENOUGH STREET, Boston, MA",SAM
"97 GOODENOUGH STREET, Boston, MA",SAM
"16 GOODRICH ROAD, Boston, MA",SAM
"20 GOODRICH ROAD, Boston, MA",SAM
"21 GOODRICH ROAD, Boston, MA",SAM
"24 GOODRICH ROAD, Boston, MA",SAM
"25 GOODRICH ROAD, Boston, MA",SAM
"26 GOODRICH ROAD, Boston, MA",SAM
"29 GOODRICH ROAD, Boston, MA",SAM
"30 GOODRICH ROAD, Boston, MA",SAM
"34 GOODRICH ROAD, Boston, MA",SAM
"35 GOODRICH ROAD, Boston, MA",SAM
"6 GOODRICH ROAD, Boston, MA",SAM
"9 GOODRICH ROAD, Boston, MA",SAM
"1 GOODWAY ROAD, Boston, MA",SAM
"10 GOODWAY ROAD, Boston, MA",SAM
"11 GOODWAY ROAD, Boston, MA",SAM
"14 GOODWAY ROAD, Boston, MA",SAM
"15 GOODWAY ROAD, Boston, MA",SAM
"17 GOODWAY ROAD, Boston, MA",SAM
"19 GOODWAY ROAD, Boston, MA",SAM
"22 GOODWAY ROAD, Boston, MA",SAM
"23 GOODWAY ROAD, Boston, MA",SAM
"26 GOODWAY ROAD, Boston, MA",SAM
"27 GOODWAY ROAD, Boston, MA",SAM
"29 GOODWAY ROAD, Boston, MA",SAM
"3 GOODWAY ROAD, Boston, MA",SAM
"30 GOODWAY ROAD, Boston, MA",SAM
"34 GOODWAY ROAD, Boston, MA",SAM
"38 GOODWAY ROAD, Boston, MA",SAM
"6 GOODWAY ROAD, Boston, MA",SAM
"7 GOODWAY ROAD, Boston, MA",SAM
"1 GOODWIN PLACE, Boston, MA",SAM
"3 GOODWIN PLACE, Boston, MA",SAM
"4 GOODWIN PLACE, Boston, MA",SAM
"5 GOODWIN PLACE, Boston, MA",SAM
"7 GOODWIN PLACE, Boston, MA",SAM
"1 GOODWIN COURT, Boston, MA",SAM
"2 GOODWIN COURT, Boston, MA",SAM
"3 GOODWIN COURT, Boston, MA",SAM
"4 GOODWIN COURT, Boston, MA",SAM
"100 GORDON AVENUE, Boston, MA",SAM
"103 GORDON AVENUE, Boston, MA",SAM
"106 GORDON AVENUE, Boston, MA",SAM
"109 GORDON AVENUE, Boston, MA",SAM
"112 GORDON AVENUE, Boston, MA",SAM
"114 GORDON AVENUE, Boston, MA",SAM
"115 GORDON AVENUE, Boston, MA",SAM
"117 GORDON AVENUE, Boston, MA",SAM
"121 GORDON AVENUE, Boston, MA",SAM
"127 GORDON AVENUE, Boston, MA",SAM
"128 GORDON AVENUE, Boston, MA",SAM
"16 GORDON AVENUE, Boston, MA",SAM
"18 GORDON AVENUE, Boston, MA",SAM
"20 GORDON AVENUE, Boston, MA",SAM
"24 GORDON AVENUE, Boston, MA",SAM
"29 GORDON AVENUE, Boston, MA",SAM
"31 GORDON AVENUE, Boston, MA",SAM
"35 GORDON AVENUE, Boston, MA",SAM
"40 GORDON AVENUE, Boston, MA",SAM
"48 GORDON AVENUE, Boston, MA",SAM
"50 GORDON AVENUE, Boston, MA",SAM
"53 GORDON AVENUE, Boston, MA",SAM
"54 GORDON AVENUE, Boston, MA",SAM
"55 GORDON AVENUE, Boston, MA",SAM
"56 GORDON AVENUE, Boston, MA",SAM
"58 GORDON AVENUE, Boston, MA",SAM
"59 GORDON AVENUE, Boston, MA",SAM
"6 GORDON AVENUE, Boston, MA",SAM
"63 GORDON AVENUE, Boston, MA",SAM
"71 GORDON AVENUE, Boston, MA",SAM
"76 GORDON AVENUE, Boston, MA",SAM
"8 GORDON AVENUE, Boston, MA",SAM
"80 GORDON AVENUE, Boston, MA",SAM
"88 GORDON AVENUE, Boston, MA",SAM
"92 GORDON AVENUE, Boston, MA",SAM
"96 GORDON AVENUE, Boston, MA",SAM
"6 GORDON PLACE, Boston, MA",SAM
"7 GORDON PLACE, Boston, MA",SAM
"11 GORDON STREET, Boston, MA",SAM
"14 GORDON STREET, Boston, MA",SAM
"17 GORDON STREET, Boston, MA",SAM
"19 GORDON STREET, Boston, MA",SAM
"23 GORDON STREET, Boston, MA",SAM
"36 GORDON STREET, Boston, MA",SAM
"37 GORDON STREET, Boston, MA",SAM
"40 GORDON STREET, Boston, MA",SAM
"44 GORDON STREET, Boston, MA",SAM
"54 GORDON STREET, Boston, MA",SAM
"55 GORDON STREET, Boston, MA",SAM
"57 GORDON STREET, Boston, MA",SAM
"59 GORDON STREET, Boston, MA",SAM
"60 GORDON STREET, Boston, MA",SAM
"65 GORDON STREET, Boston, MA",SAM
"69 GORDON STREET, Boston, MA",SAM
"73 GORDON STREET, Boston, MA",SAM
"13 GORDON STREET, Boston, MA",SAM
"10 GORE STREET, Boston, MA",SAM
"11 GOULD STREET, Boston, MA",SAM
"12 GOULD STREET, Boston, MA",SAM
"16 GOULD STREET, Boston, MA",SAM
"17 GOULD STREET, Boston, MA",SAM
"18 GOULD STREET, Boston, MA",SAM
"20 GOULD STREET, Boston, MA",SAM
"21 GOULD STREET, Boston, MA",SAM
"24 GOULD STREET, Boston, MA",SAM
"26 GOULD STREET, Boston, MA",SAM
"28 GOULD STREET, Boston, MA",SAM
"29 GOULD STREET, Boston, MA",SAM
"3 GOULD STREET, Boston, MA",SAM
"32 GOULD STREET, Boston, MA",SAM
"33 GOULD STREET, Boston, MA",SAM
"36 GOULD STREET, Boston, MA",SAM
"39 GOULD STREET, Boston, MA",SAM
"41 GOULD STREET, Boston, MA",SAM
"44 GOULD STREET, Boston, MA",SAM
"50 GOULD STREET, Boston, MA",SAM
"54 GOULD STREET, Boston, MA",SAM
"55 GOULD STREET, Boston, MA",SAM
"58 GOULD STREET, Boston, MA",SAM
"59 GOULD STREET, Boston, MA",SAM
"62 GOULD STREET, Boston, MA",SAM
"63 GOULD STREET, Boston, MA",SAM
"7 GOULD STREET, Boston, MA",SAM
"70 GOULD STREET, Boston, MA",SAM
"71 GOULD STREET, Boston, MA",SAM
"75 GOULD STREET, Boston, MA",SAM
"76 GOULD STREET, Boston, MA",SAM
"8 GOULD STREET, Boston, MA",SAM
"85 GOULD STREET, Boston, MA",SAM
"88 GOULD STREET, Boston, MA",SAM
"10 GOVE STREET, Boston, MA",SAM
"120 GOVE STREET, Boston, MA",SAM
"142 GOVE STREET, Boston, MA",SAM
"146 GOVE STREET, Boston, MA",SAM
"164 GOVE STREET, Boston, MA",SAM
"166 GOVE STREET, Boston, MA",SAM
"168 GOVE STREET, Boston, MA",SAM
"174 GOVE STREET, Boston, MA",SAM
"21 GOVE STREET, Boston, MA",SAM
"25 GOVE STREET, Boston, MA",SAM
"30 GOVE STREET, Boston, MA",SAM
"35 GOVE STREET, Boston, MA",SAM
"36 GOVE STREET, Boston, MA",SAM
"38 GOVE STREET, Boston, MA",SAM
"40 GOVE STREET, Boston, MA",SAM
"42 GOVE STREET, Boston, MA",SAM
"44 GOVE STREET, Boston, MA",SAM
"54 GOVE STREET, Boston, MA",SAM
"59 GOVE STREET, Boston, MA",SAM
"61 GOVE STREET, Boston, MA",SAM
"62 GOVE STREET, Boston, MA",SAM
"63 GOVE STREET, Boston, MA",SAM
"65 GOVE STREET, Boston, MA",SAM
"11 GRACE STREET, Boston, MA",SAM
"7 GRACE STREET, Boston, MA",SAM
"8 GRACE STREET, Boston, MA",SAM
"2 GRACE COURT, Boston, MA",SAM
"3 GRACE COURT, Boston, MA",SAM
"20 GRAFTON STREET, Boston, MA",SAM
"5 GRAFTON STREET, Boston, MA",SAM
"6 GRAFTON STREET, Boston, MA",SAM
"4 GRAHAM TERRACE, Boston, MA",SAM
"5 GRAHAM TERRACE, Boston, MA",SAM
"8 GRAHAM TERRACE, Boston, MA",SAM
"9 GRAHAM TERRACE, Boston, MA",SAM
"11 GRAMPIAN WAY, Boston, MA",SAM
"120 GRAMPIAN WAY, Boston, MA",SAM
"124 GRAMPIAN WAY, Boston, MA",SAM
"135 GRAMPIAN WAY, Boston, MA",SAM
"139 GRAMPIAN WAY, Boston, MA",SAM
"14 GRAMPIAN WAY, Boston, MA",SAM
"147 GRAMPIAN WAY, Boston, MA",SAM
"15 GRAMPIAN WAY, Boston, MA",SAM
"150 GRAMPIAN WAY, Boston, MA",SAM
"16 GRAMPIAN WAY, Boston, MA",SAM
"174 GRAMPIAN WAY, Boston, MA",SAM
"176 GRAMPIAN WAY, Boston, MA",SAM
"178 GRAMPIAN WAY, Boston, MA",SAM
"18 GRAMPIAN WAY, Boston, MA",SAM
"189 GRAMPIAN WAY, Boston, MA",SAM
"191 GRAMPIAN WAY, Boston, MA",SAM
"193 GRAMPIAN WAY, Boston, MA",SAM
"20 GRAMPIAN WAY, Boston, MA",SAM
"23 GRAMPIAN WAY, Boston, MA",SAM
"24 GRAMPIAN WAY, Boston, MA",SAM
"27 GRAMPIAN WAY, Boston, MA",SAM
"33 GRAMPIAN WAY, Boston, MA",SAM
"37 GRAMPIAN WAY, Boston, MA",SAM
"40 GRAMPIAN WAY, Boston, MA",SAM
"42 GRAMPIAN WAY, Boston, MA",SAM
"43 GRAMPIAN WAY, Boston, MA",SAM
"49 GRAMPIAN WAY, Boston, MA",SAM
"50 GRAMPIAN WAY, Boston, MA",SAM
"57 GRAMPIAN WAY, Boston, MA",SAM
"60 GRAMPIAN WAY, Boston, MA",SAM
"61 GRAMPIAN WAY, Boston, MA",SAM
"62 GRAMPIAN WAY, Boston, MA",SAM
"64 GRAMPIAN WAY, Boston, MA",SAM
"66 GRAMPIAN WAY, Boston, MA",SAM
"68 GRAMPIAN WAY, Boston, MA",SAM
"7 GRAMPIAN WAY, Boston, MA",SAM
"70 GRAMPIAN WAY, Boston, MA",SAM
"71 GRAMPIAN WAY, Boston, MA",SAM
"72 GRAMPIAN WAY, Boston, MA",SAM
"78 GRAMPIAN WAY, Boston, MA",SAM
"9 GRAMPIAN WAY, Boston, MA",SAM
"92 GRAMPIAN WAY, Boston, MA",SAM
"96 GRAMPIAN WAY, Boston, MA",SAM
"10 GRANADA AVENUE, Boston, MA",SAM
"11 GRANADA AVENUE, Boston, MA",SAM
"14 GRANADA AVENUE, Boston, MA",SAM
"16 GRANADA AVENUE, Boston, MA",SAM
"17 GRANADA AVENUE, Boston, MA",SAM
"18 GRANADA AVENUE, Boston, MA",SAM
"19 GRANADA AVENUE, Boston, MA",SAM
"20 GRANADA AVENUE, Boston, MA",SAM
"23 GRANADA AVENUE, Boston, MA",SAM
"5 GRANADA AVENUE, Boston, MA",SAM
"6 GRANADA AVENUE, Boston, MA",SAM
"7 GRANADA AVENUE, Boston, MA",SAM
"9 GRANADA AVENUE, Boston, MA",SAM
"10 GRANADA PARK, Boston, MA",SAM
"11 GRANADA PARK, Boston, MA",SAM
"14 GRANADA PARK, Boston, MA",SAM
"15 GRANADA PARK, Boston, MA",SAM
"16 GRANADA PARK, Boston, MA",SAM
"18 GRANADA PARK, Boston, MA",SAM
"19 GRANADA PARK, Boston, MA",SAM
"22 GRANADA PARK, Boston, MA",SAM
"24 GRANADA PARK, Boston, MA",SAM
"9 GRANADA PARK, Boston, MA",SAM
"11 GRANDVIEW STREET, Boston, MA",SAM
"12 GRANDVIEW STREET, Boston, MA",SAM
"16 GRANDVIEW STREET, Boston, MA",SAM
"17 GRANDVIEW STREET, Boston, MA",SAM
"20 GRANDVIEW STREET, Boston, MA",SAM
"21 GRANDVIEW STREET, Boston, MA",SAM
"25 GRANDVIEW STREET, Boston, MA",SAM
"26 GRANDVIEW STREET, Boston, MA",SAM
"29 GRANDVIEW STREET, Boston, MA",SAM
"30 GRANDVIEW STREET, Boston, MA",SAM
"31 GRANDVIEW STREET, Boston, MA",SAM
"36 GRANDVIEW STREET, Boston, MA",SAM
"7 GRANDVIEW STREET, Boston, MA",SAM
"11 GRANFIELD AVENUE, Boston, MA",SAM
"12 GRANFIELD AVENUE, Boston, MA",SAM
"14 GRANFIELD AVENUE, Boston, MA",SAM
"15 GRANFIELD AVENUE, Boston, MA",SAM
"16 GRANFIELD AVENUE, Boston, MA",SAM
"17 GRANFIELD AVENUE, Boston, MA",SAM
"18 GRANFIELD AVENUE, Boston, MA",SAM
"19 GRANFIELD AVENUE, Boston, MA",SAM
"2 GRANFIELD AVENUE, Boston, MA",SAM
"21 GRANFIELD AVENUE, Boston, MA",SAM
"22 GRANFIELD AVENUE, Boston, MA",SAM
"23 GRANFIELD AVENUE, Boston, MA",SAM
"24 GRANFIELD AVENUE, Boston, MA",SAM
"25 GRANFIELD AVENUE, Boston, MA",SAM
"26 GRANFIELD AVENUE, Boston, MA",SAM
"28 GRANFIELD AVENUE, Boston, MA",SAM
"29 GRANFIELD AVENUE, Boston, MA",SAM
"30 GRANFIELD AVENUE, Boston, MA",SAM
"31 GRANFIELD AVENUE, Boston, MA",SAM
"32 GRANFIELD AVENUE, Boston, MA",SAM
"33 GRANFIELD AVENUE, Boston, MA",SAM
"34 GRANFIELD AVENUE, Boston, MA",SAM
"35 GRANFIELD AVENUE, Boston, MA",SAM
"36 GRANFIELD AVENUE, Boston, MA",SAM
"37 GRANFIELD AVENUE, Boston, MA",SAM
"38 GRANFIELD AVENUE, Boston, MA",SAM
"40 GRANFIELD AVENUE, Boston, MA",SAM
"41 GRANFIELD AVENUE, Boston, MA",SAM
"42 GRANFIELD AVENUE, Boston, MA",SAM
"43 GRANFIELD AVENUE, Boston, MA",SAM
"47 GRANFIELD AVENUE, Boston, MA",SAM
"51 GRANFIELD AVENUE, Boston, MA",SAM
"7 GRANFIELD AVENUE, Boston, MA",SAM
"8 GRANFIELD AVENUE, Boston, MA",SAM
"37 GRANGER STREET, Boston, MA",SAM
"38 GRANGER STREET, Boston, MA",SAM
"39 GRANGER STREET, Boston, MA",SAM
"43 GRANGER STREET, Boston, MA",SAM
"48 GRANGER STREET, Boston, MA",SAM
"50 GRANGER STREET, Boston, MA",SAM
"51 GRANGER STREET, Boston, MA",SAM
"54 GRANGER STREET, Boston, MA",SAM
"56 GRANGER STREET, Boston, MA",SAM
"57 GRANGER STREET, Boston, MA",SAM
"58 GRANGER STREET, Boston, MA",SAM
"62 GRANGER STREET, Boston, MA",SAM
"64 GRANGER STREET, Boston, MA",SAM
"67 GRANGER STREET, Boston, MA",SAM
"68 GRANGER STREET, Boston, MA",SAM
"69 GRANGER STREET, Boston, MA",SAM
"70 GRANGER STREET, Boston, MA",SAM
"74 GRANGER STREET, Boston, MA",SAM
"78 GRANGER STREET, Boston, MA",SAM
"10 GRANITE AVENUE, Boston, MA",SAM
"102 GRANITE AVENUE, Boston, MA",SAM
"11 GRANITE AVENUE, Boston, MA",SAM
"112 GRANITE AVENUE, Boston, MA",SAM
"114 GRANITE AVENUE, Boston, MA",SAM
"118 GRANITE AVENUE, Boston, MA",SAM
"126 GRANITE AVENUE, Boston, MA",SAM
"135 GRANITE AVENUE, Boston, MA",SAM
"159 GRANITE AVENUE, Boston, MA",SAM
"27 GRANITE AVENUE, Boston, MA",SAM
"28 GRANITE AVENUE, Boston, MA",SAM
"36 GRANITE AVENUE, Boston, MA",SAM
"39 GRANITE AVENUE, Boston, MA",SAM
"42 GRANITE AVENUE, Boston, MA",SAM
"43 GRANITE AVENUE, Boston, MA",SAM
"50 GRANITE AVENUE, Boston, MA",SAM
"53 GRANITE AVENUE, Boston, MA",SAM
"54 GRANITE AVENUE, Boston, MA",SAM
"58 GRANITE AVENUE, Boston, MA",SAM
"59 GRANITE AVENUE, Boston, MA",SAM
"61 GRANITE AVENUE, Boston, MA",SAM
"62 GRANITE AVENUE, Boston, MA",SAM
"63 GRANITE AVENUE, Boston, MA",SAM
"66 GRANITE AVENUE, Boston, MA",SAM
"67 GRANITE AVENUE, Boston, MA",SAM
"71 GRANITE AVENUE, Boston, MA",SAM
"90 GRANITE AVENUE, Boston, MA",SAM
"94 GRANITE AVENUE, Boston, MA",SAM
"15 GRANT PLACE, Boston, MA",SAM
"10 GRANT ROAD, Boston, MA",SAM
"11 GRANT ROAD, Boston, MA",SAM
"3 GRANT ROAD, Boston, MA",SAM
"6 GRANT ROAD, Boston, MA",SAM
"1 GRANT STREET, Boston, MA",SAM
"10 GRANT STREET, Boston, MA",SAM
"12 GRANT STREET, Boston, MA",SAM
"13 GRANT STREET, Boston, MA",SAM
"14 GRANT STREET, Boston, MA",SAM
"15 GRANT STREET, Boston, MA",SAM
"16 GRANT STREET, Boston, MA",SAM
"17 GRANT STREET, Boston, MA",SAM
"18 GRANT STREET, Boston, MA",SAM
"19 GRANT STREET, Boston, MA",SAM
"20 GRANT STREET, Boston, MA",SAM
"24 GRANT STREET, Boston, MA",SAM
"25 GRANT STREET, Boston, MA",SAM
"26 GRANT STREET, Boston, MA",SAM
"28 GRANT STREET, Boston, MA",SAM
"3 GRANT STREET, Boston, MA",SAM
"5 GRANT STREET, Boston, MA",SAM
"6 GRANT STREET, Boston, MA",SAM
"7 GRANT STREET, Boston, MA",SAM
"9 GRANT STREET, Boston, MA",SAM
"11 GRANTLEY STREET, Boston, MA",SAM
"15 GRANTLEY STREET, Boston, MA",SAM
"19 GRANTLEY STREET, Boston, MA",SAM
"23 GRANTLEY STREET, Boston, MA",SAM
"25 GRANTLEY STREET, Boston, MA",SAM
"33 GRANTLEY STREET, Boston, MA",SAM
"35 GRANTLEY STREET, Boston, MA",SAM
"9 GRANTLEY STREET, Boston, MA",SAM
"1 GRANT'S COURT, Boston, MA",SAM
"3 GRANT'S COURT, Boston, MA",SAM
"7 GRANT'S COURT, Boston, MA",SAM
"10 GRANVILLE STREET, Boston, MA",SAM
"11 GRANVILLE STREET, Boston, MA",SAM
"12 GRANVILLE STREET, Boston, MA",SAM
"15 GRANVILLE STREET, Boston, MA",SAM
"16 GRANVILLE STREET, Boston, MA",SAM
"18 GRANVILLE STREET, Boston, MA",SAM
"19 GRANVILLE STREET, Boston, MA",SAM
"2 GRANVILLE STREET, Boston, MA",SAM
"22 GRANVILLE STREET, Boston, MA",SAM
"23 GRANVILLE STREET, Boston, MA",SAM
"26 GRANVILLE STREET, Boston, MA",SAM
"27 GRANVILLE STREET, Boston, MA",SAM
"28 GRANVILLE STREET, Boston, MA",SAM
"3 GRANVILLE STREET, Boston, MA",SAM
"30 GRANVILLE STREET, Boston, MA",SAM
"31 GRANVILLE STREET, Boston, MA",SAM
"32 GRANVILLE STREET, Boston, MA",SAM
"33 GRANVILLE STREET, Boston, MA",SAM
"34 GRANVILLE STREET, Boston, MA",SAM
"35 GRANVILLE STREET, Boston, MA",SAM
"36 GRANVILLE STREET, Boston, MA",SAM
"38 GRANVILLE STREET, Boston, MA",SAM
"39 GRANVILLE STREET, Boston, MA",SAM
"40 GRANVILLE STREET, Boston, MA",SAM
"41 GRANVILLE STREET, Boston, MA",SAM
"43 GRANVILLE STREET, Boston, MA",SAM
"44 GRANVILLE STREET, Boston, MA",SAM
"45 GRANVILLE STREET, Boston, MA",SAM
"47 GRANVILLE STREET, Boston, MA",SAM
"7 GRANVILLE STREET, Boston, MA",SAM
"14 GRASSMERE ROAD, Boston, MA",SAM
"15 GRASSMERE ROAD, Boston, MA",SAM
"19 GRASSMERE ROAD, Boston, MA",SAM
"20 GRASSMERE ROAD, Boston, MA",SAM
"23 GRASSMERE ROAD, Boston, MA",SAM
"27 GRASSMERE ROAD, Boston, MA",SAM
"30 GRASSMERE ROAD, Boston, MA",SAM
"31 GRASSMERE ROAD, Boston, MA",SAM
"34 GRASSMERE ROAD, Boston, MA",SAM
"38 GRASSMERE ROAD, Boston, MA",SAM
"39 GRASSMERE ROAD, Boston, MA",SAM
"42 GRASSMERE ROAD, Boston, MA",SAM
"43 GRASSMERE ROAD, Boston, MA",SAM
"46 GRASSMERE ROAD, Boston, MA",SAM
"5 GRASSMERE ROAD, Boston, MA",SAM
"50 GRASSMERE ROAD, Boston, MA",SAM
"9 GRASSMERE ROAD, Boston, MA",SAM
"15 GRAY STREET, Boston, MA",SAM
"16 GRAY STREET, Boston, MA",SAM
"17 GRAY STREET, Boston, MA",SAM
"19 GRAY STREET, Boston, MA",SAM
"20 GRAY STREET, Boston, MA",SAM
"21 GRAY STREET, Boston, MA",SAM
"23 GRAY STREET, Boston, MA",SAM
"25 GRAY STREET, Boston, MA",SAM
"27 GRAY STREET, Boston, MA",SAM
"29 GRAY STREET, Boston, MA",SAM
"31 GRAY STREET, Boston, MA",SAM
"32 GRAY STREET, Boston, MA",SAM
"33 GRAY STREET, Boston, MA",SAM
"34 GRAY STREET, Boston, MA",SAM
"35 GRAY STREET, Boston, MA",SAM
"36 GRAY STREET, Boston, MA",SAM
"37 GRAY STREET, Boston, MA",SAM
"38 GRAY STREET, Boston, MA",SAM
"39 GRAY STREET, Boston, MA",SAM
"40 GRAY STREET, Boston, MA",SAM
"41 GRAY STREET, Boston, MA",SAM
"42 GRAY STREET, Boston, MA",SAM
"43 GRAY STREET, Boston, MA",SAM
"44 GRAY STREET, Boston, MA",SAM
"46 GRAY STREET, Boston, MA",SAM
"47 GRAY STREET, Boston, MA",SAM
"48 GRAY STREET, Boston, MA",SAM
"49 GRAY STREET, Boston, MA",SAM
"50 GRAY STREET, Boston, MA",SAM
"51 GRAY STREET, Boston, MA",SAM
"52 GRAY STREET, Boston, MA",SAM
"53 GRAY STREET, Boston, MA",SAM
"54 GRAY STREET, Boston, MA",SAM
"55 GRAY STREET, Boston, MA",SAM
"56 GRAY STREET, Boston, MA",SAM
"57 GRAY STREET, Boston, MA",SAM
"58 GRAY STREET, Boston, MA",SAM
"10 GRAYFIELD AVENUE, Boston, MA",SAM
"100 GRAYFIELD AVENUE, Boston, MA",SAM
"15 GRAYFIELD AVENUE, Boston, MA",SAM
"16 GRAYFIELD AVENUE, Boston, MA",SAM
"19 GRAYFIELD AVENUE, Boston, MA",SAM
"25 GRAYFIELD AVENUE, Boston, MA",SAM
"35 GRAYFIELD AVENUE, Boston, MA",SAM
"40 GRAYFIELD AVENUE, Boston, MA",SAM
"46 GRAYFIELD AVENUE, Boston, MA",SAM
"5 GRAYFIELD AVENUE, Boston, MA",SAM
"50 GRAYFIELD AVENUE, Boston, MA",SAM
"52 GRAYFIELD AVENUE, Boston, MA",SAM
"57 GRAYFIELD AVENUE, Boston, MA",SAM
"58 GRAYFIELD AVENUE, Boston, MA",SAM
"65 GRAYFIELD AVENUE, Boston, MA",SAM
"69 GRAYFIELD AVENUE, Boston, MA",SAM
"70 GRAYFIELD AVENUE, Boston, MA",SAM
"73 GRAYFIELD AVENUE, Boston, MA",SAM
"79 GRAYFIELD AVENUE, Boston, MA",SAM
"80 GRAYFIELD AVENUE, Boston, MA",SAM
"87 GRAYFIELD AVENUE, Boston, MA",SAM
"9 GRAYFIELD AVENUE, Boston, MA",SAM
"91 GRAYFIELD AVENUE, Boston, MA",SAM
"84 GRAYFIELD AVENUE, Boston, MA",SAM
"95 GRAYFIELD AVENUE, Boston, MA",SAM
"99 GRAYFIELD AVENUE, Boston, MA",SAM
"1 GRAYSON STREET, Boston, MA",SAM
"10 GRAYSON STREET, Boston, MA",SAM
"14 GRAYSON STREET, Boston, MA",SAM
"15 GRAYSON STREET, Boston, MA",SAM
"18 GRAYSON STREET, Boston, MA",SAM
"19 GRAYSON STREET, Boston, MA",SAM
"2 GRAYSON STREET, Boston, MA",SAM
"22 GRAYSON STREET, Boston, MA",SAM
"23 GRAYSON STREET, Boston, MA",SAM
"26 GRAYSON STREET, Boston, MA",SAM
"29 GRAYSON STREET, Boston, MA",SAM
"30 GRAYSON STREET, Boston, MA",SAM
"33 GRAYSON STREET, Boston, MA",SAM
"34 GRAYSON STREET, Boston, MA",SAM
"35 GRAYSON STREET, Boston, MA",SAM
"38 GRAYSON STREET, Boston, MA",SAM
"39 GRAYSON STREET, Boston, MA",SAM
"45 GRAYSON STREET, Boston, MA",SAM
"5 GRAYSON STREET, Boston, MA",SAM
"6 GRAYSON STREET, Boston, MA",SAM
"9 GRAYSON STREET, Boston, MA",SAM
"10 GREATON ROAD, Boston, MA",SAM
"100 GREATON ROAD, Boston, MA",SAM
"101 GREATON ROAD, Boston, MA",SAM
"102 GREATON ROAD, Boston, MA",SAM
"103 GREATON ROAD, Boston, MA",SAM
"104 GREATON ROAD, Boston, MA",SAM
"105 GREATON ROAD, Boston, MA",SAM
"106 GREATON ROAD, Boston, MA",SAM
"107 GREATON ROAD, Boston, MA",SAM
"108 GREATON ROAD, Boston, MA",SAM
"11 GREATON ROAD, Boston, MA",SAM
"110 GREATON ROAD, Boston, MA",SAM
"111 GREATON ROAD, Boston, MA",SAM
"114 GREATON ROAD, Boston, MA",SAM
"115 GREATON ROAD, Boston, MA",SAM
"118 GREATON ROAD, Boston, MA",SAM
"119 GREATON ROAD, Boston, MA",SAM
"12 GREATON ROAD, Boston, MA",SAM
"122 GREATON ROAD, Boston, MA",SAM
"128 GREATON ROAD, Boston, MA",SAM
"130 GREATON ROAD, Boston, MA",SAM
"132 GREATON ROAD, Boston, MA",SAM
"135 GREATON ROAD, Boston, MA",SAM
"139 GREATON ROAD, Boston, MA",SAM
"14 GREATON ROAD, Boston, MA",SAM
"145 GREATON ROAD, Boston, MA",SAM
"17 GREATON ROAD, Boston, MA",SAM
"18 GREATON ROAD, Boston, MA",SAM
"22 GREATON ROAD, Boston, MA",SAM
"23 GREATON ROAD, Boston, MA",SAM
"26 GREATON ROAD, Boston, MA",SAM
"27 GREATON ROAD, Boston, MA",SAM
"3 GREATON ROAD, Boston, MA",SAM
"30 GREATON ROAD, Boston, MA",SAM
"33 GREATON ROAD, Boston, MA",SAM
"34 GREATON ROAD, Boston, MA",SAM
"38 GREATON ROAD, Boston, MA",SAM
"39 GREATON ROAD, Boston, MA",SAM
"4 GREATON ROAD, Boston, MA",SAM
"40 GREATON ROAD, Boston, MA",SAM
"41 GREATON ROAD, Boston, MA",SAM
"44 GREATON ROAD, Boston, MA",SAM
"45 GREATON ROAD, Boston, MA",SAM
"48 GREATON ROAD, Boston, MA",SAM
"49 GREATON ROAD, Boston, MA",SAM
"53 GREATON ROAD, Boston, MA",SAM
"54 GREATON ROAD, Boston, MA",SAM
"57 GREATON ROAD, Boston, MA",SAM
"58 GREATON ROAD, Boston, MA",SAM
"6 GREATON ROAD, Boston, MA",SAM
"60 GREATON ROAD, Boston, MA",SAM
"62 GREATON ROAD, Boston, MA",SAM
"64 GREATON ROAD, Boston, MA",SAM
"67 GREATON ROAD, Boston, MA",SAM
"7 GREATON ROAD, Boston, MA",SAM
"71 GREATON ROAD, Boston, MA",SAM
"72 GREATON ROAD, Boston, MA",SAM
"75 GREATON ROAD, Boston, MA",SAM
"76 GREATON ROAD, Boston, MA",SAM
"79 GREATON ROAD, Boston, MA",SAM
"8 GREATON ROAD, Boston, MA",SAM
"80 GREATON ROAD, Boston, MA",SAM
"83 GREATON ROAD, Boston, MA",SAM
"84 GREATON ROAD, Boston, MA",SAM
"87 GREATON ROAD, Boston, MA",SAM
"88 GREATON ROAD, Boston, MA",SAM
"91 GREATON ROAD, Boston, MA",SAM
"92 GREATON ROAD, Boston, MA",SAM
"96 GREATON ROAD, Boston, MA",SAM
"97 GREATON ROAD, Boston, MA",SAM
"13 GREEN STREET, Boston, MA",SAM
"14 GREEN STREET, Boston, MA",SAM
"16 GREEN STREET, Boston, MA",SAM
"17 GREEN STREET, Boston, MA",SAM
"23 GREEN STREET, Boston, MA",SAM
"25 GREEN STREET, Boston, MA",SAM
"26 GREEN STREET, Boston, MA",SAM
"27 GREEN STREET, Boston, MA",SAM
"28 GREEN STREET, Boston, MA",SAM
"29 GREEN STREET, Boston, MA",SAM
"30 GREEN STREET, Boston, MA",SAM
"31 GREEN STREET, Boston, MA",SAM
"32 GREEN STREET, Boston, MA",SAM
"33 GREEN STREET, Boston, MA",SAM
"34 GREEN STREET, Boston, MA",SAM
"35 GREEN STREET, Boston, MA",SAM
"36 GREEN STREET, Boston, MA",SAM
"37 GREEN STREET, Boston, MA",SAM
"38 GREEN STREET, Boston, MA",SAM
"39 GREEN STREET, Boston, MA",SAM
"40 GREEN STREET, Boston, MA",SAM
"41 GREEN STREET, Boston, MA",SAM
"42 GREEN STREET, Boston, MA",SAM
"43 GREEN STREET, Boston, MA",SAM
"45 GREEN STREET, Boston, MA",SAM
"46 GREEN STREET, Boston, MA",SAM
"52 GREEN STREET, Boston, MA",SAM
"53 GREEN STREET, Boston, MA",SAM
"54 GREEN STREET, Boston, MA",SAM
"55 GREEN STREET, Boston, MA",SAM
"56 GREEN STREET, Boston, MA",SAM
"57 GREEN STREET, Boston, MA",SAM
"61 GREEN STREET, Boston, MA",SAM
"63 GREEN STREET, Boston, MA",SAM
"65 GREEN STREET, Boston, MA",SAM
"67 GREEN STREET, Boston, MA",SAM
"68 GREEN STREET, Boston, MA",SAM
"70 GREEN STREET, Boston, MA",SAM
"71 GREEN STREET, Boston, MA",SAM
"76 GREEN STREET, Boston, MA",SAM
"78 GREEN STREET, Boston, MA",SAM
"79 GREEN STREET, Boston, MA",SAM
"80 GREEN STREET, Boston, MA",SAM
"81 GREEN STREET, Boston, MA",SAM
"82 GREEN STREET, Boston, MA",SAM
"83 GREEN STREET, Boston, MA",SAM
"84 GREEN STREET, Boston, MA",SAM
"86 GREEN STREET, Boston, MA",SAM
"88 GREEN STREET, Boston, MA",SAM
"90 GREEN STREET, Boston, MA",SAM
"92 GREEN STREET, Boston, MA",SAM
"105 GREEN STREET, Boston, MA",SAM
"11 GREEN STREET, Boston, MA",SAM
"12 GREEN STREET, Boston, MA",SAM
"131 GREEN STREET, Boston, MA",SAM
"141 GREEN STREET, Boston, MA",SAM
"157 GREEN STREET, Boston, MA",SAM
"165 GREEN STREET, Boston, MA",SAM
"169 GREEN STREET, Boston, MA",SAM
"172 GREEN STREET, Boston, MA",SAM
"177 GREEN STREET, Boston, MA",SAM
"178 GREEN STREET, Boston, MA",SAM
"181 GREEN STREET, Boston, MA",SAM
"194 GREEN STREET, Boston, MA",SAM
"20 GREEN STREET, Boston, MA",SAM
"203 GREEN STREET, Boston, MA",SAM
"21 GREEN STREET, Boston, MA",SAM
"24 GREEN STREET, Boston, MA",SAM
"47 GREEN STREET, Boston, MA",SAM
"5 GREEN STREET, Boston, MA",SAM
"51 GREEN STREET, Boston, MA",SAM
"58 GREEN STREET, Boston, MA",SAM
"62 GREEN STREET, Boston, MA",SAM
"64 GREEN STREET, Boston, MA",SAM
"85 GREEN STREET, Boston, MA",SAM
"87 GREEN STREET, Boston, MA",SAM
"91 GREEN STREET, Boston, MA",SAM
"95 GREEN STREET, Boston, MA",SAM
"97 GREEN STREET, Boston, MA",SAM
"5 GREEN HILL STREET, Boston, MA",SAM
"6 GREEN HILL STREET, Boston, MA",SAM
"102 GREENBRIER STREET, Boston, MA",SAM
"106 GREENBRIER STREET, Boston, MA",SAM
"11 GREENBRIER STREET, Boston, MA",SAM
"113 GREENBRIER STREET, Boston, MA",SAM
"12 GREENBRIER STREET, Boston, MA",SAM
"14 GREENBRIER STREET, Boston, MA",SAM
"15 GREENBRIER STREET, Boston, MA",SAM
"16 GREENBRIER STREET, Boston, MA",SAM
"18 GREENBRIER STREET, Boston, MA",SAM
"2 GREENBRIER STREET, Boston, MA",SAM
"22 GREENBRIER STREET, Boston, MA",SAM
"24 GREENBRIER STREET, Boston, MA",SAM
"25 GREENBRIER STREET, Boston, MA",SAM
"27 GREENBRIER STREET, Boston, MA",SAM
"28 GREENBRIER STREET, Boston, MA",SAM
"33 GREENBRIER STREET, Boston, MA",SAM
"37 GREENBRIER STREET, Boston, MA",SAM
"38 GREENBRIER STREET, Boston, MA",SAM
"42 GREENBRIER STREET, Boston, MA",SAM
"45 GREENBRIER STREET, Boston, MA",SAM
"46 GREENBRIER STREET, Boston, MA",SAM
"49 GREENBRIER STREET, Boston, MA",SAM
"50 GREENBRIER STREET, Boston, MA",SAM
"51 GREENBRIER STREET, Boston, MA",SAM
"53 GREENBRIER STREET, Boston, MA",SAM
"55 GREENBRIER STREET, Boston, MA",SAM
"59 GREENBRIER STREET, Boston, MA",SAM
"63 GREENBRIER STREET, Boston, MA",SAM
"67 GREENBRIER STREET, Boston, MA",SAM
"7 GREENBRIER STREET, Boston, MA",SAM
"82 GREENBRIER STREET, Boston, MA",SAM
"85 GREENBRIER STREET, Boston, MA",SAM
"86 GREENBRIER STREET, Boston, MA",SAM
"87 GREENBRIER STREET, Boston, MA",SAM
"90 GREENBRIER STREET, Boston, MA",SAM
"91 GREENBRIER STREET, Boston, MA",SAM
"95 GREENBRIER STREET, Boston, MA",SAM
"1 GREENBROOK ROAD, Boston, MA",SAM
"10 GREENBROOK ROAD, Boston, MA",SAM
"14 GREENBROOK ROAD, Boston, MA",SAM
"18 GREENBROOK ROAD, Boston, MA",SAM
"2 GREENBROOK ROAD, Boston, MA",SAM
"22 GREENBROOK ROAD, Boston, MA",SAM
"25 GREENBROOK ROAD, Boston, MA",SAM
"26 GREENBROOK ROAD, Boston, MA",SAM
"30 GREENBROOK ROAD, Boston, MA",SAM
"31 GREENBROOK ROAD, Boston, MA",SAM
"34 GREENBROOK ROAD, Boston, MA",SAM
"35 GREENBROOK ROAD, Boston, MA",SAM
"38 GREENBROOK ROAD, Boston, MA",SAM
"42 GREENBROOK ROAD, Boston, MA",SAM
"6 GREENBROOK ROAD, Boston, MA",SAM
"10 GREENDALE ROAD, Boston, MA",SAM
"11 GREENDALE ROAD, Boston, MA",SAM
"15 GREENDALE ROAD, Boston, MA",SAM
"16 GREENDALE ROAD, Boston, MA",SAM
"17 GREENDALE ROAD, Boston, MA",SAM
"18 GREENDALE ROAD, Boston, MA",SAM
"2 GREENDALE ROAD, Boston, MA",SAM
"20 GREENDALE ROAD, Boston, MA",SAM
"22 GREENDALE ROAD, Boston, MA",SAM
"23 GREENDALE ROAD, Boston, MA",SAM
"27 GREENDALE ROAD, Boston, MA",SAM
"3 GREENDALE ROAD, Boston, MA",SAM
"34 GREENDALE ROAD, Boston, MA",SAM
"38 GREENDALE ROAD, Boston, MA",SAM
"50 GREENDALE ROAD, Boston, MA",SAM
"54 GREENDALE ROAD, Boston, MA",SAM
"58 GREENDALE ROAD, Boston, MA",SAM
"6 GREENDALE ROAD, Boston, MA",SAM
"101 GREENFIELD ROAD, Boston, MA",SAM
"104 GREENFIELD ROAD, Boston, MA",SAM
"105 GREENFIELD ROAD, Boston, MA",SAM
"108 GREENFIELD ROAD, Boston, MA",SAM
"112 GREENFIELD ROAD, Boston, MA",SAM
"117 GREENFIELD ROAD, Boston, MA",SAM
"121 GREENFIELD ROAD, Boston, MA",SAM
"124 GREENFIELD ROAD, Boston, MA",SAM
"125 GREENFIELD ROAD, Boston, MA",SAM
"126 GREENFIELD ROAD, Boston, MA",SAM
"128 GREENFIELD ROAD, Boston, MA",SAM
"130 GREENFIELD ROAD, Boston, MA",SAM
"131 GREENFIELD ROAD, Boston, MA",SAM
"132 GREENFIELD ROAD, Boston, MA",SAM
"146 GREENFIELD ROAD, Boston, MA",SAM
"149 GREENFIELD ROAD, Boston, MA",SAM
"150 GREENFIELD ROAD, Boston, MA",SAM
"154 GREENFIELD ROAD, Boston, MA",SAM
"157 GREENFIELD ROAD, Boston, MA",SAM
"158 GREENFIELD ROAD, Boston, MA",SAM
"163 GREENFIELD ROAD, Boston, MA",SAM
"165 GREENFIELD ROAD, Boston, MA",SAM
"166 GREENFIELD ROAD, Boston, MA",SAM
"170 GREENFIELD ROAD, Boston, MA",SAM
"171 GREENFIELD ROAD, Boston, MA",SAM
"174 GREENFIELD ROAD, Boston, MA",SAM
"178 GREENFIELD ROAD, Boston, MA",SAM
"184 GREENFIELD ROAD, Boston, MA",SAM
"191 GREENFIELD ROAD, Boston, MA",SAM
"195 GREENFIELD ROAD, Boston, MA",SAM
"196 GREENFIELD ROAD, Boston, MA",SAM
"200 GREENFIELD ROAD, Boston, MA",SAM
"204 GREENFIELD ROAD, Boston, MA",SAM
"57 GREENFIELD ROAD, Boston, MA",SAM
"61 GREENFIELD ROAD, Boston, MA",SAM
"65 GREENFIELD ROAD, Boston, MA",SAM
"66 GREENFIELD ROAD, Boston, MA",SAM
"69 GREENFIELD ROAD, Boston, MA",SAM
"70 GREENFIELD ROAD, Boston, MA",SAM
"72 GREENFIELD ROAD, Boston, MA",SAM
"77 GREENFIELD ROAD, Boston, MA",SAM
"78 GREENFIELD ROAD, Boston, MA",SAM
"80 GREENFIELD ROAD, Boston, MA",SAM
"81 GREENFIELD ROAD, Boston, MA",SAM
"82 GREENFIELD ROAD, Boston, MA",SAM
"84 GREENFIELD ROAD, Boston, MA",SAM
"85 GREENFIELD ROAD, Boston, MA",SAM
"86 GREENFIELD ROAD, Boston, MA",SAM
"92 GREENFIELD ROAD, Boston, MA",SAM
"96 GREENFIELD ROAD, Boston, MA",SAM
"97 GREENFIELD ROAD, Boston, MA",SAM
"10 GREENHEYS STREET, Boston, MA",SAM
"11 GREENHEYS STREET, Boston, MA",SAM
"12 GREENHEYS STREET, Boston, MA",SAM
"16 GREENHEYS STREET, Boston, MA",SAM
"18 GREENHEYS STREET, Boston, MA",SAM
"20 GREENHEYS STREET, Boston, MA",SAM
"3 GREENHEYS STREET, Boston, MA",SAM
"5 GREENHEYS STREET, Boston, MA",SAM
"6 GREENHEYS STREET, Boston, MA",SAM
"7 GREENHEYS STREET, Boston, MA",SAM
"8 GREENHEYS STREET, Boston, MA",SAM
"9 GREENHEYS STREET, Boston, MA",SAM
"10 GREENLEY PLACE, Boston, MA",SAM
"12 GREENLEY PLACE, Boston, MA",SAM
"14 GREENLEY PLACE, Boston, MA",SAM
"16 GREENLEY PLACE, Boston, MA",SAM
"5 GREENLEY PLACE, Boston, MA",SAM
"7 GREENLEY PLACE, Boston, MA",SAM
"8 GREENLEY PLACE, Boston, MA",SAM
"1 GREENMOUNT STREET, Boston, MA",SAM
"15 GREENMOUNT STREET, Boston, MA",SAM
"16 GREENMOUNT STREET, Boston, MA",SAM
"3 GREENMOUNT STREET, Boston, MA",SAM
"12 GREENOCK STREET, Boston, MA",SAM
"15 GREENOCK STREET, Boston, MA",SAM
"16 GREENOCK STREET, Boston, MA",SAM
"20 GREENOCK STREET, Boston, MA",SAM
"23 GREENOCK STREET, Boston, MA",SAM
"27 GREENOCK STREET, Boston, MA",SAM
"28 GREENOCK STREET, Boston, MA",SAM
"31 GREENOCK STREET, Boston, MA",SAM
"32 GREENOCK STREET, Boston, MA",SAM
"33 GREENOCK STREET, Boston, MA",SAM
"37 GREENOCK STREET, Boston, MA",SAM
"39 GREENOCK STREET, Boston, MA",SAM
"40 GREENOCK STREET, Boston, MA",SAM
"41 GREENOCK STREET, Boston, MA",SAM
"43 GREENOCK STREET, Boston, MA",SAM
"14 GREENOUGH AVENUE, Boston, MA",SAM
"15 GREENOUGH AVENUE, Boston, MA",SAM
"18 GREENOUGH AVENUE, Boston, MA",SAM
"21 GREENOUGH AVENUE, Boston, MA",SAM
"22 GREENOUGH AVENUE, Boston, MA",SAM
"24 GREENOUGH AVENUE, Boston, MA",SAM
"25 GREENOUGH AVENUE, Boston, MA",SAM
"26 GREENOUGH AVENUE, Boston, MA",SAM
"29 GREENOUGH AVENUE, Boston, MA",SAM
"35 GREENOUGH AVENUE, Boston, MA",SAM
"38 GREENOUGH AVENUE, Boston, MA",SAM
"4 GREENOUGH AVENUE, Boston, MA",SAM
"40 GREENOUGH AVENUE, Boston, MA",SAM
"41 GREENOUGH AVENUE, Boston, MA",SAM
"6 GREENOUGH AVENUE, Boston, MA",SAM
"8 GREENOUGH AVENUE, Boston, MA",SAM
"9 GREENOUGH AVENUE, Boston, MA",SAM
"13 GREENOUGH LANE, Boston, MA",SAM
"19 GREENOUGH LANE, Boston, MA",SAM
"6 GREENOUGH LANE, Boston, MA",SAM
"8 GREENOUGH LANE, Boston, MA",SAM
"1 GREENOUGH PARK, Boston, MA",SAM
"2 GREENOUGH PARK, Boston, MA",SAM
"3 GREENOUGH PARK, Boston, MA",SAM
"4 GREENOUGH PARK, Boston, MA",SAM
"5 GREENOUGH PARK, Boston, MA",SAM
"16 GREENVIEW AVENUE, Boston, MA",SAM
"18 GREENVIEW AVENUE, Boston, MA",SAM
"19 GREENVIEW AVENUE, Boston, MA",SAM
"21 GREENVIEW AVENUE, Boston, MA",SAM
"22 GREENVIEW AVENUE, Boston, MA",SAM
"26 GREENVIEW AVENUE, Boston, MA",SAM
"30 GREENVIEW AVENUE, Boston, MA",SAM
"10 GREENVILLE STREET, Boston, MA",SAM
"12 GREENVILLE STREET, Boston, MA",SAM
"15 GREENVILLE STREET, Boston, MA",SAM
"16 GREENVILLE STREET, Boston, MA",SAM
"17 GREENVILLE STREET, Boston, MA",SAM
"18 GREENVILLE STREET, Boston, MA",SAM
"2 GREENVILLE STREET, Boston, MA",SAM
"21 GREENVILLE STREET, Boston, MA",SAM
"22 GREENVILLE STREET, Boston, MA",SAM
"25 GREENVILLE STREET, Boston, MA",SAM
"26 GREENVILLE STREET, Boston, MA",SAM
"28 GREENVILLE STREET, Boston, MA",SAM
"42 GREENVILLE STREET, Boston, MA",SAM
"6 GREENVILLE STREET, Boston, MA",SAM
"7 GREENVILLE STREET, Boston, MA",SAM
"8 GREENVILLE PARK, Boston, MA",SAM
"2 GREENWICH COURT, Boston, MA",SAM
"3 GREENWICH COURT, Boston, MA",SAM
"4 GREENWICH COURT, Boston, MA",SAM
"5 GREENWICH COURT, Boston, MA",SAM
"6 GREENWICH COURT, Boston, MA",SAM
"7 GREENWICH COURT, Boston, MA",SAM
"10 GREENWICH PARK, Boston, MA",SAM
"11 GREENWICH PARK, Boston, MA",SAM
"18 GREENWICH PARK, Boston, MA",SAM
"19 GREENWICH PARK, Boston, MA",SAM
"20 GREENWICH PARK, Boston, MA",SAM
"21 GREENWICH PARK, Boston, MA",SAM
"22 GREENWICH PARK, Boston, MA",SAM
"24 GREENWICH PARK, Boston, MA",SAM
"25 GREENWICH PARK, Boston, MA",SAM
"26 GREENWICH PARK, Boston, MA",SAM
"27 GREENWICH PARK, Boston, MA",SAM
"28 GREENWICH PARK, Boston, MA",SAM
"29 GREENWICH PARK, Boston, MA",SAM
"30 GREENWICH PARK, Boston, MA",SAM
"31 GREENWICH PARK, Boston, MA",SAM
"32 GREENWICH PARK, Boston, MA",SAM
"33 GREENWICH PARK, Boston, MA",SAM
"34 GREENWICH PARK, Boston, MA",SAM
"35 GREENWICH PARK, Boston, MA",SAM
"36 GREENWICH PARK, Boston, MA",SAM
"37 GREENWICH PARK, Boston, MA",SAM
"39 GREENWICH PARK, Boston, MA",SAM
"40 GREENWICH PARK, Boston, MA",SAM
"8 GREENWICH PARK, Boston, MA",SAM
"11 GREENWICH STREET, Boston, MA",SAM
"15 GREENWICH STREET, Boston, MA",SAM
"18 GREENWICH STREET, Boston, MA",SAM
"27 GREENWICH STREET, Boston, MA",SAM
"31 GREENWICH STREET, Boston, MA",SAM
"35 GREENWICH STREET, Boston, MA",SAM
"36 GREENWICH STREET, Boston, MA",SAM
"38 GREENWICH STREET, Boston, MA",SAM
"42 GREENWICH STREET, Boston, MA",SAM
"45 GREENWICH STREET, Boston, MA",SAM
"46 GREENWICH STREET, Boston, MA",SAM
"47 GREENWICH STREET, Boston, MA",SAM
"50 GREENWICH STREET, Boston, MA",SAM
"52 GREENWICH STREET, Boston, MA",SAM
"56 GREENWICH STREET, Boston, MA",SAM
"58 GREENWICH STREET, Boston, MA",SAM
"62 GREENWICH STREET, Boston, MA",SAM
"64 GREENWICH STREET, Boston, MA",SAM
"66 GREENWICH STREET, Boston, MA",SAM
"67 GREENWICH STREET, Boston, MA",SAM
"10 GREENWICH STREET, Boston, MA",SAM
"12 GREENWICH STREET, Boston, MA",SAM
"14 GREENWICH STREET, Boston, MA",SAM
"17 GREENWICH STREET, Boston, MA",SAM
"22 GREENWICH STREET, Boston, MA",SAM
"24 GREENWICH STREET, Boston, MA",SAM
"28 GREENWICH STREET, Boston, MA",SAM
"30 GREENWICH STREET, Boston, MA",SAM
"4 GREENWICH STREET, Boston, MA",SAM
"40 GREENWICH STREET, Boston, MA",SAM
"49 GREENWICH STREET, Boston, MA",SAM
"53 GREENWICH STREET, Boston, MA",SAM
"12 GREENWOOD AVENUE, Boston, MA",SAM
"14 GREENWOOD AVENUE, Boston, MA",SAM
"15 GREENWOOD AVENUE, Boston, MA",SAM
"18 GREENWOOD AVENUE, Boston, MA",SAM
"21 GREENWOOD AVENUE, Boston, MA",SAM
"22 GREENWOOD AVENUE, Boston, MA",SAM
"23 GREENWOOD AVENUE, Boston, MA",SAM
"26 GREENWOOD AVENUE, Boston, MA",SAM
"27 GREENWOOD AVENUE, Boston, MA",SAM
"30 GREENWOOD AVENUE, Boston, MA",SAM
"31 GREENWOOD AVENUE, Boston, MA",SAM
"34 GREENWOOD AVENUE, Boston, MA",SAM
"35 GREENWOOD AVENUE, Boston, MA",SAM
"36 GREENWOOD AVENUE, Boston, MA",SAM
"38 GREENWOOD AVENUE, Boston, MA",SAM
"39 GREENWOOD AVENUE, Boston, MA",SAM
"42 GREENWOOD AVENUE, Boston, MA",SAM
"43 GREENWOOD AVENUE, Boston, MA",SAM
"44 GREENWOOD AVENUE, Boston, MA",SAM
"47 GREENWOOD AVENUE, Boston, MA",SAM
"51 GREENWOOD AVENUE, Boston, MA",SAM
"59 GREENWOOD AVENUE, Boston, MA",SAM
"60 GREENWOOD AVENUE, Boston, MA",SAM
"62 GREENWOOD AVENUE, Boston, MA",SAM
"63 GREENWOOD AVENUE, Boston, MA",SAM
"71 GREENWOOD AVENUE, Boston, MA",SAM
"85 GREENWOOD AVENUE, Boston, MA",SAM
"9 GREENWOOD AVENUE, Boston, MA",SAM
"1 GREENWOOD CIRCLE, Boston, MA",SAM
"2 GREENWOOD CIRCLE, Boston, MA",SAM
"3 GREENWOOD CIRCLE, Boston, MA",SAM
"4 GREENWOOD CIRCLE, Boston, MA",SAM
"6 GREENWOOD CIRCLE, Boston, MA",SAM
"7 GREENWOOD PARK, Boston, MA",SAM
"9 GREENWOOD PARK, Boston, MA",SAM
"100 GREENWOOD STREET, Boston, MA",SAM
"104 GREENWOOD STREET, Boston, MA",SAM
"108 GREENWOOD STREET, Boston, MA",SAM
"112 GREENWOOD STREET, Boston, MA",SAM
"116 GREENWOOD STREET, Boston, MA",SAM
"120 GREENWOOD STREET, Boston, MA",SAM
"124 GREENWOOD STREET, Boston, MA",SAM
"126 GREENWOOD STREET, Boston, MA",SAM
"132 GREENWOOD STREET, Boston, MA",SAM
"134 GREENWOOD STREET, Boston, MA",SAM
"136 GREENWOOD STREET, Boston, MA",SAM
"14 GREENWOOD STREET, Boston, MA",SAM
"15 GREENWOOD STREET, Boston, MA",SAM
"17 GREENWOOD STREET, Boston, MA",SAM
"18 GREENWOOD STREET, Boston, MA",SAM
"20 GREENWOOD STREET, Boston, MA",SAM
"21 GREENWOOD STREET, Boston, MA",SAM
"24 GREENWOOD STREET, Boston, MA",SAM
"27 GREENWOOD STREET, Boston, MA",SAM
"28 GREENWOOD STREET, Boston, MA",SAM
"30 GREENWOOD STREET, Boston, MA",SAM
"31 GREENWOOD STREET, Boston, MA",SAM
"32 GREENWOOD STREET, Boston, MA",SAM
"38 GREENWOOD STREET, Boston, MA",SAM
"42 GREENWOOD STREET, Boston, MA",SAM
"46 GREENWOOD STREET, Boston, MA",SAM
"49 GREENWOOD STREET, Boston, MA",SAM
"50 GREENWOOD STREET, Boston, MA",SAM
"53 GREENWOOD STREET, Boston, MA",SAM
"54 GREENWOOD STREET, Boston, MA",SAM
"57 GREENWOOD STREET, Boston, MA",SAM
"58 GREENWOOD STREET, Boston, MA",SAM
"60 GREENWOOD STREET, Boston, MA",SAM
"61 GREENWOOD STREET, Boston, MA",SAM
"62 GREENWOOD STREET, Boston, MA",SAM
"64 GREENWOOD STREET, Boston, MA",SAM
"68 GREENWOOD STREET, Boston, MA",SAM
"69 GREENWOOD STREET, Boston, MA",SAM
"72 GREENWOOD STREET, Boston, MA",SAM
"73 GREENWOOD STREET, Boston, MA",SAM
"76 GREENWOOD STREET, Boston, MA",SAM
"77 GREENWOOD STREET, Boston, MA",SAM
"80 GREENWOOD STREET, Boston, MA",SAM
"81 GREENWOOD STREET, Boston, MA",SAM
"84 GREENWOOD STREET, Boston, MA",SAM
"88 GREENWOOD STREET, Boston, MA",SAM
"90 GREENWOOD STREET, Boston, MA",SAM
"95 GREENWOOD STREET, Boston, MA",SAM
"96 GREENWOOD STREET, Boston, MA",SAM
"99 GREENWOOD STREET, Boston, MA",SAM
"2 GREENWOOD SQUARE, Boston, MA",SAM
"5 GREENWOOD SQUARE, Boston, MA",SAM
"7 GREENWOOD SQUARE, Boston, MA",SAM
"10 GRETTER ROAD, Boston, MA",SAM
"11 GRETTER ROAD, Boston, MA",SAM
"14 GRETTER ROAD, Boston, MA",SAM
"18 GRETTER ROAD, Boston, MA",SAM
"19 GRETTER ROAD, Boston, MA",SAM
"21 GRETTER ROAD, Boston, MA",SAM
"22 GRETTER ROAD, Boston, MA",SAM
"25 GRETTER ROAD, Boston, MA",SAM
"26 GRETTER ROAD, Boston, MA",SAM
"29 GRETTER ROAD, Boston, MA",SAM
"30 GRETTER ROAD, Boston, MA",SAM
"33 GRETTER ROAD, Boston, MA",SAM
"34 GRETTER ROAD, Boston, MA",SAM
"38 GRETTER ROAD, Boston, MA",SAM
"44 GRETTER ROAD, Boston, MA",SAM
"47 GRETTER ROAD, Boston, MA",SAM
"50 GRETTER ROAD, Boston, MA",SAM
"51 GRETTER ROAD, Boston, MA",SAM
"54 GRETTER ROAD, Boston, MA",SAM
"55 GRETTER ROAD, Boston, MA",SAM
"58 GRETTER ROAD, Boston, MA",SAM
"59 GRETTER ROAD, Boston, MA",SAM
"62 GRETTER ROAD, Boston, MA",SAM
"63 GRETTER ROAD, Boston, MA",SAM
"66 GRETTER ROAD, Boston, MA",SAM
"1 GREW AVENUE, Boston, MA",SAM
"101 GREW AVENUE, Boston, MA",SAM
"103 GREW AVENUE, Boston, MA",SAM
"105 GREW AVENUE, Boston, MA",SAM
"107 GREW AVENUE, Boston, MA",SAM
"109 GREW AVENUE, Boston, MA",SAM
"11 GREW AVENUE, Boston, MA",SAM
"111 GREW AVENUE, Boston, MA",SAM
"113 GREW AVENUE, Boston, MA",SAM
"115 GREW AVENUE, Boston, MA",SAM
"117 GREW AVENUE, Boston, MA",SAM
"119 GREW AVENUE, Boston, MA",SAM
"121 GREW AVENUE, Boston, MA",SAM
"123 GREW AVENUE, Boston, MA",SAM
"125 GREW AVENUE, Boston, MA",SAM
"127 GREW AVENUE, Boston, MA",SAM
"129 GREW AVENUE, Boston, MA",SAM
"131 GREW AVENUE, Boston, MA",SAM
"133 GREW AVENUE, Boston, MA",SAM
"135 GREW AVENUE, Boston, MA",SAM
"137 GREW AVENUE, Boston, MA",SAM
"139 GREW AVENUE, Boston, MA",SAM
"14 GREW AVENUE, Boston, MA",SAM
"141 GREW AVENUE, Boston, MA",SAM
"143 GREW AVENUE, Boston, MA",SAM
"145 GREW AVENUE, Boston, MA",SAM
"18 GREW AVENUE, Boston, MA",SAM
"22 GREW AVENUE, Boston, MA",SAM
"23 GREW AVENUE, Boston, MA",SAM
"26 GREW AVENUE, Boston, MA",SAM
"27 GREW AVENUE, Boston, MA",SAM
"32 GREW AVENUE, Boston, MA",SAM
"34 GREW AVENUE, Boston, MA",SAM
"36 GREW AVENUE, Boston, MA",SAM
"37 GREW AVENUE, Boston, MA",SAM
"38 GREW AVENUE, Boston, MA",SAM
"40 GREW AVENUE, Boston, MA",SAM
"42 GREW AVENUE, Boston, MA",SAM
"45 GREW AVENUE, Boston, MA",SAM
"54 GREW AVENUE, Boston, MA",SAM
"56 GREW AVENUE, Boston, MA",SAM
"57 GREW AVENUE, Boston, MA",SAM
"58 GREW AVENUE, Boston, MA",SAM
"59 GREW AVENUE, Boston, MA",SAM
"60 GREW AVENUE, Boston, MA",SAM
"61 GREW AVENUE, Boston, MA",SAM
"63 GREW AVENUE, Boston, MA",SAM
"65 GREW AVENUE, Boston, MA",SAM
"67 GREW AVENUE, Boston, MA",SAM
"69 GREW AVENUE, Boston, MA",SAM
"71 GREW AVENUE, Boston, MA",SAM
"73 GREW AVENUE, Boston, MA",SAM
"75 GREW AVENUE, Boston, MA",SAM
"77 GREW AVENUE, Boston, MA",SAM
"79 GREW AVENUE, Boston, MA",SAM
"81 GREW AVENUE, Boston, MA",SAM
"83 GREW AVENUE, Boston, MA",SAM
"85 GREW AVENUE, Boston, MA",SAM
"87 GREW AVENUE, Boston, MA",SAM
"89 GREW AVENUE, Boston, MA",SAM
"91 GREW AVENUE, Boston, MA",SAM
"93 GREW AVENUE, Boston, MA",SAM
"95 GREW AVENUE, Boston, MA",SAM
"97 GREW AVENUE, Boston, MA",SAM
"99 GREW AVENUE, Boston, MA",SAM
"10 GREW HILL ROAD, Boston, MA",SAM
"11 GREW HILL ROAD, Boston, MA",SAM
"14 GREW HILL ROAD, Boston, MA",SAM
"15 GREW HILL ROAD, Boston, MA",SAM
"19 GREW HILL ROAD, Boston, MA",SAM
"22 GREW HILL ROAD, Boston, MA",SAM
"23 GREW HILL ROAD, Boston, MA",SAM
"26 GREW HILL ROAD, Boston, MA",SAM
"27 GREW HILL ROAD, Boston, MA",SAM
"3 GREW HILL ROAD, Boston, MA",SAM
"30 GREW HILL ROAD, Boston, MA",SAM
"31 GREW HILL ROAD, Boston, MA",SAM
"34 GREW HILL ROAD, Boston, MA",SAM
"35 GREW HILL ROAD, Boston, MA",SAM
"39 GREW HILL ROAD, Boston, MA",SAM
"43 GREW HILL ROAD, Boston, MA",SAM
"47 GREW HILL ROAD, Boston, MA",SAM
"51 GREW HILL ROAD, Boston, MA",SAM
"55 GREW HILL ROAD, Boston, MA",SAM
"6 GREW HILL ROAD, Boston, MA",SAM
"7 GREW HILL ROAD, Boston, MA",SAM
"11 GREYCLIFF ROAD, Boston, MA",SAM
"20 GREYCLIFF ROAD, Boston, MA",SAM
"27 GREYCLIFF ROAD, Boston, MA",SAM
"39 GREYCLIFF ROAD, Boston, MA",SAM
"48 GREYCLIFF ROAD, Boston, MA",SAM
"60 GREYCLIFF ROAD, Boston, MA",SAM
"11 GREYLOCK ROAD, Boston, MA",SAM
"12 GREYLOCK ROAD, Boston, MA",SAM
"20 GREYLOCK ROAD, Boston, MA",SAM
"21 GREYLOCK ROAD, Boston, MA",SAM
"26 GREYLOCK ROAD, Boston, MA",SAM
"3 GREYLOCK ROAD, Boston, MA",SAM
"5 GREYLOCK ROAD, Boston, MA",SAM
"6 GREYLOCK ROAD, Boston, MA",SAM
"10 GREYMERE ROAD, Boston, MA",SAM
"14 GREYMERE ROAD, Boston, MA",SAM
"15 GREYMERE ROAD, Boston, MA",SAM
"17 GREYMERE ROAD, Boston, MA",SAM
"18 GREYMERE ROAD, Boston, MA",SAM
"22 GREYMERE ROAD, Boston, MA",SAM
"23 GREYMERE ROAD, Boston, MA",SAM
"8 GREYMERE ROAD, Boston, MA",SAM
"15 GRIGGS PLACE, Boston, MA",SAM
"17 GRIGGS PLACE, Boston, MA",SAM
"19 GRIGGS PLACE, Boston, MA",SAM
"23 GRIGGS PLACE, Boston, MA",SAM
"25 GRIGGS PLACE, Boston, MA",SAM
"27 GRIGGS PLACE, Boston, MA",SAM
"29 GRIGGS PLACE, Boston, MA",SAM
"33 GRIGGS PLACE, Boston, MA",SAM
"39 GRIGGS PLACE, Boston, MA",SAM
"5 GRIGGS PLACE, Boston, MA",SAM
"6 GRIGGS PLACE, Boston, MA",SAM
"8 GRIGGS PLACE, Boston, MA",SAM
"9 GRIGGS PLACE, Boston, MA",SAM
"12 GRIGGS STREET, Boston, MA",SAM
"37 GRIGGS PLACE, Boston, MA",SAM
"9 GRIGGS STREET, Boston, MA",SAM
"1 GRIMES STREET, Boston, MA",SAM
"10 GRIMES STREET, Boston, MA",SAM
"11 GRIMES STREET, Boston, MA",SAM
"12 GRIMES STREET, Boston, MA",SAM
"13 GRIMES STREET, Boston, MA",SAM
"14 GRIMES STREET, Boston, MA",SAM
"15 GRIMES STREET, Boston, MA",SAM
"16 GRIMES STREET, Boston, MA",SAM
"17 GRIMES STREET, Boston, MA",SAM
"18 GRIMES STREET, Boston, MA",SAM
"2 GRIMES STREET, Boston, MA",SAM
"20 GRIMES STREET, Boston, MA",SAM
"21 GRIMES STREET, Boston, MA",SAM
"3 GRIMES STREET, Boston, MA",SAM
"4 GRIMES STREET, Boston, MA",SAM
"5 GRIMES STREET, Boston, MA",SAM
"6 GRIMES STREET, Boston, MA",SAM
"7 GRIMES STREET, Boston, MA",SAM
"9 GRIMES STREET, Boston, MA",SAM
"11 GROOM STREET, Boston, MA",SAM
"12 GROOM STREET, Boston, MA",SAM
"15 GROOM STREET, Boston, MA",SAM
"16 GROOM STREET, Boston, MA",SAM
"19 GROOM STREET, Boston, MA",SAM
"3 GROOM STREET, Boston, MA",SAM
"6 GROOM STREET, Boston, MA",SAM
"7 GROOM STREET, Boston, MA",SAM
"8 GROOM STREET, Boston, MA",SAM
"3 GROTTO GLEN ROAD, Boston, MA",SAM
"5 GROTTO GLEN ROAD, Boston, MA",SAM
"25 GROUSE STREET, Boston, MA",SAM
"26 GROUSE STREET, Boston, MA",SAM
"29 GROUSE STREET, Boston, MA",SAM
"30 GROUSE STREET, Boston, MA",SAM
"33 GROUSE STREET, Boston, MA",SAM
"34 GROUSE STREET, Boston, MA",SAM
"37 GROUSE STREET, Boston, MA",SAM
"38 GROUSE STREET, Boston, MA",SAM
"41 GROUSE STREET, Boston, MA",SAM
"42 GROUSE STREET, Boston, MA",SAM
"45 GROUSE STREET, Boston, MA",SAM
"46 GROUSE STREET, Boston, MA",SAM
"49 GROUSE STREET, Boston, MA",SAM
"5 GROUSE STREET, Boston, MA",SAM
"50 GROUSE STREET, Boston, MA",SAM
"53 GROUSE STREET, Boston, MA",SAM
"6 GROUSE STREET, Boston, MA",SAM
"8 GROUSE STREET, Boston, MA",SAM
"9 GROUSE STREET, Boston, MA",SAM
"10 CENTRE STREET, Boston, MA",SAM
"101 GROVE STREET, Boston, MA",SAM
"111 GROVE STREET, Boston, MA",SAM
"115 GROVE STREET, Boston, MA",SAM
"121 GROVE STREET, Boston, MA",SAM
"126 GROVE STREET, Boston, MA",SAM
"130 GROVE STREET, Boston, MA",SAM
"131 GROVE STREET, Boston, MA",SAM
"136 GROVE STREET, Boston, MA",SAM
"137 GROVE STREET, Boston, MA",SAM
"140 GROVE STREET, Boston, MA",SAM
"144 GROVE STREET, Boston, MA",SAM
"147 GROVE STREET, Boston, MA",SAM
"150 GROVE STREET, Boston, MA",SAM
"151 GROVE STREET, Boston, MA",SAM
"155 GROVE STREET, Boston, MA",SAM
"159 GROVE STREET, Boston, MA",SAM
"165 GROVE STREET, Boston, MA",SAM
"171 GROVE STREET, Boston, MA",SAM
"175 GROVE STREET, Boston, MA",SAM
"179 GROVE STREET, Boston, MA",SAM
"185 GROVE STREET, Boston, MA",SAM
"200 GROVE STREET, Boston, MA",SAM
"203 GROVE STREET, Boston, MA",SAM
"220 GROVE STREET, Boston, MA",SAM
"222 GROVE STREET, Boston, MA",SAM
"223 GROVE STREET, Boston, MA",SAM
"231 GROVE STREET, Boston, MA",SAM
"241 GROVE STREET, Boston, MA",SAM
"246 GROVE STREET, Boston, MA",SAM
"257 GROVE STREET, Boston, MA",SAM
"258 GROVE STREET, Boston, MA",SAM
"275 GROVE STREET, Boston, MA",SAM
"285 GROVE STREET, Boston, MA",SAM
"287 GROVE STREET, Boston, MA",SAM
"289 GROVE STREET, Boston, MA",SAM
"291 GROVE STREET, Boston, MA",SAM
"293 GROVE STREET, Boston, MA",SAM
"295 GROVE STREET, Boston, MA",SAM
"297 GROVE STREET, Boston, MA",SAM
"299 GROVE STREET, Boston, MA",SAM
"301 GROVE STREET, Boston, MA",SAM
"305 GROVE STREET, Boston, MA",SAM
"307 GROVE STREET, Boston, MA",SAM
"309 GROVE STREET, Boston, MA",SAM
"311 GROVE STREET, Boston, MA",SAM
"313 GROVE STREET, Boston, MA",SAM
"315 GROVE STREET, Boston, MA",SAM
"317 GROVE STREET, Boston, MA",SAM
"319 GROVE STREET, Boston, MA",SAM
"321 GROVE STREET, Boston, MA",SAM
"339 GROVE STREET, Boston, MA",SAM
"343 GROVE STREET, Boston, MA",SAM
"345 GROVE STREET, Boston, MA",SAM
"351 GROVE STREET, Boston, MA",SAM
"357 GROVE STREET, Boston, MA",SAM
"362 GROVE STREET, Boston, MA",SAM
"365 GROVE STREET, Boston, MA",SAM
"369 GROVE STREET, Boston, MA",SAM
"370 GROVE STREET, Boston, MA",SAM
"373 GROVE STREET, Boston, MA",SAM
"376 GROVE STREET, Boston, MA",SAM
"381 GROVE STREET, Boston, MA",SAM
"59 GROVE STREET, Boston, MA",SAM
"63 GROVE STREET, Boston, MA",SAM
"71 GROVE STREET, Boston, MA",SAM
"75 GROVE STREET, Boston, MA",SAM
"81 GROVE STREET, Boston, MA",SAM
"83 GROVE STREET, Boston, MA",SAM
"87 GROVE STREET, Boston, MA",SAM
"95 GROVE STREET, Boston, MA",SAM
"99 GROVE STREET, Boston, MA",SAM
"10 GROVE TERRACE, Boston, MA",SAM
"2 GROVE TERRACE, Boston, MA",SAM
"5 GROVE TERRACE, Boston, MA",SAM
"6 GROVE TERRACE, Boston, MA",SAM
"10 GROVE STREET, Boston, MA",SAM
"12 GROVE STREET, Boston, MA",SAM
"13 GROVE STREET, Boston, MA",SAM
"17 GROVE STREET, Boston, MA",SAM
"18 GROVE STREET, Boston, MA",SAM
"20 GROVE STREET, Boston, MA",SAM
"30 GROVE STREET, Boston, MA",SAM
"37 GROVE STREET, Boston, MA",SAM
"39 GROVE STREET, Boston, MA",SAM
"40 GROVE STREET, Boston, MA",SAM
"42 GROVE STREET, Boston, MA",SAM
"43 GROVE STREET, Boston, MA",SAM
"45 GROVE STREET, Boston, MA",SAM
"46 GROVE STREET, Boston, MA",SAM
"49 GROVE STREET, Boston, MA",SAM
"53 GROVE STREET, Boston, MA",SAM
"6 GROVE STREET, Boston, MA",SAM
"36 GROVE STREET, Boston, MA",SAM
"10 GROVELAND STREET, Boston, MA",SAM
"11 GROVELAND STREET, Boston, MA",SAM
"14 GROVELAND STREET, Boston, MA",SAM
"15 GROVELAND STREET, Boston, MA",SAM
"18 GROVELAND STREET, Boston, MA",SAM
"19 GROVELAND STREET, Boston, MA",SAM
"25 GROVELAND STREET, Boston, MA",SAM
"29 GROVELAND STREET, Boston, MA",SAM
"30 GROVELAND STREET, Boston, MA",SAM
"33 GROVELAND STREET, Boston, MA",SAM
"37 GROVELAND STREET, Boston, MA",SAM
"41 GROVELAND STREET, Boston, MA",SAM
"45 GROVELAND STREET, Boston, MA",SAM
"48 GROVELAND STREET, Boston, MA",SAM
"49 GROVELAND STREET, Boston, MA",SAM
"52 GROVELAND STREET, Boston, MA",SAM
"53 GROVELAND STREET, Boston, MA",SAM
"56 GROVELAND STREET, Boston, MA",SAM
"57 GROVELAND STREET, Boston, MA",SAM
"60 GROVELAND STREET, Boston, MA",SAM
"7 GROVELAND STREET, Boston, MA",SAM
"14 GROVENOR ROAD, Boston, MA",SAM
"15 GROVENOR ROAD, Boston, MA",SAM
"17 GROVENOR ROAD, Boston, MA",SAM
"19 GROVENOR ROAD, Boston, MA",SAM
"20 GROVENOR ROAD, Boston, MA",SAM
"21 GROVENOR ROAD, Boston, MA",SAM
"24 GROVENOR ROAD, Boston, MA",SAM
"26 GROVENOR ROAD, Boston, MA",SAM
"28 GROVENOR ROAD, Boston, MA",SAM
"6 GROVENOR ROAD, Boston, MA",SAM
"10 GUERNSEY STREET, Boston, MA",SAM
"14 GUERNSEY STREET, Boston, MA",SAM
"18 GUERNSEY STREET, Boston, MA",SAM
"22 GUERNSEY STREET, Boston, MA",SAM
"26 GUERNSEY STREET, Boston, MA",SAM
"30 GUERNSEY STREET, Boston, MA",SAM
"36 GUERNSEY STREET, Boston, MA",SAM
"38 GUERNSEY STREET, Boston, MA",SAM
"46 GUERNSEY STREET, Boston, MA",SAM
"5 GUERNSEY STREET, Boston, MA",SAM
"50 GUERNSEY STREET, Boston, MA",SAM
"55 GUERNSEY STREET, Boston, MA",SAM
"56 GUERNSEY STREET, Boston, MA",SAM
"59 GUERNSEY STREET, Boston, MA",SAM
"60 GUERNSEY STREET, Boston, MA",SAM
"61 GUERNSEY STREET, Boston, MA",SAM
"69 GUERNSEY STREET, Boston, MA",SAM
"71 GUERNSEY STREET, Boston, MA",SAM
"75 GUERNSEY STREET, Boston, MA",SAM
"77 GUERNSEY STREET, Boston, MA",SAM
"79 GUERNSEY STREET, Boston, MA",SAM
"83 GUERNSEY STREET, Boston, MA",SAM
"87 COLBERT STREET, Boston, MA",SAM
"1 GUEST STREET, Boston, MA",SAM
"10 GUEST STREET, Boston, MA",SAM
"15 GUEST STREET, Boston, MA",SAM
"180 GUEST STREET, Boston, MA",SAM
"20 GUEST STREET, Boston, MA",SAM
"12 GUILD STREET, Boston, MA",SAM
"2 GUILD STREET, Boston, MA",SAM
"32 GUILD STREET, Boston, MA",SAM
"36 GUILD STREET, Boston, MA",SAM
"40 GUILD STREET, Boston, MA",SAM
"42 GUILD STREET, Boston, MA",SAM
"44 GUILD STREET, Boston, MA",SAM
"50 GUILD STREET, Boston, MA",SAM
"8 GUILD STREET, Boston, MA",SAM
"11 GUILFORD STREET, Boston, MA",SAM
"12 GUILFORD STREET, Boston, MA",SAM
"15 GUILFORD STREET, Boston, MA",SAM
"2 GUILFORD STREET, Boston, MA",SAM
"7 GUILFORD STREET, Boston, MA",SAM
"54 GURNEY STREET, Boston, MA",SAM
"15 GUSTIN STREET, Boston, MA",SAM
"1 GWINNETT STREET, Boston, MA",SAM
"10 GWINNETT STREET, Boston, MA",SAM
"14 GWINNETT STREET, Boston, MA",SAM
"15 GWINNETT STREET, Boston, MA",SAM
"18 GWINNETT STREET, Boston, MA",SAM
"19 GWINNETT STREET, Boston, MA",SAM
"2 GWINNETT STREET, Boston, MA",SAM
"22 GWINNETT STREET, Boston, MA",SAM
"25 GWINNETT STREET, Boston, MA",SAM
"26 GWINNETT STREET, Boston, MA",SAM
"29 GWINNETT STREET, Boston, MA",SAM
"30 GWINNETT STREET, Boston, MA",SAM
"31 GWINNETT STREET, Boston, MA",SAM
"34 GWINNETT STREET, Boston, MA",SAM
"35 GWINNETT STREET, Boston, MA",SAM
"39 GWINNETT STREET, Boston, MA",SAM
"4 GWINNETT STREET, Boston, MA",SAM
"5 GWINNETT STREET, Boston, MA",SAM
"6 GWINNETT STREET, Boston, MA",SAM
"9 GWINNETT STREET, Boston, MA",SAM
"120 H STREET, Boston, MA",SAM
"100 H STREET, Boston, MA",SAM
"102 H STREET, Boston, MA",SAM
"103 H STREET, Boston, MA",SAM
"104 H STREET, Boston, MA",SAM
"105 H STREET, Boston, MA",SAM
"106 H STREET, Boston, MA",SAM
"108 H STREET, Boston, MA",SAM
"110 H STREET, Boston, MA",SAM
"111 H STREET, Boston, MA",SAM
"112 H STREET, Boston, MA",SAM
"115 H STREET, Boston, MA",SAM
"117 H STREET, Boston, MA",SAM
"119 H STREET, Boston, MA",SAM
"121 H STREET, Boston, MA",SAM
"123 H STREET, Boston, MA",SAM
"125 H STREET, Boston, MA",SAM
"127 H STREET, Boston, MA",SAM
"129 H STREET, Boston, MA",SAM
"131 H STREET, Boston, MA",SAM
"133 H STREET, Boston, MA",SAM
"135 H STREET, Boston, MA",SAM
"137 H STREET, Boston, MA",SAM
"147 H STREET, Boston, MA",SAM
"149 H STREET, Boston, MA",SAM
"150 H STREET, Boston, MA",SAM
"151 H STREET, Boston, MA",SAM
"152 H STREET, Boston, MA",SAM
"154 H STREET, Boston, MA",SAM
"155 H STREET, Boston, MA",SAM
"157 H STREET, Boston, MA",SAM
"158 H STREET, Boston, MA",SAM
"159 H STREET, Boston, MA",SAM
"161 H STREET, Boston, MA",SAM
"163 H STREET, Boston, MA",SAM
"165 H STREET, Boston, MA",SAM
"169 H STREET, Boston, MA",SAM
"170 H STREET, Boston, MA",SAM
"171 H STREET, Boston, MA",SAM
"172 H STREET, Boston, MA",SAM
"173 H STREET, Boston, MA",SAM
"174 H STREET, Boston, MA",SAM
"176 H STREET, Boston, MA",SAM
"177 H STREET, Boston, MA",SAM
"178 H STREET, Boston, MA",SAM
"179 H STREET, Boston, MA",SAM
"180 H STREET, Boston, MA",SAM
"181 H STREET, Boston, MA",SAM
"182 H STREET, Boston, MA",SAM
"183 H STREET, Boston, MA",SAM
"185 H STREET, Boston, MA",SAM
"186 H STREET, Boston, MA",SAM
"192 H STREET, Boston, MA",SAM
"194 H STREET, Boston, MA",SAM
"2 H STREET, Boston, MA",SAM
"202 H STREET, Boston, MA",SAM
"204 H STREET, Boston, MA",SAM
"206 H STREET, Boston, MA",SAM
"208 H STREET, Boston, MA",SAM
"27 H STREET, Boston, MA",SAM
"34 H STREET, Boston, MA",SAM
"35 H STREET, Boston, MA",SAM
"37 H STREET, Boston, MA",SAM
"39 H STREET, Boston, MA",SAM
"41 H STREET, Boston, MA",SAM
"43 H STREET, Boston, MA",SAM
"45 H STREET, Boston, MA",SAM
"46 H STREET, Boston, MA",SAM
"47 H STREET, Boston, MA",SAM
"48 H STREET, Boston, MA",SAM
"50 H STREET, Boston, MA",SAM
"52 H STREET, Boston, MA",SAM
"54 H STREET, Boston, MA",SAM
"56 H STREET, Boston, MA",SAM
"60 H STREET, Boston, MA",SAM
"62 H STREET, Boston, MA",SAM
"74 H STREET, Boston, MA",SAM
"76 H STREET, Boston, MA",SAM
"78 H STREET, Boston, MA",SAM
"80 H STREET, Boston, MA",SAM
"82 H STREET, Boston, MA",SAM
"84 H STREET, Boston, MA",SAM
"95 H STREET, Boston, MA",SAM
"96 H STREET, Boston, MA",SAM
"98 H STREET, Boston, MA",SAM
"99 H STREET, Boston, MA",SAM
"1 H STREET PLACE, Boston, MA",SAM
"2 H STREET PLACE, Boston, MA",SAM
"3 H STREET PLACE, Boston, MA",SAM
"10 HACKENSACK CIRCLE, Boston, MA",SAM
"11 HACKENSACK CIRCLE, Boston, MA",SAM
"14 HACKENSACK CIRCLE, Boston, MA",SAM
"15 HACKENSACK CIRCLE, Boston, MA",SAM
"18 HACKENSACK CIRCLE, Boston, MA",SAM
"19 HACKENSACK CIRCLE, Boston, MA",SAM
"2 HACKENSACK CIRCLE, Boston, MA",SAM
"3 HACKENSACK CIRCLE, Boston, MA",SAM
"6 HACKENSACK CIRCLE, Boston, MA",SAM
"7 HACKENSACK CIRCLE, Boston, MA",SAM
"1 HACKENSACK COURT, Boston, MA",SAM
"10 HACKENSACK COURT, Boston, MA",SAM
"14 HACKENSACK COURT, Boston, MA",SAM
"15 HACKENSACK COURT, Boston, MA",SAM
"6 HACKENSACK COURT, Boston, MA",SAM
"9 HACKENSACK COURT, Boston, MA",SAM
"100 HACKENSACK ROAD, Boston, MA",SAM
"101 HACKENSACK ROAD, Boston, MA",SAM
"110 HACKENSACK ROAD, Boston, MA",SAM
"121 HACKENSACK ROAD, Boston, MA",SAM
"125 HACKENSACK ROAD, Boston, MA",SAM
"126 HACKENSACK ROAD, Boston, MA",SAM
"134 HACKENSACK ROAD, Boston, MA",SAM
"144 HACKENSACK ROAD, Boston, MA",SAM
"149 HACKENSACK ROAD, Boston, MA",SAM
"150 HACKENSACK ROAD, Boston, MA",SAM
"152 HACKENSACK ROAD, Boston, MA",SAM
"153 HACKENSACK ROAD, Boston, MA",SAM
"154 HACKENSACK ROAD, Boston, MA",SAM
"158 HACKENSACK ROAD, Boston, MA",SAM
"161 HACKENSACK ROAD, Boston, MA",SAM
"162 HACKENSACK ROAD, Boston, MA",SAM
"165 HACKENSACK ROAD, Boston, MA",SAM
"166 HACKENSACK ROAD, Boston, MA",SAM
"169 HACKENSACK ROAD, Boston, MA",SAM
"170 HACKENSACK ROAD, Boston, MA",SAM
"173 HACKENSACK ROAD, Boston, MA",SAM
"177 HACKENSACK ROAD, Boston, MA",SAM
"181 HACKENSACK ROAD, Boston, MA",SAM
"185 HACKENSACK ROAD, Boston, MA",SAM
"189 HACKENSACK ROAD, Boston, MA",SAM
"26 HACKENSACK ROAD, Boston, MA",SAM
"34 HACKENSACK ROAD, Boston, MA",SAM
"40 HACKENSACK ROAD, Boston, MA",SAM
"44 HACKENSACK ROAD, Boston, MA",SAM
"49 HACKENSACK ROAD, Boston, MA",SAM
"50 HACKENSACK ROAD, Boston, MA",SAM
"54 HACKENSACK ROAD, Boston, MA",SAM
"60 HACKENSACK ROAD, Boston, MA",SAM
"61 HACKENSACK ROAD, Boston, MA",SAM
"63 HACKENSACK ROAD, Boston, MA",SAM
"65 HACKENSACK ROAD, Boston, MA",SAM
"69 HACKENSACK ROAD, Boston, MA",SAM
"70 HACKENSACK ROAD, Boston, MA",SAM
"73 HACKENSACK ROAD, Boston, MA",SAM
"77 HACKENSACK ROAD, Boston, MA",SAM
"81 HACKENSACK ROAD, Boston, MA",SAM
"90 HACKENSACK ROAD, Boston, MA",SAM
"10 HACKENSACK TERRACE, Boston, MA",SAM
"11 HACKENSACK TERRACE, Boston, MA",SAM
"4 HACKENSACK TERRACE, Boston, MA",SAM
"5 HACKENSACK TERRACE, Boston, MA",SAM
"6 HACKENSACK TERRACE, Boston, MA",SAM
"7 HACKENSACK TERRACE, Boston, MA",SAM
"8 HACKENSACK TERRACE, Boston, MA",SAM
"9 HACKENSACK TERRACE, Boston, MA",SAM
"10 HADWIN WAY, Boston, MA",SAM
"12 HADWIN WAY, Boston, MA",SAM
"9 HADWIN WAY, Boston, MA",SAM
"2 HAGAR STREET, Boston, MA",SAM
"3 HAGAR STREET, Boston, MA",SAM
"4 HAGAR STREET, Boston, MA",SAM
"5 HAGAR STREET, Boston, MA",SAM
"10 HALBORN STREET, Boston, MA",SAM
"14 HALBORN STREET, Boston, MA",SAM
"15 HALBORN STREET, Boston, MA",SAM
"18 HALBORN STREET, Boston, MA",SAM
"19 HALBORN STREET, Boston, MA",SAM
"22 HALBORN STREET, Boston, MA",SAM
"25 HALBORN STREET, Boston, MA",SAM
"26 HALBORN STREET, Boston, MA",SAM
"27 HALBORN STREET, Boston, MA",SAM
"30 HALBORN STREET, Boston, MA",SAM
"31 HALBORN STREET, Boston, MA",SAM
"32 HALBORN STREET, Boston, MA",SAM
"34 HALBORN STREET, Boston, MA",SAM
"35 HALBORN STREET, Boston, MA",SAM
"39 HALBORN STREET, Boston, MA",SAM
"7 HALBORN STREET, Boston, MA",SAM
"8 HALBORN STREET, Boston, MA",SAM
"10 HALE STREET, Boston, MA",SAM
"29 HALE STREET, Boston, MA",SAM
"30 HALE STREET, Boston, MA",SAM
"31 HALE STREET, Boston, MA",SAM
"32 HALE STREET, Boston, MA",SAM
"33 HALE STREET, Boston, MA",SAM
"35 HALE STREET, Boston, MA",SAM
"39 HALE STREET, Boston, MA",SAM
"40 HALE STREET, Boston, MA",SAM
"41 HALE STREET, Boston, MA",SAM
"1 HALEY STREET, Boston, MA",SAM
"5 HALEY STREET, Boston, MA",SAM
"6 HALEY STREET, Boston, MA",SAM
"7 HALEY STREET, Boston, MA",SAM
"8 HALEY STREET, Boston, MA",SAM
"9 HALEY STREET, Boston, MA",SAM
"11 HALF MOON STREET, Boston, MA",SAM
"3 HALF MOON STREET, Boston, MA",SAM
"5 HALF MOON STREET, Boston, MA",SAM
"7 HALF MOON STREET, Boston, MA",SAM
"9 HALF MOON STREET, Boston, MA",SAM
"10 HALFORD ROAD, Boston, MA",SAM
"14 HALFORD ROAD, Boston, MA",SAM
"15 HALFORD ROAD, Boston, MA",SAM
"18 HALFORD ROAD, Boston, MA",SAM
"22 HALFORD ROAD, Boston, MA",SAM
"7 HALFORD ROAD, Boston, MA",SAM
"9 HALFORD ROAD, Boston, MA",SAM
"11 HALIFAX STREET, Boston, MA",SAM
"12 HALIFAX STREET, Boston, MA",SAM
"15 HALIFAX STREET, Boston, MA",SAM
"16 HALIFAX STREET, Boston, MA",SAM
"17 HALIFAX STREET, Boston, MA",SAM
"20 HALIFAX STREET, Boston, MA",SAM
"21 HALIFAX STREET, Boston, MA",SAM
"23 HALIFAX STREET, Boston, MA",SAM
"24 HALIFAX STREET, Boston, MA",SAM
"25 HALIFAX STREET, Boston, MA",SAM
"28 HALIFAX STREET, Boston, MA",SAM
"32 HALIFAX STREET, Boston, MA",SAM
"33 HALIFAX STREET, Boston, MA",SAM
"4 HALIFAX STREET, Boston, MA",SAM
"40 HALIFAX STREET, Boston, MA",SAM
"44 HALIFAX STREET, Boston, MA",SAM
"47 HALIFAX STREET, Boston, MA",SAM
"48 HALIFAX STREET, Boston, MA",SAM
"5 HALIFAX STREET, Boston, MA",SAM
"51 HALIFAX STREET, Boston, MA",SAM
"64 HALIFAX STREET, Boston, MA",SAM
"68 HALIFAX STREET, Boston, MA",SAM
"69 HALIFAX STREET, Boston, MA",SAM
"7 HALIFAX STREET, Boston, MA",SAM
"70 HALIFAX STREET, Boston, MA",SAM
"74 HALIFAX STREET, Boston, MA",SAM
"8 HALIFAX STREET, Boston, MA",SAM
"12 HALL STREET, Boston, MA",SAM
"13 HALL STREET, Boston, MA",SAM
"15 HALL STREET, Boston, MA",SAM
"19 HALL STREET, Boston, MA",SAM
"21 HALL STREET, Boston, MA",SAM
"25 HALL STREET, Boston, MA",SAM
"28 HALL STREET, Boston, MA",SAM
"31 HALL STREET, Boston, MA",SAM
"32 HALL STREET, Boston, MA",SAM
"33 HALL STREET, Boston, MA",SAM
"36 HALL STREET, Boston, MA",SAM
"40 HALL STREET, Boston, MA",SAM
"41 HALL STREET, Boston, MA",SAM
"42 HALL STREET, Boston, MA",SAM
"45 HALL STREET, Boston, MA",SAM
"47 HALL STREET, Boston, MA",SAM
"48 HALL STREET, Boston, MA",SAM
"49 HALL STREET, Boston, MA",SAM
"50 HALL STREET, Boston, MA",SAM
"54 HALL STREET, Boston, MA",SAM
"11 HALLAM STREET, Boston, MA",SAM
"12 HALLAM STREET, Boston, MA",SAM
"14 HALLAM STREET, Boston, MA",SAM
"17 HALLAM STREET, Boston, MA",SAM
"19 HALLAM STREET, Boston, MA",SAM
"5 HALLAM STREET, Boston, MA",SAM
"6 HALLAM STREET, Boston, MA",SAM
"7 HALLAM STREET, Boston, MA",SAM
"8 HALLAM STREET, Boston, MA",SAM
"9 HALLAM STREET, Boston, MA",SAM
"133 HALLECK STREET, Boston, MA",SAM
"11 HALLET STREET, Boston, MA",SAM
"12 HALLET STREET, Boston, MA",SAM
"15 HALLET STREET, Boston, MA",SAM
"151 HALLET STREET, Boston, MA",SAM
"19 HALLET STREET, Boston, MA",SAM
"25 HALLET STREET, Boston, MA",SAM
"31 HALLET STREET, Boston, MA",SAM
"40 HALLET STREET, Boston, MA",SAM
"41 HALLET STREET, Boston, MA",SAM
"7 HALLET STREET, Boston, MA",SAM
"8 HALLET STREET, Boston, MA",SAM
"31 HALLET-DAVIS STREET, Boston, MA",SAM
"14 HALLIDAY STREET, Boston, MA",SAM
"17 HALLIDAY STREET, Boston, MA",SAM
"18 HALLIDAY STREET, Boston, MA",SAM
"21 HALLIDAY STREET, Boston, MA",SAM
"22 HALLIDAY STREET, Boston, MA",SAM
"26 HALLIDAY STREET, Boston, MA",SAM
"29 HALLIDAY STREET, Boston, MA",SAM
"30 HALLIDAY STREET, Boston, MA",SAM
"34 HALLIDAY STREET, Boston, MA",SAM
"37 HALLIDAY STREET, Boston, MA",SAM
"38 HALLIDAY STREET, Boston, MA",SAM
"42 HALLIDAY STREET, Boston, MA",SAM
"46 HALLIDAY STREET, Boston, MA",SAM
"49 HALLIDAY STREET, Boston, MA",SAM
"50 HALLIDAY STREET, Boston, MA",SAM
"53 HALLIDAY STREET, Boston, MA",SAM
"54 HALLIDAY STREET, Boston, MA",SAM
"57 HALLIDAY STREET, Boston, MA",SAM
"58 HALLIDAY STREET, Boston, MA",SAM
"61 HALLIDAY STREET, Boston, MA",SAM
"62 HALLIDAY STREET, Boston, MA",SAM
"65 HALLIDAY STREET, Boston, MA",SAM
"66 HALLIDAY STREET, Boston, MA",SAM
"69 HALLIDAY STREET, Boston, MA",SAM
"72 HALLIDAY STREET, Boston, MA",SAM
"73 HALLIDAY STREET, Boston, MA",SAM
"74 HALLIDAY STREET, Boston, MA",SAM
"9 HALLIDAY STREET, Boston, MA",SAM
"11 HALLOWELL STREET, Boston, MA",SAM
"12 HALLOWELL STREET, Boston, MA",SAM
"15 HALLOWELL STREET, Boston, MA",SAM
"17 HALLOWELL STREET, Boston, MA",SAM
"20 HALLOWELL STREET, Boston, MA",SAM
"21 HALLOWELL STREET, Boston, MA",SAM
"22 HALLOWELL STREET, Boston, MA",SAM
"23 HALLOWELL STREET, Boston, MA",SAM
"24 HALLOWELL STREET, Boston, MA",SAM
"25 HALLOWELL STREET, Boston, MA",SAM
"26 HALLOWELL STREET, Boston, MA",SAM
"27 HALLOWELL STREET, Boston, MA",SAM
"28 HALLOWELL STREET, Boston, MA",SAM
"30 HALLOWELL STREET, Boston, MA",SAM
"32 HALLOWELL STREET, Boston, MA",SAM
"34 HALLOWELL STREET, Boston, MA",SAM
"35 HALLOWELL STREET, Boston, MA",SAM
"36 HALLOWELL STREET, Boston, MA",SAM
"39 HALLOWELL STREET, Boston, MA",SAM
"4 HALLOWELL STREET, Boston, MA",SAM
"40 HALLOWELL STREET, Boston, MA",SAM
"42 HALLOWELL STREET, Boston, MA",SAM
"43 HALLOWELL STREET, Boston, MA",SAM
"44 HALLOWELL STREET, Boston, MA",SAM
"49 HALLOWELL STREET, Boston, MA",SAM
"51 HALLOWELL STREET, Boston, MA",SAM
"52 HALLOWELL STREET, Boston, MA",SAM
"55 HALLOWELL STREET, Boston, MA",SAM
"56 HALLOWELL STREET, Boston, MA",SAM
"61 HALLOWELL STREET, Boston, MA",SAM
"7 HALLOWELL STREET, Boston, MA",SAM
"8 HALLOWELL STREET, Boston, MA",SAM
"10 HALLRON STREET, Boston, MA",SAM
"103 HALLRON STREET, Boston, MA",SAM
"15 HALLRON STREET, Boston, MA",SAM
"18 HALLRON STREET, Boston, MA",SAM
"19 HALLRON STREET, Boston, MA",SAM
"22 HALLRON STREET, Boston, MA",SAM
"23 HALLRON STREET, Boston, MA",SAM
"26 HALLRON STREET, Boston, MA",SAM
"27 HALLRON STREET, Boston, MA",SAM
"30 HALLRON STREET, Boston, MA",SAM
"31 HALLRON STREET, Boston, MA",SAM
"34 HALLRON STREET, Boston, MA",SAM
"35 HALLRON STREET, Boston, MA",SAM
"38 HALLRON STREET, Boston, MA",SAM
"39 HALLRON STREET, Boston, MA",SAM
"43 HALLRON STREET, Boston, MA",SAM
"47 HALLRON STREET, Boston, MA",SAM
"50 HALLRON STREET, Boston, MA",SAM
"51 HALLRON STREET, Boston, MA",SAM
"54 HALLRON STREET, Boston, MA",SAM
"55 HALLRON STREET, Boston, MA",SAM
"59 HALLRON STREET, Boston, MA",SAM
"6 HALLRON STREET, Boston, MA",SAM
"60 HALLRON STREET, Boston, MA",SAM
"63 HALLRON STREET, Boston, MA",SAM
"67 HALLRON STREET, Boston, MA",SAM
"71 HALLRON STREET, Boston, MA",SAM
"72 HALLRON STREET, Boston, MA",SAM
"75 HALLRON STREET, Boston, MA",SAM
"78 HALLRON STREET, Boston, MA",SAM
"79 HALLRON STREET, Boston, MA",SAM
"83 HALLRON STREET, Boston, MA",SAM
"87 HALLRON STREET, Boston, MA",SAM
"88 HALLRON STREET, Boston, MA",SAM
"9 HALLRON STREET, Boston, MA",SAM
"91 HALLRON STREET, Boston, MA",SAM
"92 HALLRON STREET, Boston, MA",SAM
"95 HALLRON STREET, Boston, MA",SAM
"96 HALLRON STREET, Boston, MA",SAM
"99 HALLRON STREET, Boston, MA",SAM
"10 HALSEY ROAD, Boston, MA",SAM
"14 HALSEY ROAD, Boston, MA",SAM
"15 HALSEY ROAD, Boston, MA",SAM
"18 HALSEY ROAD, Boston, MA",SAM
"2 HALSEY ROAD, Boston, MA",SAM
"22 HALSEY ROAD, Boston, MA",SAM
"23 HALSEY ROAD, Boston, MA",SAM
"26 HALSEY ROAD, Boston, MA",SAM
"27 HALSEY ROAD, Boston, MA",SAM
"30 HALSEY ROAD, Boston, MA",SAM
"31 HALSEY ROAD, Boston, MA",SAM
"34 HALSEY ROAD, Boston, MA",SAM
"35 HALSEY ROAD, Boston, MA",SAM
"38 HALSEY ROAD, Boston, MA",SAM
"42 HALSEY ROAD, Boston, MA",SAM
"46 HALSEY ROAD, Boston, MA",SAM
"5 HALSEY ROAD, Boston, MA",SAM
"6 HALSEY ROAD, Boston, MA",SAM
"9 HALSEY ROAD, Boston, MA",SAM
"9 HAMILTON PLACE, Boston, MA",SAM
"11 HAMILTON STREET, Boston, MA",SAM
"14 HAMILTON STREET, Boston, MA",SAM
"15 HAMILTON STREET, Boston, MA",SAM
"17 HAMILTON STREET, Boston, MA",SAM
"18 HAMILTON STREET, Boston, MA",SAM
"19 HAMILTON STREET, Boston, MA",SAM
"20 HAMILTON STREET, Boston, MA",SAM
"24 HAMILTON STREET, Boston, MA",SAM
"25 HAMILTON STREET, Boston, MA",SAM
"26 HAMILTON STREET, Boston, MA",SAM
"28 HAMILTON STREET, Boston, MA",SAM
"50 HAMILTON STREET, Boston, MA",SAM
"54 HAMILTON STREET, Boston, MA",SAM
"58 HAMILTON STREET, Boston, MA",SAM
"62 HAMILTON STREET, Boston, MA",SAM
"73 HAMILTON STREET, Boston, MA",SAM
"77 HAMILTON STREET, Boston, MA",SAM
"80 HAMILTON STREET, Boston, MA",SAM
"81 HAMILTON STREET, Boston, MA",SAM
"10 HAMILTON STREET, Boston, MA",SAM
"100 HAMILTON STREET, Boston, MA",SAM
"101 HAMILTON STREET, Boston, MA",SAM
"102 HAMILTON STREET, Boston, MA",SAM
"105 HAMILTON STREET, Boston, MA",SAM
"111 HAMILTON STREET, Boston, MA",SAM
"113 HAMILTON STREET, Boston, MA",SAM
"114 HAMILTON STREET, Boston, MA",SAM
"118 HAMILTON STREET, Boston, MA",SAM
"121 HAMILTON STREET, Boston, MA",SAM
"126 HAMILTON STREET, Boston, MA",SAM
"128 HAMILTON STREET, Boston, MA",SAM
"13 HAMILTON STREET, Boston, MA",SAM
"130 HAMILTON STREET, Boston, MA",SAM
"132 HAMILTON STREET, Boston, MA",SAM
"134 HAMILTON STREET, Boston, MA",SAM
"162 HAMILTON STREET, Boston, MA",SAM
"164 HAMILTON STREET, Boston, MA",SAM
"165 HAMILTON STREET, Boston, MA",SAM
"167 HAMILTON STREET, Boston, MA",SAM
"170 HAMILTON STREET, Boston, MA",SAM
"171 HAMILTON STREET, Boston, MA",SAM
"175 HAMILTON STREET, Boston, MA",SAM
"176 HAMILTON STREET, Boston, MA",SAM
"180 HAMILTON STREET, Boston, MA",SAM
"184 HAMILTON STREET, Boston, MA",SAM
"186 HAMILTON STREET, Boston, MA",SAM
"190 HAMILTON STREET, Boston, MA",SAM
"194 HAMILTON STREET, Boston, MA",SAM
"195 HAMILTON STREET, Boston, MA",SAM
"196 HAMILTON STREET, Boston, MA",SAM
"197 HAMILTON STREET, Boston, MA",SAM
"198 HAMILTON STREET, Boston, MA",SAM
"200 HAMILTON STREET, Boston, MA",SAM
"201 HAMILTON STREET, Boston, MA",SAM
"203 HAMILTON STREET, Boston, MA",SAM
"205 HAMILTON STREET, Boston, MA",SAM
"208 HAMILTON STREET, Boston, MA",SAM
"21 HAMILTON STREET, Boston, MA",SAM
"216 HAMILTON STREET, Boston, MA",SAM
"219 HAMILTON STREET, Boston, MA",SAM
"220 HAMILTON STREET, Boston, MA",SAM
"223 HAMILTON STREET, Boston, MA",SAM
"224 HAMILTON STREET, Boston, MA",SAM
"228 HAMILTON STREET, Boston, MA",SAM
"23 HAMILTON STREET, Boston, MA",SAM
"232 HAMILTON STREET, Boston, MA",SAM
"29 HAMILTON STREET, Boston, MA",SAM
"30 HAMILTON STREET, Boston, MA",SAM
"33 HAMILTON STREET, Boston, MA",SAM
"37 HAMILTON STREET, Boston, MA",SAM
"39 HAMILTON STREET, Boston, MA",SAM
"41 HAMILTON STREET, Boston, MA",SAM
"45 HAMILTON STREET, Boston, MA",SAM
"46 HAMILTON STREET, Boston, MA",SAM
"49 HAMILTON STREET, Boston, MA",SAM
"53 HAMILTON STREET, Boston, MA",SAM
"56 HAMILTON STREET, Boston, MA",SAM
"57 HAMILTON STREET, Boston, MA",SAM
"61 HAMILTON STREET, Boston, MA",SAM
"69 HAMILTON STREET, Boston, MA",SAM
"70 HAMILTON STREET, Boston, MA",SAM
"72 HAMILTON STREET, Boston, MA",SAM
"74 HAMILTON STREET, Boston, MA",SAM
"8 HAMILTON STREET, Boston, MA",SAM
"82 HAMILTON STREET, Boston, MA",SAM
"83 HAMILTON STREET, Boston, MA",SAM
"84 HAMILTON STREET, Boston, MA",SAM
"85 HAMILTON STREET, Boston, MA",SAM
"87 HAMILTON STREET, Boston, MA",SAM
"89 HAMILTON STREET, Boston, MA",SAM
"90 HAMILTON STREET, Boston, MA",SAM
"93 HAMILTON STREET, Boston, MA",SAM
"11 HAMLET STREET, Boston, MA",SAM
"17 HAMLET STREET, Boston, MA",SAM
"21 HAMLET STREET, Boston, MA",SAM
"3 HAMLET STREET, Boston, MA",SAM
"5 HAMLET STREET, Boston, MA",SAM
"9 HAMLET STREET, Boston, MA",SAM
"1 HAMLIN STREET, Boston, MA",SAM
"100 HAMMOND STREET, Boston, MA",SAM
"40 HAMMOND STREET, Boston, MA",SAM
"42 HAMMOND STREET, Boston, MA",SAM
"60 HAMMOND STREET, Boston, MA",SAM
"62 HAMMOND STREET, Boston, MA",SAM
"66 HAMMOND STREET, Boston, MA",SAM
"70 HAMMOND STREET, Boston, MA",SAM
"101 HAMPDEN STREET, Boston, MA",SAM
"134 HAMPDEN STREET, Boston, MA",SAM
"140 HAMPDEN STREET, Boston, MA",SAM
"152 HAMPDEN STREET, Boston, MA",SAM
"157 HAMPDEN STREET, Boston, MA",SAM
"174 HAMPDEN STREET, Boston, MA",SAM
"188 HAMPDEN STREET, Boston, MA",SAM
"206 HAMPDEN STREET, Boston, MA",SAM
"63 HAMPDEN STREET, Boston, MA",SAM
"65 HAMPDEN STREET, Boston, MA",SAM
"82 HAMPDEN STREET, Boston, MA",SAM
"83 HAMPDEN STREET, Boston, MA",SAM
"5 HAMPSTEAD LANE, Boston, MA",SAM
"9 HAMPSTEAD LANE, Boston, MA",SAM
"1 HAMPSTEAD ROAD, Boston, MA",SAM
"14 HAMPSTEAD ROAD, Boston, MA",SAM
"15 HAMPSTEAD ROAD, Boston, MA",SAM
"16 HAMPSTEAD ROAD, Boston, MA",SAM
"27 HAMPSTEAD ROAD, Boston, MA",SAM
"31 HAMPSTEAD ROAD, Boston, MA",SAM
"35 HAMPSTEAD ROAD, Boston, MA",SAM
"36 HAMPSTEAD ROAD, Boston, MA",SAM
"37 HAMPSTEAD ROAD, Boston, MA",SAM
"39 HAMPSTEAD ROAD, Boston, MA",SAM
"40 HAMPSTEAD ROAD, Boston, MA",SAM
"43 HAMPSTEAD ROAD, Boston, MA",SAM
"44 HAMPSTEAD ROAD, Boston, MA",SAM
"47 HAMPSTEAD ROAD, Boston, MA",SAM
"48 HAMPSTEAD ROAD, Boston, MA",SAM
"5 HAMPSTEAD ROAD, Boston, MA",SAM
"52 HAMPSTEAD ROAD, Boston, MA",SAM
"55 HAMPSTEAD ROAD, Boston, MA",SAM
"56 HAMPSTEAD ROAD, Boston, MA",SAM
"59 HAMPSTEAD ROAD, Boston, MA",SAM
"61 HAMPSTEAD ROAD, Boston, MA",SAM
"67 HAMPSTEAD ROAD, Boston, MA",SAM
"69 HAMPSTEAD ROAD, Boston, MA",SAM
"71 HAMPSTEAD ROAD, Boston, MA",SAM
"75 HAMPSTEAD ROAD, Boston, MA",SAM
"79 HAMPSTEAD ROAD, Boston, MA",SAM
"9 HAMPSTEAD ROAD, Boston, MA",SAM
"10 HANCOCK STREET, Boston, MA",SAM
"11 HANCOCK STREET, Boston, MA",SAM
"13 HANCOCK STREET, Boston, MA",SAM
"15 HANCOCK STREET, Boston, MA",SAM
"16 HANCOCK STREET, Boston, MA",SAM
"17 HANCOCK STREET, Boston, MA",SAM
"19 HANCOCK STREET, Boston, MA",SAM
"20 HANCOCK STREET, Boston, MA",SAM
"21 HANCOCK STREET, Boston, MA",SAM
"23 HANCOCK STREET, Boston, MA",SAM
"27 HANCOCK STREET, Boston, MA",SAM
"28 HANCOCK STREET, Boston, MA",SAM
"29 HANCOCK STREET, Boston, MA",SAM
"30 HANCOCK STREET, Boston, MA",SAM
"35 HANCOCK STREET, Boston, MA",SAM
"37 HANCOCK STREET, Boston, MA",SAM
"38 HANCOCK STREET, Boston, MA",SAM
"39 HANCOCK STREET, Boston, MA",SAM
"40 HANCOCK STREET, Boston, MA",SAM
"41 HANCOCK STREET, Boston, MA",SAM
"43 HANCOCK STREET, Boston, MA",SAM
"47 HANCOCK STREET, Boston, MA",SAM
"49 HANCOCK STREET, Boston, MA",SAM
"53 HANCOCK STREET, Boston, MA",SAM
"57 HANCOCK STREET, Boston, MA",SAM
"67 HANCOCK STREET, Boston, MA",SAM
"69 HANCOCK STREET, Boston, MA",SAM
"7 HANCOCK STREET, Boston, MA",SAM
"71 HANCOCK STREET, Boston, MA",SAM
"73 HANCOCK STREET, Boston, MA",SAM
"75 HANCOCK STREET, Boston, MA",SAM
"3 HANCOCK STREET, Boston, MA",SAM
"4 HANCOCK STREET, Boston, MA",SAM
"6 HANCOCK STREET, Boston, MA",SAM
"8 HANCOCK STREET, Boston, MA",SAM
"101 HANCOCK STREET, Boston, MA",SAM
"102 HANCOCK STREET, Boston, MA",SAM
"103 HANCOCK STREET, Boston, MA",SAM
"106 HANCOCK STREET, Boston, MA",SAM
"107 HANCOCK STREET, Boston, MA",SAM
"109 HANCOCK STREET, Boston, MA",SAM
"110 HANCOCK STREET, Boston, MA",SAM
"113 HANCOCK STREET, Boston, MA",SAM
"114 HANCOCK STREET, Boston, MA",SAM
"116 HANCOCK STREET, Boston, MA",SAM
"117 HANCOCK STREET, Boston, MA",SAM
"118 HANCOCK STREET, Boston, MA",SAM
"120 HANCOCK STREET, Boston, MA",SAM
